region_code,region_name,level,category_code,category_name,source_category_code,published_count,population_denominator,pct_all_residents,reference_date,source_url
00,Riket,national,PARENT_FOREIGN_BORN,Nacidos fuera de Suecia,08,2210638,10605529,20.844203,2025-12-31,https://www.statistikdatabasen.scb.se/pxweb/sv/ssd/START__BE__BE0101__BE0101Q/UtlSvBakgFinCKM/
00,Riket,national,PARENT_BOTH_FOREIGN,Nacidos en Suecia · ambos padres fuera,4,726205,10605529,6.847419,2025-12-31,https://www.statistikdatabasen.scb.se/pxweb/sv/ssd/START__BE__BE0101__BE0101Q/UtlSvBakgFinCKM/
00,Riket,national,PARENT_MIXED,Nacidos en Suecia · un padre fuera,5,845089,10605529,7.968381,2025-12-31,https://www.statistikdatabasen.scb.se/pxweb/sv/ssd/START__BE__BE0101__BE0101Q/UtlSvBakgFinCKM/
00,Riket,national,PARENT_BOTH_SWEDEN,Nacidos en Suecia · ambos padres en Suecia,6,6823598,10605529,64.340006,2025-12-31,https://www.statistikdatabasen.scb.se/pxweb/sv/ssd/START__BE__BE0101__BE0101Q/UtlSvBakgFinCKM/
01,Stockholms län,county,PARENT_FOREIGN_BORN,Nacidos fuera de Suecia,08,687400,2486251,27.648053,2025-12-31,https://www.statistikdatabasen.scb.se/pxweb/sv/ssd/START__BE__BE0101__BE0101Q/UtlSvBakgFinCKM/
01,Stockholms län,county,PARENT_BOTH_FOREIGN,Nacidos en Suecia · ambos padres fuera,4,237314,2486251,9.545054,2025-12-31,https://www.statistikdatabasen.scb.se/pxweb/sv/ssd/START__BE__BE0101__BE0101Q/UtlSvBakgFinCKM/
01,Stockholms län,county,PARENT_MIXED,Nacidos en Suecia · un padre fuera,5,251017,2486251,10.096205,2025-12-31,https://www.statistikdatabasen.scb.se/pxweb/sv/ssd/START__BE__BE0101__BE0101Q/UtlSvBakgFinCKM/
01,Stockholms län,county,PARENT_BOTH_SWEDEN,Nacidos en Suecia · ambos padres en Suecia,6,1310516,2486251,52.710527,2025-12-31,https://www.statistikdatabasen.scb.se/pxweb/sv/ssd/START__BE__BE0101__BE0101Q/UtlSvBakgFinCKM/
0114,Upplands Väsby,municipality,PARENT_FOREIGN_BORN,Nacidos fuera de Suecia,08,18186,50495,36.015447,2025-12-31,https://www.statistikdatabasen.scb.se/pxweb/sv/ssd/START__BE__BE0101__BE0101Q/UtlSvBakgFinCKM/
0114,Upplands Väsby,municipality,PARENT_BOTH_FOREIGN,Nacidos en Suecia · ambos padres fuera,4,6592,50495,13.054758,2025-12-31,https://www.statistikdatabasen.scb.se/pxweb/sv/ssd/START__BE__BE0101__BE0101Q/UtlSvBakgFinCKM/
0114,Upplands Väsby,municipality,PARENT_MIXED,Nacidos en Suecia · un padre fuera,5,4500,50495,8.911773,2025-12-31,https://www.statistikdatabasen.scb.se/pxweb/sv/ssd/START__BE__BE0101__BE0101Q/UtlSvBakgFinCKM/
0114,Upplands Väsby,municipality,PARENT_BOTH_SWEDEN,Nacidos en Suecia · ambos padres en Suecia,6,21216,50495,42.016041,2025-12-31,https://www.statistikdatabasen.scb.se/pxweb/sv/ssd/START__BE__BE0101__BE0101Q/UtlSvBakgFinCKM/
0115,Vallentuna,municipality,PARENT_FOREIGN_BORN,Nacidos fuera de Suecia,08,5885,35361,16.642629,2025-12-31,https://www.statistikdatabasen.scb.se/pxweb/sv/ssd/START__BE__BE0101__BE0101Q/UtlSvBakgFinCKM/
0115,Vallentuna,municipality,PARENT_BOTH_FOREIGN,Nacidos en Suecia · ambos padres fuera,4,1763,35361,4.985719,2025-12-31,https://www.statistikdatabasen.scb.se/pxweb/sv/ssd/START__BE__BE0101__BE0101Q/UtlSvBakgFinCKM/
0115,Vallentuna,municipality,PARENT_MIXED,Nacidos en Suecia · un padre fuera,5,3593,35361,10.160912,2025-12-31,https://www.statistikdatabasen.scb.se/pxweb/sv/ssd/START__BE__BE0101__BE0101Q/UtlSvBakgFinCKM/
0115,Vallentuna,municipality,PARENT_BOTH_SWEDEN,Nacidos en Suecia · ambos padres en Suecia,6,24117,35361,68.202257,2025-12-31,https://www.statistikdatabasen.scb.se/pxweb/sv/ssd/START__BE__BE0101__BE0101Q/UtlSvBakgFinCKM/
0117,Österåker,municipality,PARENT_FOREIGN_BORN,Nacidos fuera de Suecia,08,9037,49943,18.094628,2025-12-31,https://www.statistikdatabasen.scb.se/pxweb/sv/ssd/START__BE__BE0101__BE0101Q/UtlSvBakgFinCKM/
0117,Österåker,municipality,PARENT_BOTH_FOREIGN,Nacidos en Suecia · ambos padres fuera,4,2548,49943,5.101816,2025-12-31,https://www.statistikdatabasen.scb.se/pxweb/sv/ssd/START__BE__BE0101__BE0101Q/UtlSvBakgFinCKM/
0117,Österåker,municipality,PARENT_MIXED,Nacidos en Suecia · un padre fuera,5,4869,49943,9.749114,2025-12-31,https://www.statistikdatabasen.scb.se/pxweb/sv/ssd/START__BE__BE0101__BE0101Q/UtlSvBakgFinCKM/
0117,Österåker,municipality,PARENT_BOTH_SWEDEN,Nacidos en Suecia · ambos padres en Suecia,6,33485,49943,67.046433,2025-12-31,https://www.statistikdatabasen.scb.se/pxweb/sv/ssd/START__BE__BE0101__BE0101Q/UtlSvBakgFinCKM/
0120,Värmdö,municipality,PARENT_FOREIGN_BORN,Nacidos fuera de Suecia,08,6672,46601,14.317289,2025-12-31,https://www.statistikdatabasen.scb.se/pxweb/sv/ssd/START__BE__BE0101__BE0101Q/UtlSvBakgFinCKM/
0120,Värmdö,municipality,PARENT_BOTH_FOREIGN,Nacidos en Suecia · ambos padres fuera,4,1895,46601,4.066436,2025-12-31,https://www.statistikdatabasen.scb.se/pxweb/sv/ssd/START__BE__BE0101__BE0101Q/UtlSvBakgFinCKM/
0120,Värmdö,municipality,PARENT_MIXED,Nacidos en Suecia · un padre fuera,5,4822,46601,10.347417,2025-12-31,https://www.statistikdatabasen.scb.se/pxweb/sv/ssd/START__BE__BE0101__BE0101Q/UtlSvBakgFinCKM/
0120,Värmdö,municipality,PARENT_BOTH_SWEDEN,Nacidos en Suecia · ambos padres en Suecia,6,33207,46601,71.258128,2025-12-31,https://www.statistikdatabasen.scb.se/pxweb/sv/ssd/START__BE__BE0101__BE0101Q/UtlSvBakgFinCKM/
0123,Järfälla,municipality,PARENT_FOREIGN_BORN,Nacidos fuera de Suecia,08,33380,90180,37.014859,2025-12-31,https://www.statistikdatabasen.scb.se/pxweb/sv/ssd/START__BE__BE0101__BE0101Q/UtlSvBakgFinCKM/
0123,Järfälla,municipality,PARENT_BOTH_FOREIGN,Nacidos en Suecia · ambos padres fuera,4,13673,90180,15.161898,2025-12-31,https://www.statistikdatabasen.scb.se/pxweb/sv/ssd/START__BE__BE0101__BE0101Q/UtlSvBakgFinCKM/
0123,Järfälla,municipality,PARENT_MIXED,Nacidos en Suecia · un padre fuera,5,8219,90180,9.113994,2025-12-31,https://www.statistikdatabasen.scb.se/pxweb/sv/ssd/START__BE__BE0101__BE0101Q/UtlSvBakgFinCKM/
0123,Järfälla,municipality,PARENT_BOTH_SWEDEN,Nacidos en Suecia · ambos padres en Suecia,6,34906,90180,38.707030,2025-12-31,https://www.statistikdatabasen.scb.se/pxweb/sv/ssd/START__BE__BE0101__BE0101Q/UtlSvBakgFinCKM/
0125,Ekerö,municipality,PARENT_FOREIGN_BORN,Nacidos fuera de Suecia,08,3990,29062,13.729268,2025-12-31,https://www.statistikdatabasen.scb.se/pxweb/sv/ssd/START__BE__BE0101__BE0101Q/UtlSvBakgFinCKM/
0125,Ekerö,municipality,PARENT_BOTH_FOREIGN,Nacidos en Suecia · ambos padres fuera,4,1093,29062,3.760925,2025-12-31,https://www.statistikdatabasen.scb.se/pxweb/sv/ssd/START__BE__BE0101__BE0101Q/UtlSvBakgFinCKM/
0125,Ekerö,municipality,PARENT_MIXED,Nacidos en Suecia · un padre fuera,5,2959,29062,10.181681,2025-12-31,https://www.statistikdatabasen.scb.se/pxweb/sv/ssd/START__BE__BE0101__BE0101Q/UtlSvBakgFinCKM/
0125,Ekerö,municipality,PARENT_BOTH_SWEDEN,Nacidos en Suecia · ambos padres en Suecia,6,21018,29062,72.321244,2025-12-31,https://www.statistikdatabasen.scb.se/pxweb/sv/ssd/START__BE__BE0101__BE0101Q/UtlSvBakgFinCKM/
0126,Huddinge,municipality,PARENT_FOREIGN_BORN,Nacidos fuera de Suecia,08,36143,114686,31.514745,2025-12-31,https://www.statistikdatabasen.scb.se/pxweb/sv/ssd/START__BE__BE0101__BE0101Q/UtlSvBakgFinCKM/
0126,Huddinge,municipality,PARENT_BOTH_FOREIGN,Nacidos en Suecia · ambos padres fuera,4,13640,114686,11.893344,2025-12-31,https://www.statistikdatabasen.scb.se/pxweb/sv/ssd/START__BE__BE0101__BE0101Q/UtlSvBakgFinCKM/
0126,Huddinge,municipality,PARENT_MIXED,Nacidos en Suecia · un padre fuera,5,11240,114686,9.800673,2025-12-31,https://www.statistikdatabasen.scb.se/pxweb/sv/ssd/START__BE__BE0101__BE0101Q/UtlSvBakgFinCKM/
0126,Huddinge,municipality,PARENT_BOTH_SWEDEN,Nacidos en Suecia · ambos padres en Suecia,6,53667,114686,46.794726,2025-12-31,https://www.statistikdatabasen.scb.se/pxweb/sv/ssd/START__BE__BE0101__BE0101Q/UtlSvBakgFinCKM/
0127,Botkyrka,municipality,PARENT_FOREIGN_BORN,Nacidos fuera de Suecia,08,43024,96750,44.469251,2025-12-31,https://www.statistikdatabasen.scb.se/pxweb/sv/ssd/START__BE__BE0101__BE0101Q/UtlSvBakgFinCKM/
0127,Botkyrka,municipality,PARENT_BOTH_FOREIGN,Nacidos en Suecia · ambos padres fuera,4,17912,96750,18.513695,2025-12-31,https://www.statistikdatabasen.scb.se/pxweb/sv/ssd/START__BE__BE0101__BE0101Q/UtlSvBakgFinCKM/
0127,Botkyrka,municipality,PARENT_MIXED,Nacidos en Suecia · un padre fuera,5,8179,96750,8.453747,2025-12-31,https://www.statistikdatabasen.scb.se/pxweb/sv/ssd/START__BE__BE0101__BE0101Q/UtlSvBakgFinCKM/
0127,Botkyrka,municipality,PARENT_BOTH_SWEDEN,Nacidos en Suecia · ambos padres en Suecia,6,27633,96750,28.561240,2025-12-31,https://www.statistikdatabasen.scb.se/pxweb/sv/ssd/START__BE__BE0101__BE0101Q/UtlSvBakgFinCKM/
0128,Salem,municipality,PARENT_FOREIGN_BORN,Nacidos fuera de Suecia,08,4198,17370,24.168106,2025-12-31,https://www.statistikdatabasen.scb.se/pxweb/sv/ssd/START__BE__BE0101__BE0101Q/UtlSvBakgFinCKM/
0128,Salem,municipality,PARENT_BOTH_FOREIGN,Nacidos en Suecia · ambos padres fuera,4,2001,17370,11.519862,2025-12-31,https://www.statistikdatabasen.scb.se/pxweb/sv/ssd/START__BE__BE0101__BE0101Q/UtlSvBakgFinCKM/
0128,Salem,municipality,PARENT_MIXED,Nacidos en Suecia · un padre fuera,5,1777,17370,10.230282,2025-12-31,https://www.statistikdatabasen.scb.se/pxweb/sv/ssd/START__BE__BE0101__BE0101Q/UtlSvBakgFinCKM/
0128,Salem,municipality,PARENT_BOTH_SWEDEN,Nacidos en Suecia · ambos padres en Suecia,6,9395,17370,54.087507,2025-12-31,https://www.statistikdatabasen.scb.se/pxweb/sv/ssd/START__BE__BE0101__BE0101Q/UtlSvBakgFinCKM/
0136,Haninge,municipality,PARENT_FOREIGN_BORN,Nacidos fuera de Suecia,08,30935,101408,30.505483,2025-12-31,https://www.statistikdatabasen.scb.se/pxweb/sv/ssd/START__BE__BE0101__BE0101Q/UtlSvBakgFinCKM/
0136,Haninge,municipality,PARENT_BOTH_FOREIGN,Nacidos en Suecia · ambos padres fuera,4,11031,101408,10.877840,2025-12-31,https://www.statistikdatabasen.scb.se/pxweb/sv/ssd/START__BE__BE0101__BE0101Q/UtlSvBakgFinCKM/
0136,Haninge,municipality,PARENT_MIXED,Nacidos en Suecia · un padre fuera,5,9675,101408,9.540667,2025-12-31,https://www.statistikdatabasen.scb.se/pxweb/sv/ssd/START__BE__BE0101__BE0101Q/UtlSvBakgFinCKM/
0136,Haninge,municipality,PARENT_BOTH_SWEDEN,Nacidos en Suecia · ambos padres en Suecia,6,49767,101408,49.076010,2025-12-31,https://www.statistikdatabasen.scb.se/pxweb/sv/ssd/START__BE__BE0101__BE0101Q/UtlSvBakgFinCKM/
0138,Tyresö,municipality,PARENT_FOREIGN_BORN,Nacidos fuera de Suecia,08,9041,49645,18.211300,2025-12-31,https://www.statistikdatabasen.scb.se/pxweb/sv/ssd/START__BE__BE0101__BE0101Q/UtlSvBakgFinCKM/
0138,Tyresö,municipality,PARENT_BOTH_FOREIGN,Nacidos en Suecia · ambos padres fuera,4,3060,49645,6.163763,2025-12-31,https://www.statistikdatabasen.scb.se/pxweb/sv/ssd/START__BE__BE0101__BE0101Q/UtlSvBakgFinCKM/
0138,Tyresö,municipality,PARENT_MIXED,Nacidos en Suecia · un padre fuera,5,5574,49645,11.227717,2025-12-31,https://www.statistikdatabasen.scb.se/pxweb/sv/ssd/START__BE__BE0101__BE0101Q/UtlSvBakgFinCKM/
0138,Tyresö,municipality,PARENT_BOTH_SWEDEN,Nacidos en Suecia · ambos padres en Suecia,6,31972,49645,64.401249,2025-12-31,https://www.statistikdatabasen.scb.se/pxweb/sv/ssd/START__BE__BE0101__BE0101Q/UtlSvBakgFinCKM/
0139,Upplands-Bro,municipality,PARENT_FOREIGN_BORN,Nacidos fuera de Suecia,08,11531,33333,34.593346,2025-12-31,https://www.statistikdatabasen.scb.se/pxweb/sv/ssd/START__BE__BE0101__BE0101Q/UtlSvBakgFinCKM/
0139,Upplands-Bro,municipality,PARENT_BOTH_FOREIGN,Nacidos en Suecia · ambos padres fuera,4,4298,33333,12.894129,2025-12-31,https://www.statistikdatabasen.scb.se/pxweb/sv/ssd/START__BE__BE0101__BE0101Q/UtlSvBakgFinCKM/
0139,Upplands-Bro,municipality,PARENT_MIXED,Nacidos en Suecia · un padre fuera,5,3026,33333,9.078091,2025-12-31,https://www.statistikdatabasen.scb.se/pxweb/sv/ssd/START__BE__BE0101__BE0101Q/UtlSvBakgFinCKM/
0139,Upplands-Bro,municipality,PARENT_BOTH_SWEDEN,Nacidos en Suecia · ambos padres en Suecia,6,14474,33333,43.422434,2025-12-31,https://www.statistikdatabasen.scb.se/pxweb/sv/ssd/START__BE__BE0101__BE0101Q/UtlSvBakgFinCKM/
0140,Nykvarn,municipality,PARENT_FOREIGN_BORN,Nacidos fuera de Suecia,08,1929,12384,15.576550,2025-12-31,https://www.statistikdatabasen.scb.se/pxweb/sv/ssd/START__BE__BE0101__BE0101Q/UtlSvBakgFinCKM/
0140,Nykvarn,municipality,PARENT_BOTH_FOREIGN,Nacidos en Suecia · ambos padres fuera,4,828,12384,6.686047,2025-12-31,https://www.statistikdatabasen.scb.se/pxweb/sv/ssd/START__BE__BE0101__BE0101Q/UtlSvBakgFinCKM/
0140,Nykvarn,municipality,PARENT_MIXED,Nacidos en Suecia · un padre fuera,5,1261,12384,10.182494,2025-12-31,https://www.statistikdatabasen.scb.se/pxweb/sv/ssd/START__BE__BE0101__BE0101Q/UtlSvBakgFinCKM/
0140,Nykvarn,municipality,PARENT_BOTH_SWEDEN,Nacidos en Suecia · ambos padres en Suecia,6,8373,12384,67.611434,2025-12-31,https://www.statistikdatabasen.scb.se/pxweb/sv/ssd/START__BE__BE0101__BE0101Q/UtlSvBakgFinCKM/
0160,Täby,municipality,PARENT_FOREIGN_BORN,Nacidos fuera de Suecia,08,15924,78514,20.281733,2025-12-31,https://www.statistikdatabasen.scb.se/pxweb/sv/ssd/START__BE__BE0101__BE0101Q/UtlSvBakgFinCKM/
0160,Täby,municipality,PARENT_BOTH_FOREIGN,Nacidos en Suecia · ambos padres fuera,4,4566,78514,5.815523,2025-12-31,https://www.statistikdatabasen.scb.se/pxweb/sv/ssd/START__BE__BE0101__BE0101Q/UtlSvBakgFinCKM/
0160,Täby,municipality,PARENT_MIXED,Nacidos en Suecia · un padre fuera,5,8227,78514,10.478386,2025-12-31,https://www.statistikdatabasen.scb.se/pxweb/sv/ssd/START__BE__BE0101__BE0101Q/UtlSvBakgFinCKM/
0160,Täby,municipality,PARENT_BOTH_SWEDEN,Nacidos en Suecia · ambos padres en Suecia,6,49798,78514,63.425631,2025-12-31,https://www.statistikdatabasen.scb.se/pxweb/sv/ssd/START__BE__BE0101__BE0101Q/UtlSvBakgFinCKM/
0162,Danderyd,municipality,PARENT_FOREIGN_BORN,Nacidos fuera de Suecia,08,5648,32500,17.378462,2025-12-31,https://www.statistikdatabasen.scb.se/pxweb/sv/ssd/START__BE__BE0101__BE0101Q/UtlSvBakgFinCKM/
0162,Danderyd,municipality,PARENT_BOTH_FOREIGN,Nacidos en Suecia · ambos padres fuera,4,1276,32500,3.926154,2025-12-31,https://www.statistikdatabasen.scb.se/pxweb/sv/ssd/START__BE__BE0101__BE0101Q/UtlSvBakgFinCKM/
0162,Danderyd,municipality,PARENT_MIXED,Nacidos en Suecia · un padre fuera,5,3392,32500,10.436923,2025-12-31,https://www.statistikdatabasen.scb.se/pxweb/sv/ssd/START__BE__BE0101__BE0101Q/UtlSvBakgFinCKM/
0162,Danderyd,municipality,PARENT_BOTH_SWEDEN,Nacidos en Suecia · ambos padres en Suecia,6,22187,32500,68.267692,2025-12-31,https://www.statistikdatabasen.scb.se/pxweb/sv/ssd/START__BE__BE0101__BE0101Q/UtlSvBakgFinCKM/
0163,Sollentuna,municipality,PARENT_FOREIGN_BORN,Nacidos fuera de Suecia,08,23498,78033,30.112901,2025-12-31,https://www.statistikdatabasen.scb.se/pxweb/sv/ssd/START__BE__BE0101__BE0101Q/UtlSvBakgFinCKM/
0163,Sollentuna,municipality,PARENT_BOTH_FOREIGN,Nacidos en Suecia · ambos padres fuera,4,7695,78033,9.861213,2025-12-31,https://www.statistikdatabasen.scb.se/pxweb/sv/ssd/START__BE__BE0101__BE0101Q/UtlSvBakgFinCKM/
0163,Sollentuna,municipality,PARENT_MIXED,Nacidos en Suecia · un padre fuera,5,7568,78033,9.698461,2025-12-31,https://www.statistikdatabasen.scb.se/pxweb/sv/ssd/START__BE__BE0101__BE0101Q/UtlSvBakgFinCKM/
0163,Sollentuna,municipality,PARENT_BOTH_SWEDEN,Nacidos en Suecia · ambos padres en Suecia,6,39271,78033,50.326144,2025-12-31,https://www.statistikdatabasen.scb.se/pxweb/sv/ssd/START__BE__BE0101__BE0101Q/UtlSvBakgFinCKM/
0180,Stockholm,municipality,PARENT_FOREIGN_BORN,Nacidos fuera de Suecia,08,263892,999239,26.409297,2025-12-31,https://www.statistikdatabasen.scb.se/pxweb/sv/ssd/START__BE__BE0101__BE0101Q/UtlSvBakgFinCKM/
0180,Stockholm,municipality,PARENT_BOTH_FOREIGN,Nacidos en Suecia · ambos padres fuera,4,88527,999239,8.859442,2025-12-31,https://www.statistikdatabasen.scb.se/pxweb/sv/ssd/START__BE__BE0101__BE0101Q/UtlSvBakgFinCKM/
0180,Stockholm,municipality,PARENT_MIXED,Nacidos en Suecia · un padre fuera,5,108135,999239,10.821735,2025-12-31,https://www.statistikdatabasen.scb.se/pxweb/sv/ssd/START__BE__BE0101__BE0101Q/UtlSvBakgFinCKM/
0180,Stockholm,municipality,PARENT_BOTH_SWEDEN,Nacidos en Suecia · ambos padres en Suecia,6,538683,999239,53.909325,2025-12-31,https://www.statistikdatabasen.scb.se/pxweb/sv/ssd/START__BE__BE0101__BE0101Q/UtlSvBakgFinCKM/
0181,Södertälje,municipality,PARENT_FOREIGN_BORN,Nacidos fuera de Suecia,08,45522,102772,44.294166,2025-12-31,https://www.statistikdatabasen.scb.se/pxweb/sv/ssd/START__BE__BE0101__BE0101Q/UtlSvBakgFinCKM/
0181,Södertälje,municipality,PARENT_BOTH_FOREIGN,Nacidos en Suecia · ambos padres fuera,4,16687,102772,16.236913,2025-12-31,https://www.statistikdatabasen.scb.se/pxweb/sv/ssd/START__BE__BE0101__BE0101Q/UtlSvBakgFinCKM/
0181,Södertälje,municipality,PARENT_MIXED,Nacidos en Suecia · un padre fuera,5,7987,102772,7.771572,2025-12-31,https://www.statistikdatabasen.scb.se/pxweb/sv/ssd/START__BE__BE0101__BE0101Q/UtlSvBakgFinCKM/
0181,Södertälje,municipality,PARENT_BOTH_SWEDEN,Nacidos en Suecia · ambos padres en Suecia,6,32581,102772,31.702215,2025-12-31,https://www.statistikdatabasen.scb.se/pxweb/sv/ssd/START__BE__BE0101__BE0101Q/UtlSvBakgFinCKM/
0182,Nacka,municipality,PARENT_FOREIGN_BORN,Nacidos fuera de Suecia,08,23162,113730,20.365779,2025-12-31,https://www.statistikdatabasen.scb.se/pxweb/sv/ssd/START__BE__BE0101__BE0101Q/UtlSvBakgFinCKM/
0182,Nacka,municipality,PARENT_BOTH_FOREIGN,Nacidos en Suecia · ambos padres fuera,4,7537,113730,6.627099,2025-12-31,https://www.statistikdatabasen.scb.se/pxweb/sv/ssd/START__BE__BE0101__BE0101Q/UtlSvBakgFinCKM/
0182,Nacka,municipality,PARENT_MIXED,Nacidos en Suecia · un padre fuera,5,12332,113730,10.843225,2025-12-31,https://www.statistikdatabasen.scb.se/pxweb/sv/ssd/START__BE__BE0101__BE0101Q/UtlSvBakgFinCKM/
0182,Nacka,municipality,PARENT_BOTH_SWEDEN,Nacidos en Suecia · ambos padres en Suecia,6,70698,113730,62.163018,2025-12-31,https://www.statistikdatabasen.scb.se/pxweb/sv/ssd/START__BE__BE0101__BE0101Q/UtlSvBakgFinCKM/
0183,Sundbyberg,municipality,PARENT_FOREIGN_BORN,Nacidos fuera de Suecia,08,19348,57000,33.943860,2025-12-31,https://www.statistikdatabasen.scb.se/pxweb/sv/ssd/START__BE__BE0101__BE0101Q/UtlSvBakgFinCKM/
0183,Sundbyberg,municipality,PARENT_BOTH_FOREIGN,Nacidos en Suecia · ambos padres fuera,4,7585,57000,13.307018,2025-12-31,https://www.statistikdatabasen.scb.se/pxweb/sv/ssd/START__BE__BE0101__BE0101Q/UtlSvBakgFinCKM/
0183,Sundbyberg,municipality,PARENT_MIXED,Nacidos en Suecia · un padre fuera,5,5773,57000,10.128070,2025-12-31,https://www.statistikdatabasen.scb.se/pxweb/sv/ssd/START__BE__BE0101__BE0101Q/UtlSvBakgFinCKM/
0183,Sundbyberg,municipality,PARENT_BOTH_SWEDEN,Nacidos en Suecia · ambos padres en Suecia,6,24294,57000,42.621053,2025-12-31,https://www.statistikdatabasen.scb.se/pxweb/sv/ssd/START__BE__BE0101__BE0101Q/UtlSvBakgFinCKM/
0184,Solna,municipality,PARENT_FOREIGN_BORN,Nacidos fuera de Suecia,08,29675,86435,34.332157,2025-12-31,https://www.statistikdatabasen.scb.se/pxweb/sv/ssd/START__BE__BE0101__BE0101Q/UtlSvBakgFinCKM/
0184,Solna,municipality,PARENT_BOTH_FOREIGN,Nacidos en Suecia · ambos padres fuera,4,9211,86435,10.656563,2025-12-31,https://www.statistikdatabasen.scb.se/pxweb/sv/ssd/START__BE__BE0101__BE0101Q/UtlSvBakgFinCKM/
0184,Solna,municipality,PARENT_MIXED,Nacidos en Suecia · un padre fuera,5,9044,86435,10.463354,2025-12-31,https://www.statistikdatabasen.scb.se/pxweb/sv/ssd/START__BE__BE0101__BE0101Q/UtlSvBakgFinCKM/
0184,Solna,municipality,PARENT_BOTH_SWEDEN,Nacidos en Suecia · ambos padres en Suecia,6,38504,86435,44.546769,2025-12-31,https://www.statistikdatabasen.scb.se/pxweb/sv/ssd/START__BE__BE0101__BE0101Q/UtlSvBakgFinCKM/
0186,Lidingö,municipality,PARENT_FOREIGN_BORN,Nacidos fuera de Suecia,08,8803,48369,18.199673,2025-12-31,https://www.statistikdatabasen.scb.se/pxweb/sv/ssd/START__BE__BE0101__BE0101Q/UtlSvBakgFinCKM/
0186,Lidingö,municipality,PARENT_BOTH_FOREIGN,Nacidos en Suecia · ambos padres fuera,4,2146,48369,4.436726,2025-12-31,https://www.statistikdatabasen.scb.se/pxweb/sv/ssd/START__BE__BE0101__BE0101Q/UtlSvBakgFinCKM/
0186,Lidingö,municipality,PARENT_MIXED,Nacidos en Suecia · un padre fuera,5,5125,48369,10.595629,2025-12-31,https://www.statistikdatabasen.scb.se/pxweb/sv/ssd/START__BE__BE0101__BE0101Q/UtlSvBakgFinCKM/
0186,Lidingö,municipality,PARENT_BOTH_SWEDEN,Nacidos en Suecia · ambos padres en Suecia,6,32300,48369,66.778308,2025-12-31,https://www.statistikdatabasen.scb.se/pxweb/sv/ssd/START__BE__BE0101__BE0101Q/UtlSvBakgFinCKM/
0187,Vaxholm,municipality,PARENT_FOREIGN_BORN,Nacidos fuera de Suecia,08,1284,11636,11.034720,2025-12-31,https://www.statistikdatabasen.scb.se/pxweb/sv/ssd/START__BE__BE0101__BE0101Q/UtlSvBakgFinCKM/
0187,Vaxholm,municipality,PARENT_BOTH_FOREIGN,Nacidos en Suecia · ambos padres fuera,4,300,11636,2.578206,2025-12-31,https://www.statistikdatabasen.scb.se/pxweb/sv/ssd/START__BE__BE0101__BE0101Q/UtlSvBakgFinCKM/
0187,Vaxholm,municipality,PARENT_MIXED,Nacidos en Suecia · un padre fuera,5,1117,11636,9.599519,2025-12-31,https://www.statistikdatabasen.scb.se/pxweb/sv/ssd/START__BE__BE0101__BE0101Q/UtlSvBakgFinCKM/
0187,Vaxholm,municipality,PARENT_BOTH_SWEDEN,Nacidos en Suecia · ambos padres en Suecia,6,8933,11636,76.770368,2025-12-31,https://www.statistikdatabasen.scb.se/pxweb/sv/ssd/START__BE__BE0101__BE0101Q/UtlSvBakgFinCKM/
0188,Norrtälje,municipality,PARENT_FOREIGN_BORN,Nacidos fuera de Suecia,08,9289,66832,13.899030,2025-12-31,https://www.statistikdatabasen.scb.se/pxweb/sv/ssd/START__BE__BE0101__BE0101Q/UtlSvBakgFinCKM/
0188,Norrtälje,municipality,PARENT_BOTH_FOREIGN,Nacidos en Suecia · ambos padres fuera,4,2509,66832,3.754190,2025-12-31,https://www.statistikdatabasen.scb.se/pxweb/sv/ssd/START__BE__BE0101__BE0101Q/UtlSvBakgFinCKM/
0188,Norrtälje,municipality,PARENT_MIXED,Nacidos en Suecia · un padre fuera,5,5457,66832,8.165250,2025-12-31,https://www.statistikdatabasen.scb.se/pxweb/sv/ssd/START__BE__BE0101__BE0101Q/UtlSvBakgFinCKM/
0188,Norrtälje,municipality,PARENT_BOTH_SWEDEN,Nacidos en Suecia · ambos padres en Suecia,6,49578,66832,74.183026,2025-12-31,https://www.statistikdatabasen.scb.se/pxweb/sv/ssd/START__BE__BE0101__BE0101Q/UtlSvBakgFinCKM/
0191,Sigtuna,municipality,PARENT_FOREIGN_BORN,Nacidos fuera de Suecia,08,20957,53365,39.271058,2025-12-31,https://www.statistikdatabasen.scb.se/pxweb/sv/ssd/START__BE__BE0101__BE0101Q/UtlSvBakgFinCKM/
0191,Sigtuna,municipality,PARENT_BOTH_FOREIGN,Nacidos en Suecia · ambos padres fuera,4,7073,53365,13.254005,2025-12-31,https://www.statistikdatabasen.scb.se/pxweb/sv/ssd/START__BE__BE0101__BE0101Q/UtlSvBakgFinCKM/
0191,Sigtuna,municipality,PARENT_MIXED,Nacidos en Suecia · un padre fuera,5,4558,53365,8.541179,2025-12-31,https://www.statistikdatabasen.scb.se/pxweb/sv/ssd/START__BE__BE0101__BE0101Q/UtlSvBakgFinCKM/
0191,Sigtuna,municipality,PARENT_BOTH_SWEDEN,Nacidos en Suecia · ambos padres en Suecia,6,20776,53365,38.931884,2025-12-31,https://www.statistikdatabasen.scb.se/pxweb/sv/ssd/START__BE__BE0101__BE0101Q/UtlSvBakgFinCKM/
0192,Nynäshamn,municipality,PARENT_FOREIGN_BORN,Nacidos fuera de Suecia,08,6437,30610,21.029075,2025-12-31,https://www.statistikdatabasen.scb.se/pxweb/sv/ssd/START__BE__BE0101__BE0101Q/UtlSvBakgFinCKM/
0192,Nynäshamn,municipality,PARENT_BOTH_FOREIGN,Nacidos en Suecia · ambos padres fuera,4,1864,30610,6.089513,2025-12-31,https://www.statistikdatabasen.scb.se/pxweb/sv/ssd/START__BE__BE0101__BE0101Q/UtlSvBakgFinCKM/
0192,Nynäshamn,municipality,PARENT_MIXED,Nacidos en Suecia · un padre fuera,5,2612,30610,8.533159,2025-12-31,https://www.statistikdatabasen.scb.se/pxweb/sv/ssd/START__BE__BE0101__BE0101Q/UtlSvBakgFinCKM/
0192,Nynäshamn,municipality,PARENT_BOTH_SWEDEN,Nacidos en Suecia · ambos padres en Suecia,6,19696,30610,64.344985,2025-12-31,https://www.statistikdatabasen.scb.se/pxweb/sv/ssd/START__BE__BE0101__BE0101Q/UtlSvBakgFinCKM/
03,Uppsala län,county,PARENT_FOREIGN_BORN,Nacidos fuera de Suecia,08,82876,410575,20.185350,2025-12-31,https://www.statistikdatabasen.scb.se/pxweb/sv/ssd/START__BE__BE0101__BE0101Q/UtlSvBakgFinCKM/
03,Uppsala län,county,PARENT_BOTH_FOREIGN,Nacidos en Suecia · ambos padres fuera,4,25284,410575,6.158193,2025-12-31,https://www.statistikdatabasen.scb.se/pxweb/sv/ssd/START__BE__BE0101__BE0101Q/UtlSvBakgFinCKM/
03,Uppsala län,county,PARENT_MIXED,Nacidos en Suecia · un padre fuera,5,34517,410575,8.406990,2025-12-31,https://www.statistikdatabasen.scb.se/pxweb/sv/ssd/START__BE__BE0101__BE0101Q/UtlSvBakgFinCKM/
03,Uppsala län,county,PARENT_BOTH_SWEDEN,Nacidos en Suecia · ambos padres en Suecia,6,267898,410575,65.249467,2025-12-31,https://www.statistikdatabasen.scb.se/pxweb/sv/ssd/START__BE__BE0101__BE0101Q/UtlSvBakgFinCKM/
0305,Håbo,municipality,PARENT_FOREIGN_BORN,Nacidos fuera de Suecia,08,4171,23252,17.938242,2025-12-31,https://www.statistikdatabasen.scb.se/pxweb/sv/ssd/START__BE__BE0101__BE0101Q/UtlSvBakgFinCKM/
0305,Håbo,municipality,PARENT_BOTH_FOREIGN,Nacidos en Suecia · ambos padres fuera,4,1465,23252,6.300533,2025-12-31,https://www.statistikdatabasen.scb.se/pxweb/sv/ssd/START__BE__BE0101__BE0101Q/UtlSvBakgFinCKM/
0305,Håbo,municipality,PARENT_MIXED,Nacidos en Suecia · un padre fuera,5,2335,23252,10.042147,2025-12-31,https://www.statistikdatabasen.scb.se/pxweb/sv/ssd/START__BE__BE0101__BE0101Q/UtlSvBakgFinCKM/
0305,Håbo,municipality,PARENT_BOTH_SWEDEN,Nacidos en Suecia · ambos padres en Suecia,6,15284,23252,65.731980,2025-12-31,https://www.statistikdatabasen.scb.se/pxweb/sv/ssd/START__BE__BE0101__BE0101Q/UtlSvBakgFinCKM/
0319,Älvkarleby,municipality,PARENT_FOREIGN_BORN,Nacidos fuera de Suecia,08,1396,9573,14.582680,2025-12-31,https://www.statistikdatabasen.scb.se/pxweb/sv/ssd/START__BE__BE0101__BE0101Q/UtlSvBakgFinCKM/
0319,Älvkarleby,municipality,PARENT_BOTH_FOREIGN,Nacidos en Suecia · ambos padres fuera,4,455,9573,4.752951,2025-12-31,https://www.statistikdatabasen.scb.se/pxweb/sv/ssd/START__BE__BE0101__BE0101Q/UtlSvBakgFinCKM/
0319,Älvkarleby,municipality,PARENT_MIXED,Nacidos en Suecia · un padre fuera,5,629,9573,6.570563,2025-12-31,https://www.statistikdatabasen.scb.se/pxweb/sv/ssd/START__BE__BE0101__BE0101Q/UtlSvBakgFinCKM/
0319,Älvkarleby,municipality,PARENT_BOTH_SWEDEN,Nacidos en Suecia · ambos padres en Suecia,6,7096,9573,74.125144,2025-12-31,https://www.statistikdatabasen.scb.se/pxweb/sv/ssd/START__BE__BE0101__BE0101Q/UtlSvBakgFinCKM/
0330,Knivsta,municipality,PARENT_FOREIGN_BORN,Nacidos fuera de Suecia,08,3928,21733,18.073897,2025-12-31,https://www.statistikdatabasen.scb.se/pxweb/sv/ssd/START__BE__BE0101__BE0101Q/UtlSvBakgFinCKM/
0330,Knivsta,municipality,PARENT_BOTH_FOREIGN,Nacidos en Suecia · ambos padres fuera,4,1075,21733,4.946395,2025-12-31,https://www.statistikdatabasen.scb.se/pxweb/sv/ssd/START__BE__BE0101__BE0101Q/UtlSvBakgFinCKM/
0330,Knivsta,municipality,PARENT_MIXED,Nacidos en Suecia · un padre fuera,5,2244,21733,10.325312,2025-12-31,https://www.statistikdatabasen.scb.se/pxweb/sv/ssd/START__BE__BE0101__BE0101Q/UtlSvBakgFinCKM/
0330,Knivsta,municipality,PARENT_BOTH_SWEDEN,Nacidos en Suecia · ambos padres en Suecia,6,14483,21733,66.640593,2025-12-31,https://www.statistikdatabasen.scb.se/pxweb/sv/ssd/START__BE__BE0101__BE0101Q/UtlSvBakgFinCKM/
0331,Heby,municipality,PARENT_FOREIGN_BORN,Nacidos fuera de Suecia,08,1909,14275,13.373030,2025-12-31,https://www.statistikdatabasen.scb.se/pxweb/sv/ssd/START__BE__BE0101__BE0101Q/UtlSvBakgFinCKM/
0331,Heby,municipality,PARENT_BOTH_FOREIGN,Nacidos en Suecia · ambos padres fuera,4,493,14275,3.453590,2025-12-31,https://www.statistikdatabasen.scb.se/pxweb/sv/ssd/START__BE__BE0101__BE0101Q/UtlSvBakgFinCKM/
0331,Heby,municipality,PARENT_MIXED,Nacidos en Suecia · un padre fuera,5,940,14275,6.584939,2025-12-31,https://www.statistikdatabasen.scb.se/pxweb/sv/ssd/START__BE__BE0101__BE0101Q/UtlSvBakgFinCKM/
0331,Heby,municipality,PARENT_BOTH_SWEDEN,Nacidos en Suecia · ambos padres en Suecia,6,10930,14275,76.567426,2025-12-31,https://www.statistikdatabasen.scb.se/pxweb/sv/ssd/START__BE__BE0101__BE0101Q/UtlSvBakgFinCKM/
0360,Tierp,municipality,PARENT_FOREIGN_BORN,Nacidos fuera de Suecia,08,2682,21028,12.754423,2025-12-31,https://www.statistikdatabasen.scb.se/pxweb/sv/ssd/START__BE__BE0101__BE0101Q/UtlSvBakgFinCKM/
0360,Tierp,municipality,PARENT_BOTH_FOREIGN,Nacidos en Suecia · ambos padres fuera,4,807,21028,3.837740,2025-12-31,https://www.statistikdatabasen.scb.se/pxweb/sv/ssd/START__BE__BE0101__BE0101Q/UtlSvBakgFinCKM/
0360,Tierp,municipality,PARENT_MIXED,Nacidos en Suecia · un padre fuera,5,1317,21028,6.263078,2025-12-31,https://www.statistikdatabasen.scb.se/pxweb/sv/ssd/START__BE__BE0101__BE0101Q/UtlSvBakgFinCKM/
0360,Tierp,municipality,PARENT_BOTH_SWEDEN,Nacidos en Suecia · ambos padres en Suecia,6,16226,21028,77.163782,2025-12-31,https://www.statistikdatabasen.scb.se/pxweb/sv/ssd/START__BE__BE0101__BE0101Q/UtlSvBakgFinCKM/
0380,Uppsala,municipality,PARENT_FOREIGN_BORN,Nacidos fuera de Suecia,08,58138,249726,23.280716,2025-12-31,https://www.statistikdatabasen.scb.se/pxweb/sv/ssd/START__BE__BE0101__BE0101Q/UtlSvBakgFinCKM/
0380,Uppsala,municipality,PARENT_BOTH_FOREIGN,Nacidos en Suecia · ambos padres fuera,4,17380,249726,6.959628,2025-12-31,https://www.statistikdatabasen.scb.se/pxweb/sv/ssd/START__BE__BE0101__BE0101Q/UtlSvBakgFinCKM/
0380,Uppsala,municipality,PARENT_MIXED,Nacidos en Suecia · un padre fuera,5,21890,249726,8.765607,2025-12-31,https://www.statistikdatabasen.scb.se/pxweb/sv/ssd/START__BE__BE0101__BE0101Q/UtlSvBakgFinCKM/
0380,Uppsala,municipality,PARENT_BOTH_SWEDEN,Nacidos en Suecia · ambos padres en Suecia,6,152319,249726,60.994450,2025-12-31,https://www.statistikdatabasen.scb.se/pxweb/sv/ssd/START__BE__BE0101__BE0101Q/UtlSvBakgFinCKM/
0381,Enköping,municipality,PARENT_FOREIGN_BORN,Nacidos fuera de Suecia,08,8409,48804,17.230145,2025-12-31,https://www.statistikdatabasen.scb.se/pxweb/sv/ssd/START__BE__BE0101__BE0101Q/UtlSvBakgFinCKM/
0381,Enköping,municipality,PARENT_BOTH_FOREIGN,Nacidos en Suecia · ambos padres fuera,4,2989,48804,6.124498,2025-12-31,https://www.statistikdatabasen.scb.se/pxweb/sv/ssd/START__BE__BE0101__BE0101Q/UtlSvBakgFinCKM/
0381,Enköping,municipality,PARENT_MIXED,Nacidos en Suecia · un padre fuera,5,3708,48804,7.597738,2025-12-31,https://www.statistikdatabasen.scb.se/pxweb/sv/ssd/START__BE__BE0101__BE0101Q/UtlSvBakgFinCKM/
0381,Enköping,municipality,PARENT_BOTH_SWEDEN,Nacidos en Suecia · ambos padres en Suecia,6,33702,48804,69.055815,2025-12-31,https://www.statistikdatabasen.scb.se/pxweb/sv/ssd/START__BE__BE0101__BE0101Q/UtlSvBakgFinCKM/
0382,Östhammar,municipality,PARENT_FOREIGN_BORN,Nacidos fuera de Suecia,08,2242,22181,10.107750,2025-12-31,https://www.statistikdatabasen.scb.se/pxweb/sv/ssd/START__BE__BE0101__BE0101Q/UtlSvBakgFinCKM/
0382,Östhammar,municipality,PARENT_BOTH_FOREIGN,Nacidos en Suecia · ambos padres fuera,4,623,22181,2.808710,2025-12-31,https://www.statistikdatabasen.scb.se/pxweb/sv/ssd/START__BE__BE0101__BE0101Q/UtlSvBakgFinCKM/
0382,Östhammar,municipality,PARENT_MIXED,Nacidos en Suecia · un padre fuera,5,1455,22181,6.559668,2025-12-31,https://www.statistikdatabasen.scb.se/pxweb/sv/ssd/START__BE__BE0101__BE0101Q/UtlSvBakgFinCKM/
0382,Östhammar,municipality,PARENT_BOTH_SWEDEN,Nacidos en Suecia · ambos padres en Suecia,6,17858,22181,80.510347,2025-12-31,https://www.statistikdatabasen.scb.se/pxweb/sv/ssd/START__BE__BE0101__BE0101Q/UtlSvBakgFinCKM/
04,Södermanlands län,county,PARENT_FOREIGN_BORN,Nacidos fuera de Suecia,08,62034,300440,20.647717,2025-12-31,https://www.statistikdatabasen.scb.se/pxweb/sv/ssd/START__BE__BE0101__BE0101Q/UtlSvBakgFinCKM/
04,Södermanlands län,county,PARENT_BOTH_FOREIGN,Nacidos en Suecia · ambos padres fuera,4,23075,300440,7.680402,2025-12-31,https://www.statistikdatabasen.scb.se/pxweb/sv/ssd/START__BE__BE0101__BE0101Q/UtlSvBakgFinCKM/
04,Södermanlands län,county,PARENT_MIXED,Nacidos en Suecia · un padre fuera,5,23777,300440,7.914059,2025-12-31,https://www.statistikdatabasen.scb.se/pxweb/sv/ssd/START__BE__BE0101__BE0101Q/UtlSvBakgFinCKM/
04,Södermanlands län,county,PARENT_BOTH_SWEDEN,Nacidos en Suecia · ambos padres en Suecia,6,191551,300440,63.756823,2025-12-31,https://www.statistikdatabasen.scb.se/pxweb/sv/ssd/START__BE__BE0101__BE0101Q/UtlSvBakgFinCKM/
0428,Vingåker,municipality,PARENT_FOREIGN_BORN,Nacidos fuera de Suecia,08,1143,8666,13.189476,2025-12-31,https://www.statistikdatabasen.scb.se/pxweb/sv/ssd/START__BE__BE0101__BE0101Q/UtlSvBakgFinCKM/
0428,Vingåker,municipality,PARENT_BOTH_FOREIGN,Nacidos en Suecia · ambos padres fuera,4,320,8666,3.692592,2025-12-31,https://www.statistikdatabasen.scb.se/pxweb/sv/ssd/START__BE__BE0101__BE0101Q/UtlSvBakgFinCKM/
0428,Vingåker,municipality,PARENT_MIXED,Nacidos en Suecia · un padre fuera,5,588,8666,6.785137,2025-12-31,https://www.statistikdatabasen.scb.se/pxweb/sv/ssd/START__BE__BE0101__BE0101Q/UtlSvBakgFinCKM/
0428,Vingåker,municipality,PARENT_BOTH_SWEDEN,Nacidos en Suecia · ambos padres en Suecia,6,6611,8666,76.286637,2025-12-31,https://www.statistikdatabasen.scb.se/pxweb/sv/ssd/START__BE__BE0101__BE0101Q/UtlSvBakgFinCKM/
0461,Gnesta,municipality,PARENT_FOREIGN_BORN,Nacidos fuera de Suecia,08,1557,11343,13.726527,2025-12-31,https://www.statistikdatabasen.scb.se/pxweb/sv/ssd/START__BE__BE0101__BE0101Q/UtlSvBakgFinCKM/
0461,Gnesta,municipality,PARENT_BOTH_FOREIGN,Nacidos en Suecia · ambos padres fuera,4,453,11343,3.993652,2025-12-31,https://www.statistikdatabasen.scb.se/pxweb/sv/ssd/START__BE__BE0101__BE0101Q/UtlSvBakgFinCKM/
0461,Gnesta,municipality,PARENT_MIXED,Nacidos en Suecia · un padre fuera,5,1054,11343,9.292074,2025-12-31,https://www.statistikdatabasen.scb.se/pxweb/sv/ssd/START__BE__BE0101__BE0101Q/UtlSvBakgFinCKM/
0461,Gnesta,municipality,PARENT_BOTH_SWEDEN,Nacidos en Suecia · ambos padres en Suecia,6,8278,11343,72.978930,2025-12-31,https://www.statistikdatabasen.scb.se/pxweb/sv/ssd/START__BE__BE0101__BE0101Q/UtlSvBakgFinCKM/
0480,Nyköping,municipality,PARENT_FOREIGN_BORN,Nacidos fuera de Suecia,08,9790,58310,16.789573,2025-12-31,https://www.statistikdatabasen.scb.se/pxweb/sv/ssd/START__BE__BE0101__BE0101Q/UtlSvBakgFinCKM/
0480,Nyköping,municipality,PARENT_BOTH_FOREIGN,Nacidos en Suecia · ambos padres fuera,4,3471,58310,5.952667,2025-12-31,https://www.statistikdatabasen.scb.se/pxweb/sv/ssd/START__BE__BE0101__BE0101Q/UtlSvBakgFinCKM/
0480,Nyköping,municipality,PARENT_MIXED,Nacidos en Suecia · un padre fuera,5,4364,58310,7.484137,2025-12-31,https://www.statistikdatabasen.scb.se/pxweb/sv/ssd/START__BE__BE0101__BE0101Q/UtlSvBakgFinCKM/
0480,Nyköping,municipality,PARENT_BOTH_SWEDEN,Nacidos en Suecia · ambos padres en Suecia,6,40685,58310,69.773624,2025-12-31,https://www.statistikdatabasen.scb.se/pxweb/sv/ssd/START__BE__BE0101__BE0101Q/UtlSvBakgFinCKM/
0481,Oxelösund,municipality,PARENT_FOREIGN_BORN,Nacidos fuera de Suecia,08,2471,11962,20.657081,2025-12-31,https://www.statistikdatabasen.scb.se/pxweb/sv/ssd/START__BE__BE0101__BE0101Q/UtlSvBakgFinCKM/
0481,Oxelösund,municipality,PARENT_BOTH_FOREIGN,Nacidos en Suecia · ambos padres fuera,4,801,11962,6.696205,2025-12-31,https://www.statistikdatabasen.scb.se/pxweb/sv/ssd/START__BE__BE0101__BE0101Q/UtlSvBakgFinCKM/
0481,Oxelösund,municipality,PARENT_MIXED,Nacidos en Suecia · un padre fuera,5,965,11962,8.067213,2025-12-31,https://www.statistikdatabasen.scb.se/pxweb/sv/ssd/START__BE__BE0101__BE0101Q/UtlSvBakgFinCKM/
0481,Oxelösund,municipality,PARENT_BOTH_SWEDEN,Nacidos en Suecia · ambos padres en Suecia,6,7723,11962,64.562782,2025-12-31,https://www.statistikdatabasen.scb.se/pxweb/sv/ssd/START__BE__BE0101__BE0101Q/UtlSvBakgFinCKM/
0482,Flen,municipality,PARENT_FOREIGN_BORN,Nacidos fuera de Suecia,08,3231,15095,21.404439,2025-12-31,https://www.statistikdatabasen.scb.se/pxweb/sv/ssd/START__BE__BE0101__BE0101Q/UtlSvBakgFinCKM/
0482,Flen,municipality,PARENT_BOTH_FOREIGN,Nacidos en Suecia · ambos padres fuera,4,1154,15095,7.644916,2025-12-31,https://www.statistikdatabasen.scb.se/pxweb/sv/ssd/START__BE__BE0101__BE0101Q/UtlSvBakgFinCKM/
0482,Flen,municipality,PARENT_MIXED,Nacidos en Suecia · un padre fuera,5,1041,15095,6.896323,2025-12-31,https://www.statistikdatabasen.scb.se/pxweb/sv/ssd/START__BE__BE0101__BE0101Q/UtlSvBakgFinCKM/
0482,Flen,municipality,PARENT_BOTH_SWEDEN,Nacidos en Suecia · ambos padres en Suecia,6,9672,15095,64.074197,2025-12-31,https://www.statistikdatabasen.scb.se/pxweb/sv/ssd/START__BE__BE0101__BE0101Q/UtlSvBakgFinCKM/
0483,Katrineholm,municipality,PARENT_FOREIGN_BORN,Nacidos fuera de Suecia,08,6522,33984,19.191384,2025-12-31,https://www.statistikdatabasen.scb.se/pxweb/sv/ssd/START__BE__BE0101__BE0101Q/UtlSvBakgFinCKM/
0483,Katrineholm,municipality,PARENT_BOTH_FOREIGN,Nacidos en Suecia · ambos padres fuera,4,2554,33984,7.515301,2025-12-31,https://www.statistikdatabasen.scb.se/pxweb/sv/ssd/START__BE__BE0101__BE0101Q/UtlSvBakgFinCKM/
0483,Katrineholm,municipality,PARENT_MIXED,Nacidos en Suecia · un padre fuera,5,2288,33984,6.732580,2025-12-31,https://www.statistikdatabasen.scb.se/pxweb/sv/ssd/START__BE__BE0101__BE0101Q/UtlSvBakgFinCKM/
0483,Katrineholm,municipality,PARENT_BOTH_SWEDEN,Nacidos en Suecia · ambos padres en Suecia,6,22624,33984,66.572505,2025-12-31,https://www.statistikdatabasen.scb.se/pxweb/sv/ssd/START__BE__BE0101__BE0101Q/UtlSvBakgFinCKM/
0484,Eskilstuna,municipality,PARENT_FOREIGN_BORN,Nacidos fuera de Suecia,08,28589,106789,26.771484,2025-12-31,https://www.statistikdatabasen.scb.se/pxweb/sv/ssd/START__BE__BE0101__BE0101Q/UtlSvBakgFinCKM/
0484,Eskilstuna,municipality,PARENT_BOTH_FOREIGN,Nacidos en Suecia · ambos padres fuera,4,11540,106789,10.806356,2025-12-31,https://www.statistikdatabasen.scb.se/pxweb/sv/ssd/START__BE__BE0101__BE0101Q/UtlSvBakgFinCKM/
0484,Eskilstuna,municipality,PARENT_MIXED,Nacidos en Suecia · un padre fuera,5,8591,106789,8.044836,2025-12-31,https://www.statistikdatabasen.scb.se/pxweb/sv/ssd/START__BE__BE0101__BE0101Q/UtlSvBakgFinCKM/
0484,Eskilstuna,municipality,PARENT_BOTH_SWEDEN,Nacidos en Suecia · ambos padres en Suecia,6,58066,106789,54.374514,2025-12-31,https://www.statistikdatabasen.scb.se/pxweb/sv/ssd/START__BE__BE0101__BE0101Q/UtlSvBakgFinCKM/
0486,Strängnäs,municipality,PARENT_FOREIGN_BORN,Nacidos fuera de Suecia,08,6597,39387,16.749181,2025-12-31,https://www.statistikdatabasen.scb.se/pxweb/sv/ssd/START__BE__BE0101__BE0101Q/UtlSvBakgFinCKM/
0486,Strängnäs,municipality,PARENT_BOTH_FOREIGN,Nacidos en Suecia · ambos padres fuera,4,2047,39387,5.197146,2025-12-31,https://www.statistikdatabasen.scb.se/pxweb/sv/ssd/START__BE__BE0101__BE0101Q/UtlSvBakgFinCKM/
0486,Strängnäs,municipality,PARENT_MIXED,Nacidos en Suecia · un padre fuera,5,3497,39387,8.878564,2025-12-31,https://www.statistikdatabasen.scb.se/pxweb/sv/ssd/START__BE__BE0101__BE0101Q/UtlSvBakgFinCKM/
0486,Strängnäs,municipality,PARENT_BOTH_SWEDEN,Nacidos en Suecia · ambos padres en Suecia,6,27245,39387,69.172570,2025-12-31,https://www.statistikdatabasen.scb.se/pxweb/sv/ssd/START__BE__BE0101__BE0101Q/UtlSvBakgFinCKM/
0488,Trosa,municipality,PARENT_FOREIGN_BORN,Nacidos fuera de Suecia,08,2138,14900,14.348993,2025-12-31,https://www.statistikdatabasen.scb.se/pxweb/sv/ssd/START__BE__BE0101__BE0101Q/UtlSvBakgFinCKM/
0488,Trosa,municipality,PARENT_BOTH_FOREIGN,Nacidos en Suecia · ambos padres fuera,4,741,14900,4.973154,2025-12-31,https://www.statistikdatabasen.scb.se/pxweb/sv/ssd/START__BE__BE0101__BE0101Q/UtlSvBakgFinCKM/
0488,Trosa,municipality,PARENT_MIXED,Nacidos en Suecia · un padre fuera,5,1375,14900,9.228188,2025-12-31,https://www.statistikdatabasen.scb.se/pxweb/sv/ssd/START__BE__BE0101__BE0101Q/UtlSvBakgFinCKM/
0488,Trosa,municipality,PARENT_BOTH_SWEDEN,Nacidos en Suecia · ambos padres en Suecia,6,10647,14900,71.456376,2025-12-31,https://www.statistikdatabasen.scb.se/pxweb/sv/ssd/START__BE__BE0101__BE0101Q/UtlSvBakgFinCKM/
05,Östergötlands län,county,PARENT_FOREIGN_BORN,Nacidos fuera de Suecia,08,81924,472529,17.337349,2025-12-31,https://www.statistikdatabasen.scb.se/pxweb/sv/ssd/START__BE__BE0101__BE0101Q/UtlSvBakgFinCKM/
05,Östergötlands län,county,PARENT_BOTH_FOREIGN,Nacidos en Suecia · ambos padres fuera,4,27728,472529,5.868000,2025-12-31,https://www.statistikdatabasen.scb.se/pxweb/sv/ssd/START__BE__BE0101__BE0101Q/UtlSvBakgFinCKM/
05,Östergötlands län,county,PARENT_MIXED,Nacidos en Suecia · un padre fuera,5,30376,472529,6.428389,2025-12-31,https://www.statistikdatabasen.scb.se/pxweb/sv/ssd/START__BE__BE0101__BE0101Q/UtlSvBakgFinCKM/
05,Östergötlands län,county,PARENT_BOTH_SWEDEN,Nacidos en Suecia · ambos padres en Suecia,6,332498,472529,70.365628,2025-12-31,https://www.statistikdatabasen.scb.se/pxweb/sv/ssd/START__BE__BE0101__BE0101Q/UtlSvBakgFinCKM/
0509,Ödeshög,municipality,PARENT_FOREIGN_BORN,Nacidos fuera de Suecia,08,588,5221,11.262210,2025-12-31,https://www.statistikdatabasen.scb.se/pxweb/sv/ssd/START__BE__BE0101__BE0101Q/UtlSvBakgFinCKM/
0509,Ödeshög,municipality,PARENT_BOTH_FOREIGN,Nacidos en Suecia · ambos padres fuera,4,158,5221,3.026240,2025-12-31,https://www.statistikdatabasen.scb.se/pxweb/sv/ssd/START__BE__BE0101__BE0101Q/UtlSvBakgFinCKM/
0509,Ödeshög,municipality,PARENT_MIXED,Nacidos en Suecia · un padre fuera,5,235,5221,4.501053,2025-12-31,https://www.statistikdatabasen.scb.se/pxweb/sv/ssd/START__BE__BE0101__BE0101Q/UtlSvBakgFinCKM/
0509,Ödeshög,municipality,PARENT_BOTH_SWEDEN,Nacidos en Suecia · ambos padres en Suecia,6,4241,5221,81.229649,2025-12-31,https://www.statistikdatabasen.scb.se/pxweb/sv/ssd/START__BE__BE0101__BE0101Q/UtlSvBakgFinCKM/
0512,Ydre,municipality,PARENT_FOREIGN_BORN,Nacidos fuera de Suecia,08,376,3619,10.389610,2025-12-31,https://www.statistikdatabasen.scb.se/pxweb/sv/ssd/START__BE__BE0101__BE0101Q/UtlSvBakgFinCKM/
0512,Ydre,municipality,PARENT_BOTH_FOREIGN,Nacidos en Suecia · ambos padres fuera,4,54,3619,1.492125,2025-12-31,https://www.statistikdatabasen.scb.se/pxweb/sv/ssd/START__BE__BE0101__BE0101Q/UtlSvBakgFinCKM/
0512,Ydre,municipality,PARENT_MIXED,Nacidos en Suecia · un padre fuera,5,185,3619,5.111909,2025-12-31,https://www.statistikdatabasen.scb.se/pxweb/sv/ssd/START__BE__BE0101__BE0101Q/UtlSvBakgFinCKM/
0512,Ydre,municipality,PARENT_BOTH_SWEDEN,Nacidos en Suecia · ambos padres en Suecia,6,3006,3619,83.061619,2025-12-31,https://www.statistikdatabasen.scb.se/pxweb/sv/ssd/START__BE__BE0101__BE0101Q/UtlSvBakgFinCKM/
0513,Kinda,municipality,PARENT_FOREIGN_BORN,Nacidos fuera de Suecia,08,951,9924,9.582830,2025-12-31,https://www.statistikdatabasen.scb.se/pxweb/sv/ssd/START__BE__BE0101__BE0101Q/UtlSvBakgFinCKM/
0513,Kinda,municipality,PARENT_BOTH_FOREIGN,Nacidos en Suecia · ambos padres fuera,4,211,9924,2.126159,2025-12-31,https://www.statistikdatabasen.scb.se/pxweb/sv/ssd/START__BE__BE0101__BE0101Q/UtlSvBakgFinCKM/
0513,Kinda,municipality,PARENT_MIXED,Nacidos en Suecia · un padre fuera,5,443,9924,4.463926,2025-12-31,https://www.statistikdatabasen.scb.se/pxweb/sv/ssd/START__BE__BE0101__BE0101Q/UtlSvBakgFinCKM/
0513,Kinda,municipality,PARENT_BOTH_SWEDEN,Nacidos en Suecia · ambos padres en Suecia,6,8319,9924,83.827086,2025-12-31,https://www.statistikdatabasen.scb.se/pxweb/sv/ssd/START__BE__BE0101__BE0101Q/UtlSvBakgFinCKM/
0560,Boxholm,municipality,PARENT_FOREIGN_BORN,Nacidos fuera de Suecia,08,554,5451,10.163273,2025-12-31,https://www.statistikdatabasen.scb.se/pxweb/sv/ssd/START__BE__BE0101__BE0101Q/UtlSvBakgFinCKM/
0560,Boxholm,municipality,PARENT_BOTH_FOREIGN,Nacidos en Suecia · ambos padres fuera,4,159,5451,2.916896,2025-12-31,https://www.statistikdatabasen.scb.se/pxweb/sv/ssd/START__BE__BE0101__BE0101Q/UtlSvBakgFinCKM/
0560,Boxholm,municipality,PARENT_MIXED,Nacidos en Suecia · un padre fuera,5,226,5451,4.146028,2025-12-31,https://www.statistikdatabasen.scb.se/pxweb/sv/ssd/START__BE__BE0101__BE0101Q/UtlSvBakgFinCKM/
0560,Boxholm,municipality,PARENT_BOTH_SWEDEN,Nacidos en Suecia · ambos padres en Suecia,6,4511,5451,82.755458,2025-12-31,https://www.statistikdatabasen.scb.se/pxweb/sv/ssd/START__BE__BE0101__BE0101Q/UtlSvBakgFinCKM/
0561,Åtvidaberg,municipality,PARENT_FOREIGN_BORN,Nacidos fuera de Suecia,08,951,11490,8.276762,2025-12-31,https://www.statistikdatabasen.scb.se/pxweb/sv/ssd/START__BE__BE0101__BE0101Q/UtlSvBakgFinCKM/
0561,Åtvidaberg,municipality,PARENT_BOTH_FOREIGN,Nacidos en Suecia · ambos padres fuera,4,221,11490,1.923412,2025-12-31,https://www.statistikdatabasen.scb.se/pxweb/sv/ssd/START__BE__BE0101__BE0101Q/UtlSvBakgFinCKM/
0561,Åtvidaberg,municipality,PARENT_MIXED,Nacidos en Suecia · un padre fuera,5,531,11490,4.621410,2025-12-31,https://www.statistikdatabasen.scb.se/pxweb/sv/ssd/START__BE__BE0101__BE0101Q/UtlSvBakgFinCKM/
0561,Åtvidaberg,municipality,PARENT_BOTH_SWEDEN,Nacidos en Suecia · ambos padres en Suecia,6,9788,11490,85.187119,2025-12-31,https://www.statistikdatabasen.scb.se/pxweb/sv/ssd/START__BE__BE0101__BE0101Q/UtlSvBakgFinCKM/
0562,Finspång,municipality,PARENT_FOREIGN_BORN,Nacidos fuera de Suecia,08,3593,21502,16.710073,2025-12-31,https://www.statistikdatabasen.scb.se/pxweb/sv/ssd/START__BE__BE0101__BE0101Q/UtlSvBakgFinCKM/
0562,Finspång,municipality,PARENT_BOTH_FOREIGN,Nacidos en Suecia · ambos padres fuera,4,1044,21502,4.855362,2025-12-31,https://www.statistikdatabasen.scb.se/pxweb/sv/ssd/START__BE__BE0101__BE0101Q/UtlSvBakgFinCKM/
0562,Finspång,municipality,PARENT_MIXED,Nacidos en Suecia · un padre fuera,5,1476,21502,6.864478,2025-12-31,https://www.statistikdatabasen.scb.se/pxweb/sv/ssd/START__BE__BE0101__BE0101Q/UtlSvBakgFinCKM/
0562,Finspång,municipality,PARENT_BOTH_SWEDEN,Nacidos en Suecia · ambos padres en Suecia,6,15394,21502,71.593340,2025-12-31,https://www.statistikdatabasen.scb.se/pxweb/sv/ssd/START__BE__BE0101__BE0101Q/UtlSvBakgFinCKM/
0563,Valdemarsvik,municipality,PARENT_FOREIGN_BORN,Nacidos fuera de Suecia,08,782,7526,10.390646,2025-12-31,https://www.statistikdatabasen.scb.se/pxweb/sv/ssd/START__BE__BE0101__BE0101Q/UtlSvBakgFinCKM/
0563,Valdemarsvik,municipality,PARENT_BOTH_FOREIGN,Nacidos en Suecia · ambos padres fuera,4,183,7526,2.431571,2025-12-31,https://www.statistikdatabasen.scb.se/pxweb/sv/ssd/START__BE__BE0101__BE0101Q/UtlSvBakgFinCKM/
0563,Valdemarsvik,municipality,PARENT_MIXED,Nacidos en Suecia · un padre fuera,5,382,7526,5.075737,2025-12-31,https://www.statistikdatabasen.scb.se/pxweb/sv/ssd/START__BE__BE0101__BE0101Q/UtlSvBakgFinCKM/
0563,Valdemarsvik,municipality,PARENT_BOTH_SWEDEN,Nacidos en Suecia · ambos padres en Suecia,6,6177,7526,82.075472,2025-12-31,https://www.statistikdatabasen.scb.se/pxweb/sv/ssd/START__BE__BE0101__BE0101Q/UtlSvBakgFinCKM/
0580,Linköping,municipality,PARENT_FOREIGN_BORN,Nacidos fuera de Suecia,08,31688,168714,18.782081,2025-12-31,https://www.statistikdatabasen.scb.se/pxweb/sv/ssd/START__BE__BE0101__BE0101Q/UtlSvBakgFinCKM/
0580,Linköping,municipality,PARENT_BOTH_FOREIGN,Nacidos en Suecia · ambos padres fuera,4,10332,168714,6.123973,2025-12-31,https://www.statistikdatabasen.scb.se/pxweb/sv/ssd/START__BE__BE0101__BE0101Q/UtlSvBakgFinCKM/
0580,Linköping,municipality,PARENT_MIXED,Nacidos en Suecia · un padre fuera,5,11073,168714,6.563178,2025-12-31,https://www.statistikdatabasen.scb.se/pxweb/sv/ssd/START__BE__BE0101__BE0101Q/UtlSvBakgFinCKM/
0580,Linköping,municipality,PARENT_BOTH_SWEDEN,Nacidos en Suecia · ambos padres en Suecia,6,115618,168714,68.528990,2025-12-31,https://www.statistikdatabasen.scb.se/pxweb/sv/ssd/START__BE__BE0101__BE0101Q/UtlSvBakgFinCKM/
0581,Norrköping,municipality,PARENT_FOREIGN_BORN,Nacidos fuera de Suecia,08,30488,144904,21.040137,2025-12-31,https://www.statistikdatabasen.scb.se/pxweb/sv/ssd/START__BE__BE0101__BE0101Q/UtlSvBakgFinCKM/
0581,Norrköping,municipality,PARENT_BOTH_FOREIGN,Nacidos en Suecia · ambos padres fuera,4,11548,144904,7.969414,2025-12-31,https://www.statistikdatabasen.scb.se/pxweb/sv/ssd/START__BE__BE0101__BE0101Q/UtlSvBakgFinCKM/
0581,Norrköping,municipality,PARENT_MIXED,Nacidos en Suecia · un padre fuera,5,10775,144904,7.435958,2025-12-31,https://www.statistikdatabasen.scb.se/pxweb/sv/ssd/START__BE__BE0101__BE0101Q/UtlSvBakgFinCKM/
0581,Norrköping,municipality,PARENT_BOTH_SWEDEN,Nacidos en Suecia · ambos padres en Suecia,6,92093,144904,63.554491,2025-12-31,https://www.statistikdatabasen.scb.se/pxweb/sv/ssd/START__BE__BE0101__BE0101Q/UtlSvBakgFinCKM/
0582,Söderköping,municipality,PARENT_FOREIGN_BORN,Nacidos fuera de Suecia,08,1019,14741,6.912692,2025-12-31,https://www.statistikdatabasen.scb.se/pxweb/sv/ssd/START__BE__BE0101__BE0101Q/UtlSvBakgFinCKM/
0582,Söderköping,municipality,PARENT_BOTH_FOREIGN,Nacidos en Suecia · ambos padres fuera,4,277,14741,1.879113,2025-12-31,https://www.statistikdatabasen.scb.se/pxweb/sv/ssd/START__BE__BE0101__BE0101Q/UtlSvBakgFinCKM/
0582,Söderköping,municipality,PARENT_MIXED,Nacidos en Suecia · un padre fuera,5,880,14741,5.969744,2025-12-31,https://www.statistikdatabasen.scb.se/pxweb/sv/ssd/START__BE__BE0101__BE0101Q/UtlSvBakgFinCKM/
0582,Söderköping,municipality,PARENT_BOTH_SWEDEN,Nacidos en Suecia · ambos padres en Suecia,6,12571,14741,85.279153,2025-12-31,https://www.statistikdatabasen.scb.se/pxweb/sv/ssd/START__BE__BE0101__BE0101Q/UtlSvBakgFinCKM/
0583,Motala,municipality,PARENT_FOREIGN_BORN,Nacidos fuera de Suecia,08,6457,43131,14.970671,2025-12-31,https://www.statistikdatabasen.scb.se/pxweb/sv/ssd/START__BE__BE0101__BE0101Q/UtlSvBakgFinCKM/
0583,Motala,municipality,PARENT_BOTH_FOREIGN,Nacidos en Suecia · ambos padres fuera,4,2208,43131,5.119288,2025-12-31,https://www.statistikdatabasen.scb.se/pxweb/sv/ssd/START__BE__BE0101__BE0101Q/UtlSvBakgFinCKM/
0583,Motala,municipality,PARENT_MIXED,Nacidos en Suecia · un padre fuera,5,2352,43131,5.453154,2025-12-31,https://www.statistikdatabasen.scb.se/pxweb/sv/ssd/START__BE__BE0101__BE0101Q/UtlSvBakgFinCKM/
0583,Motala,municipality,PARENT_BOTH_SWEDEN,Nacidos en Suecia · ambos padres en Suecia,6,32119,43131,74.468480,2025-12-31,https://www.statistikdatabasen.scb.se/pxweb/sv/ssd/START__BE__BE0101__BE0101Q/UtlSvBakgFinCKM/
0584,Vadstena,municipality,PARENT_FOREIGN_BORN,Nacidos fuera de Suecia,08,692,7484,9.246392,2025-12-31,https://www.statistikdatabasen.scb.se/pxweb/sv/ssd/START__BE__BE0101__BE0101Q/UtlSvBakgFinCKM/
0584,Vadstena,municipality,PARENT_BOTH_FOREIGN,Nacidos en Suecia · ambos padres fuera,4,142,7484,1.897381,2025-12-31,https://www.statistikdatabasen.scb.se/pxweb/sv/ssd/START__BE__BE0101__BE0101Q/UtlSvBakgFinCKM/
0584,Vadstena,municipality,PARENT_MIXED,Nacidos en Suecia · un padre fuera,5,378,7484,5.050775,2025-12-31,https://www.statistikdatabasen.scb.se/pxweb/sv/ssd/START__BE__BE0101__BE0101Q/UtlSvBakgFinCKM/
0584,Vadstena,municipality,PARENT_BOTH_SWEDEN,Nacidos en Suecia · ambos padres en Suecia,6,6269,7484,83.765366,2025-12-31,https://www.statistikdatabasen.scb.se/pxweb/sv/ssd/START__BE__BE0101__BE0101Q/UtlSvBakgFinCKM/
0586,Mjölby,municipality,PARENT_FOREIGN_BORN,Nacidos fuera de Suecia,08,3793,28823,13.159629,2025-12-31,https://www.statistikdatabasen.scb.se/pxweb/sv/ssd/START__BE__BE0101__BE0101Q/UtlSvBakgFinCKM/
0586,Mjölby,municipality,PARENT_BOTH_FOREIGN,Nacidos en Suecia · ambos padres fuera,4,1189,28823,4.125178,2025-12-31,https://www.statistikdatabasen.scb.se/pxweb/sv/ssd/START__BE__BE0101__BE0101Q/UtlSvBakgFinCKM/
0586,Mjölby,municipality,PARENT_MIXED,Nacidos en Suecia · un padre fuera,5,1440,28823,4.996010,2025-12-31,https://www.statistikdatabasen.scb.se/pxweb/sv/ssd/START__BE__BE0101__BE0101Q/UtlSvBakgFinCKM/
0586,Mjölby,municipality,PARENT_BOTH_SWEDEN,Nacidos en Suecia · ambos padres en Suecia,6,22400,28823,77.715713,2025-12-31,https://www.statistikdatabasen.scb.se/pxweb/sv/ssd/START__BE__BE0101__BE0101Q/UtlSvBakgFinCKM/
06,Jönköpings län,county,PARENT_FOREIGN_BORN,Nacidos fuera de Suecia,08,71920,369722,19.452453,2025-12-31,https://www.statistikdatabasen.scb.se/pxweb/sv/ssd/START__BE__BE0101__BE0101Q/UtlSvBakgFinCKM/
06,Jönköpings län,county,PARENT_BOTH_FOREIGN,Nacidos en Suecia · ambos padres fuera,4,24055,369722,6.506240,2025-12-31,https://www.statistikdatabasen.scb.se/pxweb/sv/ssd/START__BE__BE0101__BE0101Q/UtlSvBakgFinCKM/
06,Jönköpings län,county,PARENT_MIXED,Nacidos en Suecia · un padre fuera,5,22570,369722,6.104587,2025-12-31,https://www.statistikdatabasen.scb.se/pxweb/sv/ssd/START__BE__BE0101__BE0101Q/UtlSvBakgFinCKM/
06,Jönköpings län,county,PARENT_BOTH_SWEDEN,Nacidos en Suecia · ambos padres en Suecia,6,251181,369722,67.937802,2025-12-31,https://www.statistikdatabasen.scb.se/pxweb/sv/ssd/START__BE__BE0101__BE0101Q/UtlSvBakgFinCKM/
0604,Aneby,municipality,PARENT_FOREIGN_BORN,Nacidos fuera de Suecia,08,922,6851,13.457889,2025-12-31,https://www.statistikdatabasen.scb.se/pxweb/sv/ssd/START__BE__BE0101__BE0101Q/UtlSvBakgFinCKM/
0604,Aneby,municipality,PARENT_BOTH_FOREIGN,Nacidos en Suecia · ambos padres fuera,4,209,6851,3.050650,2025-12-31,https://www.statistikdatabasen.scb.se/pxweb/sv/ssd/START__BE__BE0101__BE0101Q/UtlSvBakgFinCKM/
0604,Aneby,municipality,PARENT_MIXED,Nacidos en Suecia · un padre fuera,5,367,6851,5.356882,2025-12-31,https://www.statistikdatabasen.scb.se/pxweb/sv/ssd/START__BE__BE0101__BE0101Q/UtlSvBakgFinCKM/
0604,Aneby,municipality,PARENT_BOTH_SWEDEN,Nacidos en Suecia · ambos padres en Suecia,6,5361,6851,78.251350,2025-12-31,https://www.statistikdatabasen.scb.se/pxweb/sv/ssd/START__BE__BE0101__BE0101Q/UtlSvBakgFinCKM/
0617,Gnosjö,municipality,PARENT_FOREIGN_BORN,Nacidos fuera de Suecia,08,2312,9010,25.660377,2025-12-31,https://www.statistikdatabasen.scb.se/pxweb/sv/ssd/START__BE__BE0101__BE0101Q/UtlSvBakgFinCKM/
0617,Gnosjö,municipality,PARENT_BOTH_FOREIGN,Nacidos en Suecia · ambos padres fuera,4,688,9010,7.635960,2025-12-31,https://www.statistikdatabasen.scb.se/pxweb/sv/ssd/START__BE__BE0101__BE0101Q/UtlSvBakgFinCKM/
0617,Gnosjö,municipality,PARENT_MIXED,Nacidos en Suecia · un padre fuera,5,489,9010,5.427303,2025-12-31,https://www.statistikdatabasen.scb.se/pxweb/sv/ssd/START__BE__BE0101__BE0101Q/UtlSvBakgFinCKM/
0617,Gnosjö,municipality,PARENT_BOTH_SWEDEN,Nacidos en Suecia · ambos padres en Suecia,6,5517,9010,61.231964,2025-12-31,https://www.statistikdatabasen.scb.se/pxweb/sv/ssd/START__BE__BE0101__BE0101Q/UtlSvBakgFinCKM/
0642,Mullsjö,municipality,PARENT_FOREIGN_BORN,Nacidos fuera de Suecia,08,914,7546,12.112377,2025-12-31,https://www.statistikdatabasen.scb.se/pxweb/sv/ssd/START__BE__BE0101__BE0101Q/UtlSvBakgFinCKM/
0642,Mullsjö,municipality,PARENT_BOTH_FOREIGN,Nacidos en Suecia · ambos padres fuera,4,220,7546,2.915452,2025-12-31,https://www.statistikdatabasen.scb.se/pxweb/sv/ssd/START__BE__BE0101__BE0101Q/UtlSvBakgFinCKM/
0642,Mullsjö,municipality,PARENT_MIXED,Nacidos en Suecia · un padre fuera,5,558,7546,7.394646,2025-12-31,https://www.statistikdatabasen.scb.se/pxweb/sv/ssd/START__BE__BE0101__BE0101Q/UtlSvBakgFinCKM/
0642,Mullsjö,municipality,PARENT_BOTH_SWEDEN,Nacidos en Suecia · ambos padres en Suecia,6,5854,7546,77.577525,2025-12-31,https://www.statistikdatabasen.scb.se/pxweb/sv/ssd/START__BE__BE0101__BE0101Q/UtlSvBakgFinCKM/
0643,Habo,municipality,PARENT_FOREIGN_BORN,Nacidos fuera de Suecia,08,1109,13511,8.208127,2025-12-31,https://www.statistikdatabasen.scb.se/pxweb/sv/ssd/START__BE__BE0101__BE0101Q/UtlSvBakgFinCKM/
0643,Habo,municipality,PARENT_BOTH_FOREIGN,Nacidos en Suecia · ambos padres fuera,4,298,13511,2.205610,2025-12-31,https://www.statistikdatabasen.scb.se/pxweb/sv/ssd/START__BE__BE0101__BE0101Q/UtlSvBakgFinCKM/
0643,Habo,municipality,PARENT_MIXED,Nacidos en Suecia · un padre fuera,5,869,13511,6.431796,2025-12-31,https://www.statistikdatabasen.scb.se/pxweb/sv/ssd/START__BE__BE0101__BE0101Q/UtlSvBakgFinCKM/
0643,Habo,municipality,PARENT_BOTH_SWEDEN,Nacidos en Suecia · ambos padres en Suecia,6,11230,13511,83.117460,2025-12-31,https://www.statistikdatabasen.scb.se/pxweb/sv/ssd/START__BE__BE0101__BE0101Q/UtlSvBakgFinCKM/
0662,Gislaved,municipality,PARENT_FOREIGN_BORN,Nacidos fuera de Suecia,08,7295,28641,25.470479,2025-12-31,https://www.statistikdatabasen.scb.se/pxweb/sv/ssd/START__BE__BE0101__BE0101Q/UtlSvBakgFinCKM/
0662,Gislaved,municipality,PARENT_BOTH_FOREIGN,Nacidos en Suecia · ambos padres fuera,4,2540,28641,8.868405,2025-12-31,https://www.statistikdatabasen.scb.se/pxweb/sv/ssd/START__BE__BE0101__BE0101Q/UtlSvBakgFinCKM/
0662,Gislaved,municipality,PARENT_MIXED,Nacidos en Suecia · un padre fuera,5,2022,28641,7.059809,2025-12-31,https://www.statistikdatabasen.scb.se/pxweb/sv/ssd/START__BE__BE0101__BE0101Q/UtlSvBakgFinCKM/
0662,Gislaved,municipality,PARENT_BOTH_SWEDEN,Nacidos en Suecia · ambos padres en Suecia,6,16785,28641,58.604797,2025-12-31,https://www.statistikdatabasen.scb.se/pxweb/sv/ssd/START__BE__BE0101__BE0101Q/UtlSvBakgFinCKM/
0665,Vaggeryd,municipality,PARENT_FOREIGN_BORN,Nacidos fuera de Suecia,08,2736,14943,18.309576,2025-12-31,https://www.statistikdatabasen.scb.se/pxweb/sv/ssd/START__BE__BE0101__BE0101Q/UtlSvBakgFinCKM/
0665,Vaggeryd,municipality,PARENT_BOTH_FOREIGN,Nacidos en Suecia · ambos padres fuera,4,917,14943,6.136653,2025-12-31,https://www.statistikdatabasen.scb.se/pxweb/sv/ssd/START__BE__BE0101__BE0101Q/UtlSvBakgFinCKM/
0665,Vaggeryd,municipality,PARENT_MIXED,Nacidos en Suecia · un padre fuera,5,922,14943,6.170113,2025-12-31,https://www.statistikdatabasen.scb.se/pxweb/sv/ssd/START__BE__BE0101__BE0101Q/UtlSvBakgFinCKM/
0665,Vaggeryd,municipality,PARENT_BOTH_SWEDEN,Nacidos en Suecia · ambos padres en Suecia,6,10372,14943,69.410426,2025-12-31,https://www.statistikdatabasen.scb.se/pxweb/sv/ssd/START__BE__BE0101__BE0101Q/UtlSvBakgFinCKM/
0680,Jönköping,municipality,PARENT_FOREIGN_BORN,Nacidos fuera de Suecia,08,30545,148152,20.617339,2025-12-31,https://www.statistikdatabasen.scb.se/pxweb/sv/ssd/START__BE__BE0101__BE0101Q/UtlSvBakgFinCKM/
0680,Jönköping,municipality,PARENT_BOTH_FOREIGN,Nacidos en Suecia · ambos padres fuera,4,11082,148152,7.480156,2025-12-31,https://www.statistikdatabasen.scb.se/pxweb/sv/ssd/START__BE__BE0101__BE0101Q/UtlSvBakgFinCKM/
0680,Jönköping,municipality,PARENT_MIXED,Nacidos en Suecia · un padre fuera,5,9696,148152,6.544630,2025-12-31,https://www.statistikdatabasen.scb.se/pxweb/sv/ssd/START__BE__BE0101__BE0101Q/UtlSvBakgFinCKM/
0680,Jönköping,municipality,PARENT_BOTH_SWEDEN,Nacidos en Suecia · ambos padres en Suecia,6,96833,148152,65.360576,2025-12-31,https://www.statistikdatabasen.scb.se/pxweb/sv/ssd/START__BE__BE0101__BE0101Q/UtlSvBakgFinCKM/
0682,Nässjö,municipality,PARENT_FOREIGN_BORN,Nacidos fuera de Suecia,08,6347,31474,20.165851,2025-12-31,https://www.statistikdatabasen.scb.se/pxweb/sv/ssd/START__BE__BE0101__BE0101Q/UtlSvBakgFinCKM/
0682,Nässjö,municipality,PARENT_BOTH_FOREIGN,Nacidos en Suecia · ambos padres fuera,4,2111,31474,6.707123,2025-12-31,https://www.statistikdatabasen.scb.se/pxweb/sv/ssd/START__BE__BE0101__BE0101Q/UtlSvBakgFinCKM/
0682,Nässjö,municipality,PARENT_MIXED,Nacidos en Suecia · un padre fuera,5,1555,31474,4.940586,2025-12-31,https://www.statistikdatabasen.scb.se/pxweb/sv/ssd/START__BE__BE0101__BE0101Q/UtlSvBakgFinCKM/
0682,Nässjö,municipality,PARENT_BOTH_SWEDEN,Nacidos en Suecia · ambos padres en Suecia,6,21458,31474,68.176908,2025-12-31,https://www.statistikdatabasen.scb.se/pxweb/sv/ssd/START__BE__BE0101__BE0101Q/UtlSvBakgFinCKM/
0683,Värnamo,municipality,PARENT_FOREIGN_BORN,Nacidos fuera de Suecia,08,7197,34534,20.840331,2025-12-31,https://www.statistikdatabasen.scb.se/pxweb/sv/ssd/START__BE__BE0101__BE0101Q/UtlSvBakgFinCKM/
0683,Värnamo,municipality,PARENT_BOTH_FOREIGN,Nacidos en Suecia · ambos padres fuera,4,2516,34534,7.285574,2025-12-31,https://www.statistikdatabasen.scb.se/pxweb/sv/ssd/START__BE__BE0101__BE0101Q/UtlSvBakgFinCKM/
0683,Värnamo,municipality,PARENT_MIXED,Nacidos en Suecia · un padre fuera,5,2305,34534,6.674582,2025-12-31,https://www.statistikdatabasen.scb.se/pxweb/sv/ssd/START__BE__BE0101__BE0101Q/UtlSvBakgFinCKM/
0683,Värnamo,municipality,PARENT_BOTH_SWEDEN,Nacidos en Suecia · ambos padres en Suecia,6,22509,34534,65.179244,2025-12-31,https://www.statistikdatabasen.scb.se/pxweb/sv/ssd/START__BE__BE0101__BE0101Q/UtlSvBakgFinCKM/
0684,Sävsjö,municipality,PARENT_FOREIGN_BORN,Nacidos fuera de Suecia,08,2238,11531,19.408551,2025-12-31,https://www.statistikdatabasen.scb.se/pxweb/sv/ssd/START__BE__BE0101__BE0101Q/UtlSvBakgFinCKM/
0684,Sävsjö,municipality,PARENT_BOTH_FOREIGN,Nacidos en Suecia · ambos padres fuera,4,616,11531,5.342121,2025-12-31,https://www.statistikdatabasen.scb.se/pxweb/sv/ssd/START__BE__BE0101__BE0101Q/UtlSvBakgFinCKM/
0684,Sävsjö,municipality,PARENT_MIXED,Nacidos en Suecia · un padre fuera,5,591,11531,5.125314,2025-12-31,https://www.statistikdatabasen.scb.se/pxweb/sv/ssd/START__BE__BE0101__BE0101Q/UtlSvBakgFinCKM/
0684,Sävsjö,municipality,PARENT_BOTH_SWEDEN,Nacidos en Suecia · ambos padres en Suecia,6,8080,11531,70.071980,2025-12-31,https://www.statistikdatabasen.scb.se/pxweb/sv/ssd/START__BE__BE0101__BE0101Q/UtlSvBakgFinCKM/
0685,Vetlanda,municipality,PARENT_FOREIGN_BORN,Nacidos fuera de Suecia,08,4663,27313,17.072456,2025-12-31,https://www.statistikdatabasen.scb.se/pxweb/sv/ssd/START__BE__BE0101__BE0101Q/UtlSvBakgFinCKM/
0685,Vetlanda,municipality,PARENT_BOTH_FOREIGN,Nacidos en Suecia · ambos padres fuera,4,1344,27313,4.920734,2025-12-31,https://www.statistikdatabasen.scb.se/pxweb/sv/ssd/START__BE__BE0101__BE0101Q/UtlSvBakgFinCKM/
0685,Vetlanda,municipality,PARENT_MIXED,Nacidos en Suecia · un padre fuera,5,1441,27313,5.275876,2025-12-31,https://www.statistikdatabasen.scb.se/pxweb/sv/ssd/START__BE__BE0101__BE0101Q/UtlSvBakgFinCKM/
0685,Vetlanda,municipality,PARENT_BOTH_SWEDEN,Nacidos en Suecia · ambos padres en Suecia,6,19865,27313,72.730934,2025-12-31,https://www.statistikdatabasen.scb.se/pxweb/sv/ssd/START__BE__BE0101__BE0101Q/UtlSvBakgFinCKM/
0686,Eksjö,municipality,PARENT_FOREIGN_BORN,Nacidos fuera de Suecia,08,2656,17660,15.039638,2025-12-31,https://www.statistikdatabasen.scb.se/pxweb/sv/ssd/START__BE__BE0101__BE0101Q/UtlSvBakgFinCKM/
0686,Eksjö,municipality,PARENT_BOTH_FOREIGN,Nacidos en Suecia · ambos padres fuera,4,692,17660,3.918460,2025-12-31,https://www.statistikdatabasen.scb.se/pxweb/sv/ssd/START__BE__BE0101__BE0101Q/UtlSvBakgFinCKM/
0686,Eksjö,municipality,PARENT_MIXED,Nacidos en Suecia · un padre fuera,5,877,17660,4.966025,2025-12-31,https://www.statistikdatabasen.scb.se/pxweb/sv/ssd/START__BE__BE0101__BE0101Q/UtlSvBakgFinCKM/
0686,Eksjö,municipality,PARENT_BOTH_SWEDEN,Nacidos en Suecia · ambos padres en Suecia,6,13430,17660,76.047565,2025-12-31,https://www.statistikdatabasen.scb.se/pxweb/sv/ssd/START__BE__BE0101__BE0101Q/UtlSvBakgFinCKM/
0687,Tranås,municipality,PARENT_FOREIGN_BORN,Nacidos fuera de Suecia,08,2980,18555,16.060361,2025-12-31,https://www.statistikdatabasen.scb.se/pxweb/sv/ssd/START__BE__BE0101__BE0101Q/UtlSvBakgFinCKM/
0687,Tranås,municipality,PARENT_BOTH_FOREIGN,Nacidos en Suecia · ambos padres fuera,4,815,18555,4.392347,2025-12-31,https://www.statistikdatabasen.scb.se/pxweb/sv/ssd/START__BE__BE0101__BE0101Q/UtlSvBakgFinCKM/
0687,Tranås,municipality,PARENT_MIXED,Nacidos en Suecia · un padre fuera,5,877,18555,4.726489,2025-12-31,https://www.statistikdatabasen.scb.se/pxweb/sv/ssd/START__BE__BE0101__BE0101Q/UtlSvBakgFinCKM/
0687,Tranås,municipality,PARENT_BOTH_SWEDEN,Nacidos en Suecia · ambos padres en Suecia,6,13880,18555,74.804635,2025-12-31,https://www.statistikdatabasen.scb.se/pxweb/sv/ssd/START__BE__BE0101__BE0101Q/UtlSvBakgFinCKM/
07,Kronobergs län,county,PARENT_FOREIGN_BORN,Nacidos fuera de Suecia,08,43216,203121,21.275988,2025-12-31,https://www.statistikdatabasen.scb.se/pxweb/sv/ssd/START__BE__BE0101__BE0101Q/UtlSvBakgFinCKM/
07,Kronobergs län,county,PARENT_BOTH_FOREIGN,Nacidos en Suecia · ambos padres fuera,4,12522,203121,6.164798,2025-12-31,https://www.statistikdatabasen.scb.se/pxweb/sv/ssd/START__BE__BE0101__BE0101Q/UtlSvBakgFinCKM/
07,Kronobergs län,county,PARENT_MIXED,Nacidos en Suecia · un padre fuera,5,12565,203121,6.185968,2025-12-31,https://www.statistikdatabasen.scb.se/pxweb/sv/ssd/START__BE__BE0101__BE0101Q/UtlSvBakgFinCKM/
07,Kronobergs län,county,PARENT_BOTH_SWEDEN,Nacidos en Suecia · ambos padres en Suecia,6,134816,203121,66.372261,2025-12-31,https://www.statistikdatabasen.scb.se/pxweb/sv/ssd/START__BE__BE0101__BE0101Q/UtlSvBakgFinCKM/
0760,Uppvidinge,municipality,PARENT_FOREIGN_BORN,Nacidos fuera de Suecia,08,1959,8911,21.984065,2025-12-31,https://www.statistikdatabasen.scb.se/pxweb/sv/ssd/START__BE__BE0101__BE0101Q/UtlSvBakgFinCKM/
0760,Uppvidinge,municipality,PARENT_BOTH_FOREIGN,Nacidos en Suecia · ambos padres fuera,4,410,8911,4.601055,2025-12-31,https://www.statistikdatabasen.scb.se/pxweb/sv/ssd/START__BE__BE0101__BE0101Q/UtlSvBakgFinCKM/
0760,Uppvidinge,municipality,PARENT_MIXED,Nacidos en Suecia · un padre fuera,5,490,8911,5.498822,2025-12-31,https://www.statistikdatabasen.scb.se/pxweb/sv/ssd/START__BE__BE0101__BE0101Q/UtlSvBakgFinCKM/
0760,Uppvidinge,municipality,PARENT_BOTH_SWEDEN,Nacidos en Suecia · ambos padres en Suecia,6,6051,8911,67.904837,2025-12-31,https://www.statistikdatabasen.scb.se/pxweb/sv/ssd/START__BE__BE0101__BE0101Q/UtlSvBakgFinCKM/
0761,Lessebo,municipality,PARENT_FOREIGN_BORN,Nacidos fuera de Suecia,08,1958,8115,24.128158,2025-12-31,https://www.statistikdatabasen.scb.se/pxweb/sv/ssd/START__BE__BE0101__BE0101Q/UtlSvBakgFinCKM/
0761,Lessebo,municipality,PARENT_BOTH_FOREIGN,Nacidos en Suecia · ambos padres fuera,4,503,8115,6.198398,2025-12-31,https://www.statistikdatabasen.scb.se/pxweb/sv/ssd/START__BE__BE0101__BE0101Q/UtlSvBakgFinCKM/
0761,Lessebo,municipality,PARENT_MIXED,Nacidos en Suecia · un padre fuera,5,456,8115,5.619224,2025-12-31,https://www.statistikdatabasen.scb.se/pxweb/sv/ssd/START__BE__BE0101__BE0101Q/UtlSvBakgFinCKM/
0761,Lessebo,municipality,PARENT_BOTH_SWEDEN,Nacidos en Suecia · ambos padres en Suecia,6,5193,8115,63.992606,2025-12-31,https://www.statistikdatabasen.scb.se/pxweb/sv/ssd/START__BE__BE0101__BE0101Q/UtlSvBakgFinCKM/
0763,Tingsryd,municipality,PARENT_FOREIGN_BORN,Nacidos fuera de Suecia,08,2128,11896,17.888366,2025-12-31,https://www.statistikdatabasen.scb.se/pxweb/sv/ssd/START__BE__BE0101__BE0101Q/UtlSvBakgFinCKM/
0763,Tingsryd,municipality,PARENT_BOTH_FOREIGN,Nacidos en Suecia · ambos padres fuera,4,358,11896,3.009415,2025-12-31,https://www.statistikdatabasen.scb.se/pxweb/sv/ssd/START__BE__BE0101__BE0101Q/UtlSvBakgFinCKM/
0763,Tingsryd,municipality,PARENT_MIXED,Nacidos en Suecia · un padre fuera,5,579,11896,4.867182,2025-12-31,https://www.statistikdatabasen.scb.se/pxweb/sv/ssd/START__BE__BE0101__BE0101Q/UtlSvBakgFinCKM/
0763,Tingsryd,municipality,PARENT_BOTH_SWEDEN,Nacidos en Suecia · ambos padres en Suecia,6,8829,11896,74.218225,2025-12-31,https://www.statistikdatabasen.scb.se/pxweb/sv/ssd/START__BE__BE0101__BE0101Q/UtlSvBakgFinCKM/
0764,Alvesta,municipality,PARENT_FOREIGN_BORN,Nacidos fuera de Suecia,08,3987,19687,20.251943,2025-12-31,https://www.statistikdatabasen.scb.se/pxweb/sv/ssd/START__BE__BE0101__BE0101Q/UtlSvBakgFinCKM/
0764,Alvesta,municipality,PARENT_BOTH_FOREIGN,Nacidos en Suecia · ambos padres fuera,4,1273,19687,6.466196,2025-12-31,https://www.statistikdatabasen.scb.se/pxweb/sv/ssd/START__BE__BE0101__BE0101Q/UtlSvBakgFinCKM/
0764,Alvesta,municipality,PARENT_MIXED,Nacidos en Suecia · un padre fuera,5,1055,19687,5.358866,2025-12-31,https://www.statistikdatabasen.scb.se/pxweb/sv/ssd/START__BE__BE0101__BE0101Q/UtlSvBakgFinCKM/
0764,Alvesta,municipality,PARENT_BOTH_SWEDEN,Nacidos en Suecia · ambos padres en Suecia,6,13366,19687,67.892518,2025-12-31,https://www.statistikdatabasen.scb.se/pxweb/sv/ssd/START__BE__BE0101__BE0101Q/UtlSvBakgFinCKM/
0765,Älmhult,municipality,PARENT_FOREIGN_BORN,Nacidos fuera de Suecia,08,4676,17579,26.599920,2025-12-31,https://www.statistikdatabasen.scb.se/pxweb/sv/ssd/START__BE__BE0101__BE0101Q/UtlSvBakgFinCKM/
0765,Älmhult,municipality,PARENT_BOTH_FOREIGN,Nacidos en Suecia · ambos padres fuera,4,994,17579,5.654474,2025-12-31,https://www.statistikdatabasen.scb.se/pxweb/sv/ssd/START__BE__BE0101__BE0101Q/UtlSvBakgFinCKM/
0765,Älmhult,municipality,PARENT_MIXED,Nacidos en Suecia · un padre fuera,5,979,17579,5.569145,2025-12-31,https://www.statistikdatabasen.scb.se/pxweb/sv/ssd/START__BE__BE0101__BE0101Q/UtlSvBakgFinCKM/
0765,Älmhult,municipality,PARENT_BOTH_SWEDEN,Nacidos en Suecia · ambos padres en Suecia,6,10934,17579,62.199215,2025-12-31,https://www.statistikdatabasen.scb.se/pxweb/sv/ssd/START__BE__BE0101__BE0101Q/UtlSvBakgFinCKM/
0767,Markaryd,municipality,PARENT_FOREIGN_BORN,Nacidos fuera de Suecia,08,2369,9862,24.021497,2025-12-31,https://www.statistikdatabasen.scb.se/pxweb/sv/ssd/START__BE__BE0101__BE0101Q/UtlSvBakgFinCKM/
0767,Markaryd,municipality,PARENT_BOTH_FOREIGN,Nacidos en Suecia · ambos padres fuera,4,620,9862,6.286757,2025-12-31,https://www.statistikdatabasen.scb.se/pxweb/sv/ssd/START__BE__BE0101__BE0101Q/UtlSvBakgFinCKM/
0767,Markaryd,municipality,PARENT_MIXED,Nacidos en Suecia · un padre fuera,5,697,9862,7.067532,2025-12-31,https://www.statistikdatabasen.scb.se/pxweb/sv/ssd/START__BE__BE0101__BE0101Q/UtlSvBakgFinCKM/
0767,Markaryd,municipality,PARENT_BOTH_SWEDEN,Nacidos en Suecia · ambos padres en Suecia,6,6174,9862,62.603934,2025-12-31,https://www.statistikdatabasen.scb.se/pxweb/sv/ssd/START__BE__BE0101__BE0101Q/UtlSvBakgFinCKM/
0780,Växjö,municipality,PARENT_FOREIGN_BORN,Nacidos fuera de Suecia,08,20399,98940,20.617546,2025-12-31,https://www.statistikdatabasen.scb.se/pxweb/sv/ssd/START__BE__BE0101__BE0101Q/UtlSvBakgFinCKM/
0780,Växjö,municipality,PARENT_BOTH_FOREIGN,Nacidos en Suecia · ambos padres fuera,4,6923,98940,6.997170,2025-12-31,https://www.statistikdatabasen.scb.se/pxweb/sv/ssd/START__BE__BE0101__BE0101Q/UtlSvBakgFinCKM/
0780,Växjö,municipality,PARENT_MIXED,Nacidos en Suecia · un padre fuera,5,6580,98940,6.650495,2025-12-31,https://www.statistikdatabasen.scb.se/pxweb/sv/ssd/START__BE__BE0101__BE0101Q/UtlSvBakgFinCKM/
0780,Växjö,municipality,PARENT_BOTH_SWEDEN,Nacidos en Suecia · ambos padres en Suecia,6,65038,98940,65.734789,2025-12-31,https://www.statistikdatabasen.scb.se/pxweb/sv/ssd/START__BE__BE0101__BE0101Q/UtlSvBakgFinCKM/
0781,Ljungby,municipality,PARENT_FOREIGN_BORN,Nacidos fuera de Suecia,08,5740,28132,20.403811,2025-12-31,https://www.statistikdatabasen.scb.se/pxweb/sv/ssd/START__BE__BE0101__BE0101Q/UtlSvBakgFinCKM/
0781,Ljungby,municipality,PARENT_BOTH_FOREIGN,Nacidos en Suecia · ambos padres fuera,4,1434,28132,5.097398,2025-12-31,https://www.statistikdatabasen.scb.se/pxweb/sv/ssd/START__BE__BE0101__BE0101Q/UtlSvBakgFinCKM/
0781,Ljungby,municipality,PARENT_MIXED,Nacidos en Suecia · un padre fuera,5,1732,28132,6.156690,2025-12-31,https://www.statistikdatabasen.scb.se/pxweb/sv/ssd/START__BE__BE0101__BE0101Q/UtlSvBakgFinCKM/
0781,Ljungby,municipality,PARENT_BOTH_SWEDEN,Nacidos en Suecia · ambos padres en Suecia,6,19229,28132,68.352766,2025-12-31,https://www.statistikdatabasen.scb.se/pxweb/sv/ssd/START__BE__BE0101__BE0101Q/UtlSvBakgFinCKM/
08,Kalmar län,county,PARENT_FOREIGN_BORN,Nacidos fuera de Suecia,08,37096,245477,15.111803,2025-12-31,https://www.statistikdatabasen.scb.se/pxweb/sv/ssd/START__BE__BE0101__BE0101Q/UtlSvBakgFinCKM/
08,Kalmar län,county,PARENT_BOTH_FOREIGN,Nacidos en Suecia · ambos padres fuera,4,8993,245477,3.663480,2025-12-31,https://www.statistikdatabasen.scb.se/pxweb/sv/ssd/START__BE__BE0101__BE0101Q/UtlSvBakgFinCKM/
08,Kalmar län,county,PARENT_MIXED,Nacidos en Suecia · un padre fuera,5,13339,245477,5.433910,2025-12-31,https://www.statistikdatabasen.scb.se/pxweb/sv/ssd/START__BE__BE0101__BE0101Q/UtlSvBakgFinCKM/
08,Kalmar län,county,PARENT_BOTH_SWEDEN,Nacidos en Suecia · ambos padres en Suecia,6,186052,245477,75.792029,2025-12-31,https://www.statistikdatabasen.scb.se/pxweb/sv/ssd/START__BE__BE0101__BE0101Q/UtlSvBakgFinCKM/
0821,Högsby,municipality,PARENT_FOREIGN_BORN,Nacidos fuera de Suecia,08,1267,5134,24.678613,2025-12-31,https://www.statistikdatabasen.scb.se/pxweb/sv/ssd/START__BE__BE0101__BE0101Q/UtlSvBakgFinCKM/
0821,Högsby,municipality,PARENT_BOTH_FOREIGN,Nacidos en Suecia · ambos padres fuera,4,219,5134,4.265680,2025-12-31,https://www.statistikdatabasen.scb.se/pxweb/sv/ssd/START__BE__BE0101__BE0101Q/UtlSvBakgFinCKM/
0821,Högsby,municipality,PARENT_MIXED,Nacidos en Suecia · un padre fuera,5,223,5134,4.343592,2025-12-31,https://www.statistikdatabasen.scb.se/pxweb/sv/ssd/START__BE__BE0101__BE0101Q/UtlSvBakgFinCKM/
0821,Högsby,municipality,PARENT_BOTH_SWEDEN,Nacidos en Suecia · ambos padres en Suecia,6,3426,5134,66.731593,2025-12-31,https://www.statistikdatabasen.scb.se/pxweb/sv/ssd/START__BE__BE0101__BE0101Q/UtlSvBakgFinCKM/
0834,Torsås,municipality,PARENT_FOREIGN_BORN,Nacidos fuera de Suecia,08,743,6919,10.738546,2025-12-31,https://www.statistikdatabasen.scb.se/pxweb/sv/ssd/START__BE__BE0101__BE0101Q/UtlSvBakgFinCKM/
0834,Torsås,municipality,PARENT_BOTH_FOREIGN,Nacidos en Suecia · ambos padres fuera,4,106,6919,1.532013,2025-12-31,https://www.statistikdatabasen.scb.se/pxweb/sv/ssd/START__BE__BE0101__BE0101Q/UtlSvBakgFinCKM/
0834,Torsås,municipality,PARENT_MIXED,Nacidos en Suecia · un padre fuera,5,346,6919,5.000723,2025-12-31,https://www.statistikdatabasen.scb.se/pxweb/sv/ssd/START__BE__BE0101__BE0101Q/UtlSvBakgFinCKM/
0834,Torsås,municipality,PARENT_BOTH_SWEDEN,Nacidos en Suecia · ambos padres en Suecia,6,5726,6919,82.757624,2025-12-31,https://www.statistikdatabasen.scb.se/pxweb/sv/ssd/START__BE__BE0101__BE0101Q/UtlSvBakgFinCKM/
0840,Mörbylånga,municipality,PARENT_FOREIGN_BORN,Nacidos fuera de Suecia,08,1377,16306,8.444744,2025-12-31,https://www.statistikdatabasen.scb.se/pxweb/sv/ssd/START__BE__BE0101__BE0101Q/UtlSvBakgFinCKM/
0840,Mörbylånga,municipality,PARENT_BOTH_FOREIGN,Nacidos en Suecia · ambos padres fuera,4,276,16306,1.692628,2025-12-31,https://www.statistikdatabasen.scb.se/pxweb/sv/ssd/START__BE__BE0101__BE0101Q/UtlSvBakgFinCKM/
0840,Mörbylånga,municipality,PARENT_MIXED,Nacidos en Suecia · un padre fuera,5,858,16306,5.261867,2025-12-31,https://www.statistikdatabasen.scb.se/pxweb/sv/ssd/START__BE__BE0101__BE0101Q/UtlSvBakgFinCKM/
0840,Mörbylånga,municipality,PARENT_BOTH_SWEDEN,Nacidos en Suecia · ambos padres en Suecia,6,13795,16306,84.600760,2025-12-31,https://www.statistikdatabasen.scb.se/pxweb/sv/ssd/START__BE__BE0101__BE0101Q/UtlSvBakgFinCKM/
0860,Hultsfred,municipality,PARENT_FOREIGN_BORN,Nacidos fuera de Suecia,08,2878,13484,21.343815,2025-12-31,https://www.statistikdatabasen.scb.se/pxweb/sv/ssd/START__BE__BE0101__BE0101Q/UtlSvBakgFinCKM/
0860,Hultsfred,municipality,PARENT_BOTH_FOREIGN,Nacidos en Suecia · ambos padres fuera,4,568,13484,4.212400,2025-12-31,https://www.statistikdatabasen.scb.se/pxweb/sv/ssd/START__BE__BE0101__BE0101Q/UtlSvBakgFinCKM/
0860,Hultsfred,municipality,PARENT_MIXED,Nacidos en Suecia · un padre fuera,5,667,13484,4.946603,2025-12-31,https://www.statistikdatabasen.scb.se/pxweb/sv/ssd/START__BE__BE0101__BE0101Q/UtlSvBakgFinCKM/
0860,Hultsfred,municipality,PARENT_BOTH_SWEDEN,Nacidos en Suecia · ambos padres en Suecia,6,9370,13484,69.489766,2025-12-31,https://www.statistikdatabasen.scb.se/pxweb/sv/ssd/START__BE__BE0101__BE0101Q/UtlSvBakgFinCKM/
0861,Mönsterås,municipality,PARENT_FOREIGN_BORN,Nacidos fuera de Suecia,08,1751,12978,13.492063,2025-12-31,https://www.statistikdatabasen.scb.se/pxweb/sv/ssd/START__BE__BE0101__BE0101Q/UtlSvBakgFinCKM/
0861,Mönsterås,municipality,PARENT_BOTH_FOREIGN,Nacidos en Suecia · ambos padres fuera,4,357,12978,2.750809,2025-12-31,https://www.statistikdatabasen.scb.se/pxweb/sv/ssd/START__BE__BE0101__BE0101Q/UtlSvBakgFinCKM/
0861,Mönsterås,municipality,PARENT_MIXED,Nacidos en Suecia · un padre fuera,5,667,12978,5.139467,2025-12-31,https://www.statistikdatabasen.scb.se/pxweb/sv/ssd/START__BE__BE0101__BE0101Q/UtlSvBakgFinCKM/
0861,Mönsterås,municipality,PARENT_BOTH_SWEDEN,Nacidos en Suecia · ambos padres en Suecia,6,10199,12978,78.586839,2025-12-31,https://www.statistikdatabasen.scb.se/pxweb/sv/ssd/START__BE__BE0101__BE0101Q/UtlSvBakgFinCKM/
0862,Emmaboda,municipality,PARENT_FOREIGN_BORN,Nacidos fuera de Suecia,08,1814,8807,20.597252,2025-12-31,https://www.statistikdatabasen.scb.se/pxweb/sv/ssd/START__BE__BE0101__BE0101Q/UtlSvBakgFinCKM/
0862,Emmaboda,municipality,PARENT_BOTH_FOREIGN,Nacidos en Suecia · ambos padres fuera,4,303,8807,3.440445,2025-12-31,https://www.statistikdatabasen.scb.se/pxweb/sv/ssd/START__BE__BE0101__BE0101Q/UtlSvBakgFinCKM/
0862,Emmaboda,municipality,PARENT_MIXED,Nacidos en Suecia · un padre fuera,5,531,8807,6.029295,2025-12-31,https://www.statistikdatabasen.scb.se/pxweb/sv/ssd/START__BE__BE0101__BE0101Q/UtlSvBakgFinCKM/
0862,Emmaboda,municipality,PARENT_BOTH_SWEDEN,Nacidos en Suecia · ambos padres en Suecia,6,6155,8807,69.887589,2025-12-31,https://www.statistikdatabasen.scb.se/pxweb/sv/ssd/START__BE__BE0101__BE0101Q/UtlSvBakgFinCKM/
0880,Kalmar,municipality,PARENT_FOREIGN_BORN,Nacidos fuera de Suecia,08,11732,73068,16.056276,2025-12-31,https://www.statistikdatabasen.scb.se/pxweb/sv/ssd/START__BE__BE0101__BE0101Q/UtlSvBakgFinCKM/
0880,Kalmar,municipality,PARENT_BOTH_FOREIGN,Nacidos en Suecia · ambos padres fuera,4,3220,73068,4.406854,2025-12-31,https://www.statistikdatabasen.scb.se/pxweb/sv/ssd/START__BE__BE0101__BE0101Q/UtlSvBakgFinCKM/
0880,Kalmar,municipality,PARENT_MIXED,Nacidos en Suecia · un padre fuera,5,4409,73068,6.034105,2025-12-31,https://www.statistikdatabasen.scb.se/pxweb/sv/ssd/START__BE__BE0101__BE0101Q/UtlSvBakgFinCKM/
0880,Kalmar,municipality,PARENT_BOTH_SWEDEN,Nacidos en Suecia · ambos padres en Suecia,6,53706,73068,73.501396,2025-12-31,https://www.statistikdatabasen.scb.se/pxweb/sv/ssd/START__BE__BE0101__BE0101Q/UtlSvBakgFinCKM/
0881,Nybro,municipality,PARENT_FOREIGN_BORN,Nacidos fuera de Suecia,08,3814,19803,19.259708,2025-12-31,https://www.statistikdatabasen.scb.se/pxweb/sv/ssd/START__BE__BE0101__BE0101Q/UtlSvBakgFinCKM/
0881,Nybro,municipality,PARENT_BOTH_FOREIGN,Nacidos en Suecia · ambos padres fuera,4,944,19803,4.766955,2025-12-31,https://www.statistikdatabasen.scb.se/pxweb/sv/ssd/START__BE__BE0101__BE0101Q/UtlSvBakgFinCKM/
0881,Nybro,municipality,PARENT_MIXED,Nacidos en Suecia · un padre fuera,5,1065,19803,5.377973,2025-12-31,https://www.statistikdatabasen.scb.se/pxweb/sv/ssd/START__BE__BE0101__BE0101Q/UtlSvBakgFinCKM/
0881,Nybro,municipality,PARENT_BOTH_SWEDEN,Nacidos en Suecia · ambos padres en Suecia,6,13977,19803,70.580215,2025-12-31,https://www.statistikdatabasen.scb.se/pxweb/sv/ssd/START__BE__BE0101__BE0101Q/UtlSvBakgFinCKM/
0882,Oskarshamn,municipality,PARENT_FOREIGN_BORN,Nacidos fuera de Suecia,08,4172,26762,15.589268,2025-12-31,https://www.statistikdatabasen.scb.se/pxweb/sv/ssd/START__BE__BE0101__BE0101Q/UtlSvBakgFinCKM/
0882,Oskarshamn,municipality,PARENT_BOTH_FOREIGN,Nacidos en Suecia · ambos padres fuera,4,1226,26762,4.581122,2025-12-31,https://www.statistikdatabasen.scb.se/pxweb/sv/ssd/START__BE__BE0101__BE0101Q/UtlSvBakgFinCKM/
0882,Oskarshamn,municipality,PARENT_MIXED,Nacidos en Suecia · un padre fuera,5,1379,26762,5.152829,2025-12-31,https://www.statistikdatabasen.scb.se/pxweb/sv/ssd/START__BE__BE0101__BE0101Q/UtlSvBakgFinCKM/
0882,Oskarshamn,municipality,PARENT_BOTH_SWEDEN,Nacidos en Suecia · ambos padres en Suecia,6,19984,26762,74.673044,2025-12-31,https://www.statistikdatabasen.scb.se/pxweb/sv/ssd/START__BE__BE0101__BE0101Q/UtlSvBakgFinCKM/
0883,Västervik,municipality,PARENT_FOREIGN_BORN,Nacidos fuera de Suecia,08,4482,36269,12.357661,2025-12-31,https://www.statistikdatabasen.scb.se/pxweb/sv/ssd/START__BE__BE0101__BE0101Q/UtlSvBakgFinCKM/
0883,Västervik,municipality,PARENT_BOTH_FOREIGN,Nacidos en Suecia · ambos padres fuera,4,1048,36269,2.889520,2025-12-31,https://www.statistikdatabasen.scb.se/pxweb/sv/ssd/START__BE__BE0101__BE0101Q/UtlSvBakgFinCKM/
0883,Västervik,municipality,PARENT_MIXED,Nacidos en Suecia · un padre fuera,5,1964,36269,5.415093,2025-12-31,https://www.statistikdatabasen.scb.se/pxweb/sv/ssd/START__BE__BE0101__BE0101Q/UtlSvBakgFinCKM/
0883,Västervik,municipality,PARENT_BOTH_SWEDEN,Nacidos en Suecia · ambos padres en Suecia,6,28772,36269,79.329455,2025-12-31,https://www.statistikdatabasen.scb.se/pxweb/sv/ssd/START__BE__BE0101__BE0101Q/UtlSvBakgFinCKM/
0884,Vimmerby,municipality,PARENT_FOREIGN_BORN,Nacidos fuera de Suecia,08,2009,15327,13.107588,2025-12-31,https://www.statistikdatabasen.scb.se/pxweb/sv/ssd/START__BE__BE0101__BE0101Q/UtlSvBakgFinCKM/
0884,Vimmerby,municipality,PARENT_BOTH_FOREIGN,Nacidos en Suecia · ambos padres fuera,4,525,15327,3.425328,2025-12-31,https://www.statistikdatabasen.scb.se/pxweb/sv/ssd/START__BE__BE0101__BE0101Q/UtlSvBakgFinCKM/
0884,Vimmerby,municipality,PARENT_MIXED,Nacidos en Suecia · un padre fuera,5,616,15327,4.019051,2025-12-31,https://www.statistikdatabasen.scb.se/pxweb/sv/ssd/START__BE__BE0101__BE0101Q/UtlSvBakgFinCKM/
0884,Vimmerby,municipality,PARENT_BOTH_SWEDEN,Nacidos en Suecia · ambos padres en Suecia,6,12179,15327,79.461082,2025-12-31,https://www.statistikdatabasen.scb.se/pxweb/sv/ssd/START__BE__BE0101__BE0101Q/UtlSvBakgFinCKM/
0885,Borgholm,municipality,PARENT_FOREIGN_BORN,Nacidos fuera de Suecia,08,1051,10626,9.890834,2025-12-31,https://www.statistikdatabasen.scb.se/pxweb/sv/ssd/START__BE__BE0101__BE0101Q/UtlSvBakgFinCKM/
0885,Borgholm,municipality,PARENT_BOTH_FOREIGN,Nacidos en Suecia · ambos padres fuera,4,193,10626,1.816300,2025-12-31,https://www.statistikdatabasen.scb.se/pxweb/sv/ssd/START__BE__BE0101__BE0101Q/UtlSvBakgFinCKM/
0885,Borgholm,municipality,PARENT_MIXED,Nacidos en Suecia · un padre fuera,5,616,10626,5.797101,2025-12-31,https://www.statistikdatabasen.scb.se/pxweb/sv/ssd/START__BE__BE0101__BE0101Q/UtlSvBakgFinCKM/
0885,Borgholm,municipality,PARENT_BOTH_SWEDEN,Nacidos en Suecia · ambos padres en Suecia,6,8766,10626,82.495765,2025-12-31,https://www.statistikdatabasen.scb.se/pxweb/sv/ssd/START__BE__BE0101__BE0101Q/UtlSvBakgFinCKM/
09,Gotlands län,county,PARENT_FOREIGN_BORN,Nacidos fuera de Suecia,08,5583,60852,9.174719,2025-12-31,https://www.statistikdatabasen.scb.se/pxweb/sv/ssd/START__BE__BE0101__BE0101Q/UtlSvBakgFinCKM/
09,Gotlands län,county,PARENT_BOTH_FOREIGN,Nacidos en Suecia · ambos padres fuera,4,952,60852,1.564451,2025-12-31,https://www.statistikdatabasen.scb.se/pxweb/sv/ssd/START__BE__BE0101__BE0101Q/UtlSvBakgFinCKM/
09,Gotlands län,county,PARENT_MIXED,Nacidos en Suecia · un padre fuera,5,3729,60852,6.127983,2025-12-31,https://www.statistikdatabasen.scb.se/pxweb/sv/ssd/START__BE__BE0101__BE0101Q/UtlSvBakgFinCKM/
09,Gotlands län,county,PARENT_BOTH_SWEDEN,Nacidos en Suecia · ambos padres en Suecia,6,50592,60852,83.139420,2025-12-31,https://www.statistikdatabasen.scb.se/pxweb/sv/ssd/START__BE__BE0101__BE0101Q/UtlSvBakgFinCKM/
0980,Gotland,municipality,PARENT_FOREIGN_BORN,Nacidos fuera de Suecia,08,5583,60852,9.174719,2025-12-31,https://www.statistikdatabasen.scb.se/pxweb/sv/ssd/START__BE__BE0101__BE0101Q/UtlSvBakgFinCKM/
0980,Gotland,municipality,PARENT_BOTH_FOREIGN,Nacidos en Suecia · ambos padres fuera,4,952,60852,1.564451,2025-12-31,https://www.statistikdatabasen.scb.se/pxweb/sv/ssd/START__BE__BE0101__BE0101Q/UtlSvBakgFinCKM/
0980,Gotland,municipality,PARENT_MIXED,Nacidos en Suecia · un padre fuera,5,3729,60852,6.127983,2025-12-31,https://www.statistikdatabasen.scb.se/pxweb/sv/ssd/START__BE__BE0101__BE0101Q/UtlSvBakgFinCKM/
0980,Gotland,municipality,PARENT_BOTH_SWEDEN,Nacidos en Suecia · ambos padres en Suecia,6,50592,60852,83.139420,2025-12-31,https://www.statistikdatabasen.scb.se/pxweb/sv/ssd/START__BE__BE0101__BE0101Q/UtlSvBakgFinCKM/
10,Blekinge län,county,PARENT_FOREIGN_BORN,Nacidos fuera de Suecia,08,23616,156616,15.078919,2025-12-31,https://www.statistikdatabasen.scb.se/pxweb/sv/ssd/START__BE__BE0101__BE0101Q/UtlSvBakgFinCKM/
10,Blekinge län,county,PARENT_BOTH_FOREIGN,Nacidos en Suecia · ambos padres fuera,4,6341,156616,4.048756,2025-12-31,https://www.statistikdatabasen.scb.se/pxweb/sv/ssd/START__BE__BE0101__BE0101Q/UtlSvBakgFinCKM/
10,Blekinge län,county,PARENT_MIXED,Nacidos en Suecia · un padre fuera,5,8920,156616,5.695459,2025-12-31,https://www.statistikdatabasen.scb.se/pxweb/sv/ssd/START__BE__BE0101__BE0101Q/UtlSvBakgFinCKM/
10,Blekinge län,county,PARENT_BOTH_SWEDEN,Nacidos en Suecia · ambos padres en Suecia,6,117735,156616,75.174312,2025-12-31,https://www.statistikdatabasen.scb.se/pxweb/sv/ssd/START__BE__BE0101__BE0101Q/UtlSvBakgFinCKM/
1060,Olofström,municipality,PARENT_FOREIGN_BORN,Nacidos fuera de Suecia,08,3187,12844,24.813142,2025-12-31,https://www.statistikdatabasen.scb.se/pxweb/sv/ssd/START__BE__BE0101__BE0101Q/UtlSvBakgFinCKM/
1060,Olofström,municipality,PARENT_BOTH_FOREIGN,Nacidos en Suecia · ambos padres fuera,4,905,12844,7.046092,2025-12-31,https://www.statistikdatabasen.scb.se/pxweb/sv/ssd/START__BE__BE0101__BE0101Q/UtlSvBakgFinCKM/
1060,Olofström,municipality,PARENT_MIXED,Nacidos en Suecia · un padre fuera,5,986,12844,7.676736,2025-12-31,https://www.statistikdatabasen.scb.se/pxweb/sv/ssd/START__BE__BE0101__BE0101Q/UtlSvBakgFinCKM/
1060,Olofström,municipality,PARENT_BOTH_SWEDEN,Nacidos en Suecia · ambos padres en Suecia,6,7764,12844,60.448458,2025-12-31,https://www.statistikdatabasen.scb.se/pxweb/sv/ssd/START__BE__BE0101__BE0101Q/UtlSvBakgFinCKM/
1080,Karlskrona,municipality,PARENT_FOREIGN_BORN,Nacidos fuera de Suecia,08,8734,66021,13.229124,2025-12-31,https://www.statistikdatabasen.scb.se/pxweb/sv/ssd/START__BE__BE0101__BE0101Q/UtlSvBakgFinCKM/
1080,Karlskrona,municipality,PARENT_BOTH_FOREIGN,Nacidos en Suecia · ambos padres fuera,4,2300,66021,3.483740,2025-12-31,https://www.statistikdatabasen.scb.se/pxweb/sv/ssd/START__BE__BE0101__BE0101Q/UtlSvBakgFinCKM/
1080,Karlskrona,municipality,PARENT_MIXED,Nacidos en Suecia · un padre fuera,5,3526,66021,5.340725,2025-12-31,https://www.statistikdatabasen.scb.se/pxweb/sv/ssd/START__BE__BE0101__BE0101Q/UtlSvBakgFinCKM/
1080,Karlskrona,municipality,PARENT_BOTH_SWEDEN,Nacidos en Suecia · ambos padres en Suecia,6,51467,66021,77.955499,2025-12-31,https://www.statistikdatabasen.scb.se/pxweb/sv/ssd/START__BE__BE0101__BE0101Q/UtlSvBakgFinCKM/
1081,Ronneby,municipality,PARENT_FOREIGN_BORN,Nacidos fuera de Suecia,08,4942,28708,17.214714,2025-12-31,https://www.statistikdatabasen.scb.se/pxweb/sv/ssd/START__BE__BE0101__BE0101Q/UtlSvBakgFinCKM/
1081,Ronneby,municipality,PARENT_BOTH_FOREIGN,Nacidos en Suecia · ambos padres fuera,4,1401,28708,4.880173,2025-12-31,https://www.statistikdatabasen.scb.se/pxweb/sv/ssd/START__BE__BE0101__BE0101Q/UtlSvBakgFinCKM/
1081,Ronneby,municipality,PARENT_MIXED,Nacidos en Suecia · un padre fuera,5,1532,28708,5.336492,2025-12-31,https://www.statistikdatabasen.scb.se/pxweb/sv/ssd/START__BE__BE0101__BE0101Q/UtlSvBakgFinCKM/
1081,Ronneby,municipality,PARENT_BOTH_SWEDEN,Nacidos en Suecia · ambos padres en Suecia,6,20835,28708,72.575589,2025-12-31,https://www.statistikdatabasen.scb.se/pxweb/sv/ssd/START__BE__BE0101__BE0101Q/UtlSvBakgFinCKM/
1082,Karlshamn,municipality,PARENT_FOREIGN_BORN,Nacidos fuera de Suecia,08,4667,31642,14.749384,2025-12-31,https://www.statistikdatabasen.scb.se/pxweb/sv/ssd/START__BE__BE0101__BE0101Q/UtlSvBakgFinCKM/
1082,Karlshamn,municipality,PARENT_BOTH_FOREIGN,Nacidos en Suecia · ambos padres fuera,4,1259,31642,3.978889,2025-12-31,https://www.statistikdatabasen.scb.se/pxweb/sv/ssd/START__BE__BE0101__BE0101Q/UtlSvBakgFinCKM/
1082,Karlshamn,municipality,PARENT_MIXED,Nacidos en Suecia · un padre fuera,5,1845,31642,5.830858,2025-12-31,https://www.statistikdatabasen.scb.se/pxweb/sv/ssd/START__BE__BE0101__BE0101Q/UtlSvBakgFinCKM/
1082,Karlshamn,municipality,PARENT_BOTH_SWEDEN,Nacidos en Suecia · ambos padres en Suecia,6,23870,31642,75.437709,2025-12-31,https://www.statistikdatabasen.scb.se/pxweb/sv/ssd/START__BE__BE0101__BE0101Q/UtlSvBakgFinCKM/
1083,Sölvesborg,municipality,PARENT_FOREIGN_BORN,Nacidos fuera de Suecia,08,2085,17405,11.979316,2025-12-31,https://www.statistikdatabasen.scb.se/pxweb/sv/ssd/START__BE__BE0101__BE0101Q/UtlSvBakgFinCKM/
1083,Sölvesborg,municipality,PARENT_BOTH_FOREIGN,Nacidos en Suecia · ambos padres fuera,4,479,17405,2.752083,2025-12-31,https://www.statistikdatabasen.scb.se/pxweb/sv/ssd/START__BE__BE0101__BE0101Q/UtlSvBakgFinCKM/
1083,Sölvesborg,municipality,PARENT_MIXED,Nacidos en Suecia · un padre fuera,5,1032,17405,5.929331,2025-12-31,https://www.statistikdatabasen.scb.se/pxweb/sv/ssd/START__BE__BE0101__BE0101Q/UtlSvBakgFinCKM/
1083,Sölvesborg,municipality,PARENT_BOTH_SWEDEN,Nacidos en Suecia · ambos padres en Suecia,6,13806,17405,79.322034,2025-12-31,https://www.statistikdatabasen.scb.se/pxweb/sv/ssd/START__BE__BE0101__BE0101Q/UtlSvBakgFinCKM/
12,Skåne län,county,PARENT_FOREIGN_BORN,Nacidos fuera de Suecia,08,344501,1433083,24.039152,2025-12-31,https://www.statistikdatabasen.scb.se/pxweb/sv/ssd/START__BE__BE0101__BE0101Q/UtlSvBakgFinCKM/
12,Skåne län,county,PARENT_BOTH_FOREIGN,Nacidos en Suecia · ambos padres fuera,4,116453,1433083,8.126047,2025-12-31,https://www.statistikdatabasen.scb.se/pxweb/sv/ssd/START__BE__BE0101__BE0101Q/UtlSvBakgFinCKM/
12,Skåne län,county,PARENT_MIXED,Nacidos en Suecia · un padre fuera,5,116684,1433083,8.142166,2025-12-31,https://www.statistikdatabasen.scb.se/pxweb/sv/ssd/START__BE__BE0101__BE0101Q/UtlSvBakgFinCKM/
12,Skåne län,county,PARENT_BOTH_SWEDEN,Nacidos en Suecia · ambos padres en Suecia,6,855443,1433083,59.692495,2025-12-31,https://www.statistikdatabasen.scb.se/pxweb/sv/ssd/START__BE__BE0101__BE0101Q/UtlSvBakgFinCKM/
1214,Svalöv,municipality,PARENT_FOREIGN_BORN,Nacidos fuera de Suecia,08,2677,14474,18.495233,2025-12-31,https://www.statistikdatabasen.scb.se/pxweb/sv/ssd/START__BE__BE0101__BE0101Q/UtlSvBakgFinCKM/
1214,Svalöv,municipality,PARENT_BOTH_FOREIGN,Nacidos en Suecia · ambos padres fuera,4,809,14474,5.589333,2025-12-31,https://www.statistikdatabasen.scb.se/pxweb/sv/ssd/START__BE__BE0101__BE0101Q/UtlSvBakgFinCKM/
1214,Svalöv,municipality,PARENT_MIXED,Nacidos en Suecia · un padre fuera,5,1165,14474,8.048915,2025-12-31,https://www.statistikdatabasen.scb.se/pxweb/sv/ssd/START__BE__BE0101__BE0101Q/UtlSvBakgFinCKM/
1214,Svalöv,municipality,PARENT_BOTH_SWEDEN,Nacidos en Suecia · ambos padres en Suecia,6,9822,14474,67.859610,2025-12-31,https://www.statistikdatabasen.scb.se/pxweb/sv/ssd/START__BE__BE0101__BE0101Q/UtlSvBakgFinCKM/
1230,Staffanstorp,municipality,PARENT_FOREIGN_BORN,Nacidos fuera de Suecia,08,4520,27482,16.447129,2025-12-31,https://www.statistikdatabasen.scb.se/pxweb/sv/ssd/START__BE__BE0101__BE0101Q/UtlSvBakgFinCKM/
1230,Staffanstorp,municipality,PARENT_BOTH_FOREIGN,Nacidos en Suecia · ambos padres fuera,4,1881,27482,6.844480,2025-12-31,https://www.statistikdatabasen.scb.se/pxweb/sv/ssd/START__BE__BE0101__BE0101Q/UtlSvBakgFinCKM/
1230,Staffanstorp,municipality,PARENT_MIXED,Nacidos en Suecia · un padre fuera,5,2428,27482,8.834874,2025-12-31,https://www.statistikdatabasen.scb.se/pxweb/sv/ssd/START__BE__BE0101__BE0101Q/UtlSvBakgFinCKM/
1230,Staffanstorp,municipality,PARENT_BOTH_SWEDEN,Nacidos en Suecia · ambos padres en Suecia,6,18654,27482,67.877156,2025-12-31,https://www.statistikdatabasen.scb.se/pxweb/sv/ssd/START__BE__BE0101__BE0101Q/UtlSvBakgFinCKM/
1231,Burlöv,municipality,PARENT_FOREIGN_BORN,Nacidos fuera de Suecia,08,7254,20444,35.482293,2025-12-31,https://www.statistikdatabasen.scb.se/pxweb/sv/ssd/START__BE__BE0101__BE0101Q/UtlSvBakgFinCKM/
1231,Burlöv,municipality,PARENT_BOTH_FOREIGN,Nacidos en Suecia · ambos padres fuera,4,2970,20444,14.527490,2025-12-31,https://www.statistikdatabasen.scb.se/pxweb/sv/ssd/START__BE__BE0101__BE0101Q/UtlSvBakgFinCKM/
1231,Burlöv,municipality,PARENT_MIXED,Nacidos en Suecia · un padre fuera,5,1748,20444,8.550186,2025-12-31,https://www.statistikdatabasen.scb.se/pxweb/sv/ssd/START__BE__BE0101__BE0101Q/UtlSvBakgFinCKM/
1231,Burlöv,municipality,PARENT_BOTH_SWEDEN,Nacidos en Suecia · ambos padres en Suecia,6,8468,20444,41.420466,2025-12-31,https://www.statistikdatabasen.scb.se/pxweb/sv/ssd/START__BE__BE0101__BE0101Q/UtlSvBakgFinCKM/
1233,Vellinge,municipality,PARENT_FOREIGN_BORN,Nacidos fuera de Suecia,08,3761,37833,9.941057,2025-12-31,https://www.statistikdatabasen.scb.se/pxweb/sv/ssd/START__BE__BE0101__BE0101Q/UtlSvBakgFinCKM/
1233,Vellinge,municipality,PARENT_BOTH_FOREIGN,Nacidos en Suecia · ambos padres fuera,4,1015,37833,2.682843,2025-12-31,https://www.statistikdatabasen.scb.se/pxweb/sv/ssd/START__BE__BE0101__BE0101Q/UtlSvBakgFinCKM/
1233,Vellinge,municipality,PARENT_MIXED,Nacidos en Suecia · un padre fuera,5,3406,37833,9.002722,2025-12-31,https://www.statistikdatabasen.scb.se/pxweb/sv/ssd/START__BE__BE0101__BE0101Q/UtlSvBakgFinCKM/
1233,Vellinge,municipality,PARENT_BOTH_SWEDEN,Nacidos en Suecia · ambos padres en Suecia,6,29651,37833,78.373378,2025-12-31,https://www.statistikdatabasen.scb.se/pxweb/sv/ssd/START__BE__BE0101__BE0101Q/UtlSvBakgFinCKM/
1256,Östra Göinge,municipality,PARENT_FOREIGN_BORN,Nacidos fuera de Suecia,08,2347,13718,17.108908,2025-12-31,https://www.statistikdatabasen.scb.se/pxweb/sv/ssd/START__BE__BE0101__BE0101Q/UtlSvBakgFinCKM/
1256,Östra Göinge,municipality,PARENT_BOTH_FOREIGN,Nacidos en Suecia · ambos padres fuera,4,541,13718,3.943724,2025-12-31,https://www.statistikdatabasen.scb.se/pxweb/sv/ssd/START__BE__BE0101__BE0101Q/UtlSvBakgFinCKM/
1256,Östra Göinge,municipality,PARENT_MIXED,Nacidos en Suecia · un padre fuera,5,794,13718,5.788016,2025-12-31,https://www.statistikdatabasen.scb.se/pxweb/sv/ssd/START__BE__BE0101__BE0101Q/UtlSvBakgFinCKM/
1256,Östra Göinge,municipality,PARENT_BOTH_SWEDEN,Nacidos en Suecia · ambos padres en Suecia,6,10037,13718,73.166642,2025-12-31,https://www.statistikdatabasen.scb.se/pxweb/sv/ssd/START__BE__BE0101__BE0101Q/UtlSvBakgFinCKM/
1257,Örkelljunga,municipality,PARENT_FOREIGN_BORN,Nacidos fuera de Suecia,08,1900,10293,18.459147,2025-12-31,https://www.statistikdatabasen.scb.se/pxweb/sv/ssd/START__BE__BE0101__BE0101Q/UtlSvBakgFinCKM/
1257,Örkelljunga,municipality,PARENT_BOTH_FOREIGN,Nacidos en Suecia · ambos padres fuera,4,410,10293,3.983290,2025-12-31,https://www.statistikdatabasen.scb.se/pxweb/sv/ssd/START__BE__BE0101__BE0101Q/UtlSvBakgFinCKM/
1257,Örkelljunga,municipality,PARENT_MIXED,Nacidos en Suecia · un padre fuera,5,765,10293,7.432235,2025-12-31,https://www.statistikdatabasen.scb.se/pxweb/sv/ssd/START__BE__BE0101__BE0101Q/UtlSvBakgFinCKM/
1257,Örkelljunga,municipality,PARENT_BOTH_SWEDEN,Nacidos en Suecia · ambos padres en Suecia,6,7216,10293,70.105897,2025-12-31,https://www.statistikdatabasen.scb.se/pxweb/sv/ssd/START__BE__BE0101__BE0101Q/UtlSvBakgFinCKM/
1260,Bjuv,municipality,PARENT_FOREIGN_BORN,Nacidos fuera de Suecia,08,4325,16052,26.943683,2025-12-31,https://www.statistikdatabasen.scb.se/pxweb/sv/ssd/START__BE__BE0101__BE0101Q/UtlSvBakgFinCKM/
1260,Bjuv,municipality,PARENT_BOTH_FOREIGN,Nacidos en Suecia · ambos padres fuera,4,1510,16052,9.406927,2025-12-31,https://www.statistikdatabasen.scb.se/pxweb/sv/ssd/START__BE__BE0101__BE0101Q/UtlSvBakgFinCKM/
1260,Bjuv,municipality,PARENT_MIXED,Nacidos en Suecia · un padre fuera,5,1325,16052,8.254423,2025-12-31,https://www.statistikdatabasen.scb.se/pxweb/sv/ssd/START__BE__BE0101__BE0101Q/UtlSvBakgFinCKM/
1260,Bjuv,municipality,PARENT_BOTH_SWEDEN,Nacidos en Suecia · ambos padres en Suecia,6,8892,16052,55.394966,2025-12-31,https://www.statistikdatabasen.scb.se/pxweb/sv/ssd/START__BE__BE0101__BE0101Q/UtlSvBakgFinCKM/
1261,Kävlinge,municipality,PARENT_FOREIGN_BORN,Nacidos fuera de Suecia,08,3919,32655,12.001225,2025-12-31,https://www.statistikdatabasen.scb.se/pxweb/sv/ssd/START__BE__BE0101__BE0101Q/UtlSvBakgFinCKM/
1261,Kävlinge,municipality,PARENT_BOTH_FOREIGN,Nacidos en Suecia · ambos padres fuera,4,1138,32655,3.484918,2025-12-31,https://www.statistikdatabasen.scb.se/pxweb/sv/ssd/START__BE__BE0101__BE0101Q/UtlSvBakgFinCKM/
1261,Kävlinge,municipality,PARENT_MIXED,Nacidos en Suecia · un padre fuera,5,2622,32655,8.029398,2025-12-31,https://www.statistikdatabasen.scb.se/pxweb/sv/ssd/START__BE__BE0101__BE0101Q/UtlSvBakgFinCKM/
1261,Kävlinge,municipality,PARENT_BOTH_SWEDEN,Nacidos en Suecia · ambos padres en Suecia,6,24979,32655,76.493646,2025-12-31,https://www.statistikdatabasen.scb.se/pxweb/sv/ssd/START__BE__BE0101__BE0101Q/UtlSvBakgFinCKM/
1262,Lomma,municipality,PARENT_FOREIGN_BORN,Nacidos fuera de Suecia,08,2600,24677,10.536127,2025-12-31,https://www.statistikdatabasen.scb.se/pxweb/sv/ssd/START__BE__BE0101__BE0101Q/UtlSvBakgFinCKM/
1262,Lomma,municipality,PARENT_BOTH_FOREIGN,Nacidos en Suecia · ambos padres fuera,4,673,24677,2.727236,2025-12-31,https://www.statistikdatabasen.scb.se/pxweb/sv/ssd/START__BE__BE0101__BE0101Q/UtlSvBakgFinCKM/
1262,Lomma,municipality,PARENT_MIXED,Nacidos en Suecia · un padre fuera,5,1996,24677,8.088503,2025-12-31,https://www.statistikdatabasen.scb.se/pxweb/sv/ssd/START__BE__BE0101__BE0101Q/UtlSvBakgFinCKM/
1262,Lomma,municipality,PARENT_BOTH_SWEDEN,Nacidos en Suecia · ambos padres en Suecia,6,19408,24677,78.648134,2025-12-31,https://www.statistikdatabasen.scb.se/pxweb/sv/ssd/START__BE__BE0101__BE0101Q/UtlSvBakgFinCKM/
1263,Svedala,municipality,PARENT_FOREIGN_BORN,Nacidos fuera de Suecia,08,3054,23714,12.878468,2025-12-31,https://www.statistikdatabasen.scb.se/pxweb/sv/ssd/START__BE__BE0101__BE0101Q/UtlSvBakgFinCKM/
1263,Svedala,municipality,PARENT_BOTH_FOREIGN,Nacidos en Suecia · ambos padres fuera,4,1325,23714,5.587417,2025-12-31,https://www.statistikdatabasen.scb.se/pxweb/sv/ssd/START__BE__BE0101__BE0101Q/UtlSvBakgFinCKM/
1263,Svedala,municipality,PARENT_MIXED,Nacidos en Suecia · un padre fuera,5,2140,23714,9.024205,2025-12-31,https://www.statistikdatabasen.scb.se/pxweb/sv/ssd/START__BE__BE0101__BE0101Q/UtlSvBakgFinCKM/
1263,Svedala,municipality,PARENT_BOTH_SWEDEN,Nacidos en Suecia · ambos padres en Suecia,6,17196,23714,72.514127,2025-12-31,https://www.statistikdatabasen.scb.se/pxweb/sv/ssd/START__BE__BE0101__BE0101Q/UtlSvBakgFinCKM/
1264,Skurup,municipality,PARENT_FOREIGN_BORN,Nacidos fuera de Suecia,08,2537,17139,14.802497,2025-12-31,https://www.statistikdatabasen.scb.se/pxweb/sv/ssd/START__BE__BE0101__BE0101Q/UtlSvBakgFinCKM/
1264,Skurup,municipality,PARENT_BOTH_FOREIGN,Nacidos en Suecia · ambos padres fuera,4,727,17139,4.241788,2025-12-31,https://www.statistikdatabasen.scb.se/pxweb/sv/ssd/START__BE__BE0101__BE0101Q/UtlSvBakgFinCKM/
1264,Skurup,municipality,PARENT_MIXED,Nacidos en Suecia · un padre fuera,5,1355,17139,7.905946,2025-12-31,https://www.statistikdatabasen.scb.se/pxweb/sv/ssd/START__BE__BE0101__BE0101Q/UtlSvBakgFinCKM/
1264,Skurup,municipality,PARENT_BOTH_SWEDEN,Nacidos en Suecia · ambos padres en Suecia,6,12521,17139,73.055604,2025-12-31,https://www.statistikdatabasen.scb.se/pxweb/sv/ssd/START__BE__BE0101__BE0101Q/UtlSvBakgFinCKM/
1265,Sjöbo,municipality,PARENT_FOREIGN_BORN,Nacidos fuera de Suecia,08,2267,19397,11.687374,2025-12-31,https://www.statistikdatabasen.scb.se/pxweb/sv/ssd/START__BE__BE0101__BE0101Q/UtlSvBakgFinCKM/
1265,Sjöbo,municipality,PARENT_BOTH_FOREIGN,Nacidos en Suecia · ambos padres fuera,4,497,19397,2.562252,2025-12-31,https://www.statistikdatabasen.scb.se/pxweb/sv/ssd/START__BE__BE0101__BE0101Q/UtlSvBakgFinCKM/
1265,Sjöbo,municipality,PARENT_MIXED,Nacidos en Suecia · un padre fuera,5,1232,19397,6.351498,2025-12-31,https://www.statistikdatabasen.scb.se/pxweb/sv/ssd/START__BE__BE0101__BE0101Q/UtlSvBakgFinCKM/
1265,Sjöbo,municipality,PARENT_BOTH_SWEDEN,Nacidos en Suecia · ambos padres en Suecia,6,15400,19397,79.393721,2025-12-31,https://www.statistikdatabasen.scb.se/pxweb/sv/ssd/START__BE__BE0101__BE0101Q/UtlSvBakgFinCKM/
1266,Hörby,municipality,PARENT_FOREIGN_BORN,Nacidos fuera de Suecia,08,2007,15559,12.899287,2025-12-31,https://www.statistikdatabasen.scb.se/pxweb/sv/ssd/START__BE__BE0101__BE0101Q/UtlSvBakgFinCKM/
1266,Hörby,municipality,PARENT_BOTH_FOREIGN,Nacidos en Suecia · ambos padres fuera,4,564,15559,3.624912,2025-12-31,https://www.statistikdatabasen.scb.se/pxweb/sv/ssd/START__BE__BE0101__BE0101Q/UtlSvBakgFinCKM/
1266,Hörby,municipality,PARENT_MIXED,Nacidos en Suecia · un padre fuera,5,1006,15559,6.465711,2025-12-31,https://www.statistikdatabasen.scb.se/pxweb/sv/ssd/START__BE__BE0101__BE0101Q/UtlSvBakgFinCKM/
1266,Hörby,municipality,PARENT_BOTH_SWEDEN,Nacidos en Suecia · ambos padres en Suecia,6,11977,15559,76.977955,2025-12-31,https://www.statistikdatabasen.scb.se/pxweb/sv/ssd/START__BE__BE0101__BE0101Q/UtlSvBakgFinCKM/
1267,Höör,municipality,PARENT_FOREIGN_BORN,Nacidos fuera de Suecia,08,2171,17680,12.279412,2025-12-31,https://www.statistikdatabasen.scb.se/pxweb/sv/ssd/START__BE__BE0101__BE0101Q/UtlSvBakgFinCKM/
1267,Höör,municipality,PARENT_BOTH_FOREIGN,Nacidos en Suecia · ambos padres fuera,4,523,17680,2.958145,2025-12-31,https://www.statistikdatabasen.scb.se/pxweb/sv/ssd/START__BE__BE0101__BE0101Q/UtlSvBakgFinCKM/
1267,Höör,municipality,PARENT_MIXED,Nacidos en Suecia · un padre fuera,5,1403,17680,7.935520,2025-12-31,https://www.statistikdatabasen.scb.se/pxweb/sv/ssd/START__BE__BE0101__BE0101Q/UtlSvBakgFinCKM/
1267,Höör,municipality,PARENT_BOTH_SWEDEN,Nacidos en Suecia · ambos padres en Suecia,6,13586,17680,76.843891,2025-12-31,https://www.statistikdatabasen.scb.se/pxweb/sv/ssd/START__BE__BE0101__BE0101Q/UtlSvBakgFinCKM/
1270,Tomelilla,municipality,PARENT_FOREIGN_BORN,Nacidos fuera de Suecia,08,1899,13669,13.892750,2025-12-31,https://www.statistikdatabasen.scb.se/pxweb/sv/ssd/START__BE__BE0101__BE0101Q/UtlSvBakgFinCKM/
1270,Tomelilla,municipality,PARENT_BOTH_FOREIGN,Nacidos en Suecia · ambos padres fuera,4,503,13669,3.679860,2025-12-31,https://www.statistikdatabasen.scb.se/pxweb/sv/ssd/START__BE__BE0101__BE0101Q/UtlSvBakgFinCKM/
1270,Tomelilla,municipality,PARENT_MIXED,Nacidos en Suecia · un padre fuera,5,758,13669,5.545395,2025-12-31,https://www.statistikdatabasen.scb.se/pxweb/sv/ssd/START__BE__BE0101__BE0101Q/UtlSvBakgFinCKM/
1270,Tomelilla,municipality,PARENT_BOTH_SWEDEN,Nacidos en Suecia · ambos padres en Suecia,6,10515,13669,76.925891,2025-12-31,https://www.statistikdatabasen.scb.se/pxweb/sv/ssd/START__BE__BE0101__BE0101Q/UtlSvBakgFinCKM/
1272,Bromölla,municipality,PARENT_FOREIGN_BORN,Nacidos fuera de Suecia,08,2133,12497,17.068096,2025-12-31,https://www.statistikdatabasen.scb.se/pxweb/sv/ssd/START__BE__BE0101__BE0101Q/UtlSvBakgFinCKM/
1272,Bromölla,municipality,PARENT_BOTH_FOREIGN,Nacidos en Suecia · ambos padres fuera,4,603,12497,4.825158,2025-12-31,https://www.statistikdatabasen.scb.se/pxweb/sv/ssd/START__BE__BE0101__BE0101Q/UtlSvBakgFinCKM/
1272,Bromölla,municipality,PARENT_MIXED,Nacidos en Suecia · un padre fuera,5,798,12497,6.385533,2025-12-31,https://www.statistikdatabasen.scb.se/pxweb/sv/ssd/START__BE__BE0101__BE0101Q/UtlSvBakgFinCKM/
1272,Bromölla,municipality,PARENT_BOTH_SWEDEN,Nacidos en Suecia · ambos padres en Suecia,6,8962,12497,71.713211,2025-12-31,https://www.statistikdatabasen.scb.se/pxweb/sv/ssd/START__BE__BE0101__BE0101Q/UtlSvBakgFinCKM/
1273,Osby,municipality,PARENT_FOREIGN_BORN,Nacidos fuera de Suecia,08,2296,12861,17.852422,2025-12-31,https://www.statistikdatabasen.scb.se/pxweb/sv/ssd/START__BE__BE0101__BE0101Q/UtlSvBakgFinCKM/
1273,Osby,municipality,PARENT_BOTH_FOREIGN,Nacidos en Suecia · ambos padres fuera,4,578,12861,4.494207,2025-12-31,https://www.statistikdatabasen.scb.se/pxweb/sv/ssd/START__BE__BE0101__BE0101Q/UtlSvBakgFinCKM/
1273,Osby,municipality,PARENT_MIXED,Nacidos en Suecia · un padre fuera,5,755,12861,5.870461,2025-12-31,https://www.statistikdatabasen.scb.se/pxweb/sv/ssd/START__BE__BE0101__BE0101Q/UtlSvBakgFinCKM/
1273,Osby,municipality,PARENT_BOTH_SWEDEN,Nacidos en Suecia · ambos padres en Suecia,6,9232,12861,71.782910,2025-12-31,https://www.statistikdatabasen.scb.se/pxweb/sv/ssd/START__BE__BE0101__BE0101Q/UtlSvBakgFinCKM/
1275,Perstorp,municipality,PARENT_FOREIGN_BORN,Nacidos fuera de Suecia,08,1870,7115,26.282502,2025-12-31,https://www.statistikdatabasen.scb.se/pxweb/sv/ssd/START__BE__BE0101__BE0101Q/UtlSvBakgFinCKM/
1275,Perstorp,municipality,PARENT_BOTH_FOREIGN,Nacidos en Suecia · ambos padres fuera,4,524,7115,7.364722,2025-12-31,https://www.statistikdatabasen.scb.se/pxweb/sv/ssd/START__BE__BE0101__BE0101Q/UtlSvBakgFinCKM/
1275,Perstorp,municipality,PARENT_MIXED,Nacidos en Suecia · un padre fuera,5,552,7115,7.758257,2025-12-31,https://www.statistikdatabasen.scb.se/pxweb/sv/ssd/START__BE__BE0101__BE0101Q/UtlSvBakgFinCKM/
1275,Perstorp,municipality,PARENT_BOTH_SWEDEN,Nacidos en Suecia · ambos padres en Suecia,6,4166,7115,58.552354,2025-12-31,https://www.statistikdatabasen.scb.se/pxweb/sv/ssd/START__BE__BE0101__BE0101Q/UtlSvBakgFinCKM/
1276,Klippan,municipality,PARENT_FOREIGN_BORN,Nacidos fuera de Suecia,08,3358,17713,18.957828,2025-12-31,https://www.statistikdatabasen.scb.se/pxweb/sv/ssd/START__BE__BE0101__BE0101Q/UtlSvBakgFinCKM/
1276,Klippan,municipality,PARENT_BOTH_FOREIGN,Nacidos en Suecia · ambos padres fuera,4,945,17713,5.335065,2025-12-31,https://www.statistikdatabasen.scb.se/pxweb/sv/ssd/START__BE__BE0101__BE0101Q/UtlSvBakgFinCKM/
1276,Klippan,municipality,PARENT_MIXED,Nacidos en Suecia · un padre fuera,5,1327,17713,7.491673,2025-12-31,https://www.statistikdatabasen.scb.se/pxweb/sv/ssd/START__BE__BE0101__BE0101Q/UtlSvBakgFinCKM/
1276,Klippan,municipality,PARENT_BOTH_SWEDEN,Nacidos en Suecia · ambos padres en Suecia,6,12082,17713,68.209789,2025-12-31,https://www.statistikdatabasen.scb.se/pxweb/sv/ssd/START__BE__BE0101__BE0101Q/UtlSvBakgFinCKM/
1277,Åstorp,municipality,PARENT_FOREIGN_BORN,Nacidos fuera de Suecia,08,4657,16491,28.239646,2025-12-31,https://www.statistikdatabasen.scb.se/pxweb/sv/ssd/START__BE__BE0101__BE0101Q/UtlSvBakgFinCKM/
1277,Åstorp,municipality,PARENT_BOTH_FOREIGN,Nacidos en Suecia · ambos padres fuera,4,1732,16491,10.502698,2025-12-31,https://www.statistikdatabasen.scb.se/pxweb/sv/ssd/START__BE__BE0101__BE0101Q/UtlSvBakgFinCKM/
1277,Åstorp,municipality,PARENT_MIXED,Nacidos en Suecia · un padre fuera,5,1300,16491,7.883088,2025-12-31,https://www.statistikdatabasen.scb.se/pxweb/sv/ssd/START__BE__BE0101__BE0101Q/UtlSvBakgFinCKM/
1277,Åstorp,municipality,PARENT_BOTH_SWEDEN,Nacidos en Suecia · ambos padres en Suecia,6,8807,16491,53.404888,2025-12-31,https://www.statistikdatabasen.scb.se/pxweb/sv/ssd/START__BE__BE0101__BE0101Q/UtlSvBakgFinCKM/
1278,Båstad,municipality,PARENT_FOREIGN_BORN,Nacidos fuera de Suecia,08,2204,16046,13.735510,2025-12-31,https://www.statistikdatabasen.scb.se/pxweb/sv/ssd/START__BE__BE0101__BE0101Q/UtlSvBakgFinCKM/
1278,Båstad,municipality,PARENT_BOTH_FOREIGN,Nacidos en Suecia · ambos padres fuera,4,504,16046,3.140970,2025-12-31,https://www.statistikdatabasen.scb.se/pxweb/sv/ssd/START__BE__BE0101__BE0101Q/UtlSvBakgFinCKM/
1278,Båstad,municipality,PARENT_MIXED,Nacidos en Suecia · un padre fuera,5,1102,16046,6.867755,2025-12-31,https://www.statistikdatabasen.scb.se/pxweb/sv/ssd/START__BE__BE0101__BE0101Q/UtlSvBakgFinCKM/
1278,Båstad,municipality,PARENT_BOTH_SWEDEN,Nacidos en Suecia · ambos padres en Suecia,6,12240,16046,76.280693,2025-12-31,https://www.statistikdatabasen.scb.se/pxweb/sv/ssd/START__BE__BE0101__BE0101Q/UtlSvBakgFinCKM/
1280,Malmö,municipality,PARENT_FOREIGN_BORN,Nacidos fuera de Suecia,08,132852,367924,36.108544,2025-12-31,https://www.statistikdatabasen.scb.se/pxweb/sv/ssd/START__BE__BE0101__BE0101Q/UtlSvBakgFinCKM/
1280,Malmö,municipality,PARENT_BOTH_FOREIGN,Nacidos en Suecia · ambos padres fuera,4,49108,367924,13.347322,2025-12-31,https://www.statistikdatabasen.scb.se/pxweb/sv/ssd/START__BE__BE0101__BE0101Q/UtlSvBakgFinCKM/
1280,Malmö,municipality,PARENT_MIXED,Nacidos en Suecia · un padre fuera,5,34284,367924,9.318229,2025-12-31,https://www.statistikdatabasen.scb.se/pxweb/sv/ssd/START__BE__BE0101__BE0101Q/UtlSvBakgFinCKM/
1280,Malmö,municipality,PARENT_BOTH_SWEDEN,Nacidos en Suecia · ambos padres en Suecia,6,151679,367924,41.225634,2025-12-31,https://www.statistikdatabasen.scb.se/pxweb/sv/ssd/START__BE__BE0101__BE0101Q/UtlSvBakgFinCKM/
1281,Lund,municipality,PARENT_FOREIGN_BORN,Nacidos fuera de Suecia,08,31819,132333,24.044645,2025-12-31,https://www.statistikdatabasen.scb.se/pxweb/sv/ssd/START__BE__BE0101__BE0101Q/UtlSvBakgFinCKM/
1281,Lund,municipality,PARENT_BOTH_FOREIGN,Nacidos en Suecia · ambos padres fuera,4,7720,132333,5.833768,2025-12-31,https://www.statistikdatabasen.scb.se/pxweb/sv/ssd/START__BE__BE0101__BE0101Q/UtlSvBakgFinCKM/
1281,Lund,municipality,PARENT_MIXED,Nacidos en Suecia · un padre fuera,5,11811,132333,8.925211,2025-12-31,https://www.statistikdatabasen.scb.se/pxweb/sv/ssd/START__BE__BE0101__BE0101Q/UtlSvBakgFinCKM/
1281,Lund,municipality,PARENT_BOTH_SWEDEN,Nacidos en Suecia · ambos padres en Suecia,6,80983,132333,61.196376,2025-12-31,https://www.statistikdatabasen.scb.se/pxweb/sv/ssd/START__BE__BE0101__BE0101Q/UtlSvBakgFinCKM/
1282,Landskrona,municipality,PARENT_FOREIGN_BORN,Nacidos fuera de Suecia,08,13006,47571,27.340186,2025-12-31,https://www.statistikdatabasen.scb.se/pxweb/sv/ssd/START__BE__BE0101__BE0101Q/UtlSvBakgFinCKM/
1282,Landskrona,municipality,PARENT_BOTH_FOREIGN,Nacidos en Suecia · ambos padres fuera,4,4955,47571,10.416010,2025-12-31,https://www.statistikdatabasen.scb.se/pxweb/sv/ssd/START__BE__BE0101__BE0101Q/UtlSvBakgFinCKM/
1282,Landskrona,municipality,PARENT_MIXED,Nacidos en Suecia · un padre fuera,5,3872,47571,8.139413,2025-12-31,https://www.statistikdatabasen.scb.se/pxweb/sv/ssd/START__BE__BE0101__BE0101Q/UtlSvBakgFinCKM/
1282,Landskrona,municipality,PARENT_BOTH_SWEDEN,Nacidos en Suecia · ambos padres en Suecia,6,25734,47571,54.095983,2025-12-31,https://www.statistikdatabasen.scb.se/pxweb/sv/ssd/START__BE__BE0101__BE0101Q/UtlSvBakgFinCKM/
1283,Helsingborg,municipality,PARENT_FOREIGN_BORN,Nacidos fuera de Suecia,08,44027,152776,28.818008,2025-12-31,https://www.statistikdatabasen.scb.se/pxweb/sv/ssd/START__BE__BE0101__BE0101Q/UtlSvBakgFinCKM/
1283,Helsingborg,municipality,PARENT_BOTH_FOREIGN,Nacidos en Suecia · ambos padres fuera,4,16080,152776,10.525213,2025-12-31,https://www.statistikdatabasen.scb.se/pxweb/sv/ssd/START__BE__BE0101__BE0101Q/UtlSvBakgFinCKM/
1283,Helsingborg,municipality,PARENT_MIXED,Nacidos en Suecia · un padre fuera,5,12960,152776,8.483008,2025-12-31,https://www.statistikdatabasen.scb.se/pxweb/sv/ssd/START__BE__BE0101__BE0101Q/UtlSvBakgFinCKM/
1283,Helsingborg,municipality,PARENT_BOTH_SWEDEN,Nacidos en Suecia · ambos padres en Suecia,6,79711,152776,52.175080,2025-12-31,https://www.statistikdatabasen.scb.se/pxweb/sv/ssd/START__BE__BE0101__BE0101Q/UtlSvBakgFinCKM/
1284,Höganäs,municipality,PARENT_FOREIGN_BORN,Nacidos fuera de Suecia,08,4062,28489,14.258135,2025-12-31,https://www.statistikdatabasen.scb.se/pxweb/sv/ssd/START__BE__BE0101__BE0101Q/UtlSvBakgFinCKM/
1284,Höganäs,municipality,PARENT_BOTH_FOREIGN,Nacidos en Suecia · ambos padres fuera,4,1020,28489,3.580329,2025-12-31,https://www.statistikdatabasen.scb.se/pxweb/sv/ssd/START__BE__BE0101__BE0101Q/UtlSvBakgFinCKM/
1284,Höganäs,municipality,PARENT_MIXED,Nacidos en Suecia · un padre fuera,5,2376,28489,8.340061,2025-12-31,https://www.statistikdatabasen.scb.se/pxweb/sv/ssd/START__BE__BE0101__BE0101Q/UtlSvBakgFinCKM/
1284,Höganäs,municipality,PARENT_BOTH_SWEDEN,Nacidos en Suecia · ambos padres en Suecia,6,21028,28489,73.810945,2025-12-31,https://www.statistikdatabasen.scb.se/pxweb/sv/ssd/START__BE__BE0101__BE0101Q/UtlSvBakgFinCKM/
1285,Eslöv,municipality,PARENT_FOREIGN_BORN,Nacidos fuera de Suecia,08,7631,35126,21.724648,2025-12-31,https://www.statistikdatabasen.scb.se/pxweb/sv/ssd/START__BE__BE0101__BE0101Q/UtlSvBakgFinCKM/
1285,Eslöv,municipality,PARENT_BOTH_FOREIGN,Nacidos en Suecia · ambos padres fuera,4,2510,35126,7.145704,2025-12-31,https://www.statistikdatabasen.scb.se/pxweb/sv/ssd/START__BE__BE0101__BE0101Q/UtlSvBakgFinCKM/
1285,Eslöv,municipality,PARENT_MIXED,Nacidos en Suecia · un padre fuera,5,2688,35126,7.652451,2025-12-31,https://www.statistikdatabasen.scb.se/pxweb/sv/ssd/START__BE__BE0101__BE0101Q/UtlSvBakgFinCKM/
1285,Eslöv,municipality,PARENT_BOTH_SWEDEN,Nacidos en Suecia · ambos padres en Suecia,6,22294,35126,63.468656,2025-12-31,https://www.statistikdatabasen.scb.se/pxweb/sv/ssd/START__BE__BE0101__BE0101Q/UtlSvBakgFinCKM/
1286,Ystad,municipality,PARENT_FOREIGN_BORN,Nacidos fuera de Suecia,08,3622,32188,11.252641,2025-12-31,https://www.statistikdatabasen.scb.se/pxweb/sv/ssd/START__BE__BE0101__BE0101Q/UtlSvBakgFinCKM/
1286,Ystad,municipality,PARENT_BOTH_FOREIGN,Nacidos en Suecia · ambos padres fuera,4,858,32188,2.665590,2025-12-31,https://www.statistikdatabasen.scb.se/pxweb/sv/ssd/START__BE__BE0101__BE0101Q/UtlSvBakgFinCKM/
1286,Ystad,municipality,PARENT_MIXED,Nacidos en Suecia · un padre fuera,5,2108,32188,6.549024,2025-12-31,https://www.statistikdatabasen.scb.se/pxweb/sv/ssd/START__BE__BE0101__BE0101Q/UtlSvBakgFinCKM/
1286,Ystad,municipality,PARENT_BOTH_SWEDEN,Nacidos en Suecia · ambos padres en Suecia,6,25598,32188,79.526532,2025-12-31,https://www.statistikdatabasen.scb.se/pxweb/sv/ssd/START__BE__BE0101__BE0101Q/UtlSvBakgFinCKM/
1287,Trelleborg,municipality,PARENT_FOREIGN_BORN,Nacidos fuera de Suecia,08,8873,47405,18.717435,2025-12-31,https://www.statistikdatabasen.scb.se/pxweb/sv/ssd/START__BE__BE0101__BE0101Q/UtlSvBakgFinCKM/
1287,Trelleborg,municipality,PARENT_BOTH_FOREIGN,Nacidos en Suecia · ambos padres fuera,4,3102,47405,6.543614,2025-12-31,https://www.statistikdatabasen.scb.se/pxweb/sv/ssd/START__BE__BE0101__BE0101Q/UtlSvBakgFinCKM/
1287,Trelleborg,municipality,PARENT_MIXED,Nacidos en Suecia · un padre fuera,5,4014,47405,8.467461,2025-12-31,https://www.statistikdatabasen.scb.se/pxweb/sv/ssd/START__BE__BE0101__BE0101Q/UtlSvBakgFinCKM/
1287,Trelleborg,municipality,PARENT_BOTH_SWEDEN,Nacidos en Suecia · ambos padres en Suecia,6,31413,47405,66.265162,2025-12-31,https://www.statistikdatabasen.scb.se/pxweb/sv/ssd/START__BE__BE0101__BE0101Q/UtlSvBakgFinCKM/
1290,Kristianstad,municipality,PARENT_FOREIGN_BORN,Nacidos fuera de Suecia,08,17113,85908,19.920147,2025-12-31,https://www.statistikdatabasen.scb.se/pxweb/sv/ssd/START__BE__BE0101__BE0101Q/UtlSvBakgFinCKM/
1290,Kristianstad,municipality,PARENT_BOTH_FOREIGN,Nacidos en Suecia · ambos padres fuera,4,5961,85908,6.938818,2025-12-31,https://www.statistikdatabasen.scb.se/pxweb/sv/ssd/START__BE__BE0101__BE0101Q/UtlSvBakgFinCKM/
1290,Kristianstad,municipality,PARENT_MIXED,Nacidos en Suecia · un padre fuera,5,4968,85908,5.782931,2025-12-31,https://www.statistikdatabasen.scb.se/pxweb/sv/ssd/START__BE__BE0101__BE0101Q/UtlSvBakgFinCKM/
1290,Kristianstad,municipality,PARENT_BOTH_SWEDEN,Nacidos en Suecia · ambos padres en Suecia,6,57863,85908,67.354612,2025-12-31,https://www.statistikdatabasen.scb.se/pxweb/sv/ssd/START__BE__BE0101__BE0101Q/UtlSvBakgFinCKM/
1291,Simrishamn,municipality,PARENT_FOREIGN_BORN,Nacidos fuera de Suecia,08,2448,18779,13.035838,2025-12-31,https://www.statistikdatabasen.scb.se/pxweb/sv/ssd/START__BE__BE0101__BE0101Q/UtlSvBakgFinCKM/
1291,Simrishamn,municipality,PARENT_BOTH_FOREIGN,Nacidos en Suecia · ambos padres fuera,4,493,18779,2.625273,2025-12-31,https://www.statistikdatabasen.scb.se/pxweb/sv/ssd/START__BE__BE0101__BE0101Q/UtlSvBakgFinCKM/
1291,Simrishamn,municipality,PARENT_MIXED,Nacidos en Suecia · un padre fuera,5,1193,18779,6.352841,2025-12-31,https://www.statistikdatabasen.scb.se/pxweb/sv/ssd/START__BE__BE0101__BE0101Q/UtlSvBakgFinCKM/
1291,Simrishamn,municipality,PARENT_BOTH_SWEDEN,Nacidos en Suecia · ambos padres en Suecia,6,14644,18779,77.980723,2025-12-31,https://www.statistikdatabasen.scb.se/pxweb/sv/ssd/START__BE__BE0101__BE0101Q/UtlSvBakgFinCKM/
1292,Ängelholm,municipality,PARENT_FOREIGN_BORN,Nacidos fuera de Suecia,08,6113,45159,13.536615,2025-12-31,https://www.statistikdatabasen.scb.se/pxweb/sv/ssd/START__BE__BE0101__BE0101Q/UtlSvBakgFinCKM/
1292,Ängelholm,municipality,PARENT_BOTH_FOREIGN,Nacidos en Suecia · ambos padres fuera,4,1786,45159,3.954915,2025-12-31,https://www.statistikdatabasen.scb.se/pxweb/sv/ssd/START__BE__BE0101__BE0101Q/UtlSvBakgFinCKM/
1292,Ängelholm,municipality,PARENT_MIXED,Nacidos en Suecia · un padre fuera,5,3251,45159,7.199008,2025-12-31,https://www.statistikdatabasen.scb.se/pxweb/sv/ssd/START__BE__BE0101__BE0101Q/UtlSvBakgFinCKM/
1292,Ängelholm,municipality,PARENT_BOTH_SWEDEN,Nacidos en Suecia · ambos padres en Suecia,6,34004,45159,75.298390,2025-12-31,https://www.statistikdatabasen.scb.se/pxweb/sv/ssd/START__BE__BE0101__BE0101Q/UtlSvBakgFinCKM/
1293,Hässleholm,municipality,PARENT_FOREIGN_BORN,Nacidos fuera de Suecia,08,9175,51915,17.673120,2025-12-31,https://www.statistikdatabasen.scb.se/pxweb/sv/ssd/START__BE__BE0101__BE0101Q/UtlSvBakgFinCKM/
1293,Hässleholm,municipality,PARENT_BOTH_FOREIGN,Nacidos en Suecia · ambos padres fuera,4,2886,51915,5.559087,2025-12-31,https://www.statistikdatabasen.scb.se/pxweb/sv/ssd/START__BE__BE0101__BE0101Q/UtlSvBakgFinCKM/
1293,Hässleholm,municipality,PARENT_MIXED,Nacidos en Suecia · un padre fuera,5,3184,51915,6.133102,2025-12-31,https://www.statistikdatabasen.scb.se/pxweb/sv/ssd/START__BE__BE0101__BE0101Q/UtlSvBakgFinCKM/
1293,Hässleholm,municipality,PARENT_BOTH_SWEDEN,Nacidos en Suecia · ambos padres en Suecia,6,36672,51915,70.638544,2025-12-31,https://www.statistikdatabasen.scb.se/pxweb/sv/ssd/START__BE__BE0101__BE0101Q/UtlSvBakgFinCKM/
13,Hallands län,county,PARENT_FOREIGN_BORN,Nacidos fuera de Suecia,08,51962,346090,15.014014,2025-12-31,https://www.statistikdatabasen.scb.se/pxweb/sv/ssd/START__BE__BE0101__BE0101Q/UtlSvBakgFinCKM/
13,Hallands län,county,PARENT_BOTH_FOREIGN,Nacidos en Suecia · ambos padres fuera,4,16257,346090,4.697333,2025-12-31,https://www.statistikdatabasen.scb.se/pxweb/sv/ssd/START__BE__BE0101__BE0101Q/UtlSvBakgFinCKM/
13,Hallands län,county,PARENT_MIXED,Nacidos en Suecia · un padre fuera,5,25367,346090,7.329596,2025-12-31,https://www.statistikdatabasen.scb.se/pxweb/sv/ssd/START__BE__BE0101__BE0101Q/UtlSvBakgFinCKM/
13,Hallands län,county,PARENT_BOTH_SWEDEN,Nacidos en Suecia · ambos padres en Suecia,6,252507,346090,72.959924,2025-12-31,https://www.statistikdatabasen.scb.se/pxweb/sv/ssd/START__BE__BE0101__BE0101Q/UtlSvBakgFinCKM/
1315,Hylte,municipality,PARENT_FOREIGN_BORN,Nacidos fuera de Suecia,08,2383,10094,23.608084,2025-12-31,https://www.statistikdatabasen.scb.se/pxweb/sv/ssd/START__BE__BE0101__BE0101Q/UtlSvBakgFinCKM/
1315,Hylte,municipality,PARENT_BOTH_FOREIGN,Nacidos en Suecia · ambos padres fuera,4,726,10094,7.192392,2025-12-31,https://www.statistikdatabasen.scb.se/pxweb/sv/ssd/START__BE__BE0101__BE0101Q/UtlSvBakgFinCKM/
1315,Hylte,municipality,PARENT_MIXED,Nacidos en Suecia · un padre fuera,5,700,10094,6.934813,2025-12-31,https://www.statistikdatabasen.scb.se/pxweb/sv/ssd/START__BE__BE0101__BE0101Q/UtlSvBakgFinCKM/
1315,Hylte,municipality,PARENT_BOTH_SWEDEN,Nacidos en Suecia · ambos padres en Suecia,6,6288,10094,62.294432,2025-12-31,https://www.statistikdatabasen.scb.se/pxweb/sv/ssd/START__BE__BE0101__BE0101Q/UtlSvBakgFinCKM/
1380,Halmstad,municipality,PARENT_FOREIGN_BORN,Nacidos fuera de Suecia,08,21854,106315,20.555895,2025-12-31,https://www.statistikdatabasen.scb.se/pxweb/sv/ssd/START__BE__BE0101__BE0101Q/UtlSvBakgFinCKM/
1380,Halmstad,municipality,PARENT_BOTH_FOREIGN,Nacidos en Suecia · ambos padres fuera,4,7815,106315,7.350797,2025-12-31,https://www.statistikdatabasen.scb.se/pxweb/sv/ssd/START__BE__BE0101__BE0101Q/UtlSvBakgFinCKM/
1380,Halmstad,municipality,PARENT_MIXED,Nacidos en Suecia · un padre fuera,5,7935,106315,7.463669,2025-12-31,https://www.statistikdatabasen.scb.se/pxweb/sv/ssd/START__BE__BE0101__BE0101Q/UtlSvBakgFinCKM/
1380,Halmstad,municipality,PARENT_BOTH_SWEDEN,Nacidos en Suecia · ambos padres en Suecia,6,68712,106315,64.630579,2025-12-31,https://www.statistikdatabasen.scb.se/pxweb/sv/ssd/START__BE__BE0101__BE0101Q/UtlSvBakgFinCKM/
1381,Laholm,municipality,PARENT_FOREIGN_BORN,Nacidos fuera de Suecia,08,3988,26565,15.012234,2025-12-31,https://www.statistikdatabasen.scb.se/pxweb/sv/ssd/START__BE__BE0101__BE0101Q/UtlSvBakgFinCKM/
1381,Laholm,municipality,PARENT_BOTH_FOREIGN,Nacidos en Suecia · ambos padres fuera,4,1054,26565,3.967627,2025-12-31,https://www.statistikdatabasen.scb.se/pxweb/sv/ssd/START__BE__BE0101__BE0101Q/UtlSvBakgFinCKM/
1381,Laholm,municipality,PARENT_MIXED,Nacidos en Suecia · un padre fuera,5,1689,26565,6.357990,2025-12-31,https://www.statistikdatabasen.scb.se/pxweb/sv/ssd/START__BE__BE0101__BE0101Q/UtlSvBakgFinCKM/
1381,Laholm,municipality,PARENT_BOTH_SWEDEN,Nacidos en Suecia · ambos padres en Suecia,6,19834,26565,74.662149,2025-12-31,https://www.statistikdatabasen.scb.se/pxweb/sv/ssd/START__BE__BE0101__BE0101Q/UtlSvBakgFinCKM/
1382,Falkenberg,municipality,PARENT_FOREIGN_BORN,Nacidos fuera de Suecia,08,7204,47321,15.223685,2025-12-31,https://www.statistikdatabasen.scb.se/pxweb/sv/ssd/START__BE__BE0101__BE0101Q/UtlSvBakgFinCKM/
1382,Falkenberg,municipality,PARENT_BOTH_FOREIGN,Nacidos en Suecia · ambos padres fuera,4,2323,47321,4.909026,2025-12-31,https://www.statistikdatabasen.scb.se/pxweb/sv/ssd/START__BE__BE0101__BE0101Q/UtlSvBakgFinCKM/
1382,Falkenberg,municipality,PARENT_MIXED,Nacidos en Suecia · un padre fuera,5,3232,47321,6.829949,2025-12-31,https://www.statistikdatabasen.scb.se/pxweb/sv/ssd/START__BE__BE0101__BE0101Q/UtlSvBakgFinCKM/
1382,Falkenberg,municipality,PARENT_BOTH_SWEDEN,Nacidos en Suecia · ambos padres en Suecia,6,34563,47321,73.039454,2025-12-31,https://www.statistikdatabasen.scb.se/pxweb/sv/ssd/START__BE__BE0101__BE0101Q/UtlSvBakgFinCKM/
1383,Varberg,municipality,PARENT_FOREIGN_BORN,Nacidos fuera de Suecia,08,8172,69460,11.765045,2025-12-31,https://www.statistikdatabasen.scb.se/pxweb/sv/ssd/START__BE__BE0101__BE0101Q/UtlSvBakgFinCKM/
1383,Varberg,municipality,PARENT_BOTH_FOREIGN,Nacidos en Suecia · ambos padres fuera,4,2376,69460,3.420674,2025-12-31,https://www.statistikdatabasen.scb.se/pxweb/sv/ssd/START__BE__BE0101__BE0101Q/UtlSvBakgFinCKM/
1383,Varberg,municipality,PARENT_MIXED,Nacidos en Suecia · un padre fuera,5,4888,69460,7.037144,2025-12-31,https://www.statistikdatabasen.scb.se/pxweb/sv/ssd/START__BE__BE0101__BE0101Q/UtlSvBakgFinCKM/
1383,Varberg,municipality,PARENT_BOTH_SWEDEN,Nacidos en Suecia · ambos padres en Suecia,6,54024,69460,77.777138,2025-12-31,https://www.statistikdatabasen.scb.se/pxweb/sv/ssd/START__BE__BE0101__BE0101Q/UtlSvBakgFinCKM/
1384,Kungsbacka,municipality,PARENT_FOREIGN_BORN,Nacidos fuera de Suecia,08,8367,86332,9.691655,2025-12-31,https://www.statistikdatabasen.scb.se/pxweb/sv/ssd/START__BE__BE0101__BE0101Q/UtlSvBakgFinCKM/
1384,Kungsbacka,municipality,PARENT_BOTH_FOREIGN,Nacidos en Suecia · ambos padres fuera,4,1962,86332,2.272622,2025-12-31,https://www.statistikdatabasen.scb.se/pxweb/sv/ssd/START__BE__BE0101__BE0101Q/UtlSvBakgFinCKM/
1384,Kungsbacka,municipality,PARENT_MIXED,Nacidos en Suecia · un padre fuera,5,6921,86332,8.016726,2025-12-31,https://www.statistikdatabasen.scb.se/pxweb/sv/ssd/START__BE__BE0101__BE0101Q/UtlSvBakgFinCKM/
1384,Kungsbacka,municipality,PARENT_BOTH_SWEDEN,Nacidos en Suecia · ambos padres en Suecia,6,69082,86332,80.018996,2025-12-31,https://www.statistikdatabasen.scb.se/pxweb/sv/ssd/START__BE__BE0101__BE0101Q/UtlSvBakgFinCKM/
14,Västra Götalands län,county,PARENT_FOREIGN_BORN,Nacidos fuera de Suecia,08,371641,1777803,20.904510,2025-12-31,https://www.statistikdatabasen.scb.se/pxweb/sv/ssd/START__BE__BE0101__BE0101Q/UtlSvBakgFinCKM/
14,Västra Götalands län,county,PARENT_BOTH_FOREIGN,Nacidos en Suecia · ambos padres fuera,4,125946,1777803,7.084362,2025-12-31,https://www.statistikdatabasen.scb.se/pxweb/sv/ssd/START__BE__BE0101__BE0101Q/UtlSvBakgFinCKM/
14,Västra Götalands län,county,PARENT_MIXED,Nacidos en Suecia · un padre fuera,5,142645,1777803,8.023667,2025-12-31,https://www.statistikdatabasen.scb.se/pxweb/sv/ssd/START__BE__BE0101__BE0101Q/UtlSvBakgFinCKM/
14,Västra Götalands län,county,PARENT_BOTH_SWEDEN,Nacidos en Suecia · ambos padres en Suecia,6,1137567,1777803,63.987236,2025-12-31,https://www.statistikdatabasen.scb.se/pxweb/sv/ssd/START__BE__BE0101__BE0101Q/UtlSvBakgFinCKM/
1401,Härryda,municipality,PARENT_FOREIGN_BORN,Nacidos fuera de Suecia,08,5378,40011,13.441304,2025-12-31,https://www.statistikdatabasen.scb.se/pxweb/sv/ssd/START__BE__BE0101__BE0101Q/UtlSvBakgFinCKM/
1401,Härryda,municipality,PARENT_BOTH_FOREIGN,Nacidos en Suecia · ambos padres fuera,4,1886,40011,4.713704,2025-12-31,https://www.statistikdatabasen.scb.se/pxweb/sv/ssd/START__BE__BE0101__BE0101Q/UtlSvBakgFinCKM/
1401,Härryda,municipality,PARENT_MIXED,Nacidos en Suecia · un padre fuera,5,3646,40011,9.112494,2025-12-31,https://www.statistikdatabasen.scb.se/pxweb/sv/ssd/START__BE__BE0101__BE0101Q/UtlSvBakgFinCKM/
1401,Härryda,municipality,PARENT_BOTH_SWEDEN,Nacidos en Suecia · ambos padres en Suecia,6,29101,40011,72.732499,2025-12-31,https://www.statistikdatabasen.scb.se/pxweb/sv/ssd/START__BE__BE0101__BE0101Q/UtlSvBakgFinCKM/
1402,Partille,municipality,PARENT_FOREIGN_BORN,Nacidos fuera de Suecia,08,8976,41164,21.805461,2025-12-31,https://www.statistikdatabasen.scb.se/pxweb/sv/ssd/START__BE__BE0101__BE0101Q/UtlSvBakgFinCKM/
1402,Partille,municipality,PARENT_BOTH_FOREIGN,Nacidos en Suecia · ambos padres fuera,4,3235,41164,7.858809,2025-12-31,https://www.statistikdatabasen.scb.se/pxweb/sv/ssd/START__BE__BE0101__BE0101Q/UtlSvBakgFinCKM/
1402,Partille,municipality,PARENT_MIXED,Nacidos en Suecia · un padre fuera,5,3880,41164,9.425712,2025-12-31,https://www.statistikdatabasen.scb.se/pxweb/sv/ssd/START__BE__BE0101__BE0101Q/UtlSvBakgFinCKM/
1402,Partille,municipality,PARENT_BOTH_SWEDEN,Nacidos en Suecia · ambos padres en Suecia,6,25074,41164,60.912448,2025-12-31,https://www.statistikdatabasen.scb.se/pxweb/sv/ssd/START__BE__BE0101__BE0101Q/UtlSvBakgFinCKM/
1407,Öckerö,municipality,PARENT_FOREIGN_BORN,Nacidos fuera de Suecia,08,863,12863,6.709166,2025-12-31,https://www.statistikdatabasen.scb.se/pxweb/sv/ssd/START__BE__BE0101__BE0101Q/UtlSvBakgFinCKM/
1407,Öckerö,municipality,PARENT_BOTH_FOREIGN,Nacidos en Suecia · ambos padres fuera,4,129,12863,1.002876,2025-12-31,https://www.statistikdatabasen.scb.se/pxweb/sv/ssd/START__BE__BE0101__BE0101Q/UtlSvBakgFinCKM/
1407,Öckerö,municipality,PARENT_MIXED,Nacidos en Suecia · un padre fuera,5,875,12863,6.802457,2025-12-31,https://www.statistikdatabasen.scb.se/pxweb/sv/ssd/START__BE__BE0101__BE0101Q/UtlSvBakgFinCKM/
1407,Öckerö,municipality,PARENT_BOTH_SWEDEN,Nacidos en Suecia · ambos padres en Suecia,6,11000,12863,85.516598,2025-12-31,https://www.statistikdatabasen.scb.se/pxweb/sv/ssd/START__BE__BE0101__BE0101Q/UtlSvBakgFinCKM/
1415,Stenungsund,municipality,PARENT_FOREIGN_BORN,Nacidos fuera de Suecia,08,3301,27854,11.851081,2025-12-31,https://www.statistikdatabasen.scb.se/pxweb/sv/ssd/START__BE__BE0101__BE0101Q/UtlSvBakgFinCKM/
1415,Stenungsund,municipality,PARENT_BOTH_FOREIGN,Nacidos en Suecia · ambos padres fuera,4,879,27854,3.155741,2025-12-31,https://www.statistikdatabasen.scb.se/pxweb/sv/ssd/START__BE__BE0101__BE0101Q/UtlSvBakgFinCKM/
1415,Stenungsund,municipality,PARENT_MIXED,Nacidos en Suecia · un padre fuera,5,2199,27854,7.894737,2025-12-31,https://www.statistikdatabasen.scb.se/pxweb/sv/ssd/START__BE__BE0101__BE0101Q/UtlSvBakgFinCKM/
1415,Stenungsund,municipality,PARENT_BOTH_SWEDEN,Nacidos en Suecia · ambos padres en Suecia,6,21472,27854,77.087671,2025-12-31,https://www.statistikdatabasen.scb.se/pxweb/sv/ssd/START__BE__BE0101__BE0101Q/UtlSvBakgFinCKM/
1419,Tjörn,municipality,PARENT_FOREIGN_BORN,Nacidos fuera de Suecia,08,1475,16003,9.217022,2025-12-31,https://www.statistikdatabasen.scb.se/pxweb/sv/ssd/START__BE__BE0101__BE0101Q/UtlSvBakgFinCKM/
1419,Tjörn,municipality,PARENT_BOTH_FOREIGN,Nacidos en Suecia · ambos padres fuera,4,329,16003,2.055865,2025-12-31,https://www.statistikdatabasen.scb.se/pxweb/sv/ssd/START__BE__BE0101__BE0101Q/UtlSvBakgFinCKM/
1419,Tjörn,municipality,PARENT_MIXED,Nacidos en Suecia · un padre fuera,5,1061,16003,6.630007,2025-12-31,https://www.statistikdatabasen.scb.se/pxweb/sv/ssd/START__BE__BE0101__BE0101Q/UtlSvBakgFinCKM/
1419,Tjörn,municipality,PARENT_BOTH_SWEDEN,Nacidos en Suecia · ambos padres en Suecia,6,13140,16003,82.109604,2025-12-31,https://www.statistikdatabasen.scb.se/pxweb/sv/ssd/START__BE__BE0101__BE0101Q/UtlSvBakgFinCKM/
1421,Orust,municipality,PARENT_FOREIGN_BORN,Nacidos fuera de Suecia,08,1498,15363,9.750700,2025-12-31,https://www.statistikdatabasen.scb.se/pxweb/sv/ssd/START__BE__BE0101__BE0101Q/UtlSvBakgFinCKM/
1421,Orust,municipality,PARENT_BOTH_FOREIGN,Nacidos en Suecia · ambos padres fuera,4,284,15363,1.848597,2025-12-31,https://www.statistikdatabasen.scb.se/pxweb/sv/ssd/START__BE__BE0101__BE0101Q/UtlSvBakgFinCKM/
1421,Orust,municipality,PARENT_MIXED,Nacidos en Suecia · un padre fuera,5,1021,15363,6.645837,2025-12-31,https://www.statistikdatabasen.scb.se/pxweb/sv/ssd/START__BE__BE0101__BE0101Q/UtlSvBakgFinCKM/
1421,Orust,municipality,PARENT_BOTH_SWEDEN,Nacidos en Suecia · ambos padres en Suecia,6,12562,15363,81.767884,2025-12-31,https://www.statistikdatabasen.scb.se/pxweb/sv/ssd/START__BE__BE0101__BE0101Q/UtlSvBakgFinCKM/
1427,Sotenäs,municipality,PARENT_FOREIGN_BORN,Nacidos fuera de Suecia,08,997,9036,11.033643,2025-12-31,https://www.statistikdatabasen.scb.se/pxweb/sv/ssd/START__BE__BE0101__BE0101Q/UtlSvBakgFinCKM/
1427,Sotenäs,municipality,PARENT_BOTH_FOREIGN,Nacidos en Suecia · ambos padres fuera,4,179,9036,1.980965,2025-12-31,https://www.statistikdatabasen.scb.se/pxweb/sv/ssd/START__BE__BE0101__BE0101Q/UtlSvBakgFinCKM/
1427,Sotenäs,municipality,PARENT_MIXED,Nacidos en Suecia · un padre fuera,5,651,9036,7.204515,2025-12-31,https://www.statistikdatabasen.scb.se/pxweb/sv/ssd/START__BE__BE0101__BE0101Q/UtlSvBakgFinCKM/
1427,Sotenäs,municipality,PARENT_BOTH_SWEDEN,Nacidos en Suecia · ambos padres en Suecia,6,7208,9036,79.769810,2025-12-31,https://www.statistikdatabasen.scb.se/pxweb/sv/ssd/START__BE__BE0101__BE0101Q/UtlSvBakgFinCKM/
1430,Munkedal,municipality,PARENT_FOREIGN_BORN,Nacidos fuera de Suecia,08,1189,10272,11.575156,2025-12-31,https://www.statistikdatabasen.scb.se/pxweb/sv/ssd/START__BE__BE0101__BE0101Q/UtlSvBakgFinCKM/
1430,Munkedal,municipality,PARENT_BOTH_FOREIGN,Nacidos en Suecia · ambos padres fuera,4,292,10272,2.842679,2025-12-31,https://www.statistikdatabasen.scb.se/pxweb/sv/ssd/START__BE__BE0101__BE0101Q/UtlSvBakgFinCKM/
1430,Munkedal,municipality,PARENT_MIXED,Nacidos en Suecia · un padre fuera,5,685,10272,6.668614,2025-12-31,https://www.statistikdatabasen.scb.se/pxweb/sv/ssd/START__BE__BE0101__BE0101Q/UtlSvBakgFinCKM/
1430,Munkedal,municipality,PARENT_BOTH_SWEDEN,Nacidos en Suecia · ambos padres en Suecia,6,8105,10272,78.903816,2025-12-31,https://www.statistikdatabasen.scb.se/pxweb/sv/ssd/START__BE__BE0101__BE0101Q/UtlSvBakgFinCKM/
1435,Tanum,municipality,PARENT_FOREIGN_BORN,Nacidos fuera de Suecia,08,1537,12677,12.124320,2025-12-31,https://www.statistikdatabasen.scb.se/pxweb/sv/ssd/START__BE__BE0101__BE0101Q/UtlSvBakgFinCKM/
1435,Tanum,municipality,PARENT_BOTH_FOREIGN,Nacidos en Suecia · ambos padres fuera,4,274,12677,2.161395,2025-12-31,https://www.statistikdatabasen.scb.se/pxweb/sv/ssd/START__BE__BE0101__BE0101Q/UtlSvBakgFinCKM/
1435,Tanum,municipality,PARENT_MIXED,Nacidos en Suecia · un padre fuera,5,948,12677,7.478110,2025-12-31,https://www.statistikdatabasen.scb.se/pxweb/sv/ssd/START__BE__BE0101__BE0101Q/UtlSvBakgFinCKM/
1435,Tanum,municipality,PARENT_BOTH_SWEDEN,Nacidos en Suecia · ambos padres en Suecia,6,9919,12677,78.244064,2025-12-31,https://www.statistikdatabasen.scb.se/pxweb/sv/ssd/START__BE__BE0101__BE0101Q/UtlSvBakgFinCKM/
1438,Dals-Ed,municipality,PARENT_FOREIGN_BORN,Nacidos fuera de Suecia,08,694,4571,15.182673,2025-12-31,https://www.statistikdatabasen.scb.se/pxweb/sv/ssd/START__BE__BE0101__BE0101Q/UtlSvBakgFinCKM/
1438,Dals-Ed,municipality,PARENT_BOTH_FOREIGN,Nacidos en Suecia · ambos padres fuera,4,102,4571,2.231459,2025-12-31,https://www.statistikdatabasen.scb.se/pxweb/sv/ssd/START__BE__BE0101__BE0101Q/UtlSvBakgFinCKM/
1438,Dals-Ed,municipality,PARENT_MIXED,Nacidos en Suecia · un padre fuera,5,393,4571,8.597681,2025-12-31,https://www.statistikdatabasen.scb.se/pxweb/sv/ssd/START__BE__BE0101__BE0101Q/UtlSvBakgFinCKM/
1438,Dals-Ed,municipality,PARENT_BOTH_SWEDEN,Nacidos en Suecia · ambos padres en Suecia,6,3383,4571,74.010063,2025-12-31,https://www.statistikdatabasen.scb.se/pxweb/sv/ssd/START__BE__BE0101__BE0101Q/UtlSvBakgFinCKM/
1439,Färgelanda,municipality,PARENT_FOREIGN_BORN,Nacidos fuera de Suecia,08,670,6288,10.655216,2025-12-31,https://www.statistikdatabasen.scb.se/pxweb/sv/ssd/START__BE__BE0101__BE0101Q/UtlSvBakgFinCKM/
1439,Färgelanda,municipality,PARENT_BOTH_FOREIGN,Nacidos en Suecia · ambos padres fuera,4,150,6288,2.385496,2025-12-31,https://www.statistikdatabasen.scb.se/pxweb/sv/ssd/START__BE__BE0101__BE0101Q/UtlSvBakgFinCKM/
1439,Färgelanda,municipality,PARENT_MIXED,Nacidos en Suecia · un padre fuera,5,442,6288,7.029262,2025-12-31,https://www.statistikdatabasen.scb.se/pxweb/sv/ssd/START__BE__BE0101__BE0101Q/UtlSvBakgFinCKM/
1439,Färgelanda,municipality,PARENT_BOTH_SWEDEN,Nacidos en Suecia · ambos padres en Suecia,6,5030,6288,79.993639,2025-12-31,https://www.statistikdatabasen.scb.se/pxweb/sv/ssd/START__BE__BE0101__BE0101Q/UtlSvBakgFinCKM/
1440,Ale,municipality,PARENT_FOREIGN_BORN,Nacidos fuera de Suecia,08,6160,32620,18.884120,2025-12-31,https://www.statistikdatabasen.scb.se/pxweb/sv/ssd/START__BE__BE0101__BE0101Q/UtlSvBakgFinCKM/
1440,Ale,municipality,PARENT_BOTH_FOREIGN,Nacidos en Suecia · ambos padres fuera,4,2696,32620,8.264868,2025-12-31,https://www.statistikdatabasen.scb.se/pxweb/sv/ssd/START__BE__BE0101__BE0101Q/UtlSvBakgFinCKM/
1440,Ale,municipality,PARENT_MIXED,Nacidos en Suecia · un padre fuera,5,3098,32620,9.497241,2025-12-31,https://www.statistikdatabasen.scb.se/pxweb/sv/ssd/START__BE__BE0101__BE0101Q/UtlSvBakgFinCKM/
1440,Ale,municipality,PARENT_BOTH_SWEDEN,Nacidos en Suecia · ambos padres en Suecia,6,20668,32620,63.359902,2025-12-31,https://www.statistikdatabasen.scb.se/pxweb/sv/ssd/START__BE__BE0101__BE0101Q/UtlSvBakgFinCKM/
1441,Lerum,municipality,PARENT_FOREIGN_BORN,Nacidos fuera de Suecia,08,4919,43752,11.242915,2025-12-31,https://www.statistikdatabasen.scb.se/pxweb/sv/ssd/START__BE__BE0101__BE0101Q/UtlSvBakgFinCKM/
1441,Lerum,municipality,PARENT_BOTH_FOREIGN,Nacidos en Suecia · ambos padres fuera,4,1699,43752,3.883251,2025-12-31,https://www.statistikdatabasen.scb.se/pxweb/sv/ssd/START__BE__BE0101__BE0101Q/UtlSvBakgFinCKM/
1441,Lerum,municipality,PARENT_MIXED,Nacidos en Suecia · un padre fuera,5,4013,43752,9.172152,2025-12-31,https://www.statistikdatabasen.scb.se/pxweb/sv/ssd/START__BE__BE0101__BE0101Q/UtlSvBakgFinCKM/
1441,Lerum,municipality,PARENT_BOTH_SWEDEN,Nacidos en Suecia · ambos padres en Suecia,6,33122,43752,75.703968,2025-12-31,https://www.statistikdatabasen.scb.se/pxweb/sv/ssd/START__BE__BE0101__BE0101Q/UtlSvBakgFinCKM/
1442,Vårgårda,municipality,PARENT_FOREIGN_BORN,Nacidos fuera de Suecia,08,1782,12472,14.288005,2025-12-31,https://www.statistikdatabasen.scb.se/pxweb/sv/ssd/START__BE__BE0101__BE0101Q/UtlSvBakgFinCKM/
1442,Vårgårda,municipality,PARENT_BOTH_FOREIGN,Nacidos en Suecia · ambos padres fuera,4,566,12472,4.538165,2025-12-31,https://www.statistikdatabasen.scb.se/pxweb/sv/ssd/START__BE__BE0101__BE0101Q/UtlSvBakgFinCKM/
1442,Vårgårda,municipality,PARENT_MIXED,Nacidos en Suecia · un padre fuera,5,905,12472,7.256254,2025-12-31,https://www.statistikdatabasen.scb.se/pxweb/sv/ssd/START__BE__BE0101__BE0101Q/UtlSvBakgFinCKM/
1442,Vårgårda,municipality,PARENT_BOTH_SWEDEN,Nacidos en Suecia · ambos padres en Suecia,6,9218,12472,73.909557,2025-12-31,https://www.statistikdatabasen.scb.se/pxweb/sv/ssd/START__BE__BE0101__BE0101Q/UtlSvBakgFinCKM/
1443,Bollebygd,municipality,PARENT_FOREIGN_BORN,Nacidos fuera de Suecia,08,1064,9784,10.874898,2025-12-31,https://www.statistikdatabasen.scb.se/pxweb/sv/ssd/START__BE__BE0101__BE0101Q/UtlSvBakgFinCKM/
1443,Bollebygd,municipality,PARENT_BOTH_FOREIGN,Nacidos en Suecia · ambos padres fuera,4,316,9784,3.229763,2025-12-31,https://www.statistikdatabasen.scb.se/pxweb/sv/ssd/START__BE__BE0101__BE0101Q/UtlSvBakgFinCKM/
1443,Bollebygd,municipality,PARENT_MIXED,Nacidos en Suecia · un padre fuera,5,833,9784,8.513900,2025-12-31,https://www.statistikdatabasen.scb.se/pxweb/sv/ssd/START__BE__BE0101__BE0101Q/UtlSvBakgFinCKM/
1443,Bollebygd,municipality,PARENT_BOTH_SWEDEN,Nacidos en Suecia · ambos padres en Suecia,6,7574,9784,77.412101,2025-12-31,https://www.statistikdatabasen.scb.se/pxweb/sv/ssd/START__BE__BE0101__BE0101Q/UtlSvBakgFinCKM/
1444,Grästorp,municipality,PARENT_FOREIGN_BORN,Nacidos fuera de Suecia,08,438,5602,7.818636,2025-12-31,https://www.statistikdatabasen.scb.se/pxweb/sv/ssd/START__BE__BE0101__BE0101Q/UtlSvBakgFinCKM/
1444,Grästorp,municipality,PARENT_BOTH_FOREIGN,Nacidos en Suecia · ambos padres fuera,4,109,5602,1.945734,2025-12-31,https://www.statistikdatabasen.scb.se/pxweb/sv/ssd/START__BE__BE0101__BE0101Q/UtlSvBakgFinCKM/
1444,Grästorp,municipality,PARENT_MIXED,Nacidos en Suecia · un padre fuera,5,319,5602,5.694395,2025-12-31,https://www.statistikdatabasen.scb.se/pxweb/sv/ssd/START__BE__BE0101__BE0101Q/UtlSvBakgFinCKM/
1444,Grästorp,municipality,PARENT_BOTH_SWEDEN,Nacidos en Suecia · ambos padres en Suecia,6,4740,5602,84.612638,2025-12-31,https://www.statistikdatabasen.scb.se/pxweb/sv/ssd/START__BE__BE0101__BE0101Q/UtlSvBakgFinCKM/
1445,Essunga,municipality,PARENT_FOREIGN_BORN,Nacidos fuera de Suecia,08,517,5559,9.300234,2025-12-31,https://www.statistikdatabasen.scb.se/pxweb/sv/ssd/START__BE__BE0101__BE0101Q/UtlSvBakgFinCKM/
1445,Essunga,municipality,PARENT_BOTH_FOREIGN,Nacidos en Suecia · ambos padres fuera,4,122,5559,2.194639,2025-12-31,https://www.statistikdatabasen.scb.se/pxweb/sv/ssd/START__BE__BE0101__BE0101Q/UtlSvBakgFinCKM/
1445,Essunga,municipality,PARENT_MIXED,Nacidos en Suecia · un padre fuera,5,365,5559,6.565929,2025-12-31,https://www.statistikdatabasen.scb.se/pxweb/sv/ssd/START__BE__BE0101__BE0101Q/UtlSvBakgFinCKM/
1445,Essunga,municipality,PARENT_BOTH_SWEDEN,Nacidos en Suecia · ambos padres en Suecia,6,4557,5559,81.975175,2025-12-31,https://www.statistikdatabasen.scb.se/pxweb/sv/ssd/START__BE__BE0101__BE0101Q/UtlSvBakgFinCKM/
1446,Karlsborg,municipality,PARENT_FOREIGN_BORN,Nacidos fuera de Suecia,08,642,7047,9.110260,2025-12-31,https://www.statistikdatabasen.scb.se/pxweb/sv/ssd/START__BE__BE0101__BE0101Q/UtlSvBakgFinCKM/
1446,Karlsborg,municipality,PARENT_BOTH_FOREIGN,Nacidos en Suecia · ambos padres fuera,4,119,7047,1.688662,2025-12-31,https://www.statistikdatabasen.scb.se/pxweb/sv/ssd/START__BE__BE0101__BE0101Q/UtlSvBakgFinCKM/
1446,Karlsborg,municipality,PARENT_MIXED,Nacidos en Suecia · un padre fuera,5,346,7047,4.909891,2025-12-31,https://www.statistikdatabasen.scb.se/pxweb/sv/ssd/START__BE__BE0101__BE0101Q/UtlSvBakgFinCKM/
1446,Karlsborg,municipality,PARENT_BOTH_SWEDEN,Nacidos en Suecia · ambos padres en Suecia,6,5945,7047,84.362140,2025-12-31,https://www.statistikdatabasen.scb.se/pxweb/sv/ssd/START__BE__BE0101__BE0101Q/UtlSvBakgFinCKM/
1447,Gullspång,municipality,PARENT_FOREIGN_BORN,Nacidos fuera de Suecia,08,847,4949,17.114569,2025-12-31,https://www.statistikdatabasen.scb.se/pxweb/sv/ssd/START__BE__BE0101__BE0101Q/UtlSvBakgFinCKM/
1447,Gullspång,municipality,PARENT_BOTH_FOREIGN,Nacidos en Suecia · ambos padres fuera,4,204,4949,4.122045,2025-12-31,https://www.statistikdatabasen.scb.se/pxweb/sv/ssd/START__BE__BE0101__BE0101Q/UtlSvBakgFinCKM/
1447,Gullspång,municipality,PARENT_MIXED,Nacidos en Suecia · un padre fuera,5,265,4949,5.354617,2025-12-31,https://www.statistikdatabasen.scb.se/pxweb/sv/ssd/START__BE__BE0101__BE0101Q/UtlSvBakgFinCKM/
1447,Gullspång,municipality,PARENT_BOTH_SWEDEN,Nacidos en Suecia · ambos padres en Suecia,6,3628,4949,73.307739,2025-12-31,https://www.statistikdatabasen.scb.se/pxweb/sv/ssd/START__BE__BE0101__BE0101Q/UtlSvBakgFinCKM/
1452,Tranemo,municipality,PARENT_FOREIGN_BORN,Nacidos fuera de Suecia,08,2138,11873,18.007243,2025-12-31,https://www.statistikdatabasen.scb.se/pxweb/sv/ssd/START__BE__BE0101__BE0101Q/UtlSvBakgFinCKM/
1452,Tranemo,municipality,PARENT_BOTH_FOREIGN,Nacidos en Suecia · ambos padres fuera,4,727,11873,6.123137,2025-12-31,https://www.statistikdatabasen.scb.se/pxweb/sv/ssd/START__BE__BE0101__BE0101Q/UtlSvBakgFinCKM/
1452,Tranemo,municipality,PARENT_MIXED,Nacidos en Suecia · un padre fuera,5,831,11873,6.999074,2025-12-31,https://www.statistikdatabasen.scb.se/pxweb/sv/ssd/START__BE__BE0101__BE0101Q/UtlSvBakgFinCKM/
1452,Tranemo,municipality,PARENT_BOTH_SWEDEN,Nacidos en Suecia · ambos padres en Suecia,6,8180,11873,68.895814,2025-12-31,https://www.statistikdatabasen.scb.se/pxweb/sv/ssd/START__BE__BE0101__BE0101Q/UtlSvBakgFinCKM/
1460,Bengtsfors,municipality,PARENT_FOREIGN_BORN,Nacidos fuera de Suecia,08,1678,8955,18.738135,2025-12-31,https://www.statistikdatabasen.scb.se/pxweb/sv/ssd/START__BE__BE0101__BE0101Q/UtlSvBakgFinCKM/
1460,Bengtsfors,municipality,PARENT_BOTH_FOREIGN,Nacidos en Suecia · ambos padres fuera,4,307,8955,3.428252,2025-12-31,https://www.statistikdatabasen.scb.se/pxweb/sv/ssd/START__BE__BE0101__BE0101Q/UtlSvBakgFinCKM/
1460,Bengtsfors,municipality,PARENT_MIXED,Nacidos en Suecia · un padre fuera,5,643,8955,7.180346,2025-12-31,https://www.statistikdatabasen.scb.se/pxweb/sv/ssd/START__BE__BE0101__BE0101Q/UtlSvBakgFinCKM/
1460,Bengtsfors,municipality,PARENT_BOTH_SWEDEN,Nacidos en Suecia · ambos padres en Suecia,6,6331,8955,70.697934,2025-12-31,https://www.statistikdatabasen.scb.se/pxweb/sv/ssd/START__BE__BE0101__BE0101Q/UtlSvBakgFinCKM/
1461,Mellerud,municipality,PARENT_FOREIGN_BORN,Nacidos fuera de Suecia,08,1573,9038,17.404293,2025-12-31,https://www.statistikdatabasen.scb.se/pxweb/sv/ssd/START__BE__BE0101__BE0101Q/UtlSvBakgFinCKM/
1461,Mellerud,municipality,PARENT_BOTH_FOREIGN,Nacidos en Suecia · ambos padres fuera,4,382,9038,4.226599,2025-12-31,https://www.statistikdatabasen.scb.se/pxweb/sv/ssd/START__BE__BE0101__BE0101Q/UtlSvBakgFinCKM/
1461,Mellerud,municipality,PARENT_MIXED,Nacidos en Suecia · un padre fuera,5,513,9038,5.676035,2025-12-31,https://www.statistikdatabasen.scb.se/pxweb/sv/ssd/START__BE__BE0101__BE0101Q/UtlSvBakgFinCKM/
1461,Mellerud,municipality,PARENT_BOTH_SWEDEN,Nacidos en Suecia · ambos padres en Suecia,6,6570,9038,72.693074,2025-12-31,https://www.statistikdatabasen.scb.se/pxweb/sv/ssd/START__BE__BE0101__BE0101Q/UtlSvBakgFinCKM/
1462,Lilla Edet,municipality,PARENT_FOREIGN_BORN,Nacidos fuera de Suecia,08,2712,14398,18.835949,2025-12-31,https://www.statistikdatabasen.scb.se/pxweb/sv/ssd/START__BE__BE0101__BE0101Q/UtlSvBakgFinCKM/
1462,Lilla Edet,municipality,PARENT_BOTH_FOREIGN,Nacidos en Suecia · ambos padres fuera,4,1009,14398,7.007918,2025-12-31,https://www.statistikdatabasen.scb.se/pxweb/sv/ssd/START__BE__BE0101__BE0101Q/UtlSvBakgFinCKM/
1462,Lilla Edet,municipality,PARENT_MIXED,Nacidos en Suecia · un padre fuera,5,1318,14398,9.154049,2025-12-31,https://www.statistikdatabasen.scb.se/pxweb/sv/ssd/START__BE__BE0101__BE0101Q/UtlSvBakgFinCKM/
1462,Lilla Edet,municipality,PARENT_BOTH_SWEDEN,Nacidos en Suecia · ambos padres en Suecia,6,9364,14398,65.036811,2025-12-31,https://www.statistikdatabasen.scb.se/pxweb/sv/ssd/START__BE__BE0101__BE0101Q/UtlSvBakgFinCKM/
1463,Mark,municipality,PARENT_FOREIGN_BORN,Nacidos fuera de Suecia,08,4788,35134,13.627825,2025-12-31,https://www.statistikdatabasen.scb.se/pxweb/sv/ssd/START__BE__BE0101__BE0101Q/UtlSvBakgFinCKM/
1463,Mark,municipality,PARENT_BOTH_FOREIGN,Nacidos en Suecia · ambos padres fuera,4,1530,35134,4.354756,2025-12-31,https://www.statistikdatabasen.scb.se/pxweb/sv/ssd/START__BE__BE0101__BE0101Q/UtlSvBakgFinCKM/
1463,Mark,municipality,PARENT_MIXED,Nacidos en Suecia · un padre fuera,5,2740,35134,7.798713,2025-12-31,https://www.statistikdatabasen.scb.se/pxweb/sv/ssd/START__BE__BE0101__BE0101Q/UtlSvBakgFinCKM/
1463,Mark,municipality,PARENT_BOTH_SWEDEN,Nacidos en Suecia · ambos padres en Suecia,6,26075,35134,74.215859,2025-12-31,https://www.statistikdatabasen.scb.se/pxweb/sv/ssd/START__BE__BE0101__BE0101Q/UtlSvBakgFinCKM/
1465,Svenljunga,municipality,PARENT_FOREIGN_BORN,Nacidos fuera de Suecia,08,1696,10616,15.975885,2025-12-31,https://www.statistikdatabasen.scb.se/pxweb/sv/ssd/START__BE__BE0101__BE0101Q/UtlSvBakgFinCKM/
1465,Svenljunga,municipality,PARENT_BOTH_FOREIGN,Nacidos en Suecia · ambos padres fuera,4,486,10616,4.577995,2025-12-31,https://www.statistikdatabasen.scb.se/pxweb/sv/ssd/START__BE__BE0101__BE0101Q/UtlSvBakgFinCKM/
1465,Svenljunga,municipality,PARENT_MIXED,Nacidos en Suecia · un padre fuera,5,799,10616,7.526375,2025-12-31,https://www.statistikdatabasen.scb.se/pxweb/sv/ssd/START__BE__BE0101__BE0101Q/UtlSvBakgFinCKM/
1465,Svenljunga,municipality,PARENT_BOTH_SWEDEN,Nacidos en Suecia · ambos padres en Suecia,6,7632,10616,71.891485,2025-12-31,https://www.statistikdatabasen.scb.se/pxweb/sv/ssd/START__BE__BE0101__BE0101Q/UtlSvBakgFinCKM/
1466,Herrljunga,municipality,PARENT_FOREIGN_BORN,Nacidos fuera de Suecia,08,1218,9509,12.808918,2025-12-31,https://www.statistikdatabasen.scb.se/pxweb/sv/ssd/START__BE__BE0101__BE0101Q/UtlSvBakgFinCKM/
1466,Herrljunga,municipality,PARENT_BOTH_FOREIGN,Nacidos en Suecia · ambos padres fuera,4,363,9509,3.817436,2025-12-31,https://www.statistikdatabasen.scb.se/pxweb/sv/ssd/START__BE__BE0101__BE0101Q/UtlSvBakgFinCKM/
1466,Herrljunga,municipality,PARENT_MIXED,Nacidos en Suecia · un padre fuera,5,662,9509,6.961826,2025-12-31,https://www.statistikdatabasen.scb.se/pxweb/sv/ssd/START__BE__BE0101__BE0101Q/UtlSvBakgFinCKM/
1466,Herrljunga,municipality,PARENT_BOTH_SWEDEN,Nacidos en Suecia · ambos padres en Suecia,6,7264,9509,76.390788,2025-12-31,https://www.statistikdatabasen.scb.se/pxweb/sv/ssd/START__BE__BE0101__BE0101Q/UtlSvBakgFinCKM/
1470,Vara,municipality,PARENT_FOREIGN_BORN,Nacidos fuera de Suecia,08,1983,16011,12.385235,2025-12-31,https://www.statistikdatabasen.scb.se/pxweb/sv/ssd/START__BE__BE0101__BE0101Q/UtlSvBakgFinCKM/
1470,Vara,municipality,PARENT_BOTH_FOREIGN,Nacidos en Suecia · ambos padres fuera,4,446,16011,2.785585,2025-12-31,https://www.statistikdatabasen.scb.se/pxweb/sv/ssd/START__BE__BE0101__BE0101Q/UtlSvBakgFinCKM/
1470,Vara,municipality,PARENT_MIXED,Nacidos en Suecia · un padre fuera,5,893,16011,5.577416,2025-12-31,https://www.statistikdatabasen.scb.se/pxweb/sv/ssd/START__BE__BE0101__BE0101Q/UtlSvBakgFinCKM/
1470,Vara,municipality,PARENT_BOTH_SWEDEN,Nacidos en Suecia · ambos padres en Suecia,6,12690,16011,79.258010,2025-12-31,https://www.statistikdatabasen.scb.se/pxweb/sv/ssd/START__BE__BE0101__BE0101Q/UtlSvBakgFinCKM/
1471,Götene,municipality,PARENT_FOREIGN_BORN,Nacidos fuera de Suecia,08,1643,13223,12.425320,2025-12-31,https://www.statistikdatabasen.scb.se/pxweb/sv/ssd/START__BE__BE0101__BE0101Q/UtlSvBakgFinCKM/
1471,Götene,municipality,PARENT_BOTH_FOREIGN,Nacidos en Suecia · ambos padres fuera,4,414,13223,3.130908,2025-12-31,https://www.statistikdatabasen.scb.se/pxweb/sv/ssd/START__BE__BE0101__BE0101Q/UtlSvBakgFinCKM/
1471,Götene,municipality,PARENT_MIXED,Nacidos en Suecia · un padre fuera,5,746,13223,5.641685,2025-12-31,https://www.statistikdatabasen.scb.se/pxweb/sv/ssd/START__BE__BE0101__BE0101Q/UtlSvBakgFinCKM/
1471,Götene,municipality,PARENT_BOTH_SWEDEN,Nacidos en Suecia · ambos padres en Suecia,6,10422,13223,78.817212,2025-12-31,https://www.statistikdatabasen.scb.se/pxweb/sv/ssd/START__BE__BE0101__BE0101Q/UtlSvBakgFinCKM/
1472,Tibro,municipality,PARENT_FOREIGN_BORN,Nacidos fuera de Suecia,08,1815,11326,16.025075,2025-12-31,https://www.statistikdatabasen.scb.se/pxweb/sv/ssd/START__BE__BE0101__BE0101Q/UtlSvBakgFinCKM/
1472,Tibro,municipality,PARENT_BOTH_FOREIGN,Nacidos en Suecia · ambos padres fuera,4,515,11326,4.547060,2025-12-31,https://www.statistikdatabasen.scb.se/pxweb/sv/ssd/START__BE__BE0101__BE0101Q/UtlSvBakgFinCKM/
1472,Tibro,municipality,PARENT_MIXED,Nacidos en Suecia · un padre fuera,5,546,11326,4.820766,2025-12-31,https://www.statistikdatabasen.scb.se/pxweb/sv/ssd/START__BE__BE0101__BE0101Q/UtlSvBakgFinCKM/
1472,Tibro,municipality,PARENT_BOTH_SWEDEN,Nacidos en Suecia · ambos padres en Suecia,6,8450,11326,74.607099,2025-12-31,https://www.statistikdatabasen.scb.se/pxweb/sv/ssd/START__BE__BE0101__BE0101Q/UtlSvBakgFinCKM/
1473,Töreboda,municipality,PARENT_FOREIGN_BORN,Nacidos fuera de Suecia,08,1304,9093,14.340702,2025-12-31,https://www.statistikdatabasen.scb.se/pxweb/sv/ssd/START__BE__BE0101__BE0101Q/UtlSvBakgFinCKM/
1473,Töreboda,municipality,PARENT_BOTH_FOREIGN,Nacidos en Suecia · ambos padres fuera,4,306,9093,3.365226,2025-12-31,https://www.statistikdatabasen.scb.se/pxweb/sv/ssd/START__BE__BE0101__BE0101Q/UtlSvBakgFinCKM/
1473,Töreboda,municipality,PARENT_MIXED,Nacidos en Suecia · un padre fuera,5,421,9093,4.629935,2025-12-31,https://www.statistikdatabasen.scb.se/pxweb/sv/ssd/START__BE__BE0101__BE0101Q/UtlSvBakgFinCKM/
1473,Töreboda,municipality,PARENT_BOTH_SWEDEN,Nacidos en Suecia · ambos padres en Suecia,6,7058,9093,77.620147,2025-12-31,https://www.statistikdatabasen.scb.se/pxweb/sv/ssd/START__BE__BE0101__BE0101Q/UtlSvBakgFinCKM/
1480,Göteborg,municipality,PARENT_FOREIGN_BORN,Nacidos fuera de Suecia,08,182813,613278,29.809157,2025-12-31,https://www.statistikdatabasen.scb.se/pxweb/sv/ssd/START__BE__BE0101__BE0101Q/UtlSvBakgFinCKM/
1480,Göteborg,municipality,PARENT_BOTH_FOREIGN,Nacidos en Suecia · ambos padres fuera,4,63764,613278,10.397242,2025-12-31,https://www.statistikdatabasen.scb.se/pxweb/sv/ssd/START__BE__BE0101__BE0101Q/UtlSvBakgFinCKM/
1480,Göteborg,municipality,PARENT_MIXED,Nacidos en Suecia · un padre fuera,5,55051,613278,8.976516,2025-12-31,https://www.statistikdatabasen.scb.se/pxweb/sv/ssd/START__BE__BE0101__BE0101Q/UtlSvBakgFinCKM/
1480,Göteborg,municipality,PARENT_BOTH_SWEDEN,Nacidos en Suecia · ambos padres en Suecia,6,311647,613278,50.816595,2025-12-31,https://www.statistikdatabasen.scb.se/pxweb/sv/ssd/START__BE__BE0101__BE0101Q/UtlSvBakgFinCKM/
1481,Mölndal,municipality,PARENT_FOREIGN_BORN,Nacidos fuera de Suecia,08,14543,72128,20.162766,2025-12-31,https://www.statistikdatabasen.scb.se/pxweb/sv/ssd/START__BE__BE0101__BE0101Q/UtlSvBakgFinCKM/
1481,Mölndal,municipality,PARENT_BOTH_FOREIGN,Nacidos en Suecia · ambos padres fuera,4,4874,72128,6.757431,2025-12-31,https://www.statistikdatabasen.scb.se/pxweb/sv/ssd/START__BE__BE0101__BE0101Q/UtlSvBakgFinCKM/
1481,Mölndal,municipality,PARENT_MIXED,Nacidos en Suecia · un padre fuera,5,6569,72128,9.107420,2025-12-31,https://www.statistikdatabasen.scb.se/pxweb/sv/ssd/START__BE__BE0101__BE0101Q/UtlSvBakgFinCKM/
1481,Mölndal,municipality,PARENT_BOTH_SWEDEN,Nacidos en Suecia · ambos padres en Suecia,6,46147,72128,63.979315,2025-12-31,https://www.statistikdatabasen.scb.se/pxweb/sv/ssd/START__BE__BE0101__BE0101Q/UtlSvBakgFinCKM/
1482,Kungälv,municipality,PARENT_FOREIGN_BORN,Nacidos fuera de Suecia,08,5730,50496,11.347433,2025-12-31,https://www.statistikdatabasen.scb.se/pxweb/sv/ssd/START__BE__BE0101__BE0101Q/UtlSvBakgFinCKM/
1482,Kungälv,municipality,PARENT_BOTH_FOREIGN,Nacidos en Suecia · ambos padres fuera,4,2000,50496,3.960710,2025-12-31,https://www.statistikdatabasen.scb.se/pxweb/sv/ssd/START__BE__BE0101__BE0101Q/UtlSvBakgFinCKM/
1482,Kungälv,municipality,PARENT_MIXED,Nacidos en Suecia · un padre fuera,5,4047,50496,8.014496,2025-12-31,https://www.statistikdatabasen.scb.se/pxweb/sv/ssd/START__BE__BE0101__BE0101Q/UtlSvBakgFinCKM/
1482,Kungälv,municipality,PARENT_BOTH_SWEDEN,Nacidos en Suecia · ambos padres en Suecia,6,38718,50496,76.675380,2025-12-31,https://www.statistikdatabasen.scb.se/pxweb/sv/ssd/START__BE__BE0101__BE0101Q/UtlSvBakgFinCKM/
1484,Lysekil,municipality,PARENT_FOREIGN_BORN,Nacidos fuera de Suecia,08,1962,13796,14.221513,2025-12-31,https://www.statistikdatabasen.scb.se/pxweb/sv/ssd/START__BE__BE0101__BE0101Q/UtlSvBakgFinCKM/
1484,Lysekil,municipality,PARENT_BOTH_FOREIGN,Nacidos en Suecia · ambos padres fuera,4,398,13796,2.884894,2025-12-31,https://www.statistikdatabasen.scb.se/pxweb/sv/ssd/START__BE__BE0101__BE0101Q/UtlSvBakgFinCKM/
1484,Lysekil,municipality,PARENT_MIXED,Nacidos en Suecia · un padre fuera,5,883,13796,6.400406,2025-12-31,https://www.statistikdatabasen.scb.se/pxweb/sv/ssd/START__BE__BE0101__BE0101Q/UtlSvBakgFinCKM/
1484,Lysekil,municipality,PARENT_BOTH_SWEDEN,Nacidos en Suecia · ambos padres en Suecia,6,10549,13796,76.464193,2025-12-31,https://www.statistikdatabasen.scb.se/pxweb/sv/ssd/START__BE__BE0101__BE0101Q/UtlSvBakgFinCKM/
1485,Uddevalla,municipality,PARENT_FOREIGN_BORN,Nacidos fuera de Suecia,08,10028,56744,17.672353,2025-12-31,https://www.statistikdatabasen.scb.se/pxweb/sv/ssd/START__BE__BE0101__BE0101Q/UtlSvBakgFinCKM/
1485,Uddevalla,municipality,PARENT_BOTH_FOREIGN,Nacidos en Suecia · ambos padres fuera,4,3491,56744,6.152192,2025-12-31,https://www.statistikdatabasen.scb.se/pxweb/sv/ssd/START__BE__BE0101__BE0101Q/UtlSvBakgFinCKM/
1485,Uddevalla,municipality,PARENT_MIXED,Nacidos en Suecia · un padre fuera,5,4382,56744,7.722402,2025-12-31,https://www.statistikdatabasen.scb.se/pxweb/sv/ssd/START__BE__BE0101__BE0101Q/UtlSvBakgFinCKM/
1485,Uddevalla,municipality,PARENT_BOTH_SWEDEN,Nacidos en Suecia · ambos padres en Suecia,6,38841,56744,68.449528,2025-12-31,https://www.statistikdatabasen.scb.se/pxweb/sv/ssd/START__BE__BE0101__BE0101Q/UtlSvBakgFinCKM/
1486,Strömstad,municipality,PARENT_FOREIGN_BORN,Nacidos fuera de Suecia,08,3887,13557,28.671535,2025-12-31,https://www.statistikdatabasen.scb.se/pxweb/sv/ssd/START__BE__BE0101__BE0101Q/UtlSvBakgFinCKM/
1486,Strömstad,municipality,PARENT_BOTH_FOREIGN,Nacidos en Suecia · ambos padres fuera,4,893,13557,6.587003,2025-12-31,https://www.statistikdatabasen.scb.se/pxweb/sv/ssd/START__BE__BE0101__BE0101Q/UtlSvBakgFinCKM/
1486,Strömstad,municipality,PARENT_MIXED,Nacidos en Suecia · un padre fuera,5,1338,13557,9.869440,2025-12-31,https://www.statistikdatabasen.scb.se/pxweb/sv/ssd/START__BE__BE0101__BE0101Q/UtlSvBakgFinCKM/
1486,Strömstad,municipality,PARENT_BOTH_SWEDEN,Nacidos en Suecia · ambos padres en Suecia,6,7441,13557,54.886774,2025-12-31,https://www.statistikdatabasen.scb.se/pxweb/sv/ssd/START__BE__BE0101__BE0101Q/UtlSvBakgFinCKM/
1487,Vänersborg,municipality,PARENT_FOREIGN_BORN,Nacidos fuera de Suecia,08,6329,40078,15.791706,2025-12-31,https://www.statistikdatabasen.scb.se/pxweb/sv/ssd/START__BE__BE0101__BE0101Q/UtlSvBakgFinCKM/
1487,Vänersborg,municipality,PARENT_BOTH_FOREIGN,Nacidos en Suecia · ambos padres fuera,4,2181,40078,5.441888,2025-12-31,https://www.statistikdatabasen.scb.se/pxweb/sv/ssd/START__BE__BE0101__BE0101Q/UtlSvBakgFinCKM/
1487,Vänersborg,municipality,PARENT_MIXED,Nacidos en Suecia · un padre fuera,5,2690,40078,6.711912,2025-12-31,https://www.statistikdatabasen.scb.se/pxweb/sv/ssd/START__BE__BE0101__BE0101Q/UtlSvBakgFinCKM/
1487,Vänersborg,municipality,PARENT_BOTH_SWEDEN,Nacidos en Suecia · ambos padres en Suecia,6,28878,40078,72.054494,2025-12-31,https://www.statistikdatabasen.scb.se/pxweb/sv/ssd/START__BE__BE0101__BE0101Q/UtlSvBakgFinCKM/
1488,Trollhättan,municipality,PARENT_FOREIGN_BORN,Nacidos fuera de Suecia,08,13749,59265,23.199190,2025-12-31,https://www.statistikdatabasen.scb.se/pxweb/sv/ssd/START__BE__BE0101__BE0101Q/UtlSvBakgFinCKM/
1488,Trollhättan,municipality,PARENT_BOTH_FOREIGN,Nacidos en Suecia · ambos padres fuera,4,5155,59265,8.698220,2025-12-31,https://www.statistikdatabasen.scb.se/pxweb/sv/ssd/START__BE__BE0101__BE0101Q/UtlSvBakgFinCKM/
1488,Trollhättan,municipality,PARENT_MIXED,Nacidos en Suecia · un padre fuera,5,4428,59265,7.471526,2025-12-31,https://www.statistikdatabasen.scb.se/pxweb/sv/ssd/START__BE__BE0101__BE0101Q/UtlSvBakgFinCKM/
1488,Trollhättan,municipality,PARENT_BOTH_SWEDEN,Nacidos en Suecia · ambos padres en Suecia,6,35938,59265,60.639501,2025-12-31,https://www.statistikdatabasen.scb.se/pxweb/sv/ssd/START__BE__BE0101__BE0101Q/UtlSvBakgFinCKM/
1489,Alingsås,municipality,PARENT_FOREIGN_BORN,Nacidos fuera de Suecia,08,5363,42861,12.512541,2025-12-31,https://www.statistikdatabasen.scb.se/pxweb/sv/ssd/START__BE__BE0101__BE0101Q/UtlSvBakgFinCKM/
1489,Alingsås,municipality,PARENT_BOTH_FOREIGN,Nacidos en Suecia · ambos padres fuera,4,1692,42861,3.947645,2025-12-31,https://www.statistikdatabasen.scb.se/pxweb/sv/ssd/START__BE__BE0101__BE0101Q/UtlSvBakgFinCKM/
1489,Alingsås,municipality,PARENT_MIXED,Nacidos en Suecia · un padre fuera,5,3416,42861,7.969949,2025-12-31,https://www.statistikdatabasen.scb.se/pxweb/sv/ssd/START__BE__BE0101__BE0101Q/UtlSvBakgFinCKM/
1489,Alingsås,municipality,PARENT_BOTH_SWEDEN,Nacidos en Suecia · ambos padres en Suecia,6,32391,42861,75.572199,2025-12-31,https://www.statistikdatabasen.scb.se/pxweb/sv/ssd/START__BE__BE0101__BE0101Q/UtlSvBakgFinCKM/
1490,Borås,municipality,PARENT_FOREIGN_BORN,Nacidos fuera de Suecia,08,28567,115238,24.789566,2025-12-31,https://www.statistikdatabasen.scb.se/pxweb/sv/ssd/START__BE__BE0101__BE0101Q/UtlSvBakgFinCKM/
1490,Borås,municipality,PARENT_BOTH_FOREIGN,Nacidos en Suecia · ambos padres fuera,4,11273,115238,9.782363,2025-12-31,https://www.statistikdatabasen.scb.se/pxweb/sv/ssd/START__BE__BE0101__BE0101Q/UtlSvBakgFinCKM/
1490,Borås,municipality,PARENT_MIXED,Nacidos en Suecia · un padre fuera,5,9557,115238,8.293271,2025-12-31,https://www.statistikdatabasen.scb.se/pxweb/sv/ssd/START__BE__BE0101__BE0101Q/UtlSvBakgFinCKM/
1490,Borås,municipality,PARENT_BOTH_SWEDEN,Nacidos en Suecia · ambos padres en Suecia,6,65846,115238,57.139138,2025-12-31,https://www.statistikdatabasen.scb.se/pxweb/sv/ssd/START__BE__BE0101__BE0101Q/UtlSvBakgFinCKM/
1491,Ulricehamn,municipality,PARENT_FOREIGN_BORN,Nacidos fuera de Suecia,08,3467,24954,13.893564,2025-12-31,https://www.statistikdatabasen.scb.se/pxweb/sv/ssd/START__BE__BE0101__BE0101Q/UtlSvBakgFinCKM/
1491,Ulricehamn,municipality,PARENT_BOTH_FOREIGN,Nacidos en Suecia · ambos padres fuera,4,984,24954,3.943256,2025-12-31,https://www.statistikdatabasen.scb.se/pxweb/sv/ssd/START__BE__BE0101__BE0101Q/UtlSvBakgFinCKM/
1491,Ulricehamn,municipality,PARENT_MIXED,Nacidos en Suecia · un padre fuera,5,1630,24954,6.532019,2025-12-31,https://www.statistikdatabasen.scb.se/pxweb/sv/ssd/START__BE__BE0101__BE0101Q/UtlSvBakgFinCKM/
1491,Ulricehamn,municipality,PARENT_BOTH_SWEDEN,Nacidos en Suecia · ambos padres en Suecia,6,18870,24954,75.619139,2025-12-31,https://www.statistikdatabasen.scb.se/pxweb/sv/ssd/START__BE__BE0101__BE0101Q/UtlSvBakgFinCKM/
1492,Åmål,municipality,PARENT_FOREIGN_BORN,Nacidos fuera de Suecia,08,1785,11679,15.283843,2025-12-31,https://www.statistikdatabasen.scb.se/pxweb/sv/ssd/START__BE__BE0101__BE0101Q/UtlSvBakgFinCKM/
1492,Åmål,municipality,PARENT_BOTH_FOREIGN,Nacidos en Suecia · ambos padres fuera,4,377,11679,3.228016,2025-12-31,https://www.statistikdatabasen.scb.se/pxweb/sv/ssd/START__BE__BE0101__BE0101Q/UtlSvBakgFinCKM/
1492,Åmål,municipality,PARENT_MIXED,Nacidos en Suecia · un padre fuera,5,791,11679,6.772840,2025-12-31,https://www.statistikdatabasen.scb.se/pxweb/sv/ssd/START__BE__BE0101__BE0101Q/UtlSvBakgFinCKM/
1492,Åmål,municipality,PARENT_BOTH_SWEDEN,Nacidos en Suecia · ambos padres en Suecia,6,8733,11679,74.775238,2025-12-31,https://www.statistikdatabasen.scb.se/pxweb/sv/ssd/START__BE__BE0101__BE0101Q/UtlSvBakgFinCKM/
1493,Mariestad,municipality,PARENT_FOREIGN_BORN,Nacidos fuera de Suecia,08,2959,24421,12.116621,2025-12-31,https://www.statistikdatabasen.scb.se/pxweb/sv/ssd/START__BE__BE0101__BE0101Q/UtlSvBakgFinCKM/
1493,Mariestad,municipality,PARENT_BOTH_FOREIGN,Nacidos en Suecia · ambos padres fuera,4,785,24421,3.214447,2025-12-31,https://www.statistikdatabasen.scb.se/pxweb/sv/ssd/START__BE__BE0101__BE0101Q/UtlSvBakgFinCKM/
1493,Mariestad,municipality,PARENT_MIXED,Nacidos en Suecia · un padre fuera,5,1466,24421,6.003030,2025-12-31,https://www.statistikdatabasen.scb.se/pxweb/sv/ssd/START__BE__BE0101__BE0101Q/UtlSvBakgFinCKM/
1493,Mariestad,municipality,PARENT_BOTH_SWEDEN,Nacidos en Suecia · ambos padres en Suecia,6,19215,24421,78.682282,2025-12-31,https://www.statistikdatabasen.scb.se/pxweb/sv/ssd/START__BE__BE0101__BE0101Q/UtlSvBakgFinCKM/
1494,Lidköping,municipality,PARENT_FOREIGN_BORN,Nacidos fuera de Suecia,08,4614,40359,11.432394,2025-12-31,https://www.statistikdatabasen.scb.se/pxweb/sv/ssd/START__BE__BE0101__BE0101Q/UtlSvBakgFinCKM/
1494,Lidköping,municipality,PARENT_BOTH_FOREIGN,Nacidos en Suecia · ambos padres fuera,4,1462,40359,3.622488,2025-12-31,https://www.statistikdatabasen.scb.se/pxweb/sv/ssd/START__BE__BE0101__BE0101Q/UtlSvBakgFinCKM/
1494,Lidköping,municipality,PARENT_MIXED,Nacidos en Suecia · un padre fuera,5,2142,40359,5.307366,2025-12-31,https://www.statistikdatabasen.scb.se/pxweb/sv/ssd/START__BE__BE0101__BE0101Q/UtlSvBakgFinCKM/
1494,Lidköping,municipality,PARENT_BOTH_SWEDEN,Nacidos en Suecia · ambos padres en Suecia,6,32134,40359,79.620407,2025-12-31,https://www.statistikdatabasen.scb.se/pxweb/sv/ssd/START__BE__BE0101__BE0101Q/UtlSvBakgFinCKM/
1495,Skara,municipality,PARENT_FOREIGN_BORN,Nacidos fuera de Suecia,08,3250,18753,17.330560,2025-12-31,https://www.statistikdatabasen.scb.se/pxweb/sv/ssd/START__BE__BE0101__BE0101Q/UtlSvBakgFinCKM/
1495,Skara,municipality,PARENT_BOTH_FOREIGN,Nacidos en Suecia · ambos padres fuera,4,992,18753,5.289820,2025-12-31,https://www.statistikdatabasen.scb.se/pxweb/sv/ssd/START__BE__BE0101__BE0101Q/UtlSvBakgFinCKM/
1495,Skara,municipality,PARENT_MIXED,Nacidos en Suecia · un padre fuera,5,1109,18753,5.913720,2025-12-31,https://www.statistikdatabasen.scb.se/pxweb/sv/ssd/START__BE__BE0101__BE0101Q/UtlSvBakgFinCKM/
1495,Skara,municipality,PARENT_BOTH_SWEDEN,Nacidos en Suecia · ambos padres en Suecia,6,13407,18753,71.492561,2025-12-31,https://www.statistikdatabasen.scb.se/pxweb/sv/ssd/START__BE__BE0101__BE0101Q/UtlSvBakgFinCKM/
1496,Skövde,municipality,PARENT_FOREIGN_BORN,Nacidos fuera de Suecia,08,9924,58272,17.030478,2025-12-31,https://www.statistikdatabasen.scb.se/pxweb/sv/ssd/START__BE__BE0101__BE0101Q/UtlSvBakgFinCKM/
1496,Skövde,municipality,PARENT_BOTH_FOREIGN,Nacidos en Suecia · ambos padres fuera,4,3300,58272,5.663097,2025-12-31,https://www.statistikdatabasen.scb.se/pxweb/sv/ssd/START__BE__BE0101__BE0101Q/UtlSvBakgFinCKM/
1496,Skövde,municipality,PARENT_MIXED,Nacidos en Suecia · un padre fuera,5,4117,58272,7.065143,2025-12-31,https://www.statistikdatabasen.scb.se/pxweb/sv/ssd/START__BE__BE0101__BE0101Q/UtlSvBakgFinCKM/
1496,Skövde,municipality,PARENT_BOTH_SWEDEN,Nacidos en Suecia · ambos padres en Suecia,6,40931,58272,70.241282,2025-12-31,https://www.statistikdatabasen.scb.se/pxweb/sv/ssd/START__BE__BE0101__BE0101Q/UtlSvBakgFinCKM/
1497,Hjo,municipality,PARENT_FOREIGN_BORN,Nacidos fuera de Suecia,08,844,9322,9.053851,2025-12-31,https://www.statistikdatabasen.scb.se/pxweb/sv/ssd/START__BE__BE0101__BE0101Q/UtlSvBakgFinCKM/
1497,Hjo,municipality,PARENT_BOTH_FOREIGN,Nacidos en Suecia · ambos padres fuera,4,167,9322,1.791461,2025-12-31,https://www.statistikdatabasen.scb.se/pxweb/sv/ssd/START__BE__BE0101__BE0101Q/UtlSvBakgFinCKM/
1497,Hjo,municipality,PARENT_MIXED,Nacidos en Suecia · un padre fuera,5,544,9322,5.835658,2025-12-31,https://www.statistikdatabasen.scb.se/pxweb/sv/ssd/START__BE__BE0101__BE0101Q/UtlSvBakgFinCKM/
1497,Hjo,municipality,PARENT_BOTH_SWEDEN,Nacidos en Suecia · ambos padres en Suecia,6,7765,9322,83.297576,2025-12-31,https://www.statistikdatabasen.scb.se/pxweb/sv/ssd/START__BE__BE0101__BE0101Q/UtlSvBakgFinCKM/
1498,Tidaholm,municipality,PARENT_FOREIGN_BORN,Nacidos fuera de Suecia,08,1338,12736,10.505653,2025-12-31,https://www.statistikdatabasen.scb.se/pxweb/sv/ssd/START__BE__BE0101__BE0101Q/UtlSvBakgFinCKM/
1498,Tidaholm,municipality,PARENT_BOTH_FOREIGN,Nacidos en Suecia · ambos padres fuera,4,356,12736,2.795226,2025-12-31,https://www.statistikdatabasen.scb.se/pxweb/sv/ssd/START__BE__BE0101__BE0101Q/UtlSvBakgFinCKM/
1498,Tidaholm,municipality,PARENT_MIXED,Nacidos en Suecia · un padre fuera,5,709,12736,5.566897,2025-12-31,https://www.statistikdatabasen.scb.se/pxweb/sv/ssd/START__BE__BE0101__BE0101Q/UtlSvBakgFinCKM/
1498,Tidaholm,municipality,PARENT_BOTH_SWEDEN,Nacidos en Suecia · ambos padres en Suecia,6,10330,12736,81.108668,2025-12-31,https://www.statistikdatabasen.scb.se/pxweb/sv/ssd/START__BE__BE0101__BE0101Q/UtlSvBakgFinCKM/
1499,Falköping,municipality,PARENT_FOREIGN_BORN,Nacidos fuera de Suecia,08,5000,32794,15.246691,2025-12-31,https://www.statistikdatabasen.scb.se/pxweb/sv/ssd/START__BE__BE0101__BE0101Q/UtlSvBakgFinCKM/
1499,Falköping,municipality,PARENT_BOTH_FOREIGN,Nacidos en Suecia · ambos padres fuera,4,1761,32794,5.369885,2025-12-31,https://www.statistikdatabasen.scb.se/pxweb/sv/ssd/START__BE__BE0101__BE0101Q/UtlSvBakgFinCKM/
1499,Falköping,municipality,PARENT_MIXED,Nacidos en Suecia · un padre fuera,5,1720,32794,5.244862,2025-12-31,https://www.statistikdatabasen.scb.se/pxweb/sv/ssd/START__BE__BE0101__BE0101Q/UtlSvBakgFinCKM/
1499,Falköping,municipality,PARENT_BOTH_SWEDEN,Nacidos en Suecia · ambos padres en Suecia,6,24314,32794,74.141611,2025-12-31,https://www.statistikdatabasen.scb.se/pxweb/sv/ssd/START__BE__BE0101__BE0101Q/UtlSvBakgFinCKM/
17,Värmlands län,county,PARENT_FOREIGN_BORN,Nacidos fuera de Suecia,08,40596,283037,14.343001,2025-12-31,https://www.statistikdatabasen.scb.se/pxweb/sv/ssd/START__BE__BE0101__BE0101Q/UtlSvBakgFinCKM/
17,Värmlands län,county,PARENT_BOTH_FOREIGN,Nacidos en Suecia · ambos padres fuera,4,9602,283037,3.392489,2025-12-31,https://www.statistikdatabasen.scb.se/pxweb/sv/ssd/START__BE__BE0101__BE0101Q/UtlSvBakgFinCKM/
17,Värmlands län,county,PARENT_MIXED,Nacidos en Suecia · un padre fuera,5,20285,283037,7.166908,2025-12-31,https://www.statistikdatabasen.scb.se/pxweb/sv/ssd/START__BE__BE0101__BE0101Q/UtlSvBakgFinCKM/
17,Värmlands län,county,PARENT_BOTH_SWEDEN,Nacidos en Suecia · ambos padres en Suecia,6,212556,283037,75.098309,2025-12-31,https://www.statistikdatabasen.scb.se/pxweb/sv/ssd/START__BE__BE0101__BE0101Q/UtlSvBakgFinCKM/
1715,Kil,municipality,PARENT_FOREIGN_BORN,Nacidos fuera de Suecia,08,979,12024,8.142049,2025-12-31,https://www.statistikdatabasen.scb.se/pxweb/sv/ssd/START__BE__BE0101__BE0101Q/UtlSvBakgFinCKM/
1715,Kil,municipality,PARENT_BOTH_FOREIGN,Nacidos en Suecia · ambos padres fuera,4,245,12024,2.037591,2025-12-31,https://www.statistikdatabasen.scb.se/pxweb/sv/ssd/START__BE__BE0101__BE0101Q/UtlSvBakgFinCKM/
1715,Kil,municipality,PARENT_MIXED,Nacidos en Suecia · un padre fuera,5,786,12024,6.536926,2025-12-31,https://www.statistikdatabasen.scb.se/pxweb/sv/ssd/START__BE__BE0101__BE0101Q/UtlSvBakgFinCKM/
1715,Kil,municipality,PARENT_BOTH_SWEDEN,Nacidos en Suecia · ambos padres en Suecia,6,10017,12024,83.308383,2025-12-31,https://www.statistikdatabasen.scb.se/pxweb/sv/ssd/START__BE__BE0101__BE0101Q/UtlSvBakgFinCKM/
1730,Eda,municipality,PARENT_FOREIGN_BORN,Nacidos fuera de Suecia,08,2298,8289,27.723489,2025-12-31,https://www.statistikdatabasen.scb.se/pxweb/sv/ssd/START__BE__BE0101__BE0101Q/UtlSvBakgFinCKM/
1730,Eda,municipality,PARENT_BOTH_FOREIGN,Nacidos en Suecia · ambos padres fuera,4,371,8289,4.475811,2025-12-31,https://www.statistikdatabasen.scb.se/pxweb/sv/ssd/START__BE__BE0101__BE0101Q/UtlSvBakgFinCKM/
1730,Eda,municipality,PARENT_MIXED,Nacidos en Suecia · un padre fuera,5,1012,8289,12.208952,2025-12-31,https://www.statistikdatabasen.scb.se/pxweb/sv/ssd/START__BE__BE0101__BE0101Q/UtlSvBakgFinCKM/
1730,Eda,municipality,PARENT_BOTH_SWEDEN,Nacidos en Suecia · ambos padres en Suecia,6,4617,8289,55.700326,2025-12-31,https://www.statistikdatabasen.scb.se/pxweb/sv/ssd/START__BE__BE0101__BE0101Q/UtlSvBakgFinCKM/
1737,Torsby,municipality,PARENT_FOREIGN_BORN,Nacidos fuera de Suecia,08,1697,11278,15.046994,2025-12-31,https://www.statistikdatabasen.scb.se/pxweb/sv/ssd/START__BE__BE0101__BE0101Q/UtlSvBakgFinCKM/
1737,Torsby,municipality,PARENT_BOTH_FOREIGN,Nacidos en Suecia · ambos padres fuera,4,210,11278,1.862032,2025-12-31,https://www.statistikdatabasen.scb.se/pxweb/sv/ssd/START__BE__BE0101__BE0101Q/UtlSvBakgFinCKM/
1737,Torsby,municipality,PARENT_MIXED,Nacidos en Suecia · un padre fuera,5,792,11278,7.022522,2025-12-31,https://www.statistikdatabasen.scb.se/pxweb/sv/ssd/START__BE__BE0101__BE0101Q/UtlSvBakgFinCKM/
1737,Torsby,municipality,PARENT_BOTH_SWEDEN,Nacidos en Suecia · ambos padres en Suecia,6,8581,11278,76.086185,2025-12-31,https://www.statistikdatabasen.scb.se/pxweb/sv/ssd/START__BE__BE0101__BE0101Q/UtlSvBakgFinCKM/
1760,Storfors,municipality,PARENT_FOREIGN_BORN,Nacidos fuera de Suecia,08,572,3777,15.144294,2025-12-31,https://www.statistikdatabasen.scb.se/pxweb/sv/ssd/START__BE__BE0101__BE0101Q/UtlSvBakgFinCKM/
1760,Storfors,municipality,PARENT_BOTH_FOREIGN,Nacidos en Suecia · ambos padres fuera,4,191,3777,5.056923,2025-12-31,https://www.statistikdatabasen.scb.se/pxweb/sv/ssd/START__BE__BE0101__BE0101Q/UtlSvBakgFinCKM/
1760,Storfors,municipality,PARENT_MIXED,Nacidos en Suecia · un padre fuera,5,280,3777,7.413291,2025-12-31,https://www.statistikdatabasen.scb.se/pxweb/sv/ssd/START__BE__BE0101__BE0101Q/UtlSvBakgFinCKM/
1760,Storfors,municipality,PARENT_BOTH_SWEDEN,Nacidos en Suecia · ambos padres en Suecia,6,2732,3777,72.332539,2025-12-31,https://www.statistikdatabasen.scb.se/pxweb/sv/ssd/START__BE__BE0101__BE0101Q/UtlSvBakgFinCKM/
1761,Hammarö,municipality,PARENT_FOREIGN_BORN,Nacidos fuera de Suecia,08,1291,16932,7.624616,2025-12-31,https://www.statistikdatabasen.scb.se/pxweb/sv/ssd/START__BE__BE0101__BE0101Q/UtlSvBakgFinCKM/
1761,Hammarö,municipality,PARENT_BOTH_FOREIGN,Nacidos en Suecia · ambos padres fuera,4,308,16932,1.819041,2025-12-31,https://www.statistikdatabasen.scb.se/pxweb/sv/ssd/START__BE__BE0101__BE0101Q/UtlSvBakgFinCKM/
1761,Hammarö,municipality,PARENT_MIXED,Nacidos en Suecia · un padre fuera,5,1154,16932,6.815497,2025-12-31,https://www.statistikdatabasen.scb.se/pxweb/sv/ssd/START__BE__BE0101__BE0101Q/UtlSvBakgFinCKM/
1761,Hammarö,municipality,PARENT_BOTH_SWEDEN,Nacidos en Suecia · ambos padres en Suecia,6,14175,16932,83.717222,2025-12-31,https://www.statistikdatabasen.scb.se/pxweb/sv/ssd/START__BE__BE0101__BE0101Q/UtlSvBakgFinCKM/
1762,Munkfors,municipality,PARENT_FOREIGN_BORN,Nacidos fuera de Suecia,08,619,3637,17.019522,2025-12-31,https://www.statistikdatabasen.scb.se/pxweb/sv/ssd/START__BE__BE0101__BE0101Q/UtlSvBakgFinCKM/
1762,Munkfors,municipality,PARENT_BOTH_FOREIGN,Nacidos en Suecia · ambos padres fuera,4,70,3637,1.924663,2025-12-31,https://www.statistikdatabasen.scb.se/pxweb/sv/ssd/START__BE__BE0101__BE0101Q/UtlSvBakgFinCKM/
1762,Munkfors,municipality,PARENT_MIXED,Nacidos en Suecia · un padre fuera,5,202,3637,5.554028,2025-12-31,https://www.statistikdatabasen.scb.se/pxweb/sv/ssd/START__BE__BE0101__BE0101Q/UtlSvBakgFinCKM/
1762,Munkfors,municipality,PARENT_BOTH_SWEDEN,Nacidos en Suecia · ambos padres en Suecia,6,2747,3637,75.529282,2025-12-31,https://www.statistikdatabasen.scb.se/pxweb/sv/ssd/START__BE__BE0101__BE0101Q/UtlSvBakgFinCKM/
1763,Forshaga,municipality,PARENT_FOREIGN_BORN,Nacidos fuera de Suecia,08,1013,11439,8.855669,2025-12-31,https://www.statistikdatabasen.scb.se/pxweb/sv/ssd/START__BE__BE0101__BE0101Q/UtlSvBakgFinCKM/
1763,Forshaga,municipality,PARENT_BOTH_FOREIGN,Nacidos en Suecia · ambos padres fuera,4,228,11439,1.993181,2025-12-31,https://www.statistikdatabasen.scb.se/pxweb/sv/ssd/START__BE__BE0101__BE0101Q/UtlSvBakgFinCKM/
1763,Forshaga,municipality,PARENT_MIXED,Nacidos en Suecia · un padre fuera,5,772,11439,6.748842,2025-12-31,https://www.statistikdatabasen.scb.se/pxweb/sv/ssd/START__BE__BE0101__BE0101Q/UtlSvBakgFinCKM/
1763,Forshaga,municipality,PARENT_BOTH_SWEDEN,Nacidos en Suecia · ambos padres en Suecia,6,9423,11439,82.376082,2025-12-31,https://www.statistikdatabasen.scb.se/pxweb/sv/ssd/START__BE__BE0101__BE0101Q/UtlSvBakgFinCKM/
1764,Grums,municipality,PARENT_FOREIGN_BORN,Nacidos fuera de Suecia,08,1052,8854,11.881635,2025-12-31,https://www.statistikdatabasen.scb.se/pxweb/sv/ssd/START__BE__BE0101__BE0101Q/UtlSvBakgFinCKM/
1764,Grums,municipality,PARENT_BOTH_FOREIGN,Nacidos en Suecia · ambos padres fuera,4,206,8854,2.326632,2025-12-31,https://www.statistikdatabasen.scb.se/pxweb/sv/ssd/START__BE__BE0101__BE0101Q/UtlSvBakgFinCKM/
1764,Grums,municipality,PARENT_MIXED,Nacidos en Suecia · un padre fuera,5,679,8854,7.668850,2025-12-31,https://www.statistikdatabasen.scb.se/pxweb/sv/ssd/START__BE__BE0101__BE0101Q/UtlSvBakgFinCKM/
1764,Grums,municipality,PARENT_BOTH_SWEDEN,Nacidos en Suecia · ambos padres en Suecia,6,6916,8854,78.111588,2025-12-31,https://www.statistikdatabasen.scb.se/pxweb/sv/ssd/START__BE__BE0101__BE0101Q/UtlSvBakgFinCKM/
1765,Årjäng,municipality,PARENT_FOREIGN_BORN,Nacidos fuera de Suecia,08,2174,9734,22.334087,2025-12-31,https://www.statistikdatabasen.scb.se/pxweb/sv/ssd/START__BE__BE0101__BE0101Q/UtlSvBakgFinCKM/
1765,Årjäng,municipality,PARENT_BOTH_FOREIGN,Nacidos en Suecia · ambos padres fuera,4,362,9734,3.718923,2025-12-31,https://www.statistikdatabasen.scb.se/pxweb/sv/ssd/START__BE__BE0101__BE0101Q/UtlSvBakgFinCKM/
1765,Årjäng,municipality,PARENT_MIXED,Nacidos en Suecia · un padre fuera,5,949,9734,9.749332,2025-12-31,https://www.statistikdatabasen.scb.se/pxweb/sv/ssd/START__BE__BE0101__BE0101Q/UtlSvBakgFinCKM/
1765,Årjäng,municipality,PARENT_BOTH_SWEDEN,Nacidos en Suecia · ambos padres en Suecia,6,6250,9734,64.207931,2025-12-31,https://www.statistikdatabasen.scb.se/pxweb/sv/ssd/START__BE__BE0101__BE0101Q/UtlSvBakgFinCKM/
1766,Sunne,municipality,PARENT_FOREIGN_BORN,Nacidos fuera de Suecia,08,1574,13354,11.786731,2025-12-31,https://www.statistikdatabasen.scb.se/pxweb/sv/ssd/START__BE__BE0101__BE0101Q/UtlSvBakgFinCKM/
1766,Sunne,municipality,PARENT_BOTH_FOREIGN,Nacidos en Suecia · ambos padres fuera,4,206,13354,1.542609,2025-12-31,https://www.statistikdatabasen.scb.se/pxweb/sv/ssd/START__BE__BE0101__BE0101Q/UtlSvBakgFinCKM/
1766,Sunne,municipality,PARENT_MIXED,Nacidos en Suecia · un padre fuera,5,704,13354,5.271829,2025-12-31,https://www.statistikdatabasen.scb.se/pxweb/sv/ssd/START__BE__BE0101__BE0101Q/UtlSvBakgFinCKM/
1766,Sunne,municipality,PARENT_BOTH_SWEDEN,Nacidos en Suecia · ambos padres en Suecia,6,10871,13354,81.406320,2025-12-31,https://www.statistikdatabasen.scb.se/pxweb/sv/ssd/START__BE__BE0101__BE0101Q/UtlSvBakgFinCKM/
1780,Karlstad,municipality,PARENT_FOREIGN_BORN,Nacidos fuera de Suecia,08,14946,99007,15.095902,2025-12-31,https://www.statistikdatabasen.scb.se/pxweb/sv/ssd/START__BE__BE0101__BE0101Q/UtlSvBakgFinCKM/
1780,Karlstad,municipality,PARENT_BOTH_FOREIGN,Nacidos en Suecia · ambos padres fuera,4,4561,99007,4.606745,2025-12-31,https://www.statistikdatabasen.scb.se/pxweb/sv/ssd/START__BE__BE0101__BE0101Q/UtlSvBakgFinCKM/
1780,Karlstad,municipality,PARENT_MIXED,Nacidos en Suecia · un padre fuera,5,7211,99007,7.283323,2025-12-31,https://www.statistikdatabasen.scb.se/pxweb/sv/ssd/START__BE__BE0101__BE0101Q/UtlSvBakgFinCKM/
1780,Karlstad,municipality,PARENT_BOTH_SWEDEN,Nacidos en Suecia · ambos padres en Suecia,6,72290,99007,73.015039,2025-12-31,https://www.statistikdatabasen.scb.se/pxweb/sv/ssd/START__BE__BE0101__BE0101Q/UtlSvBakgFinCKM/
1781,Kristinehamn,municipality,PARENT_FOREIGN_BORN,Nacidos fuera de Suecia,08,3200,23590,13.565070,2025-12-31,https://www.statistikdatabasen.scb.se/pxweb/sv/ssd/START__BE__BE0101__BE0101Q/UtlSvBakgFinCKM/
1781,Kristinehamn,municipality,PARENT_BOTH_FOREIGN,Nacidos en Suecia · ambos padres fuera,4,866,23590,3.671047,2025-12-31,https://www.statistikdatabasen.scb.se/pxweb/sv/ssd/START__BE__BE0101__BE0101Q/UtlSvBakgFinCKM/
1781,Kristinehamn,municipality,PARENT_MIXED,Nacidos en Suecia · un padre fuera,5,1562,23590,6.621450,2025-12-31,https://www.statistikdatabasen.scb.se/pxweb/sv/ssd/START__BE__BE0101__BE0101Q/UtlSvBakgFinCKM/
1781,Kristinehamn,municipality,PARENT_BOTH_SWEDEN,Nacidos en Suecia · ambos padres en Suecia,6,17964,23590,76.150911,2025-12-31,https://www.statistikdatabasen.scb.se/pxweb/sv/ssd/START__BE__BE0101__BE0101Q/UtlSvBakgFinCKM/
1782,Filipstad,municipality,PARENT_FOREIGN_BORN,Nacidos fuera de Suecia,08,1609,9625,16.716883,2025-12-31,https://www.statistikdatabasen.scb.se/pxweb/sv/ssd/START__BE__BE0101__BE0101Q/UtlSvBakgFinCKM/
1782,Filipstad,municipality,PARENT_BOTH_FOREIGN,Nacidos en Suecia · ambos padres fuera,4,394,9625,4.093506,2025-12-31,https://www.statistikdatabasen.scb.se/pxweb/sv/ssd/START__BE__BE0101__BE0101Q/UtlSvBakgFinCKM/
1782,Filipstad,municipality,PARENT_MIXED,Nacidos en Suecia · un padre fuera,5,651,9625,6.763636,2025-12-31,https://www.statistikdatabasen.scb.se/pxweb/sv/ssd/START__BE__BE0101__BE0101Q/UtlSvBakgFinCKM/
1782,Filipstad,municipality,PARENT_BOTH_SWEDEN,Nacidos en Suecia · ambos padres en Suecia,6,6971,9625,72.425974,2025-12-31,https://www.statistikdatabasen.scb.se/pxweb/sv/ssd/START__BE__BE0101__BE0101Q/UtlSvBakgFinCKM/
1783,Hagfors,municipality,PARENT_FOREIGN_BORN,Nacidos fuera de Suecia,08,2098,11324,18.527022,2025-12-31,https://www.statistikdatabasen.scb.se/pxweb/sv/ssd/START__BE__BE0101__BE0101Q/UtlSvBakgFinCKM/
1783,Hagfors,municipality,PARENT_BOTH_FOREIGN,Nacidos en Suecia · ambos padres fuera,4,214,11324,1.889792,2025-12-31,https://www.statistikdatabasen.scb.se/pxweb/sv/ssd/START__BE__BE0101__BE0101Q/UtlSvBakgFinCKM/
1783,Hagfors,municipality,PARENT_MIXED,Nacidos en Suecia · un padre fuera,5,616,11324,5.439774,2025-12-31,https://www.statistikdatabasen.scb.se/pxweb/sv/ssd/START__BE__BE0101__BE0101Q/UtlSvBakgFinCKM/
1783,Hagfors,municipality,PARENT_BOTH_SWEDEN,Nacidos en Suecia · ambos padres en Suecia,6,8390,11324,74.090427,2025-12-31,https://www.statistikdatabasen.scb.se/pxweb/sv/ssd/START__BE__BE0101__BE0101Q/UtlSvBakgFinCKM/
1784,Arvika,municipality,PARENT_FOREIGN_BORN,Nacidos fuera de Suecia,08,3344,25408,13.161209,2025-12-31,https://www.statistikdatabasen.scb.se/pxweb/sv/ssd/START__BE__BE0101__BE0101Q/UtlSvBakgFinCKM/
1784,Arvika,municipality,PARENT_BOTH_FOREIGN,Nacidos en Suecia · ambos padres fuera,4,714,25408,2.810139,2025-12-31,https://www.statistikdatabasen.scb.se/pxweb/sv/ssd/START__BE__BE0101__BE0101Q/UtlSvBakgFinCKM/
1784,Arvika,municipality,PARENT_MIXED,Nacidos en Suecia · un padre fuera,5,2014,25408,7.926637,2025-12-31,https://www.statistikdatabasen.scb.se/pxweb/sv/ssd/START__BE__BE0101__BE0101Q/UtlSvBakgFinCKM/
1784,Arvika,municipality,PARENT_BOTH_SWEDEN,Nacidos en Suecia · ambos padres en Suecia,6,19330,25408,76.078401,2025-12-31,https://www.statistikdatabasen.scb.se/pxweb/sv/ssd/START__BE__BE0101__BE0101Q/UtlSvBakgFinCKM/
1785,Säffle,municipality,PARENT_FOREIGN_BORN,Nacidos fuera de Suecia,08,2125,14756,14.400922,2025-12-31,https://www.statistikdatabasen.scb.se/pxweb/sv/ssd/START__BE__BE0101__BE0101Q/UtlSvBakgFinCKM/
1785,Säffle,municipality,PARENT_BOTH_FOREIGN,Nacidos en Suecia · ambos padres fuera,4,451,14756,3.056384,2025-12-31,https://www.statistikdatabasen.scb.se/pxweb/sv/ssd/START__BE__BE0101__BE0101Q/UtlSvBakgFinCKM/
1785,Säffle,municipality,PARENT_MIXED,Nacidos en Suecia · un padre fuera,5,897,14756,6.078883,2025-12-31,https://www.statistikdatabasen.scb.se/pxweb/sv/ssd/START__BE__BE0101__BE0101Q/UtlSvBakgFinCKM/
1785,Säffle,municipality,PARENT_BOTH_SWEDEN,Nacidos en Suecia · ambos padres en Suecia,6,11285,14756,76.477365,2025-12-31,https://www.statistikdatabasen.scb.se/pxweb/sv/ssd/START__BE__BE0101__BE0101Q/UtlSvBakgFinCKM/
18,Örebro län,county,PARENT_FOREIGN_BORN,Nacidos fuera de Suecia,08,53671,308357,17.405475,2025-12-31,https://www.statistikdatabasen.scb.se/pxweb/sv/ssd/START__BE__BE0101__BE0101Q/UtlSvBakgFinCKM/
18,Örebro län,county,PARENT_BOTH_FOREIGN,Nacidos en Suecia · ambos padres fuera,4,20239,308357,6.563496,2025-12-31,https://www.statistikdatabasen.scb.se/pxweb/sv/ssd/START__BE__BE0101__BE0101Q/UtlSvBakgFinCKM/
18,Örebro län,county,PARENT_MIXED,Nacidos en Suecia · un padre fuera,5,22207,308357,7.201717,2025-12-31,https://www.statistikdatabasen.scb.se/pxweb/sv/ssd/START__BE__BE0101__BE0101Q/UtlSvBakgFinCKM/
18,Örebro län,county,PARENT_BOTH_SWEDEN,Nacidos en Suecia · ambos padres en Suecia,6,212243,308357,68.830284,2025-12-31,https://www.statistikdatabasen.scb.se/pxweb/sv/ssd/START__BE__BE0101__BE0101Q/UtlSvBakgFinCKM/
1814,Lekeberg,municipality,PARENT_FOREIGN_BORN,Nacidos fuera de Suecia,08,606,8608,7.039963,2025-12-31,https://www.statistikdatabasen.scb.se/pxweb/sv/ssd/START__BE__BE0101__BE0101Q/UtlSvBakgFinCKM/
1814,Lekeberg,municipality,PARENT_BOTH_FOREIGN,Nacidos en Suecia · ambos padres fuera,4,143,8608,1.661245,2025-12-31,https://www.statistikdatabasen.scb.se/pxweb/sv/ssd/START__BE__BE0101__BE0101Q/UtlSvBakgFinCKM/
1814,Lekeberg,municipality,PARENT_MIXED,Nacidos en Suecia · un padre fuera,5,521,8608,6.052509,2025-12-31,https://www.statistikdatabasen.scb.se/pxweb/sv/ssd/START__BE__BE0101__BE0101Q/UtlSvBakgFinCKM/
1814,Lekeberg,municipality,PARENT_BOTH_SWEDEN,Nacidos en Suecia · ambos padres en Suecia,6,7336,8608,85.223048,2025-12-31,https://www.statistikdatabasen.scb.se/pxweb/sv/ssd/START__BE__BE0101__BE0101Q/UtlSvBakgFinCKM/
1860,Laxå,municipality,PARENT_FOREIGN_BORN,Nacidos fuera de Suecia,08,982,5397,18.195294,2025-12-31,https://www.statistikdatabasen.scb.se/pxweb/sv/ssd/START__BE__BE0101__BE0101Q/UtlSvBakgFinCKM/
1860,Laxå,municipality,PARENT_BOTH_FOREIGN,Nacidos en Suecia · ambos padres fuera,4,224,5397,4.150454,2025-12-31,https://www.statistikdatabasen.scb.se/pxweb/sv/ssd/START__BE__BE0101__BE0101Q/UtlSvBakgFinCKM/
1860,Laxå,municipality,PARENT_MIXED,Nacidos en Suecia · un padre fuera,5,358,5397,6.633315,2025-12-31,https://www.statistikdatabasen.scb.se/pxweb/sv/ssd/START__BE__BE0101__BE0101Q/UtlSvBakgFinCKM/
1860,Laxå,municipality,PARENT_BOTH_SWEDEN,Nacidos en Suecia · ambos padres en Suecia,6,3829,5397,70.946822,2025-12-31,https://www.statistikdatabasen.scb.se/pxweb/sv/ssd/START__BE__BE0101__BE0101Q/UtlSvBakgFinCKM/
1861,Hallsberg,municipality,PARENT_FOREIGN_BORN,Nacidos fuera de Suecia,08,2703,16082,16.807611,2025-12-31,https://www.statistikdatabasen.scb.se/pxweb/sv/ssd/START__BE__BE0101__BE0101Q/UtlSvBakgFinCKM/
1861,Hallsberg,municipality,PARENT_BOTH_FOREIGN,Nacidos en Suecia · ambos padres fuera,4,779,16082,4.843925,2025-12-31,https://www.statistikdatabasen.scb.se/pxweb/sv/ssd/START__BE__BE0101__BE0101Q/UtlSvBakgFinCKM/
1861,Hallsberg,municipality,PARENT_MIXED,Nacidos en Suecia · un padre fuera,5,957,16082,5.950752,2025-12-31,https://www.statistikdatabasen.scb.se/pxweb/sv/ssd/START__BE__BE0101__BE0101Q/UtlSvBakgFinCKM/
1861,Hallsberg,municipality,PARENT_BOTH_SWEDEN,Nacidos en Suecia · ambos padres en Suecia,6,11642,16082,72.391494,2025-12-31,https://www.statistikdatabasen.scb.se/pxweb/sv/ssd/START__BE__BE0101__BE0101Q/UtlSvBakgFinCKM/
1862,Degerfors,municipality,PARENT_FOREIGN_BORN,Nacidos fuera de Suecia,08,1440,9237,15.589477,2025-12-31,https://www.statistikdatabasen.scb.se/pxweb/sv/ssd/START__BE__BE0101__BE0101Q/UtlSvBakgFinCKM/
1862,Degerfors,municipality,PARENT_BOTH_FOREIGN,Nacidos en Suecia · ambos padres fuera,4,454,9237,4.915016,2025-12-31,https://www.statistikdatabasen.scb.se/pxweb/sv/ssd/START__BE__BE0101__BE0101Q/UtlSvBakgFinCKM/
1862,Degerfors,municipality,PARENT_MIXED,Nacidos en Suecia · un padre fuera,5,697,9237,7.545740,2025-12-31,https://www.statistikdatabasen.scb.se/pxweb/sv/ssd/START__BE__BE0101__BE0101Q/UtlSvBakgFinCKM/
1862,Degerfors,municipality,PARENT_BOTH_SWEDEN,Nacidos en Suecia · ambos padres en Suecia,6,6646,9237,71.949767,2025-12-31,https://www.statistikdatabasen.scb.se/pxweb/sv/ssd/START__BE__BE0101__BE0101Q/UtlSvBakgFinCKM/
1863,Hällefors,municipality,PARENT_FOREIGN_BORN,Nacidos fuera de Suecia,08,1157,6269,18.455894,2025-12-31,https://www.statistikdatabasen.scb.se/pxweb/sv/ssd/START__BE__BE0101__BE0101Q/UtlSvBakgFinCKM/
1863,Hällefors,municipality,PARENT_BOTH_FOREIGN,Nacidos en Suecia · ambos padres fuera,4,336,6269,5.359706,2025-12-31,https://www.statistikdatabasen.scb.se/pxweb/sv/ssd/START__BE__BE0101__BE0101Q/UtlSvBakgFinCKM/
1863,Hällefors,municipality,PARENT_MIXED,Nacidos en Suecia · un padre fuera,5,506,6269,8.071463,2025-12-31,https://www.statistikdatabasen.scb.se/pxweb/sv/ssd/START__BE__BE0101__BE0101Q/UtlSvBakgFinCKM/
1863,Hällefors,municipality,PARENT_BOTH_SWEDEN,Nacidos en Suecia · ambos padres en Suecia,6,4269,6269,68.096985,2025-12-31,https://www.statistikdatabasen.scb.se/pxweb/sv/ssd/START__BE__BE0101__BE0101Q/UtlSvBakgFinCKM/
1864,Ljusnarsberg,municipality,PARENT_FOREIGN_BORN,Nacidos fuera de Suecia,08,764,4290,17.808858,2025-12-31,https://www.statistikdatabasen.scb.se/pxweb/sv/ssd/START__BE__BE0101__BE0101Q/UtlSvBakgFinCKM/
1864,Ljusnarsberg,municipality,PARENT_BOTH_FOREIGN,Nacidos en Suecia · ambos padres fuera,4,188,4290,4.382284,2025-12-31,https://www.statistikdatabasen.scb.se/pxweb/sv/ssd/START__BE__BE0101__BE0101Q/UtlSvBakgFinCKM/
1864,Ljusnarsberg,municipality,PARENT_MIXED,Nacidos en Suecia · un padre fuera,5,350,4290,8.158508,2025-12-31,https://www.statistikdatabasen.scb.se/pxweb/sv/ssd/START__BE__BE0101__BE0101Q/UtlSvBakgFinCKM/
1864,Ljusnarsberg,municipality,PARENT_BOTH_SWEDEN,Nacidos en Suecia · ambos padres en Suecia,6,2989,4290,69.673660,2025-12-31,https://www.statistikdatabasen.scb.se/pxweb/sv/ssd/START__BE__BE0101__BE0101Q/UtlSvBakgFinCKM/
1880,Örebro,municipality,PARENT_FOREIGN_BORN,Nacidos fuera de Suecia,08,31976,160687,19.899556,2025-12-31,https://www.statistikdatabasen.scb.se/pxweb/sv/ssd/START__BE__BE0101__BE0101Q/UtlSvBakgFinCKM/
1880,Örebro,municipality,PARENT_BOTH_FOREIGN,Nacidos en Suecia · ambos padres fuera,4,13338,160687,8.300609,2025-12-31,https://www.statistikdatabasen.scb.se/pxweb/sv/ssd/START__BE__BE0101__BE0101Q/UtlSvBakgFinCKM/
1880,Örebro,municipality,PARENT_MIXED,Nacidos en Suecia · un padre fuera,5,12097,160687,7.528300,2025-12-31,https://www.statistikdatabasen.scb.se/pxweb/sv/ssd/START__BE__BE0101__BE0101Q/UtlSvBakgFinCKM/
1880,Örebro,municipality,PARENT_BOTH_SWEDEN,Nacidos en Suecia · ambos padres en Suecia,6,103271,160687,64.268422,2025-12-31,https://www.statistikdatabasen.scb.se/pxweb/sv/ssd/START__BE__BE0101__BE0101Q/UtlSvBakgFinCKM/
1881,Kumla,municipality,PARENT_FOREIGN_BORN,Nacidos fuera de Suecia,08,3269,22665,14.423119,2025-12-31,https://www.statistikdatabasen.scb.se/pxweb/sv/ssd/START__BE__BE0101__BE0101Q/UtlSvBakgFinCKM/
1881,Kumla,municipality,PARENT_BOTH_FOREIGN,Nacidos en Suecia · ambos padres fuera,4,1186,22665,5.232738,2025-12-31,https://www.statistikdatabasen.scb.se/pxweb/sv/ssd/START__BE__BE0101__BE0101Q/UtlSvBakgFinCKM/
1881,Kumla,municipality,PARENT_MIXED,Nacidos en Suecia · un padre fuera,5,1456,22665,6.424002,2025-12-31,https://www.statistikdatabasen.scb.se/pxweb/sv/ssd/START__BE__BE0101__BE0101Q/UtlSvBakgFinCKM/
1881,Kumla,municipality,PARENT_BOTH_SWEDEN,Nacidos en Suecia · ambos padres en Suecia,6,16757,22665,73.933377,2025-12-31,https://www.statistikdatabasen.scb.se/pxweb/sv/ssd/START__BE__BE0101__BE0101Q/UtlSvBakgFinCKM/
1882,Askersund,municipality,PARENT_FOREIGN_BORN,Nacidos fuera de Suecia,08,1067,11382,9.374451,2025-12-31,https://www.statistikdatabasen.scb.se/pxweb/sv/ssd/START__BE__BE0101__BE0101Q/UtlSvBakgFinCKM/
1882,Askersund,municipality,PARENT_BOTH_FOREIGN,Nacidos en Suecia · ambos padres fuera,4,260,11382,2.284309,2025-12-31,https://www.statistikdatabasen.scb.se/pxweb/sv/ssd/START__BE__BE0101__BE0101Q/UtlSvBakgFinCKM/
1882,Askersund,municipality,PARENT_MIXED,Nacidos en Suecia · un padre fuera,5,582,11382,5.113337,2025-12-31,https://www.statistikdatabasen.scb.se/pxweb/sv/ssd/START__BE__BE0101__BE0101Q/UtlSvBakgFinCKM/
1882,Askersund,municipality,PARENT_BOTH_SWEDEN,Nacidos en Suecia · ambos padres en Suecia,6,9473,11382,83.227904,2025-12-31,https://www.statistikdatabasen.scb.se/pxweb/sv/ssd/START__BE__BE0101__BE0101Q/UtlSvBakgFinCKM/
1883,Karlskoga,municipality,PARENT_FOREIGN_BORN,Nacidos fuera de Suecia,08,4902,30128,16.270579,2025-12-31,https://www.statistikdatabasen.scb.se/pxweb/sv/ssd/START__BE__BE0101__BE0101Q/UtlSvBakgFinCKM/
1883,Karlskoga,municipality,PARENT_BOTH_FOREIGN,Nacidos en Suecia · ambos padres fuera,4,1769,30128,5.871614,2025-12-31,https://www.statistikdatabasen.scb.se/pxweb/sv/ssd/START__BE__BE0101__BE0101Q/UtlSvBakgFinCKM/
1883,Karlskoga,municipality,PARENT_MIXED,Nacidos en Suecia · un padre fuera,5,2299,30128,7.630775,2025-12-31,https://www.statistikdatabasen.scb.se/pxweb/sv/ssd/START__BE__BE0101__BE0101Q/UtlSvBakgFinCKM/
1883,Karlskoga,municipality,PARENT_BOTH_SWEDEN,Nacidos en Suecia · ambos padres en Suecia,6,21155,30128,70.217074,2025-12-31,https://www.statistikdatabasen.scb.se/pxweb/sv/ssd/START__BE__BE0101__BE0101Q/UtlSvBakgFinCKM/
1884,Nora,municipality,PARENT_FOREIGN_BORN,Nacidos fuera de Suecia,08,1358,10603,12.807696,2025-12-31,https://www.statistikdatabasen.scb.se/pxweb/sv/ssd/START__BE__BE0101__BE0101Q/UtlSvBakgFinCKM/
1884,Nora,municipality,PARENT_BOTH_FOREIGN,Nacidos en Suecia · ambos padres fuera,4,401,10603,3.781949,2025-12-31,https://www.statistikdatabasen.scb.se/pxweb/sv/ssd/START__BE__BE0101__BE0101Q/UtlSvBakgFinCKM/
1884,Nora,municipality,PARENT_MIXED,Nacidos en Suecia · un padre fuera,5,771,10603,7.271527,2025-12-31,https://www.statistikdatabasen.scb.se/pxweb/sv/ssd/START__BE__BE0101__BE0101Q/UtlSvBakgFinCKM/
1884,Nora,municipality,PARENT_BOTH_SWEDEN,Nacidos en Suecia · ambos padres en Suecia,6,8073,10603,76.138829,2025-12-31,https://www.statistikdatabasen.scb.se/pxweb/sv/ssd/START__BE__BE0101__BE0101Q/UtlSvBakgFinCKM/
1885,Lindesberg,municipality,PARENT_FOREIGN_BORN,Nacidos fuera de Suecia,08,3442,23014,14.956114,2025-12-31,https://www.statistikdatabasen.scb.se/pxweb/sv/ssd/START__BE__BE0101__BE0101Q/UtlSvBakgFinCKM/
1885,Lindesberg,municipality,PARENT_BOTH_FOREIGN,Nacidos en Suecia · ambos padres fuera,4,1163,23014,5.053446,2025-12-31,https://www.statistikdatabasen.scb.se/pxweb/sv/ssd/START__BE__BE0101__BE0101Q/UtlSvBakgFinCKM/
1885,Lindesberg,municipality,PARENT_MIXED,Nacidos en Suecia · un padre fuera,5,1608,23014,6.987051,2025-12-31,https://www.statistikdatabasen.scb.se/pxweb/sv/ssd/START__BE__BE0101__BE0101Q/UtlSvBakgFinCKM/
1885,Lindesberg,municipality,PARENT_BOTH_SWEDEN,Nacidos en Suecia · ambos padres en Suecia,6,16800,23014,72.999044,2025-12-31,https://www.statistikdatabasen.scb.se/pxweb/sv/ssd/START__BE__BE0101__BE0101Q/UtlSvBakgFinCKM/
19,Västmanlands län,county,PARENT_FOREIGN_BORN,Nacidos fuera de Suecia,08,62930,280756,22.414481,2025-12-31,https://www.statistikdatabasen.scb.se/pxweb/sv/ssd/START__BE__BE0101__BE0101Q/UtlSvBakgFinCKM/
19,Västmanlands län,county,PARENT_BOTH_FOREIGN,Nacidos en Suecia · ambos padres fuera,4,23966,280756,8.536238,2025-12-31,https://www.statistikdatabasen.scb.se/pxweb/sv/ssd/START__BE__BE0101__BE0101Q/UtlSvBakgFinCKM/
19,Västmanlands län,county,PARENT_MIXED,Nacidos en Suecia · un padre fuera,5,23493,280756,8.367764,2025-12-31,https://www.statistikdatabasen.scb.se/pxweb/sv/ssd/START__BE__BE0101__BE0101Q/UtlSvBakgFinCKM/
19,Västmanlands län,county,PARENT_BOTH_SWEDEN,Nacidos en Suecia · ambos padres en Suecia,6,170372,280756,60.683298,2025-12-31,https://www.statistikdatabasen.scb.se/pxweb/sv/ssd/START__BE__BE0101__BE0101Q/UtlSvBakgFinCKM/
1904,Skinnskatteberg,municipality,PARENT_FOREIGN_BORN,Nacidos fuera de Suecia,08,695,4234,16.414738,2025-12-31,https://www.statistikdatabasen.scb.se/pxweb/sv/ssd/START__BE__BE0101__BE0101Q/UtlSvBakgFinCKM/
1904,Skinnskatteberg,municipality,PARENT_BOTH_FOREIGN,Nacidos en Suecia · ambos padres fuera,4,260,4234,6.140765,2025-12-31,https://www.statistikdatabasen.scb.se/pxweb/sv/ssd/START__BE__BE0101__BE0101Q/UtlSvBakgFinCKM/
1904,Skinnskatteberg,municipality,PARENT_MIXED,Nacidos en Suecia · un padre fuera,5,345,4234,8.148323,2025-12-31,https://www.statistikdatabasen.scb.se/pxweb/sv/ssd/START__BE__BE0101__BE0101Q/UtlSvBakgFinCKM/
1904,Skinnskatteberg,municipality,PARENT_BOTH_SWEDEN,Nacidos en Suecia · ambos padres en Suecia,6,2932,4234,69.248937,2025-12-31,https://www.statistikdatabasen.scb.se/pxweb/sv/ssd/START__BE__BE0101__BE0101Q/UtlSvBakgFinCKM/
1907,Surahammar,municipality,PARENT_FOREIGN_BORN,Nacidos fuera de Suecia,08,1838,9733,18.884208,2025-12-31,https://www.statistikdatabasen.scb.se/pxweb/sv/ssd/START__BE__BE0101__BE0101Q/UtlSvBakgFinCKM/
1907,Surahammar,municipality,PARENT_BOTH_FOREIGN,Nacidos en Suecia · ambos padres fuera,4,807,9733,8.291380,2025-12-31,https://www.statistikdatabasen.scb.se/pxweb/sv/ssd/START__BE__BE0101__BE0101Q/UtlSvBakgFinCKM/
1907,Surahammar,municipality,PARENT_MIXED,Nacidos en Suecia · un padre fuera,5,918,9733,9.431830,2025-12-31,https://www.statistikdatabasen.scb.se/pxweb/sv/ssd/START__BE__BE0101__BE0101Q/UtlSvBakgFinCKM/
1907,Surahammar,municipality,PARENT_BOTH_SWEDEN,Nacidos en Suecia · ambos padres en Suecia,6,6172,9733,63.413131,2025-12-31,https://www.statistikdatabasen.scb.se/pxweb/sv/ssd/START__BE__BE0101__BE0101Q/UtlSvBakgFinCKM/
1960,Kungsör,municipality,PARENT_FOREIGN_BORN,Nacidos fuera de Suecia,08,1567,8550,18.327485,2025-12-31,https://www.statistikdatabasen.scb.se/pxweb/sv/ssd/START__BE__BE0101__BE0101Q/UtlSvBakgFinCKM/
1960,Kungsör,municipality,PARENT_BOTH_FOREIGN,Nacidos en Suecia · ambos padres fuera,4,581,8550,6.795322,2025-12-31,https://www.statistikdatabasen.scb.se/pxweb/sv/ssd/START__BE__BE0101__BE0101Q/UtlSvBakgFinCKM/
1960,Kungsör,municipality,PARENT_MIXED,Nacidos en Suecia · un padre fuera,5,671,8550,7.847953,2025-12-31,https://www.statistikdatabasen.scb.se/pxweb/sv/ssd/START__BE__BE0101__BE0101Q/UtlSvBakgFinCKM/
1960,Kungsör,municipality,PARENT_BOTH_SWEDEN,Nacidos en Suecia · ambos padres en Suecia,6,5734,8550,67.064327,2025-12-31,https://www.statistikdatabasen.scb.se/pxweb/sv/ssd/START__BE__BE0101__BE0101Q/UtlSvBakgFinCKM/
1961,Hallstahammar,municipality,PARENT_FOREIGN_BORN,Nacidos fuera de Suecia,08,3214,16600,19.361446,2025-12-31,https://www.statistikdatabasen.scb.se/pxweb/sv/ssd/START__BE__BE0101__BE0101Q/UtlSvBakgFinCKM/
1961,Hallstahammar,municipality,PARENT_BOTH_FOREIGN,Nacidos en Suecia · ambos padres fuera,4,1423,16600,8.572289,2025-12-31,https://www.statistikdatabasen.scb.se/pxweb/sv/ssd/START__BE__BE0101__BE0101Q/UtlSvBakgFinCKM/
1961,Hallstahammar,municipality,PARENT_MIXED,Nacidos en Suecia · un padre fuera,5,1529,16600,9.210843,2025-12-31,https://www.statistikdatabasen.scb.se/pxweb/sv/ssd/START__BE__BE0101__BE0101Q/UtlSvBakgFinCKM/
1961,Hallstahammar,municipality,PARENT_BOTH_SWEDEN,Nacidos en Suecia · ambos padres en Suecia,6,10433,16600,62.849398,2025-12-31,https://www.statistikdatabasen.scb.se/pxweb/sv/ssd/START__BE__BE0101__BE0101Q/UtlSvBakgFinCKM/
1962,Norberg,municipality,PARENT_FOREIGN_BORN,Nacidos fuera de Suecia,08,696,5351,13.006915,2025-12-31,https://www.statistikdatabasen.scb.se/pxweb/sv/ssd/START__BE__BE0101__BE0101Q/UtlSvBakgFinCKM/
1962,Norberg,municipality,PARENT_BOTH_FOREIGN,Nacidos en Suecia · ambos padres fuera,4,272,5351,5.083162,2025-12-31,https://www.statistikdatabasen.scb.se/pxweb/sv/ssd/START__BE__BE0101__BE0101Q/UtlSvBakgFinCKM/
1962,Norberg,municipality,PARENT_MIXED,Nacidos en Suecia · un padre fuera,5,456,5351,8.521772,2025-12-31,https://www.statistikdatabasen.scb.se/pxweb/sv/ssd/START__BE__BE0101__BE0101Q/UtlSvBakgFinCKM/
1962,Norberg,municipality,PARENT_BOTH_SWEDEN,Nacidos en Suecia · ambos padres en Suecia,6,3924,5351,73.332087,2025-12-31,https://www.statistikdatabasen.scb.se/pxweb/sv/ssd/START__BE__BE0101__BE0101Q/UtlSvBakgFinCKM/
1980,Västerås,municipality,PARENT_FOREIGN_BORN,Nacidos fuera de Suecia,08,40661,161240,25.217688,2025-12-31,https://www.statistikdatabasen.scb.se/pxweb/sv/ssd/START__BE__BE0101__BE0101Q/UtlSvBakgFinCKM/
1980,Västerås,municipality,PARENT_BOTH_FOREIGN,Nacidos en Suecia · ambos padres fuera,4,15304,161240,9.491441,2025-12-31,https://www.statistikdatabasen.scb.se/pxweb/sv/ssd/START__BE__BE0101__BE0101Q/UtlSvBakgFinCKM/
1980,Västerås,municipality,PARENT_MIXED,Nacidos en Suecia · un padre fuera,5,13895,161240,8.617589,2025-12-31,https://www.statistikdatabasen.scb.se/pxweb/sv/ssd/START__BE__BE0101__BE0101Q/UtlSvBakgFinCKM/
1980,Västerås,municipality,PARENT_BOTH_SWEDEN,Nacidos en Suecia · ambos padres en Suecia,6,91383,161240,56.675143,2025-12-31,https://www.statistikdatabasen.scb.se/pxweb/sv/ssd/START__BE__BE0101__BE0101Q/UtlSvBakgFinCKM/
1981,Sala,municipality,PARENT_FOREIGN_BORN,Nacidos fuera de Suecia,08,3147,22600,13.924779,2025-12-31,https://www.statistikdatabasen.scb.se/pxweb/sv/ssd/START__BE__BE0101__BE0101Q/UtlSvBakgFinCKM/
1981,Sala,municipality,PARENT_BOTH_FOREIGN,Nacidos en Suecia · ambos padres fuera,4,1151,22600,5.092920,2025-12-31,https://www.statistikdatabasen.scb.se/pxweb/sv/ssd/START__BE__BE0101__BE0101Q/UtlSvBakgFinCKM/
1981,Sala,municipality,PARENT_MIXED,Nacidos en Suecia · un padre fuera,5,1509,22600,6.676991,2025-12-31,https://www.statistikdatabasen.scb.se/pxweb/sv/ssd/START__BE__BE0101__BE0101Q/UtlSvBakgFinCKM/
1981,Sala,municipality,PARENT_BOTH_SWEDEN,Nacidos en Suecia · ambos padres en Suecia,6,16791,22600,74.296460,2025-12-31,https://www.statistikdatabasen.scb.se/pxweb/sv/ssd/START__BE__BE0101__BE0101Q/UtlSvBakgFinCKM/
1982,Fagersta,municipality,PARENT_FOREIGN_BORN,Nacidos fuera de Suecia,08,3535,12915,27.371274,2025-12-31,https://www.statistikdatabasen.scb.se/pxweb/sv/ssd/START__BE__BE0101__BE0101Q/UtlSvBakgFinCKM/
1982,Fagersta,municipality,PARENT_BOTH_FOREIGN,Nacidos en Suecia · ambos padres fuera,4,1353,12915,10.476190,2025-12-31,https://www.statistikdatabasen.scb.se/pxweb/sv/ssd/START__BE__BE0101__BE0101Q/UtlSvBakgFinCKM/
1982,Fagersta,municipality,PARENT_MIXED,Nacidos en Suecia · un padre fuera,5,1068,12915,8.269454,2025-12-31,https://www.statistikdatabasen.scb.se/pxweb/sv/ssd/START__BE__BE0101__BE0101Q/UtlSvBakgFinCKM/
1982,Fagersta,municipality,PARENT_BOTH_SWEDEN,Nacidos en Suecia · ambos padres en Suecia,6,6957,12915,53.867596,2025-12-31,https://www.statistikdatabasen.scb.se/pxweb/sv/ssd/START__BE__BE0101__BE0101Q/UtlSvBakgFinCKM/
1983,Köping,municipality,PARENT_FOREIGN_BORN,Nacidos fuera de Suecia,08,5516,25610,21.538462,2025-12-31,https://www.statistikdatabasen.scb.se/pxweb/sv/ssd/START__BE__BE0101__BE0101Q/UtlSvBakgFinCKM/
1983,Köping,municipality,PARENT_BOTH_FOREIGN,Nacidos en Suecia · ambos padres fuera,4,2156,25610,8.418586,2025-12-31,https://www.statistikdatabasen.scb.se/pxweb/sv/ssd/START__BE__BE0101__BE0101Q/UtlSvBakgFinCKM/
1983,Köping,municipality,PARENT_MIXED,Nacidos en Suecia · un padre fuera,5,2074,25610,8.098399,2025-12-31,https://www.statistikdatabasen.scb.se/pxweb/sv/ssd/START__BE__BE0101__BE0101Q/UtlSvBakgFinCKM/
1983,Köping,municipality,PARENT_BOTH_SWEDEN,Nacidos en Suecia · ambos padres en Suecia,6,15863,25610,61.940648,2025-12-31,https://www.statistikdatabasen.scb.se/pxweb/sv/ssd/START__BE__BE0101__BE0101Q/UtlSvBakgFinCKM/
1984,Arboga,municipality,PARENT_FOREIGN_BORN,Nacidos fuera de Suecia,08,2065,13929,14.825185,2025-12-31,https://www.statistikdatabasen.scb.se/pxweb/sv/ssd/START__BE__BE0101__BE0101Q/UtlSvBakgFinCKM/
1984,Arboga,municipality,PARENT_BOTH_FOREIGN,Nacidos en Suecia · ambos padres fuera,4,654,13929,4.695240,2025-12-31,https://www.statistikdatabasen.scb.se/pxweb/sv/ssd/START__BE__BE0101__BE0101Q/UtlSvBakgFinCKM/
1984,Arboga,municipality,PARENT_MIXED,Nacidos en Suecia · un padre fuera,5,1031,13929,7.401824,2025-12-31,https://www.statistikdatabasen.scb.se/pxweb/sv/ssd/START__BE__BE0101__BE0101Q/UtlSvBakgFinCKM/
1984,Arboga,municipality,PARENT_BOTH_SWEDEN,Nacidos en Suecia · ambos padres en Suecia,6,10180,13929,73.084931,2025-12-31,https://www.statistikdatabasen.scb.se/pxweb/sv/ssd/START__BE__BE0101__BE0101Q/UtlSvBakgFinCKM/
20,Dalarnas län,county,PARENT_FOREIGN_BORN,Nacidos fuera de Suecia,08,37595,286043,13.143129,2025-12-31,https://www.statistikdatabasen.scb.se/pxweb/sv/ssd/START__BE__BE0101__BE0101Q/UtlSvBakgFinCKM/
20,Dalarnas län,county,PARENT_BOTH_FOREIGN,Nacidos en Suecia · ambos padres fuera,4,11260,286043,3.936471,2025-12-31,https://www.statistikdatabasen.scb.se/pxweb/sv/ssd/START__BE__BE0101__BE0101Q/UtlSvBakgFinCKM/
20,Dalarnas län,county,PARENT_MIXED,Nacidos en Suecia · un padre fuera,5,18519,286043,6.474201,2025-12-31,https://www.statistikdatabasen.scb.se/pxweb/sv/ssd/START__BE__BE0101__BE0101Q/UtlSvBakgFinCKM/
20,Dalarnas län,county,PARENT_BOTH_SWEDEN,Nacidos en Suecia · ambos padres en Suecia,6,218668,286043,76.445849,2025-12-31,https://www.statistikdatabasen.scb.se/pxweb/sv/ssd/START__BE__BE0101__BE0101Q/UtlSvBakgFinCKM/
2021,Vansbro,municipality,PARENT_FOREIGN_BORN,Nacidos fuera de Suecia,08,707,6741,10.488058,2025-12-31,https://www.statistikdatabasen.scb.se/pxweb/sv/ssd/START__BE__BE0101__BE0101Q/UtlSvBakgFinCKM/
2021,Vansbro,municipality,PARENT_BOTH_FOREIGN,Nacidos en Suecia · ambos padres fuera,4,135,6741,2.002670,2025-12-31,https://www.statistikdatabasen.scb.se/pxweb/sv/ssd/START__BE__BE0101__BE0101Q/UtlSvBakgFinCKM/
2021,Vansbro,municipality,PARENT_MIXED,Nacidos en Suecia · un padre fuera,5,359,6741,5.325619,2025-12-31,https://www.statistikdatabasen.scb.se/pxweb/sv/ssd/START__BE__BE0101__BE0101Q/UtlSvBakgFinCKM/
2021,Vansbro,municipality,PARENT_BOTH_SWEDEN,Nacidos en Suecia · ambos padres en Suecia,6,5541,6741,82.198487,2025-12-31,https://www.statistikdatabasen.scb.se/pxweb/sv/ssd/START__BE__BE0101__BE0101Q/UtlSvBakgFinCKM/
2023,Malung-Sälen,municipality,PARENT_FOREIGN_BORN,Nacidos fuera de Suecia,08,1354,10192,13.284929,2025-12-31,https://www.statistikdatabasen.scb.se/pxweb/sv/ssd/START__BE__BE0101__BE0101Q/UtlSvBakgFinCKM/
2023,Malung-Sälen,municipality,PARENT_BOTH_FOREIGN,Nacidos en Suecia · ambos padres fuera,4,276,10192,2.708006,2025-12-31,https://www.statistikdatabasen.scb.se/pxweb/sv/ssd/START__BE__BE0101__BE0101Q/UtlSvBakgFinCKM/
2023,Malung-Sälen,municipality,PARENT_MIXED,Nacidos en Suecia · un padre fuera,5,639,10192,6.269623,2025-12-31,https://www.statistikdatabasen.scb.se/pxweb/sv/ssd/START__BE__BE0101__BE0101Q/UtlSvBakgFinCKM/
2023,Malung-Sälen,municipality,PARENT_BOTH_SWEDEN,Nacidos en Suecia · ambos padres en Suecia,6,7920,10192,77.708006,2025-12-31,https://www.statistikdatabasen.scb.se/pxweb/sv/ssd/START__BE__BE0101__BE0101Q/UtlSvBakgFinCKM/
2026,Gagnef,municipality,PARENT_FOREIGN_BORN,Nacidos fuera de Suecia,08,694,10307,6.733288,2025-12-31,https://www.statistikdatabasen.scb.se/pxweb/sv/ssd/START__BE__BE0101__BE0101Q/UtlSvBakgFinCKM/
2026,Gagnef,municipality,PARENT_BOTH_FOREIGN,Nacidos en Suecia · ambos padres fuera,4,247,10307,2.396430,2025-12-31,https://www.statistikdatabasen.scb.se/pxweb/sv/ssd/START__BE__BE0101__BE0101Q/UtlSvBakgFinCKM/
2026,Gagnef,municipality,PARENT_MIXED,Nacidos en Suecia · un padre fuera,5,700,10307,6.791501,2025-12-31,https://www.statistikdatabasen.scb.se/pxweb/sv/ssd/START__BE__BE0101__BE0101Q/UtlSvBakgFinCKM/
2026,Gagnef,municipality,PARENT_BOTH_SWEDEN,Nacidos en Suecia · ambos padres en Suecia,6,8658,10307,84.001164,2025-12-31,https://www.statistikdatabasen.scb.se/pxweb/sv/ssd/START__BE__BE0101__BE0101Q/UtlSvBakgFinCKM/
2029,Leksand,municipality,PARENT_FOREIGN_BORN,Nacidos fuera de Suecia,08,1617,16167,10.001856,2025-12-31,https://www.statistikdatabasen.scb.se/pxweb/sv/ssd/START__BE__BE0101__BE0101Q/UtlSvBakgFinCKM/
2029,Leksand,municipality,PARENT_BOTH_FOREIGN,Nacidos en Suecia · ambos padres fuera,4,327,16167,2.022639,2025-12-31,https://www.statistikdatabasen.scb.se/pxweb/sv/ssd/START__BE__BE0101__BE0101Q/UtlSvBakgFinCKM/
2029,Leksand,municipality,PARENT_MIXED,Nacidos en Suecia · un padre fuera,5,926,16167,5.727717,2025-12-31,https://www.statistikdatabasen.scb.se/pxweb/sv/ssd/START__BE__BE0101__BE0101Q/UtlSvBakgFinCKM/
2029,Leksand,municipality,PARENT_BOTH_SWEDEN,Nacidos en Suecia · ambos padres en Suecia,6,13299,16167,82.260160,2025-12-31,https://www.statistikdatabasen.scb.se/pxweb/sv/ssd/START__BE__BE0101__BE0101Q/UtlSvBakgFinCKM/
2031,Rättvik,municipality,PARENT_FOREIGN_BORN,Nacidos fuera de Suecia,08,826,10978,7.524139,2025-12-31,https://www.statistikdatabasen.scb.se/pxweb/sv/ssd/START__BE__BE0101__BE0101Q/UtlSvBakgFinCKM/
2031,Rättvik,municipality,PARENT_BOTH_FOREIGN,Nacidos en Suecia · ambos padres fuera,4,131,10978,1.193296,2025-12-31,https://www.statistikdatabasen.scb.se/pxweb/sv/ssd/START__BE__BE0101__BE0101Q/UtlSvBakgFinCKM/
2031,Rättvik,municipality,PARENT_MIXED,Nacidos en Suecia · un padre fuera,5,604,10978,5.501913,2025-12-31,https://www.statistikdatabasen.scb.se/pxweb/sv/ssd/START__BE__BE0101__BE0101Q/UtlSvBakgFinCKM/
2031,Rättvik,municipality,PARENT_BOTH_SWEDEN,Nacidos en Suecia · ambos padres en Suecia,6,9409,10978,85.707779,2025-12-31,https://www.statistikdatabasen.scb.se/pxweb/sv/ssd/START__BE__BE0101__BE0101Q/UtlSvBakgFinCKM/
2034,Orsa,municipality,PARENT_FOREIGN_BORN,Nacidos fuera de Suecia,08,791,6902,11.460446,2025-12-31,https://www.statistikdatabasen.scb.se/pxweb/sv/ssd/START__BE__BE0101__BE0101Q/UtlSvBakgFinCKM/
2034,Orsa,municipality,PARENT_BOTH_FOREIGN,Nacidos en Suecia · ambos padres fuera,4,154,6902,2.231237,2025-12-31,https://www.statistikdatabasen.scb.se/pxweb/sv/ssd/START__BE__BE0101__BE0101Q/UtlSvBakgFinCKM/
2034,Orsa,municipality,PARENT_MIXED,Nacidos en Suecia · un padre fuera,5,359,6902,5.201391,2025-12-31,https://www.statistikdatabasen.scb.se/pxweb/sv/ssd/START__BE__BE0101__BE0101Q/UtlSvBakgFinCKM/
2034,Orsa,municipality,PARENT_BOTH_SWEDEN,Nacidos en Suecia · ambos padres en Suecia,6,5601,6902,81.150391,2025-12-31,https://www.statistikdatabasen.scb.se/pxweb/sv/ssd/START__BE__BE0101__BE0101Q/UtlSvBakgFinCKM/
2039,Älvdalen,municipality,PARENT_FOREIGN_BORN,Nacidos fuera de Suecia,08,675,6831,9.881423,2025-12-31,https://www.statistikdatabasen.scb.se/pxweb/sv/ssd/START__BE__BE0101__BE0101Q/UtlSvBakgFinCKM/
2039,Älvdalen,municipality,PARENT_BOTH_FOREIGN,Nacidos en Suecia · ambos padres fuera,4,74,6831,1.083297,2025-12-31,https://www.statistikdatabasen.scb.se/pxweb/sv/ssd/START__BE__BE0101__BE0101Q/UtlSvBakgFinCKM/
2039,Älvdalen,municipality,PARENT_MIXED,Nacidos en Suecia · un padre fuera,5,384,6831,5.621432,2025-12-31,https://www.statistikdatabasen.scb.se/pxweb/sv/ssd/START__BE__BE0101__BE0101Q/UtlSvBakgFinCKM/
2039,Älvdalen,municipality,PARENT_BOTH_SWEDEN,Nacidos en Suecia · ambos padres en Suecia,6,5694,6831,83.355292,2025-12-31,https://www.statistikdatabasen.scb.se/pxweb/sv/ssd/START__BE__BE0101__BE0101Q/UtlSvBakgFinCKM/
2061,Smedjebacken,municipality,PARENT_FOREIGN_BORN,Nacidos fuera de Suecia,08,1090,10758,10.131995,2025-12-31,https://www.statistikdatabasen.scb.se/pxweb/sv/ssd/START__BE__BE0101__BE0101Q/UtlSvBakgFinCKM/
2061,Smedjebacken,municipality,PARENT_BOTH_FOREIGN,Nacidos en Suecia · ambos padres fuera,4,390,10758,3.625209,2025-12-31,https://www.statistikdatabasen.scb.se/pxweb/sv/ssd/START__BE__BE0101__BE0101Q/UtlSvBakgFinCKM/
2061,Smedjebacken,municipality,PARENT_MIXED,Nacidos en Suecia · un padre fuera,5,857,10758,7.966165,2025-12-31,https://www.statistikdatabasen.scb.se/pxweb/sv/ssd/START__BE__BE0101__BE0101Q/UtlSvBakgFinCKM/
2061,Smedjebacken,municipality,PARENT_BOTH_SWEDEN,Nacidos en Suecia · ambos padres en Suecia,6,8426,10758,78.323108,2025-12-31,https://www.statistikdatabasen.scb.se/pxweb/sv/ssd/START__BE__BE0101__BE0101Q/UtlSvBakgFinCKM/
2062,Mora,municipality,PARENT_FOREIGN_BORN,Nacidos fuera de Suecia,08,1920,20419,9.403007,2025-12-31,https://www.statistikdatabasen.scb.se/pxweb/sv/ssd/START__BE__BE0101__BE0101Q/UtlSvBakgFinCKM/
2062,Mora,municipality,PARENT_BOTH_FOREIGN,Nacidos en Suecia · ambos padres fuera,4,382,20419,1.870807,2025-12-31,https://www.statistikdatabasen.scb.se/pxweb/sv/ssd/START__BE__BE0101__BE0101Q/UtlSvBakgFinCKM/
2062,Mora,municipality,PARENT_MIXED,Nacidos en Suecia · un padre fuera,5,1105,20419,5.411626,2025-12-31,https://www.statistikdatabasen.scb.se/pxweb/sv/ssd/START__BE__BE0101__BE0101Q/UtlSvBakgFinCKM/
2062,Mora,municipality,PARENT_BOTH_SWEDEN,Nacidos en Suecia · ambos padres en Suecia,6,17008,20419,83.294970,2025-12-31,https://www.statistikdatabasen.scb.se/pxweb/sv/ssd/START__BE__BE0101__BE0101Q/UtlSvBakgFinCKM/
2080,Falun,municipality,PARENT_FOREIGN_BORN,Nacidos fuera de Suecia,08,6367,59974,10.616267,2025-12-31,https://www.statistikdatabasen.scb.se/pxweb/sv/ssd/START__BE__BE0101__BE0101Q/UtlSvBakgFinCKM/
2080,Falun,municipality,PARENT_BOTH_FOREIGN,Nacidos en Suecia · ambos padres fuera,4,1799,59974,2.999633,2025-12-31,https://www.statistikdatabasen.scb.se/pxweb/sv/ssd/START__BE__BE0101__BE0101Q/UtlSvBakgFinCKM/
2080,Falun,municipality,PARENT_MIXED,Nacidos en Suecia · un padre fuera,5,4010,59974,6.686231,2025-12-31,https://www.statistikdatabasen.scb.se/pxweb/sv/ssd/START__BE__BE0101__BE0101Q/UtlSvBakgFinCKM/
2080,Falun,municipality,PARENT_BOTH_SWEDEN,Nacidos en Suecia · ambos padres en Suecia,6,47795,59974,79.692867,2025-12-31,https://www.statistikdatabasen.scb.se/pxweb/sv/ssd/START__BE__BE0101__BE0101Q/UtlSvBakgFinCKM/
2081,Borlänge,municipality,PARENT_FOREIGN_BORN,Nacidos fuera de Suecia,08,9239,51354,17.990809,2025-12-31,https://www.statistikdatabasen.scb.se/pxweb/sv/ssd/START__BE__BE0101__BE0101Q/UtlSvBakgFinCKM/
2081,Borlänge,municipality,PARENT_BOTH_FOREIGN,Nacidos en Suecia · ambos padres fuera,4,3786,51354,7.372357,2025-12-31,https://www.statistikdatabasen.scb.se/pxweb/sv/ssd/START__BE__BE0101__BE0101Q/UtlSvBakgFinCKM/
2081,Borlänge,municipality,PARENT_MIXED,Nacidos en Suecia · un padre fuera,5,3429,51354,6.677182,2025-12-31,https://www.statistikdatabasen.scb.se/pxweb/sv/ssd/START__BE__BE0101__BE0101Q/UtlSvBakgFinCKM/
2081,Borlänge,municipality,PARENT_BOTH_SWEDEN,Nacidos en Suecia · ambos padres en Suecia,6,34902,51354,67.963547,2025-12-31,https://www.statistikdatabasen.scb.se/pxweb/sv/ssd/START__BE__BE0101__BE0101Q/UtlSvBakgFinCKM/
2082,Säter,municipality,PARENT_FOREIGN_BORN,Nacidos fuera de Suecia,08,961,11222,8.563536,2025-12-31,https://www.statistikdatabasen.scb.se/pxweb/sv/ssd/START__BE__BE0101__BE0101Q/UtlSvBakgFinCKM/
2082,Säter,municipality,PARENT_BOTH_FOREIGN,Nacidos en Suecia · ambos padres fuera,4,247,11222,2.201034,2025-12-31,https://www.statistikdatabasen.scb.se/pxweb/sv/ssd/START__BE__BE0101__BE0101Q/UtlSvBakgFinCKM/
2082,Säter,municipality,PARENT_MIXED,Nacidos en Suecia · un padre fuera,5,711,11222,6.335769,2025-12-31,https://www.statistikdatabasen.scb.se/pxweb/sv/ssd/START__BE__BE0101__BE0101Q/UtlSvBakgFinCKM/
2082,Säter,municipality,PARENT_BOTH_SWEDEN,Nacidos en Suecia · ambos padres en Suecia,6,9307,11222,82.935306,2025-12-31,https://www.statistikdatabasen.scb.se/pxweb/sv/ssd/START__BE__BE0101__BE0101Q/UtlSvBakgFinCKM/
2083,Hedemora,municipality,PARENT_FOREIGN_BORN,Nacidos fuera de Suecia,08,2021,15025,13.450915,2025-12-31,https://www.statistikdatabasen.scb.se/pxweb/sv/ssd/START__BE__BE0101__BE0101Q/UtlSvBakgFinCKM/
2083,Hedemora,municipality,PARENT_BOTH_FOREIGN,Nacidos en Suecia · ambos padres fuera,4,610,15025,4.059900,2025-12-31,https://www.statistikdatabasen.scb.se/pxweb/sv/ssd/START__BE__BE0101__BE0101Q/UtlSvBakgFinCKM/
2083,Hedemora,municipality,PARENT_MIXED,Nacidos en Suecia · un padre fuera,5,1013,15025,6.742097,2025-12-31,https://www.statistikdatabasen.scb.se/pxweb/sv/ssd/START__BE__BE0101__BE0101Q/UtlSvBakgFinCKM/
2083,Hedemora,municipality,PARENT_BOTH_SWEDEN,Nacidos en Suecia · ambos padres en Suecia,6,11376,15025,75.713810,2025-12-31,https://www.statistikdatabasen.scb.se/pxweb/sv/ssd/START__BE__BE0101__BE0101Q/UtlSvBakgFinCKM/
2084,Avesta,municipality,PARENT_FOREIGN_BORN,Nacidos fuera de Suecia,08,3701,22366,16.547438,2025-12-31,https://www.statistikdatabasen.scb.se/pxweb/sv/ssd/START__BE__BE0101__BE0101Q/UtlSvBakgFinCKM/
2084,Avesta,municipality,PARENT_BOTH_FOREIGN,Nacidos en Suecia · ambos padres fuera,4,1213,22366,5.423411,2025-12-31,https://www.statistikdatabasen.scb.se/pxweb/sv/ssd/START__BE__BE0101__BE0101Q/UtlSvBakgFinCKM/
2084,Avesta,municipality,PARENT_MIXED,Nacidos en Suecia · un padre fuera,5,1657,22366,7.408567,2025-12-31,https://www.statistikdatabasen.scb.se/pxweb/sv/ssd/START__BE__BE0101__BE0101Q/UtlSvBakgFinCKM/
2084,Avesta,municipality,PARENT_BOTH_SWEDEN,Nacidos en Suecia · ambos padres en Suecia,6,15796,22366,70.625056,2025-12-31,https://www.statistikdatabasen.scb.se/pxweb/sv/ssd/START__BE__BE0101__BE0101Q/UtlSvBakgFinCKM/
2085,Ludvika,municipality,PARENT_FOREIGN_BORN,Nacidos fuera de Suecia,08,5635,26812,21.016709,2025-12-31,https://www.statistikdatabasen.scb.se/pxweb/sv/ssd/START__BE__BE0101__BE0101Q/UtlSvBakgFinCKM/
2085,Ludvika,municipality,PARENT_BOTH_FOREIGN,Nacidos en Suecia · ambos padres fuera,4,1482,26812,5.527376,2025-12-31,https://www.statistikdatabasen.scb.se/pxweb/sv/ssd/START__BE__BE0101__BE0101Q/UtlSvBakgFinCKM/
2085,Ludvika,municipality,PARENT_MIXED,Nacidos en Suecia · un padre fuera,5,1762,26812,6.571684,2025-12-31,https://www.statistikdatabasen.scb.se/pxweb/sv/ssd/START__BE__BE0101__BE0101Q/UtlSvBakgFinCKM/
2085,Ludvika,municipality,PARENT_BOTH_SWEDEN,Nacidos en Suecia · ambos padres en Suecia,6,17934,26812,66.887961,2025-12-31,https://www.statistikdatabasen.scb.se/pxweb/sv/ssd/START__BE__BE0101__BE0101Q/UtlSvBakgFinCKM/
21,Gävleborgs län,county,PARENT_FOREIGN_BORN,Nacidos fuera de Suecia,08,40083,283452,14.141019,2025-12-31,https://www.statistikdatabasen.scb.se/pxweb/sv/ssd/START__BE__BE0101__BE0101Q/UtlSvBakgFinCKM/
21,Gävleborgs län,county,PARENT_BOTH_FOREIGN,Nacidos en Suecia · ambos padres fuera,4,11817,283452,4.168960,2025-12-31,https://www.statistikdatabasen.scb.se/pxweb/sv/ssd/START__BE__BE0101__BE0101Q/UtlSvBakgFinCKM/
21,Gävleborgs län,county,PARENT_MIXED,Nacidos en Suecia · un padre fuera,5,15958,283452,5.629877,2025-12-31,https://www.statistikdatabasen.scb.se/pxweb/sv/ssd/START__BE__BE0101__BE0101Q/UtlSvBakgFinCKM/
21,Gävleborgs län,county,PARENT_BOTH_SWEDEN,Nacidos en Suecia · ambos padres en Suecia,6,215593,283452,76.059791,2025-12-31,https://www.statistikdatabasen.scb.se/pxweb/sv/ssd/START__BE__BE0101__BE0101Q/UtlSvBakgFinCKM/
2101,Ockelbo,municipality,PARENT_FOREIGN_BORN,Nacidos fuera de Suecia,08,695,5715,12.160980,2025-12-31,https://www.statistikdatabasen.scb.se/pxweb/sv/ssd/START__BE__BE0101__BE0101Q/UtlSvBakgFinCKM/
2101,Ockelbo,municipality,PARENT_BOTH_FOREIGN,Nacidos en Suecia · ambos padres fuera,4,212,5715,3.709536,2025-12-31,https://www.statistikdatabasen.scb.se/pxweb/sv/ssd/START__BE__BE0101__BE0101Q/UtlSvBakgFinCKM/
2101,Ockelbo,municipality,PARENT_MIXED,Nacidos en Suecia · un padre fuera,5,251,5715,4.391951,2025-12-31,https://www.statistikdatabasen.scb.se/pxweb/sv/ssd/START__BE__BE0101__BE0101Q/UtlSvBakgFinCKM/
2101,Ockelbo,municipality,PARENT_BOTH_SWEDEN,Nacidos en Suecia · ambos padres en Suecia,6,4559,5715,79.772528,2025-12-31,https://www.statistikdatabasen.scb.se/pxweb/sv/ssd/START__BE__BE0101__BE0101Q/UtlSvBakgFinCKM/
2104,Hofors,municipality,PARENT_FOREIGN_BORN,Nacidos fuera de Suecia,08,1193,9138,13.055373,2025-12-31,https://www.statistikdatabasen.scb.se/pxweb/sv/ssd/START__BE__BE0101__BE0101Q/UtlSvBakgFinCKM/
2104,Hofors,municipality,PARENT_BOTH_FOREIGN,Nacidos en Suecia · ambos padres fuera,4,408,9138,4.464872,2025-12-31,https://www.statistikdatabasen.scb.se/pxweb/sv/ssd/START__BE__BE0101__BE0101Q/UtlSvBakgFinCKM/
2104,Hofors,municipality,PARENT_MIXED,Nacidos en Suecia · un padre fuera,5,724,9138,7.922959,2025-12-31,https://www.statistikdatabasen.scb.se/pxweb/sv/ssd/START__BE__BE0101__BE0101Q/UtlSvBakgFinCKM/
2104,Hofors,municipality,PARENT_BOTH_SWEDEN,Nacidos en Suecia · ambos padres en Suecia,6,6813,9138,74.556796,2025-12-31,https://www.statistikdatabasen.scb.se/pxweb/sv/ssd/START__BE__BE0101__BE0101Q/UtlSvBakgFinCKM/
2121,Ovanåker,municipality,PARENT_FOREIGN_BORN,Nacidos fuera de Suecia,08,864,11272,7.665011,2025-12-31,https://www.statistikdatabasen.scb.se/pxweb/sv/ssd/START__BE__BE0101__BE0101Q/UtlSvBakgFinCKM/
2121,Ovanåker,municipality,PARENT_BOTH_FOREIGN,Nacidos en Suecia · ambos padres fuera,4,234,11272,2.075940,2025-12-31,https://www.statistikdatabasen.scb.se/pxweb/sv/ssd/START__BE__BE0101__BE0101Q/UtlSvBakgFinCKM/
2121,Ovanåker,municipality,PARENT_MIXED,Nacidos en Suecia · un padre fuera,5,392,11272,3.477644,2025-12-31,https://www.statistikdatabasen.scb.se/pxweb/sv/ssd/START__BE__BE0101__BE0101Q/UtlSvBakgFinCKM/
2121,Ovanåker,municipality,PARENT_BOTH_SWEDEN,Nacidos en Suecia · ambos padres en Suecia,6,9781,11272,86.772534,2025-12-31,https://www.statistikdatabasen.scb.se/pxweb/sv/ssd/START__BE__BE0101__BE0101Q/UtlSvBakgFinCKM/
2132,Nordanstig,municipality,PARENT_FOREIGN_BORN,Nacidos fuera de Suecia,08,840,9284,9.047824,2025-12-31,https://www.statistikdatabasen.scb.se/pxweb/sv/ssd/START__BE__BE0101__BE0101Q/UtlSvBakgFinCKM/
2132,Nordanstig,municipality,PARENT_BOTH_FOREIGN,Nacidos en Suecia · ambos padres fuera,4,169,9284,1.820336,2025-12-31,https://www.statistikdatabasen.scb.se/pxweb/sv/ssd/START__BE__BE0101__BE0101Q/UtlSvBakgFinCKM/
2132,Nordanstig,municipality,PARENT_MIXED,Nacidos en Suecia · un padre fuera,5,528,9284,5.687204,2025-12-31,https://www.statistikdatabasen.scb.se/pxweb/sv/ssd/START__BE__BE0101__BE0101Q/UtlSvBakgFinCKM/
2132,Nordanstig,municipality,PARENT_BOTH_SWEDEN,Nacidos en Suecia · ambos padres en Suecia,6,7751,9284,83.487721,2025-12-31,https://www.statistikdatabasen.scb.se/pxweb/sv/ssd/START__BE__BE0101__BE0101Q/UtlSvBakgFinCKM/
2161,Ljusdal,municipality,PARENT_FOREIGN_BORN,Nacidos fuera de Suecia,08,1778,18377,9.675137,2025-12-31,https://www.statistikdatabasen.scb.se/pxweb/sv/ssd/START__BE__BE0101__BE0101Q/UtlSvBakgFinCKM/
2161,Ljusdal,municipality,PARENT_BOTH_FOREIGN,Nacidos en Suecia · ambos padres fuera,4,399,18377,2.171192,2025-12-31,https://www.statistikdatabasen.scb.se/pxweb/sv/ssd/START__BE__BE0101__BE0101Q/UtlSvBakgFinCKM/
2161,Ljusdal,municipality,PARENT_MIXED,Nacidos en Suecia · un padre fuera,5,762,18377,4.146487,2025-12-31,https://www.statistikdatabasen.scb.se/pxweb/sv/ssd/START__BE__BE0101__BE0101Q/UtlSvBakgFinCKM/
2161,Ljusdal,municipality,PARENT_BOTH_SWEDEN,Nacidos en Suecia · ambos padres en Suecia,6,15433,18377,83.979975,2025-12-31,https://www.statistikdatabasen.scb.se/pxweb/sv/ssd/START__BE__BE0101__BE0101Q/UtlSvBakgFinCKM/
2180,Gävle,municipality,PARENT_FOREIGN_BORN,Nacidos fuera de Suecia,08,18065,104108,17.352173,2025-12-31,https://www.statistikdatabasen.scb.se/pxweb/sv/ssd/START__BE__BE0101__BE0101Q/UtlSvBakgFinCKM/
2180,Gävle,municipality,PARENT_BOTH_FOREIGN,Nacidos en Suecia · ambos padres fuera,4,5855,104108,5.623967,2025-12-31,https://www.statistikdatabasen.scb.se/pxweb/sv/ssd/START__BE__BE0101__BE0101Q/UtlSvBakgFinCKM/
2180,Gävle,municipality,PARENT_MIXED,Nacidos en Suecia · un padre fuera,5,6902,104108,6.629654,2025-12-31,https://www.statistikdatabasen.scb.se/pxweb/sv/ssd/START__BE__BE0101__BE0101Q/UtlSvBakgFinCKM/
2180,Gävle,municipality,PARENT_BOTH_SWEDEN,Nacidos en Suecia · ambos padres en Suecia,6,73285,104108,70.393245,2025-12-31,https://www.statistikdatabasen.scb.se/pxweb/sv/ssd/START__BE__BE0101__BE0101Q/UtlSvBakgFinCKM/
2181,Sandviken,municipality,PARENT_FOREIGN_BORN,Nacidos fuera de Suecia,08,6983,38033,18.360371,2025-12-31,https://www.statistikdatabasen.scb.se/pxweb/sv/ssd/START__BE__BE0101__BE0101Q/UtlSvBakgFinCKM/
2181,Sandviken,municipality,PARENT_BOTH_FOREIGN,Nacidos en Suecia · ambos padres fuera,4,1871,38033,4.919412,2025-12-31,https://www.statistikdatabasen.scb.se/pxweb/sv/ssd/START__BE__BE0101__BE0101Q/UtlSvBakgFinCKM/
2181,Sandviken,municipality,PARENT_MIXED,Nacidos en Suecia · un padre fuera,5,2194,38033,5.768675,2025-12-31,https://www.statistikdatabasen.scb.se/pxweb/sv/ssd/START__BE__BE0101__BE0101Q/UtlSvBakgFinCKM/
2181,Sandviken,municipality,PARENT_BOTH_SWEDEN,Nacidos en Suecia · ambos padres en Suecia,6,26981,38033,70.941025,2025-12-31,https://www.statistikdatabasen.scb.se/pxweb/sv/ssd/START__BE__BE0101__BE0101Q/UtlSvBakgFinCKM/
2182,Söderhamn,municipality,PARENT_FOREIGN_BORN,Nacidos fuera de Suecia,08,2934,24163,12.142532,2025-12-31,https://www.statistikdatabasen.scb.se/pxweb/sv/ssd/START__BE__BE0101__BE0101Q/UtlSvBakgFinCKM/
2182,Söderhamn,municipality,PARENT_BOTH_FOREIGN,Nacidos en Suecia · ambos padres fuera,4,870,24163,3.600546,2025-12-31,https://www.statistikdatabasen.scb.se/pxweb/sv/ssd/START__BE__BE0101__BE0101Q/UtlSvBakgFinCKM/
2182,Söderhamn,municipality,PARENT_MIXED,Nacidos en Suecia · un padre fuera,5,1181,24163,4.887638,2025-12-31,https://www.statistikdatabasen.scb.se/pxweb/sv/ssd/START__BE__BE0101__BE0101Q/UtlSvBakgFinCKM/
2182,Söderhamn,municipality,PARENT_BOTH_SWEDEN,Nacidos en Suecia · ambos padres en Suecia,6,19182,24163,79.385838,2025-12-31,https://www.statistikdatabasen.scb.se/pxweb/sv/ssd/START__BE__BE0101__BE0101Q/UtlSvBakgFinCKM/
2183,Bollnäs,municipality,PARENT_FOREIGN_BORN,Nacidos fuera de Suecia,08,2908,26018,11.176878,2025-12-31,https://www.statistikdatabasen.scb.se/pxweb/sv/ssd/START__BE__BE0101__BE0101Q/UtlSvBakgFinCKM/
2183,Bollnäs,municipality,PARENT_BOTH_FOREIGN,Nacidos en Suecia · ambos padres fuera,4,895,26018,3.439926,2025-12-31,https://www.statistikdatabasen.scb.se/pxweb/sv/ssd/START__BE__BE0101__BE0101Q/UtlSvBakgFinCKM/
2183,Bollnäs,municipality,PARENT_MIXED,Nacidos en Suecia · un padre fuera,5,1141,26018,4.385425,2025-12-31,https://www.statistikdatabasen.scb.se/pxweb/sv/ssd/START__BE__BE0101__BE0101Q/UtlSvBakgFinCKM/
2183,Bollnäs,municipality,PARENT_BOTH_SWEDEN,Nacidos en Suecia · ambos padres en Suecia,6,21077,26018,81.009301,2025-12-31,https://www.statistikdatabasen.scb.se/pxweb/sv/ssd/START__BE__BE0101__BE0101Q/UtlSvBakgFinCKM/
2184,Hudiksvall,municipality,PARENT_FOREIGN_BORN,Nacidos fuera de Suecia,08,3821,37341,10.232720,2025-12-31,https://www.statistikdatabasen.scb.se/pxweb/sv/ssd/START__BE__BE0101__BE0101Q/UtlSvBakgFinCKM/
2184,Hudiksvall,municipality,PARENT_BOTH_FOREIGN,Nacidos en Suecia · ambos padres fuera,4,905,37341,2.423609,2025-12-31,https://www.statistikdatabasen.scb.se/pxweb/sv/ssd/START__BE__BE0101__BE0101Q/UtlSvBakgFinCKM/
2184,Hudiksvall,municipality,PARENT_MIXED,Nacidos en Suecia · un padre fuera,5,1884,37341,5.045392,2025-12-31,https://www.statistikdatabasen.scb.se/pxweb/sv/ssd/START__BE__BE0101__BE0101Q/UtlSvBakgFinCKM/
2184,Hudiksvall,municipality,PARENT_BOTH_SWEDEN,Nacidos en Suecia · ambos padres en Suecia,6,30733,37341,82.303634,2025-12-31,https://www.statistikdatabasen.scb.se/pxweb/sv/ssd/START__BE__BE0101__BE0101Q/UtlSvBakgFinCKM/
22,Västernorrlands län,county,PARENT_FOREIGN_BORN,Nacidos fuera de Suecia,08,28249,240640,11.739112,2025-12-31,https://www.statistikdatabasen.scb.se/pxweb/sv/ssd/START__BE__BE0101__BE0101Q/UtlSvBakgFinCKM/
22,Västernorrlands län,county,PARENT_BOTH_FOREIGN,Nacidos en Suecia · ambos padres fuera,4,7434,240640,3.089262,2025-12-31,https://www.statistikdatabasen.scb.se/pxweb/sv/ssd/START__BE__BE0101__BE0101Q/UtlSvBakgFinCKM/
22,Västernorrlands län,county,PARENT_MIXED,Nacidos en Suecia · un padre fuera,5,13681,240640,5.685256,2025-12-31,https://www.statistikdatabasen.scb.se/pxweb/sv/ssd/START__BE__BE0101__BE0101Q/UtlSvBakgFinCKM/
22,Västernorrlands län,county,PARENT_BOTH_SWEDEN,Nacidos en Suecia · ambos padres en Suecia,6,191275,240640,79.485954,2025-12-31,https://www.statistikdatabasen.scb.se/pxweb/sv/ssd/START__BE__BE0101__BE0101Q/UtlSvBakgFinCKM/
2260,Ånge,municipality,PARENT_FOREIGN_BORN,Nacidos fuera de Suecia,08,808,9000,8.977778,2025-12-31,https://www.statistikdatabasen.scb.se/pxweb/sv/ssd/START__BE__BE0101__BE0101Q/UtlSvBakgFinCKM/
2260,Ånge,municipality,PARENT_BOTH_FOREIGN,Nacidos en Suecia · ambos padres fuera,4,138,9000,1.533333,2025-12-31,https://www.statistikdatabasen.scb.se/pxweb/sv/ssd/START__BE__BE0101__BE0101Q/UtlSvBakgFinCKM/
2260,Ånge,municipality,PARENT_MIXED,Nacidos en Suecia · un padre fuera,5,463,9000,5.144444,2025-12-31,https://www.statistikdatabasen.scb.se/pxweb/sv/ssd/START__BE__BE0101__BE0101Q/UtlSvBakgFinCKM/
2260,Ånge,municipality,PARENT_BOTH_SWEDEN,Nacidos en Suecia · ambos padres en Suecia,6,7590,9000,84.333333,2025-12-31,https://www.statistikdatabasen.scb.se/pxweb/sv/ssd/START__BE__BE0101__BE0101Q/UtlSvBakgFinCKM/
2262,Timrå,municipality,PARENT_FOREIGN_BORN,Nacidos fuera de Suecia,08,1789,17465,10.243344,2025-12-31,https://www.statistikdatabasen.scb.se/pxweb/sv/ssd/START__BE__BE0101__BE0101Q/UtlSvBakgFinCKM/
2262,Timrå,municipality,PARENT_BOTH_FOREIGN,Nacidos en Suecia · ambos padres fuera,4,515,17465,2.948755,2025-12-31,https://www.statistikdatabasen.scb.se/pxweb/sv/ssd/START__BE__BE0101__BE0101Q/UtlSvBakgFinCKM/
2262,Timrå,municipality,PARENT_MIXED,Nacidos en Suecia · un padre fuera,5,1023,17465,5.857429,2025-12-31,https://www.statistikdatabasen.scb.se/pxweb/sv/ssd/START__BE__BE0101__BE0101Q/UtlSvBakgFinCKM/
2262,Timrå,municipality,PARENT_BOTH_SWEDEN,Nacidos en Suecia · ambos padres en Suecia,6,14137,17465,80.944747,2025-12-31,https://www.statistikdatabasen.scb.se/pxweb/sv/ssd/START__BE__BE0101__BE0101Q/UtlSvBakgFinCKM/
2280,Härnösand,municipality,PARENT_FOREIGN_BORN,Nacidos fuera de Suecia,08,3546,24348,14.563825,2025-12-31,https://www.statistikdatabasen.scb.se/pxweb/sv/ssd/START__BE__BE0101__BE0101Q/UtlSvBakgFinCKM/
2280,Härnösand,municipality,PARENT_BOTH_FOREIGN,Nacidos en Suecia · ambos padres fuera,4,868,24348,3.564975,2025-12-31,https://www.statistikdatabasen.scb.se/pxweb/sv/ssd/START__BE__BE0101__BE0101Q/UtlSvBakgFinCKM/
2280,Härnösand,municipality,PARENT_MIXED,Nacidos en Suecia · un padre fuera,5,1421,24348,5.836208,2025-12-31,https://www.statistikdatabasen.scb.se/pxweb/sv/ssd/START__BE__BE0101__BE0101Q/UtlSvBakgFinCKM/
2280,Härnösand,municipality,PARENT_BOTH_SWEDEN,Nacidos en Suecia · ambos padres en Suecia,6,18512,24348,76.030885,2025-12-31,https://www.statistikdatabasen.scb.se/pxweb/sv/ssd/START__BE__BE0101__BE0101Q/UtlSvBakgFinCKM/
2281,Sundsvall,municipality,PARENT_FOREIGN_BORN,Nacidos fuera de Suecia,08,12046,98962,12.172349,2025-12-31,https://www.statistikdatabasen.scb.se/pxweb/sv/ssd/START__BE__BE0101__BE0101Q/UtlSvBakgFinCKM/
2281,Sundsvall,municipality,PARENT_BOTH_FOREIGN,Nacidos en Suecia · ambos padres fuera,4,3682,98962,3.720620,2025-12-31,https://www.statistikdatabasen.scb.se/pxweb/sv/ssd/START__BE__BE0101__BE0101Q/UtlSvBakgFinCKM/
2281,Sundsvall,municipality,PARENT_MIXED,Nacidos en Suecia · un padre fuera,5,6163,98962,6.227643,2025-12-31,https://www.statistikdatabasen.scb.se/pxweb/sv/ssd/START__BE__BE0101__BE0101Q/UtlSvBakgFinCKM/
2281,Sundsvall,municipality,PARENT_BOTH_SWEDEN,Nacidos en Suecia · ambos padres en Suecia,6,77069,98962,77.877367,2025-12-31,https://www.statistikdatabasen.scb.se/pxweb/sv/ssd/START__BE__BE0101__BE0101Q/UtlSvBakgFinCKM/
2282,Kramfors,municipality,PARENT_FOREIGN_BORN,Nacidos fuera de Suecia,08,2442,17390,14.042553,2025-12-31,https://www.statistikdatabasen.scb.se/pxweb/sv/ssd/START__BE__BE0101__BE0101Q/UtlSvBakgFinCKM/
2282,Kramfors,municipality,PARENT_BOTH_FOREIGN,Nacidos en Suecia · ambos padres fuera,4,495,17390,2.846463,2025-12-31,https://www.statistikdatabasen.scb.se/pxweb/sv/ssd/START__BE__BE0101__BE0101Q/UtlSvBakgFinCKM/
2282,Kramfors,municipality,PARENT_MIXED,Nacidos en Suecia · un padre fuera,5,941,17390,5.411156,2025-12-31,https://www.statistikdatabasen.scb.se/pxweb/sv/ssd/START__BE__BE0101__BE0101Q/UtlSvBakgFinCKM/
2282,Kramfors,municipality,PARENT_BOTH_SWEDEN,Nacidos en Suecia · ambos padres en Suecia,6,13514,17390,77.711328,2025-12-31,https://www.statistikdatabasen.scb.se/pxweb/sv/ssd/START__BE__BE0101__BE0101Q/UtlSvBakgFinCKM/
2283,Sollefteå,municipality,PARENT_FOREIGN_BORN,Nacidos fuera de Suecia,08,2266,18138,12.493108,2025-12-31,https://www.statistikdatabasen.scb.se/pxweb/sv/ssd/START__BE__BE0101__BE0101Q/UtlSvBakgFinCKM/
2283,Sollefteå,municipality,PARENT_BOTH_FOREIGN,Nacidos en Suecia · ambos padres fuera,4,460,18138,2.536112,2025-12-31,https://www.statistikdatabasen.scb.se/pxweb/sv/ssd/START__BE__BE0101__BE0101Q/UtlSvBakgFinCKM/
2283,Sollefteå,municipality,PARENT_MIXED,Nacidos en Suecia · un padre fuera,5,893,18138,4.923365,2025-12-31,https://www.statistikdatabasen.scb.se/pxweb/sv/ssd/START__BE__BE0101__BE0101Q/UtlSvBakgFinCKM/
2283,Sollefteå,municipality,PARENT_BOTH_SWEDEN,Nacidos en Suecia · ambos padres en Suecia,6,14523,18138,80.069467,2025-12-31,https://www.statistikdatabasen.scb.se/pxweb/sv/ssd/START__BE__BE0101__BE0101Q/UtlSvBakgFinCKM/
2284,Örnsköldsvik,municipality,PARENT_FOREIGN_BORN,Nacidos fuera de Suecia,08,5351,55338,9.669666,2025-12-31,https://www.statistikdatabasen.scb.se/pxweb/sv/ssd/START__BE__BE0101__BE0101Q/UtlSvBakgFinCKM/
2284,Örnsköldsvik,municipality,PARENT_BOTH_FOREIGN,Nacidos en Suecia · ambos padres fuera,4,1282,55338,2.316672,2025-12-31,https://www.statistikdatabasen.scb.se/pxweb/sv/ssd/START__BE__BE0101__BE0101Q/UtlSvBakgFinCKM/
2284,Örnsköldsvik,municipality,PARENT_MIXED,Nacidos en Suecia · un padre fuera,5,2773,55338,5.011023,2025-12-31,https://www.statistikdatabasen.scb.se/pxweb/sv/ssd/START__BE__BE0101__BE0101Q/UtlSvBakgFinCKM/
2284,Örnsköldsvik,municipality,PARENT_BOTH_SWEDEN,Nacidos en Suecia · ambos padres en Suecia,6,45937,55338,83.011674,2025-12-31,https://www.statistikdatabasen.scb.se/pxweb/sv/ssd/START__BE__BE0101__BE0101Q/UtlSvBakgFinCKM/
23,Jämtlands län,county,PARENT_FOREIGN_BORN,Nacidos fuera de Suecia,08,14325,132736,10.792099,2025-12-31,https://www.statistikdatabasen.scb.se/pxweb/sv/ssd/START__BE__BE0101__BE0101Q/UtlSvBakgFinCKM/
23,Jämtlands län,county,PARENT_BOTH_FOREIGN,Nacidos en Suecia · ambos padres fuera,4,2822,132736,2.126025,2025-12-31,https://www.statistikdatabasen.scb.se/pxweb/sv/ssd/START__BE__BE0101__BE0101Q/UtlSvBakgFinCKM/
23,Jämtlands län,county,PARENT_MIXED,Nacidos en Suecia · un padre fuera,5,7854,132736,5.917008,2025-12-31,https://www.statistikdatabasen.scb.se/pxweb/sv/ssd/START__BE__BE0101__BE0101Q/UtlSvBakgFinCKM/
23,Jämtlands län,county,PARENT_BOTH_SWEDEN,Nacidos en Suecia · ambos padres en Suecia,6,107733,132736,81.163362,2025-12-31,https://www.statistikdatabasen.scb.se/pxweb/sv/ssd/START__BE__BE0101__BE0101Q/UtlSvBakgFinCKM/
2303,Ragunda,municipality,PARENT_FOREIGN_BORN,Nacidos fuera de Suecia,08,605,5152,11.743012,2025-12-31,https://www.statistikdatabasen.scb.se/pxweb/sv/ssd/START__BE__BE0101__BE0101Q/UtlSvBakgFinCKM/
2303,Ragunda,municipality,PARENT_BOTH_FOREIGN,Nacidos en Suecia · ambos padres fuera,4,82,5152,1.591615,2025-12-31,https://www.statistikdatabasen.scb.se/pxweb/sv/ssd/START__BE__BE0101__BE0101Q/UtlSvBakgFinCKM/
2303,Ragunda,municipality,PARENT_MIXED,Nacidos en Suecia · un padre fuera,5,263,5152,5.104814,2025-12-31,https://www.statistikdatabasen.scb.se/pxweb/sv/ssd/START__BE__BE0101__BE0101Q/UtlSvBakgFinCKM/
2303,Ragunda,municipality,PARENT_BOTH_SWEDEN,Nacidos en Suecia · ambos padres en Suecia,6,4201,5152,81.541149,2025-12-31,https://www.statistikdatabasen.scb.se/pxweb/sv/ssd/START__BE__BE0101__BE0101Q/UtlSvBakgFinCKM/
2305,Bräcke,municipality,PARENT_FOREIGN_BORN,Nacidos fuera de Suecia,08,784,5950,13.176471,2025-12-31,https://www.statistikdatabasen.scb.se/pxweb/sv/ssd/START__BE__BE0101__BE0101Q/UtlSvBakgFinCKM/
2305,Bräcke,municipality,PARENT_BOTH_FOREIGN,Nacidos en Suecia · ambos padres fuera,4,154,5950,2.588235,2025-12-31,https://www.statistikdatabasen.scb.se/pxweb/sv/ssd/START__BE__BE0101__BE0101Q/UtlSvBakgFinCKM/
2305,Bräcke,municipality,PARENT_MIXED,Nacidos en Suecia · un padre fuera,5,305,5950,5.126050,2025-12-31,https://www.statistikdatabasen.scb.se/pxweb/sv/ssd/START__BE__BE0101__BE0101Q/UtlSvBakgFinCKM/
2305,Bräcke,municipality,PARENT_BOTH_SWEDEN,Nacidos en Suecia · ambos padres en Suecia,6,4710,5950,79.159664,2025-12-31,https://www.statistikdatabasen.scb.se/pxweb/sv/ssd/START__BE__BE0101__BE0101Q/UtlSvBakgFinCKM/
2309,Krokom,municipality,PARENT_FOREIGN_BORN,Nacidos fuera de Suecia,08,1211,15795,7.666983,2025-12-31,https://www.statistikdatabasen.scb.se/pxweb/sv/ssd/START__BE__BE0101__BE0101Q/UtlSvBakgFinCKM/
2309,Krokom,municipality,PARENT_BOTH_FOREIGN,Nacidos en Suecia · ambos padres fuera,4,205,15795,1.297879,2025-12-31,https://www.statistikdatabasen.scb.se/pxweb/sv/ssd/START__BE__BE0101__BE0101Q/UtlSvBakgFinCKM/
2309,Krokom,municipality,PARENT_MIXED,Nacidos en Suecia · un padre fuera,5,976,15795,6.179171,2025-12-31,https://www.statistikdatabasen.scb.se/pxweb/sv/ssd/START__BE__BE0101__BE0101Q/UtlSvBakgFinCKM/
2309,Krokom,municipality,PARENT_BOTH_SWEDEN,Nacidos en Suecia · ambos padres en Suecia,6,13402,15795,84.849636,2025-12-31,https://www.statistikdatabasen.scb.se/pxweb/sv/ssd/START__BE__BE0101__BE0101Q/UtlSvBakgFinCKM/
2313,Strömsund,municipality,PARENT_FOREIGN_BORN,Nacidos fuera de Suecia,08,1320,10904,12.105649,2025-12-31,https://www.statistikdatabasen.scb.se/pxweb/sv/ssd/START__BE__BE0101__BE0101Q/UtlSvBakgFinCKM/
2313,Strömsund,municipality,PARENT_BOTH_FOREIGN,Nacidos en Suecia · ambos padres fuera,4,193,10904,1.769993,2025-12-31,https://www.statistikdatabasen.scb.se/pxweb/sv/ssd/START__BE__BE0101__BE0101Q/UtlSvBakgFinCKM/
2313,Strömsund,municipality,PARENT_MIXED,Nacidos en Suecia · un padre fuera,5,486,10904,4.457080,2025-12-31,https://www.statistikdatabasen.scb.se/pxweb/sv/ssd/START__BE__BE0101__BE0101Q/UtlSvBakgFinCKM/
2313,Strömsund,municipality,PARENT_BOTH_SWEDEN,Nacidos en Suecia · ambos padres en Suecia,6,8907,10904,81.685620,2025-12-31,https://www.statistikdatabasen.scb.se/pxweb/sv/ssd/START__BE__BE0101__BE0101Q/UtlSvBakgFinCKM/
2321,Åre,municipality,PARENT_FOREIGN_BORN,Nacidos fuera de Suecia,08,1458,12770,11.417384,2025-12-31,https://www.statistikdatabasen.scb.se/pxweb/sv/ssd/START__BE__BE0101__BE0101Q/UtlSvBakgFinCKM/
2321,Åre,municipality,PARENT_BOTH_FOREIGN,Nacidos en Suecia · ambos padres fuera,4,244,12770,1.910728,2025-12-31,https://www.statistikdatabasen.scb.se/pxweb/sv/ssd/START__BE__BE0101__BE0101Q/UtlSvBakgFinCKM/
2321,Åre,municipality,PARENT_MIXED,Nacidos en Suecia · un padre fuera,5,991,12770,7.760376,2025-12-31,https://www.statistikdatabasen.scb.se/pxweb/sv/ssd/START__BE__BE0101__BE0101Q/UtlSvBakgFinCKM/
2321,Åre,municipality,PARENT_BOTH_SWEDEN,Nacidos en Suecia · ambos padres en Suecia,6,10078,12770,78.919342,2025-12-31,https://www.statistikdatabasen.scb.se/pxweb/sv/ssd/START__BE__BE0101__BE0101Q/UtlSvBakgFinCKM/
2326,Berg,municipality,PARENT_FOREIGN_BORN,Nacidos fuera de Suecia,08,645,7085,9.103740,2025-12-31,https://www.statistikdatabasen.scb.se/pxweb/sv/ssd/START__BE__BE0101__BE0101Q/UtlSvBakgFinCKM/
2326,Berg,municipality,PARENT_BOTH_FOREIGN,Nacidos en Suecia · ambos padres fuera,4,113,7085,1.594919,2025-12-31,https://www.statistikdatabasen.scb.se/pxweb/sv/ssd/START__BE__BE0101__BE0101Q/UtlSvBakgFinCKM/
2326,Berg,municipality,PARENT_MIXED,Nacidos en Suecia · un padre fuera,5,288,7085,4.064926,2025-12-31,https://www.statistikdatabasen.scb.se/pxweb/sv/ssd/START__BE__BE0101__BE0101Q/UtlSvBakgFinCKM/
2326,Berg,municipality,PARENT_BOTH_SWEDEN,Nacidos en Suecia · ambos padres en Suecia,6,6038,7085,85.222301,2025-12-31,https://www.statistikdatabasen.scb.se/pxweb/sv/ssd/START__BE__BE0101__BE0101Q/UtlSvBakgFinCKM/
2361,Härjedalen,municipality,PARENT_FOREIGN_BORN,Nacidos fuera de Suecia,08,1179,10117,11.653652,2025-12-31,https://www.statistikdatabasen.scb.se/pxweb/sv/ssd/START__BE__BE0101__BE0101Q/UtlSvBakgFinCKM/
2361,Härjedalen,municipality,PARENT_BOTH_FOREIGN,Nacidos en Suecia · ambos padres fuera,4,205,10117,2.026292,2025-12-31,https://www.statistikdatabasen.scb.se/pxweb/sv/ssd/START__BE__BE0101__BE0101Q/UtlSvBakgFinCKM/
2361,Härjedalen,municipality,PARENT_MIXED,Nacidos en Suecia · un padre fuera,5,528,10117,5.218938,2025-12-31,https://www.statistikdatabasen.scb.se/pxweb/sv/ssd/START__BE__BE0101__BE0101Q/UtlSvBakgFinCKM/
2361,Härjedalen,municipality,PARENT_BOTH_SWEDEN,Nacidos en Suecia · ambos padres en Suecia,6,8206,10117,81.111001,2025-12-31,https://www.statistikdatabasen.scb.se/pxweb/sv/ssd/START__BE__BE0101__BE0101Q/UtlSvBakgFinCKM/
2380,Östersund,municipality,PARENT_FOREIGN_BORN,Nacidos fuera de Suecia,08,7125,64963,10.967782,2025-12-31,https://www.statistikdatabasen.scb.se/pxweb/sv/ssd/START__BE__BE0101__BE0101Q/UtlSvBakgFinCKM/
2380,Östersund,municipality,PARENT_BOTH_FOREIGN,Nacidos en Suecia · ambos padres fuera,4,1633,64963,2.513739,2025-12-31,https://www.statistikdatabasen.scb.se/pxweb/sv/ssd/START__BE__BE0101__BE0101Q/UtlSvBakgFinCKM/
2380,Östersund,municipality,PARENT_MIXED,Nacidos en Suecia · un padre fuera,5,4020,64963,6.188138,2025-12-31,https://www.statistikdatabasen.scb.se/pxweb/sv/ssd/START__BE__BE0101__BE0101Q/UtlSvBakgFinCKM/
2380,Östersund,municipality,PARENT_BOTH_SWEDEN,Nacidos en Suecia · ambos padres en Suecia,6,52192,64963,80.341117,2025-12-31,https://www.statistikdatabasen.scb.se/pxweb/sv/ssd/START__BE__BE0101__BE0101Q/UtlSvBakgFinCKM/
24,Västerbottens län,county,PARENT_FOREIGN_BORN,Nacidos fuera de Suecia,08,35702,279028,12.795132,2025-12-31,https://www.statistikdatabasen.scb.se/pxweb/sv/ssd/START__BE__BE0101__BE0101Q/UtlSvBakgFinCKM/
24,Västerbottens län,county,PARENT_BOTH_FOREIGN,Nacidos en Suecia · ambos padres fuera,4,7322,279028,2.624109,2025-12-31,https://www.statistikdatabasen.scb.se/pxweb/sv/ssd/START__BE__BE0101__BE0101Q/UtlSvBakgFinCKM/
24,Västerbottens län,county,PARENT_MIXED,Nacidos en Suecia · un padre fuera,5,16306,279028,5.843858,2025-12-31,https://www.statistikdatabasen.scb.se/pxweb/sv/ssd/START__BE__BE0101__BE0101Q/UtlSvBakgFinCKM/
24,Västerbottens län,county,PARENT_BOTH_SWEDEN,Nacidos en Suecia · ambos padres en Suecia,6,219691,279028,78.734392,2025-12-31,https://www.statistikdatabasen.scb.se/pxweb/sv/ssd/START__BE__BE0101__BE0101Q/UtlSvBakgFinCKM/
2401,Nordmaling,municipality,PARENT_FOREIGN_BORN,Nacidos fuera de Suecia,08,625,6905,9.051412,2025-12-31,https://www.statistikdatabasen.scb.se/pxweb/sv/ssd/START__BE__BE0101__BE0101Q/UtlSvBakgFinCKM/
2401,Nordmaling,municipality,PARENT_BOTH_FOREIGN,Nacidos en Suecia · ambos padres fuera,4,96,6905,1.390297,2025-12-31,https://www.statistikdatabasen.scb.se/pxweb/sv/ssd/START__BE__BE0101__BE0101Q/UtlSvBakgFinCKM/
2401,Nordmaling,municipality,PARENT_MIXED,Nacidos en Suecia · un padre fuera,5,354,6905,5.126720,2025-12-31,https://www.statistikdatabasen.scb.se/pxweb/sv/ssd/START__BE__BE0101__BE0101Q/UtlSvBakgFinCKM/
2401,Nordmaling,municipality,PARENT_BOTH_SWEDEN,Nacidos en Suecia · ambos padres en Suecia,6,5827,6905,84.388125,2025-12-31,https://www.statistikdatabasen.scb.se/pxweb/sv/ssd/START__BE__BE0101__BE0101Q/UtlSvBakgFinCKM/
2403,Bjurholm,municipality,PARENT_FOREIGN_BORN,Nacidos fuera de Suecia,08,237,2327,10.184787,2025-12-31,https://www.statistikdatabasen.scb.se/pxweb/sv/ssd/START__BE__BE0101__BE0101Q/UtlSvBakgFinCKM/
2403,Bjurholm,municipality,PARENT_BOTH_FOREIGN,Nacidos en Suecia · ambos padres fuera,4,33,2327,1.418135,2025-12-31,https://www.statistikdatabasen.scb.se/pxweb/sv/ssd/START__BE__BE0101__BE0101Q/UtlSvBakgFinCKM/
2403,Bjurholm,municipality,PARENT_MIXED,Nacidos en Suecia · un padre fuera,5,137,2327,5.887409,2025-12-31,https://www.statistikdatabasen.scb.se/pxweb/sv/ssd/START__BE__BE0101__BE0101Q/UtlSvBakgFinCKM/
2403,Bjurholm,municipality,PARENT_BOTH_SWEDEN,Nacidos en Suecia · ambos padres en Suecia,6,1916,2327,82.337774,2025-12-31,https://www.statistikdatabasen.scb.se/pxweb/sv/ssd/START__BE__BE0101__BE0101Q/UtlSvBakgFinCKM/
2404,Vindeln,municipality,PARENT_FOREIGN_BORN,Nacidos fuera de Suecia,08,598,5421,11.031175,2025-12-31,https://www.statistikdatabasen.scb.se/pxweb/sv/ssd/START__BE__BE0101__BE0101Q/UtlSvBakgFinCKM/
2404,Vindeln,municipality,PARENT_BOTH_FOREIGN,Nacidos en Suecia · ambos padres fuera,4,101,5421,1.863125,2025-12-31,https://www.statistikdatabasen.scb.se/pxweb/sv/ssd/START__BE__BE0101__BE0101Q/UtlSvBakgFinCKM/
2404,Vindeln,municipality,PARENT_MIXED,Nacidos en Suecia · un padre fuera,5,284,5421,5.238886,2025-12-31,https://www.statistikdatabasen.scb.se/pxweb/sv/ssd/START__BE__BE0101__BE0101Q/UtlSvBakgFinCKM/
2404,Vindeln,municipality,PARENT_BOTH_SWEDEN,Nacidos en Suecia · ambos padres en Suecia,6,4439,5421,81.885261,2025-12-31,https://www.statistikdatabasen.scb.se/pxweb/sv/ssd/START__BE__BE0101__BE0101Q/UtlSvBakgFinCKM/
2409,Robertsfors,municipality,PARENT_FOREIGN_BORN,Nacidos fuera de Suecia,08,667,6595,10.113723,2025-12-31,https://www.statistikdatabasen.scb.se/pxweb/sv/ssd/START__BE__BE0101__BE0101Q/UtlSvBakgFinCKM/
2409,Robertsfors,municipality,PARENT_BOTH_FOREIGN,Nacidos en Suecia · ambos padres fuera,4,131,6595,1.986353,2025-12-31,https://www.statistikdatabasen.scb.se/pxweb/sv/ssd/START__BE__BE0101__BE0101Q/UtlSvBakgFinCKM/
2409,Robertsfors,municipality,PARENT_MIXED,Nacidos en Suecia · un padre fuera,5,393,6595,5.959060,2025-12-31,https://www.statistikdatabasen.scb.se/pxweb/sv/ssd/START__BE__BE0101__BE0101Q/UtlSvBakgFinCKM/
2409,Robertsfors,municipality,PARENT_BOTH_SWEDEN,Nacidos en Suecia · ambos padres en Suecia,6,5406,6595,81.971190,2025-12-31,https://www.statistikdatabasen.scb.se/pxweb/sv/ssd/START__BE__BE0101__BE0101Q/UtlSvBakgFinCKM/
2417,Norsjö,municipality,PARENT_FOREIGN_BORN,Nacidos fuera de Suecia,08,449,3811,11.781685,2025-12-31,https://www.statistikdatabasen.scb.se/pxweb/sv/ssd/START__BE__BE0101__BE0101Q/UtlSvBakgFinCKM/
2417,Norsjö,municipality,PARENT_BOTH_FOREIGN,Nacidos en Suecia · ambos padres fuera,4,56,3811,1.469431,2025-12-31,https://www.statistikdatabasen.scb.se/pxweb/sv/ssd/START__BE__BE0101__BE0101Q/UtlSvBakgFinCKM/
2417,Norsjö,municipality,PARENT_MIXED,Nacidos en Suecia · un padre fuera,5,162,3811,4.250853,2025-12-31,https://www.statistikdatabasen.scb.se/pxweb/sv/ssd/START__BE__BE0101__BE0101Q/UtlSvBakgFinCKM/
2417,Norsjö,municipality,PARENT_BOTH_SWEDEN,Nacidos en Suecia · ambos padres en Suecia,6,3145,3811,82.524272,2025-12-31,https://www.statistikdatabasen.scb.se/pxweb/sv/ssd/START__BE__BE0101__BE0101Q/UtlSvBakgFinCKM/
2418,Malå,municipality,PARENT_FOREIGN_BORN,Nacidos fuera de Suecia,08,399,2902,13.749139,2025-12-31,https://www.statistikdatabasen.scb.se/pxweb/sv/ssd/START__BE__BE0101__BE0101Q/UtlSvBakgFinCKM/
2418,Malå,municipality,PARENT_BOTH_FOREIGN,Nacidos en Suecia · ambos padres fuera,4,36,2902,1.240524,2025-12-31,https://www.statistikdatabasen.scb.se/pxweb/sv/ssd/START__BE__BE0101__BE0101Q/UtlSvBakgFinCKM/
2418,Malå,municipality,PARENT_MIXED,Nacidos en Suecia · un padre fuera,5,117,2902,4.031702,2025-12-31,https://www.statistikdatabasen.scb.se/pxweb/sv/ssd/START__BE__BE0101__BE0101Q/UtlSvBakgFinCKM/
2418,Malå,municipality,PARENT_BOTH_SWEDEN,Nacidos en Suecia · ambos padres en Suecia,6,2345,2902,80.806340,2025-12-31,https://www.statistikdatabasen.scb.se/pxweb/sv/ssd/START__BE__BE0101__BE0101Q/UtlSvBakgFinCKM/
2421,Storuman,municipality,PARENT_FOREIGN_BORN,Nacidos fuera de Suecia,08,572,5543,10.319322,2025-12-31,https://www.statistikdatabasen.scb.se/pxweb/sv/ssd/START__BE__BE0101__BE0101Q/UtlSvBakgFinCKM/
2421,Storuman,municipality,PARENT_BOTH_FOREIGN,Nacidos en Suecia · ambos padres fuera,4,67,5543,1.208732,2025-12-31,https://www.statistikdatabasen.scb.se/pxweb/sv/ssd/START__BE__BE0101__BE0101Q/UtlSvBakgFinCKM/
2421,Storuman,municipality,PARENT_MIXED,Nacidos en Suecia · un padre fuera,5,258,5543,4.654519,2025-12-31,https://www.statistikdatabasen.scb.se/pxweb/sv/ssd/START__BE__BE0101__BE0101Q/UtlSvBakgFinCKM/
2421,Storuman,municipality,PARENT_BOTH_SWEDEN,Nacidos en Suecia · ambos padres en Suecia,6,4647,5543,83.835468,2025-12-31,https://www.statistikdatabasen.scb.se/pxweb/sv/ssd/START__BE__BE0101__BE0101Q/UtlSvBakgFinCKM/
2422,Sorsele,municipality,PARENT_FOREIGN_BORN,Nacidos fuera de Suecia,08,324,2362,13.717189,2025-12-31,https://www.statistikdatabasen.scb.se/pxweb/sv/ssd/START__BE__BE0101__BE0101Q/UtlSvBakgFinCKM/
2422,Sorsele,municipality,PARENT_BOTH_FOREIGN,Nacidos en Suecia · ambos padres fuera,4,46,2362,1.947502,2025-12-31,https://www.statistikdatabasen.scb.se/pxweb/sv/ssd/START__BE__BE0101__BE0101Q/UtlSvBakgFinCKM/
2422,Sorsele,municipality,PARENT_MIXED,Nacidos en Suecia · un padre fuera,5,94,2362,3.979678,2025-12-31,https://www.statistikdatabasen.scb.se/pxweb/sv/ssd/START__BE__BE0101__BE0101Q/UtlSvBakgFinCKM/
2422,Sorsele,municipality,PARENT_BOTH_SWEDEN,Nacidos en Suecia · ambos padres en Suecia,6,1899,2362,80.397968,2025-12-31,https://www.statistikdatabasen.scb.se/pxweb/sv/ssd/START__BE__BE0101__BE0101Q/UtlSvBakgFinCKM/
2425,Dorotea,municipality,PARENT_FOREIGN_BORN,Nacidos fuera de Suecia,08,180,2241,8.032129,2025-12-31,https://www.statistikdatabasen.scb.se/pxweb/sv/ssd/START__BE__BE0101__BE0101Q/UtlSvBakgFinCKM/
2425,Dorotea,municipality,PARENT_BOTH_FOREIGN,Nacidos en Suecia · ambos padres fuera,4,26,2241,1.160196,2025-12-31,https://www.statistikdatabasen.scb.se/pxweb/sv/ssd/START__BE__BE0101__BE0101Q/UtlSvBakgFinCKM/
2425,Dorotea,municipality,PARENT_MIXED,Nacidos en Suecia · un padre fuera,5,80,2241,3.569835,2025-12-31,https://www.statistikdatabasen.scb.se/pxweb/sv/ssd/START__BE__BE0101__BE0101Q/UtlSvBakgFinCKM/
2425,Dorotea,municipality,PARENT_BOTH_SWEDEN,Nacidos en Suecia · ambos padres en Suecia,6,1954,2241,87.193217,2025-12-31,https://www.statistikdatabasen.scb.se/pxweb/sv/ssd/START__BE__BE0101__BE0101Q/UtlSvBakgFinCKM/
2460,Vännäs,municipality,PARENT_FOREIGN_BORN,Nacidos fuera de Suecia,08,822,9225,8.910569,2025-12-31,https://www.statistikdatabasen.scb.se/pxweb/sv/ssd/START__BE__BE0101__BE0101Q/UtlSvBakgFinCKM/
2460,Vännäs,municipality,PARENT_BOTH_FOREIGN,Nacidos en Suecia · ambos padres fuera,4,157,9225,1.701897,2025-12-31,https://www.statistikdatabasen.scb.se/pxweb/sv/ssd/START__BE__BE0101__BE0101Q/UtlSvBakgFinCKM/
2460,Vännäs,municipality,PARENT_MIXED,Nacidos en Suecia · un padre fuera,5,479,9225,5.192412,2025-12-31,https://www.statistikdatabasen.scb.se/pxweb/sv/ssd/START__BE__BE0101__BE0101Q/UtlSvBakgFinCKM/
2460,Vännäs,municipality,PARENT_BOTH_SWEDEN,Nacidos en Suecia · ambos padres en Suecia,6,7768,9225,84.205962,2025-12-31,https://www.statistikdatabasen.scb.se/pxweb/sv/ssd/START__BE__BE0101__BE0101Q/UtlSvBakgFinCKM/
2462,Vilhelmina,municipality,PARENT_FOREIGN_BORN,Nacidos fuera de Suecia,08,494,6172,8.003889,2025-12-31,https://www.statistikdatabasen.scb.se/pxweb/sv/ssd/START__BE__BE0101__BE0101Q/UtlSvBakgFinCKM/
2462,Vilhelmina,municipality,PARENT_BOTH_FOREIGN,Nacidos en Suecia · ambos padres fuera,4,81,6172,1.312378,2025-12-31,https://www.statistikdatabasen.scb.se/pxweb/sv/ssd/START__BE__BE0101__BE0101Q/UtlSvBakgFinCKM/
2462,Vilhelmina,municipality,PARENT_MIXED,Nacidos en Suecia · un padre fuera,5,207,6172,3.353856,2025-12-31,https://www.statistikdatabasen.scb.se/pxweb/sv/ssd/START__BE__BE0101__BE0101Q/UtlSvBakgFinCKM/
2462,Vilhelmina,municipality,PARENT_BOTH_SWEDEN,Nacidos en Suecia · ambos padres en Suecia,6,5389,6172,87.313675,2025-12-31,https://www.statistikdatabasen.scb.se/pxweb/sv/ssd/START__BE__BE0101__BE0101Q/UtlSvBakgFinCKM/
2463,Åsele,municipality,PARENT_FOREIGN_BORN,Nacidos fuera de Suecia,08,388,2683,14.461424,2025-12-31,https://www.statistikdatabasen.scb.se/pxweb/sv/ssd/START__BE__BE0101__BE0101Q/UtlSvBakgFinCKM/
2463,Åsele,municipality,PARENT_BOTH_FOREIGN,Nacidos en Suecia · ambos padres fuera,4,57,2683,2.124488,2025-12-31,https://www.statistikdatabasen.scb.se/pxweb/sv/ssd/START__BE__BE0101__BE0101Q/UtlSvBakgFinCKM/
2463,Åsele,municipality,PARENT_MIXED,Nacidos en Suecia · un padre fuera,5,103,2683,3.838986,2025-12-31,https://www.statistikdatabasen.scb.se/pxweb/sv/ssd/START__BE__BE0101__BE0101Q/UtlSvBakgFinCKM/
2463,Åsele,municipality,PARENT_BOTH_SWEDEN,Nacidos en Suecia · ambos padres en Suecia,6,2133,2683,79.500559,2025-12-31,https://www.statistikdatabasen.scb.se/pxweb/sv/ssd/START__BE__BE0101__BE0101Q/UtlSvBakgFinCKM/
2480,Umeå,municipality,PARENT_FOREIGN_BORN,Nacidos fuera de Suecia,08,18827,135273,13.917781,2025-12-31,https://www.statistikdatabasen.scb.se/pxweb/sv/ssd/START__BE__BE0101__BE0101Q/UtlSvBakgFinCKM/
2480,Umeå,municipality,PARENT_BOTH_FOREIGN,Nacidos en Suecia · ambos padres fuera,4,4476,135273,3.308864,2025-12-31,https://www.statistikdatabasen.scb.se/pxweb/sv/ssd/START__BE__BE0101__BE0101Q/UtlSvBakgFinCKM/
2480,Umeå,municipality,PARENT_MIXED,Nacidos en Suecia · un padre fuera,5,9341,135273,6.905295,2025-12-31,https://www.statistikdatabasen.scb.se/pxweb/sv/ssd/START__BE__BE0101__BE0101Q/UtlSvBakgFinCKM/
2480,Umeå,municipality,PARENT_BOTH_SWEDEN,Nacidos en Suecia · ambos padres en Suecia,6,102624,135273,75.864363,2025-12-31,https://www.statistikdatabasen.scb.se/pxweb/sv/ssd/START__BE__BE0101__BE0101Q/UtlSvBakgFinCKM/
2481,Lycksele,municipality,PARENT_FOREIGN_BORN,Nacidos fuera de Suecia,08,1442,12159,11.859528,2025-12-31,https://www.statistikdatabasen.scb.se/pxweb/sv/ssd/START__BE__BE0101__BE0101Q/UtlSvBakgFinCKM/
2481,Lycksele,municipality,PARENT_BOTH_FOREIGN,Nacidos en Suecia · ambos padres fuera,4,353,12159,2.903199,2025-12-31,https://www.statistikdatabasen.scb.se/pxweb/sv/ssd/START__BE__BE0101__BE0101Q/UtlSvBakgFinCKM/
2481,Lycksele,municipality,PARENT_MIXED,Nacidos en Suecia · un padre fuera,5,535,12159,4.400033,2025-12-31,https://www.statistikdatabasen.scb.se/pxweb/sv/ssd/START__BE__BE0101__BE0101Q/UtlSvBakgFinCKM/
2481,Lycksele,municipality,PARENT_BOTH_SWEDEN,Nacidos en Suecia · ambos padres en Suecia,6,9830,12159,80.845464,2025-12-31,https://www.statistikdatabasen.scb.se/pxweb/sv/ssd/START__BE__BE0101__BE0101Q/UtlSvBakgFinCKM/
2482,Skellefteå,municipality,PARENT_FOREIGN_BORN,Nacidos fuera de Suecia,08,9675,75405,12.830714,2025-12-31,https://www.statistikdatabasen.scb.se/pxweb/sv/ssd/START__BE__BE0101__BE0101Q/UtlSvBakgFinCKM/
2482,Skellefteå,municipality,PARENT_BOTH_FOREIGN,Nacidos en Suecia · ambos padres fuera,4,1603,75405,2.125854,2025-12-31,https://www.statistikdatabasen.scb.se/pxweb/sv/ssd/START__BE__BE0101__BE0101Q/UtlSvBakgFinCKM/
2482,Skellefteå,municipality,PARENT_MIXED,Nacidos en Suecia · un padre fuera,5,3763,75405,4.990385,2025-12-31,https://www.statistikdatabasen.scb.se/pxweb/sv/ssd/START__BE__BE0101__BE0101Q/UtlSvBakgFinCKM/
2482,Skellefteå,municipality,PARENT_BOTH_SWEDEN,Nacidos en Suecia · ambos padres en Suecia,6,60361,75405,80.049068,2025-12-31,https://www.statistikdatabasen.scb.se/pxweb/sv/ssd/START__BE__BE0101__BE0101Q/UtlSvBakgFinCKM/
25,Norrbottens län,county,PARENT_FOREIGN_BORN,Nacidos fuera de Suecia,08,33717,248927,13.544935,2025-12-31,https://www.statistikdatabasen.scb.se/pxweb/sv/ssd/START__BE__BE0101__BE0101Q/UtlSvBakgFinCKM/
25,Norrbottens län,county,PARENT_BOTH_FOREIGN,Nacidos en Suecia · ambos padres fuera,4,6825,248927,2.741768,2025-12-31,https://www.statistikdatabasen.scb.se/pxweb/sv/ssd/START__BE__BE0101__BE0101Q/UtlSvBakgFinCKM/
25,Norrbottens län,county,PARENT_MIXED,Nacidos en Suecia · un padre fuera,5,21282,248927,8.549494,2025-12-31,https://www.statistikdatabasen.scb.se/pxweb/sv/ssd/START__BE__BE0101__BE0101Q/UtlSvBakgFinCKM/
25,Norrbottens län,county,PARENT_BOTH_SWEDEN,Nacidos en Suecia · ambos padres en Suecia,6,187106,248927,75.165008,2025-12-31,https://www.statistikdatabasen.scb.se/pxweb/sv/ssd/START__BE__BE0101__BE0101Q/UtlSvBakgFinCKM/
2505,Arvidsjaur,municipality,PARENT_FOREIGN_BORN,Nacidos fuera de Suecia,08,607,6026,10.073017,2025-12-31,https://www.statistikdatabasen.scb.se/pxweb/sv/ssd/START__BE__BE0101__BE0101Q/UtlSvBakgFinCKM/
2505,Arvidsjaur,municipality,PARENT_BOTH_FOREIGN,Nacidos en Suecia · ambos padres fuera,4,80,6026,1.327580,2025-12-31,https://www.statistikdatabasen.scb.se/pxweb/sv/ssd/START__BE__BE0101__BE0101Q/UtlSvBakgFinCKM/
2505,Arvidsjaur,municipality,PARENT_MIXED,Nacidos en Suecia · un padre fuera,5,282,6026,4.679721,2025-12-31,https://www.statistikdatabasen.scb.se/pxweb/sv/ssd/START__BE__BE0101__BE0101Q/UtlSvBakgFinCKM/
2505,Arvidsjaur,municipality,PARENT_BOTH_SWEDEN,Nacidos en Suecia · ambos padres en Suecia,6,5058,6026,83.936276,2025-12-31,https://www.statistikdatabasen.scb.se/pxweb/sv/ssd/START__BE__BE0101__BE0101Q/UtlSvBakgFinCKM/
2506,Arjeplog,municipality,PARENT_FOREIGN_BORN,Nacidos fuera de Suecia,08,303,2570,11.789883,2025-12-31,https://www.statistikdatabasen.scb.se/pxweb/sv/ssd/START__BE__BE0101__BE0101Q/UtlSvBakgFinCKM/
2506,Arjeplog,municipality,PARENT_BOTH_FOREIGN,Nacidos en Suecia · ambos padres fuera,4,37,2570,1.439689,2025-12-31,https://www.statistikdatabasen.scb.se/pxweb/sv/ssd/START__BE__BE0101__BE0101Q/UtlSvBakgFinCKM/
2506,Arjeplog,municipality,PARENT_MIXED,Nacidos en Suecia · un padre fuera,5,177,2570,6.887160,2025-12-31,https://www.statistikdatabasen.scb.se/pxweb/sv/ssd/START__BE__BE0101__BE0101Q/UtlSvBakgFinCKM/
2506,Arjeplog,municipality,PARENT_BOTH_SWEDEN,Nacidos en Suecia · ambos padres en Suecia,6,2054,2570,79.922179,2025-12-31,https://www.statistikdatabasen.scb.se/pxweb/sv/ssd/START__BE__BE0101__BE0101Q/UtlSvBakgFinCKM/
2510,Jokkmokk,municipality,PARENT_FOREIGN_BORN,Nacidos fuera de Suecia,08,650,4695,13.844515,2025-12-31,https://www.statistikdatabasen.scb.se/pxweb/sv/ssd/START__BE__BE0101__BE0101Q/UtlSvBakgFinCKM/
2510,Jokkmokk,municipality,PARENT_BOTH_FOREIGN,Nacidos en Suecia · ambos padres fuera,4,71,4695,1.512247,2025-12-31,https://www.statistikdatabasen.scb.se/pxweb/sv/ssd/START__BE__BE0101__BE0101Q/UtlSvBakgFinCKM/
2510,Jokkmokk,municipality,PARENT_MIXED,Nacidos en Suecia · un padre fuera,5,308,4695,6.560170,2025-12-31,https://www.statistikdatabasen.scb.se/pxweb/sv/ssd/START__BE__BE0101__BE0101Q/UtlSvBakgFinCKM/
2510,Jokkmokk,municipality,PARENT_BOTH_SWEDEN,Nacidos en Suecia · ambos padres en Suecia,6,3665,4695,78.061768,2025-12-31,https://www.statistikdatabasen.scb.se/pxweb/sv/ssd/START__BE__BE0101__BE0101Q/UtlSvBakgFinCKM/
2513,Överkalix,municipality,PARENT_FOREIGN_BORN,Nacidos fuera de Suecia,08,536,3183,16.839460,2025-12-31,https://www.statistikdatabasen.scb.se/pxweb/sv/ssd/START__BE__BE0101__BE0101Q/UtlSvBakgFinCKM/
2513,Överkalix,municipality,PARENT_BOTH_FOREIGN,Nacidos en Suecia · ambos padres fuera,4,70,3183,2.199183,2025-12-31,https://www.statistikdatabasen.scb.se/pxweb/sv/ssd/START__BE__BE0101__BE0101Q/UtlSvBakgFinCKM/
2513,Överkalix,municipality,PARENT_MIXED,Nacidos en Suecia · un padre fuera,5,201,3183,6.314797,2025-12-31,https://www.statistikdatabasen.scb.se/pxweb/sv/ssd/START__BE__BE0101__BE0101Q/UtlSvBakgFinCKM/
2513,Överkalix,municipality,PARENT_BOTH_SWEDEN,Nacidos en Suecia · ambos padres en Suecia,6,2374,3183,74.583726,2025-12-31,https://www.statistikdatabasen.scb.se/pxweb/sv/ssd/START__BE__BE0101__BE0101Q/UtlSvBakgFinCKM/
2514,Kalix,municipality,PARENT_FOREIGN_BORN,Nacidos fuera de Suecia,08,1807,15252,11.847627,2025-12-31,https://www.statistikdatabasen.scb.se/pxweb/sv/ssd/START__BE__BE0101__BE0101Q/UtlSvBakgFinCKM/
2514,Kalix,municipality,PARENT_BOTH_FOREIGN,Nacidos en Suecia · ambos padres fuera,4,427,15252,2.799633,2025-12-31,https://www.statistikdatabasen.scb.se/pxweb/sv/ssd/START__BE__BE0101__BE0101Q/UtlSvBakgFinCKM/
2514,Kalix,municipality,PARENT_MIXED,Nacidos en Suecia · un padre fuera,5,1333,15252,8.739837,2025-12-31,https://www.statistikdatabasen.scb.se/pxweb/sv/ssd/START__BE__BE0101__BE0101Q/UtlSvBakgFinCKM/
2514,Kalix,municipality,PARENT_BOTH_SWEDEN,Nacidos en Suecia · ambos padres en Suecia,6,11690,15252,76.645686,2025-12-31,https://www.statistikdatabasen.scb.se/pxweb/sv/ssd/START__BE__BE0101__BE0101Q/UtlSvBakgFinCKM/
2518,Övertorneå,municipality,PARENT_FOREIGN_BORN,Nacidos fuera de Suecia,08,969,3995,24.255319,2025-12-31,https://www.statistikdatabasen.scb.se/pxweb/sv/ssd/START__BE__BE0101__BE0101Q/UtlSvBakgFinCKM/
2518,Övertorneå,municipality,PARENT_BOTH_FOREIGN,Nacidos en Suecia · ambos padres fuera,4,176,3995,4.405507,2025-12-31,https://www.statistikdatabasen.scb.se/pxweb/sv/ssd/START__BE__BE0101__BE0101Q/UtlSvBakgFinCKM/
2518,Övertorneå,municipality,PARENT_MIXED,Nacidos en Suecia · un padre fuera,5,875,3995,21.902378,2025-12-31,https://www.statistikdatabasen.scb.se/pxweb/sv/ssd/START__BE__BE0101__BE0101Q/UtlSvBakgFinCKM/
2518,Övertorneå,municipality,PARENT_BOTH_SWEDEN,Nacidos en Suecia · ambos padres en Suecia,6,1976,3995,49.461827,2025-12-31,https://www.statistikdatabasen.scb.se/pxweb/sv/ssd/START__BE__BE0101__BE0101Q/UtlSvBakgFinCKM/
2521,Pajala,municipality,PARENT_FOREIGN_BORN,Nacidos fuera de Suecia,08,850,5706,14.896600,2025-12-31,https://www.statistikdatabasen.scb.se/pxweb/sv/ssd/START__BE__BE0101__BE0101Q/UtlSvBakgFinCKM/
2521,Pajala,municipality,PARENT_BOTH_FOREIGN,Nacidos en Suecia · ambos padres fuera,4,98,5706,1.717490,2025-12-31,https://www.statistikdatabasen.scb.se/pxweb/sv/ssd/START__BE__BE0101__BE0101Q/UtlSvBakgFinCKM/
2521,Pajala,municipality,PARENT_MIXED,Nacidos en Suecia · un padre fuera,5,974,5706,17.069751,2025-12-31,https://www.statistikdatabasen.scb.se/pxweb/sv/ssd/START__BE__BE0101__BE0101Q/UtlSvBakgFinCKM/
2521,Pajala,municipality,PARENT_BOTH_SWEDEN,Nacidos en Suecia · ambos padres en Suecia,6,3783,5706,66.298633,2025-12-31,https://www.statistikdatabasen.scb.se/pxweb/sv/ssd/START__BE__BE0101__BE0101Q/UtlSvBakgFinCKM/
2523,Gällivare,municipality,PARENT_FOREIGN_BORN,Nacidos fuera de Suecia,08,2028,17135,11.835425,2025-12-31,https://www.statistikdatabasen.scb.se/pxweb/sv/ssd/START__BE__BE0101__BE0101Q/UtlSvBakgFinCKM/
2523,Gällivare,municipality,PARENT_BOTH_FOREIGN,Nacidos en Suecia · ambos padres fuera,4,397,17135,2.316895,2025-12-31,https://www.statistikdatabasen.scb.se/pxweb/sv/ssd/START__BE__BE0101__BE0101Q/UtlSvBakgFinCKM/
2523,Gällivare,municipality,PARENT_MIXED,Nacidos en Suecia · un padre fuera,5,1283,17135,7.487598,2025-12-31,https://www.statistikdatabasen.scb.se/pxweb/sv/ssd/START__BE__BE0101__BE0101Q/UtlSvBakgFinCKM/
2523,Gällivare,municipality,PARENT_BOTH_SWEDEN,Nacidos en Suecia · ambos padres en Suecia,6,13427,17135,78.360082,2025-12-31,https://www.statistikdatabasen.scb.se/pxweb/sv/ssd/START__BE__BE0101__BE0101Q/UtlSvBakgFinCKM/
2560,Älvsbyn,municipality,PARENT_FOREIGN_BORN,Nacidos fuera de Suecia,08,902,7815,11.541907,2025-12-31,https://www.statistikdatabasen.scb.se/pxweb/sv/ssd/START__BE__BE0101__BE0101Q/UtlSvBakgFinCKM/
2560,Älvsbyn,municipality,PARENT_BOTH_FOREIGN,Nacidos en Suecia · ambos padres fuera,4,167,7815,2.136916,2025-12-31,https://www.statistikdatabasen.scb.se/pxweb/sv/ssd/START__BE__BE0101__BE0101Q/UtlSvBakgFinCKM/
2560,Älvsbyn,municipality,PARENT_MIXED,Nacidos en Suecia · un padre fuera,5,328,7815,4.197057,2025-12-31,https://www.statistikdatabasen.scb.se/pxweb/sv/ssd/START__BE__BE0101__BE0101Q/UtlSvBakgFinCKM/
2560,Älvsbyn,municipality,PARENT_BOTH_SWEDEN,Nacidos en Suecia · ambos padres en Suecia,6,6420,7815,82.149712,2025-12-31,https://www.statistikdatabasen.scb.se/pxweb/sv/ssd/START__BE__BE0101__BE0101Q/UtlSvBakgFinCKM/
2580,Luleå,municipality,PARENT_FOREIGN_BORN,Nacidos fuera de Suecia,08,10747,80304,13.382895,2025-12-31,https://www.statistikdatabasen.scb.se/pxweb/sv/ssd/START__BE__BE0101__BE0101Q/UtlSvBakgFinCKM/
2580,Luleå,municipality,PARENT_BOTH_FOREIGN,Nacidos en Suecia · ambos padres fuera,4,2384,80304,2.968719,2025-12-31,https://www.statistikdatabasen.scb.se/pxweb/sv/ssd/START__BE__BE0101__BE0101Q/UtlSvBakgFinCKM/
2580,Luleå,municipality,PARENT_MIXED,Nacidos en Suecia · un padre fuera,5,7191,80304,8.954722,2025-12-31,https://www.statistikdatabasen.scb.se/pxweb/sv/ssd/START__BE__BE0101__BE0101Q/UtlSvBakgFinCKM/
2580,Luleå,municipality,PARENT_BOTH_SWEDEN,Nacidos en Suecia · ambos padres en Suecia,6,59979,80304,74.689928,2025-12-31,https://www.statistikdatabasen.scb.se/pxweb/sv/ssd/START__BE__BE0101__BE0101Q/UtlSvBakgFinCKM/
2581,Piteå,municipality,PARENT_FOREIGN_BORN,Nacidos fuera de Suecia,08,3167,42184,7.507586,2025-12-31,https://www.statistikdatabasen.scb.se/pxweb/sv/ssd/START__BE__BE0101__BE0101Q/UtlSvBakgFinCKM/
2581,Piteå,municipality,PARENT_BOTH_FOREIGN,Nacidos en Suecia · ambos padres fuera,4,602,42184,1.427081,2025-12-31,https://www.statistikdatabasen.scb.se/pxweb/sv/ssd/START__BE__BE0101__BE0101Q/UtlSvBakgFinCKM/
2581,Piteå,municipality,PARENT_MIXED,Nacidos en Suecia · un padre fuera,5,2192,42184,5.196283,2025-12-31,https://www.statistikdatabasen.scb.se/pxweb/sv/ssd/START__BE__BE0101__BE0101Q/UtlSvBakgFinCKM/
2581,Piteå,municipality,PARENT_BOTH_SWEDEN,Nacidos en Suecia · ambos padres en Suecia,6,36221,42184,85.864309,2025-12-31,https://www.statistikdatabasen.scb.se/pxweb/sv/ssd/START__BE__BE0101__BE0101Q/UtlSvBakgFinCKM/
2582,Boden,municipality,PARENT_FOREIGN_BORN,Nacidos fuera de Suecia,08,4036,28624,14.100056,2025-12-31,https://www.statistikdatabasen.scb.se/pxweb/sv/ssd/START__BE__BE0101__BE0101Q/UtlSvBakgFinCKM/
2582,Boden,municipality,PARENT_BOTH_FOREIGN,Nacidos en Suecia · ambos padres fuera,4,663,28624,2.316238,2025-12-31,https://www.statistikdatabasen.scb.se/pxweb/sv/ssd/START__BE__BE0101__BE0101Q/UtlSvBakgFinCKM/
2582,Boden,municipality,PARENT_MIXED,Nacidos en Suecia · un padre fuera,5,2030,28624,7.091951,2025-12-31,https://www.statistikdatabasen.scb.se/pxweb/sv/ssd/START__BE__BE0101__BE0101Q/UtlSvBakgFinCKM/
2582,Boden,municipality,PARENT_BOTH_SWEDEN,Nacidos en Suecia · ambos padres en Suecia,6,21899,28624,76.505729,2025-12-31,https://www.statistikdatabasen.scb.se/pxweb/sv/ssd/START__BE__BE0101__BE0101Q/UtlSvBakgFinCKM/
2583,Haparanda,municipality,PARENT_FOREIGN_BORN,Nacidos fuera de Suecia,08,3613,9027,40.024371,2025-12-31,https://www.statistikdatabasen.scb.se/pxweb/sv/ssd/START__BE__BE0101__BE0101Q/UtlSvBakgFinCKM/
2583,Haparanda,municipality,PARENT_BOTH_FOREIGN,Nacidos en Suecia · ambos padres fuera,4,976,9027,10.812008,2025-12-31,https://www.statistikdatabasen.scb.se/pxweb/sv/ssd/START__BE__BE0101__BE0101Q/UtlSvBakgFinCKM/
2583,Haparanda,municipality,PARENT_MIXED,Nacidos en Suecia · un padre fuera,5,1650,9027,18.278498,2025-12-31,https://www.statistikdatabasen.scb.se/pxweb/sv/ssd/START__BE__BE0101__BE0101Q/UtlSvBakgFinCKM/
2583,Haparanda,municipality,PARENT_BOTH_SWEDEN,Nacidos en Suecia · ambos padres en Suecia,6,2788,9027,30.885122,2025-12-31,https://www.statistikdatabasen.scb.se/pxweb/sv/ssd/START__BE__BE0101__BE0101Q/UtlSvBakgFinCKM/
2584,Kiruna,municipality,PARENT_FOREIGN_BORN,Nacidos fuera de Suecia,08,3504,22402,15.641461,2025-12-31,https://www.statistikdatabasen.scb.se/pxweb/sv/ssd/START__BE__BE0101__BE0101Q/UtlSvBakgFinCKM/
2584,Kiruna,municipality,PARENT_BOTH_FOREIGN,Nacidos en Suecia · ambos padres fuera,4,679,22402,3.030979,2025-12-31,https://www.statistikdatabasen.scb.se/pxweb/sv/ssd/START__BE__BE0101__BE0101Q/UtlSvBakgFinCKM/
2584,Kiruna,municipality,PARENT_MIXED,Nacidos en Suecia · un padre fuera,5,2455,22402,10.958843,2025-12-31,https://www.statistikdatabasen.scb.se/pxweb/sv/ssd/START__BE__BE0101__BE0101Q/UtlSvBakgFinCKM/
2584,Kiruna,municipality,PARENT_BOTH_SWEDEN,Nacidos en Suecia · ambos padres en Suecia,6,15764,22402,70.368717,2025-12-31,https://www.statistikdatabasen.scb.se/pxweb/sv/ssd/START__BE__BE0101__BE0101Q/UtlSvBakgFinCKM/
