district_id,district_name,rest_world_unknown_pct,selected_vote_pct
01140101,Övra Runby,15.01602949707253,38.79885605338418
01140102,Mälaren,10.520801104398519,34.46088794926004
01140120,Edssjön,19.406198114391383,40.86021505376344
01140121,Nedra Runby,17.68073716328589,37.690631808278866
01140126,Prästgårdsmarken,18.486492006732096,46.506550218340614
01140203,Folkparken,24.422196669071493,40.26974951830443
01140204,Fysingen,27.311428353256307,35.78378378378378
01140206,Sigma,40.53177644069971,64.97252747252747
01140207,Odenslunda Södra,16.8723704984287,30.853174603174605
01140209,Smedby Norra,34.132509124537584,53.61344537815126
01140210,Väsbyskogen Västra,32.46991552046551,41.325811001410436
01140211,Skälby,27.9723842323164,41.34929270946681
01140212,Smedby Södra,26.771572689165033,44.096385542168676
01140218,Korpkulla,29.10603262102454,45.6140350877193
01140219,Ekebo,32.83243706069617,58.465991316931984
01140223,Brunnby,19.785840197257563,34.04040404040404
01140224,Apoteksskogen,34.47246758075402,55.4531490015361
01140225,Väsbyskogen Östra,35.66594548778184,69.46264744429882
01140231,Vilunda,25.876839057962474,45.412311265969805
01140232,Fyrklövern Norra,35.61097418489291,52.857142857142854
01140233,Fyrklövern Södra,43.791427274421146,68.02218114602587
01140313,Odenslunda Norra,20.671675652811988,35.10204081632653
01140314,Norra Bollstanäs,8.145354842798563,23.899848254931715
01140315,Sjukyrkoberget,12.108385371944106,31.912784935579783
01140316,Grimstaby,12.173571821776989,30.925666199158485
01140317,Gamla Bollstanäs,10.533970329271591,26.64700098328417
01140318,Frestaby,10.39148450566812,25.376344086021504
01140327,Östra Frestaby-Ekeby,12.222541146583612,27.59452936444087
01150101,1 Vallentuna västra,6.1294187784283585,18.82793017456359
01150102,2 Markim-Orkesta,3.8170029741967206,22.731128074639525
01150103,3 Hammarbacken N,7.290763696559756,27.494287890327495
01150104,4 Hammarbacken S,11.703591421699917,30.21201413427562
01150105,5 Ormsta N,7.460085305449605,27.56508422664625
01150106,6 Vallentuna nordöstra,7.417234060689183,23.007128969539856
01150107,7 Norrgården-Sörgården,12.863691587758082,38.21571238348868
01150108,8 Vallentuna C,10.59731192995903,38.20870994248151
01150109,9 Ormsta S,17.79993977955522,37.538699690402474
01150110,10 Lovisedal,5.50452256357994,24.442846872753414
01150111,11 Karlberg,6.036401973654877,24.36241610738255
01150112,12 Vada-Angarn-Össeby,4.1998042488161245,20.71651090342679
01150113,13 Bällsta S,6.472501057600258,16.818558409279206
01150114,14 Bällsta V,7.318336966151034,26.017262638717632
01150115,15 Vallentuna sydöstra,5.190821116472271,23.414634146341463
01150116,16 Garn,4.397933976732509,23.24607329842932
01150117,17 Kårsta-Frösunda,4.4316990795396345,19.983818770226538
01170001,Berga NV,10.80528297451482,37.0338248048569
01170002,Berga SÖ,13.107057902660982,37.56003842459174
01170003,Björksättra-Högsättra,8.261137476908424,30.505243088655863
01170004,Brevik,4.185561144217917,19.309262166405023
01170005,Flaxenvik-Grindmossen,6.778807632254554,23.003194888178914
01170006,Fredsborg,7.032315479998537,21.41549725442343
01170007,Hacksta V,20.53069056593113,47.82608695652174
01170008,Hacksta Ö,13.602049384657464,37.17001055966209
01170009,Ljusterö,3.842675621015733,22.066326530612244
01170010,Margretelund,4.519240301716477,19.07894736842105
01170011,Roslagskulla-Åsättra,3.927383582535275,23.9556135770235
01170012,Runö,13.888424011215383,35.0
01170013,Rydbo,4.334151127071051,17.829457364341085
01170014,Skånsta,6.569266640061841,25.734639358860196
01170015,Skärgårdsstad,4.994814409888422,16.146297948260482
01170016,Smedby,6.230666808703736,28.918099089989887
01170017,Svinninge,4.516895994366813,15.226848974518335
01170018,Säby,5.497189843208861,21.916299559471366
01170019,Söra N,8.864954622694192,29.876373626373628
01170020,Söra S,12.750647220051865,38.77349159248269
01170021,Tråsättra,6.660107362060178,29.89203778677463
01170022,Tuna,8.013450010065151,29.082125603864736
01170023,Åkerstorp,7.335673841616615,32.92999135695765
01170024,Österskär V,4.769163601996418,18.98326898326898
01170025,Österskär Ö,2.9056390271232426,16.185897435897434
01200101,Värmdö 1 Saltarö,4.454529708331785,23.450413223140497
01200102,Värmdö 2 Strömma m.fl.,4.053102460108716,17.905759162303664
01200103,Värmdö 3 Ängsvik,3.6193797517140496,22.914466737064412
01200104,Värmdö 4 Hemmesta,8.349261751065963,36.951219512195124
01200105,Värmdö 5 Vik,3.452846932302125,22.51876563803169
01200106,Värmdö 6 Kopparmora,3.085550155158439,25.784313725490197
01200107,Värmdö 7 Haghulta Kolvik,3.5548145890574463,24.667931688804554
01200108,Värmdö 8 Herrviksnäs m.fl.,3.779690924547179,17.32882502113271
01200109,Värmdö 9 Torsby,6.118816865385868,21.892189218921892
01200301,Djurö 1 Vindö,4.567807531655198,25.899280575539567
01200302,Djurö 2 Björkås Barnvik,6.093570654850087,27.114427860696516
01200303,Djurö 3 Stavsnäs,8.514612731590903,26.785714285714285
01200501,Ingarö 1 Lillängsdal Fagerholm,5.1173804986853195,25.79185520361991
01200502,Ingarö 2 Säby Eknäs,4.063612170658739,21.654929577464788
01200503,Ingarö 3 Ingaröstrand,3.2589526835252647,19.271623672230653
01200504,Ingarö 4 Klacknäset,4.1397318196086115,27.529923830250272
01200505,Ingarö 5 Lämshaga Brunn,5.833326662697636,24.918032786885245
01200601,Gustavsberg 1 Lugnet,6.889557890344676,38.01169590643275
01200602,Gustavsberg 2 Tallåsen,5.881158369683979,32.56936067551266
01200603,Gustavsberg 3 Munkmora,15.303388950365061,45.481049562682216
01200604,Gustavsberg 4 Höjdhagen m.fl.,4.368888314371761,37.34177215189873
01200605,Gustavsberg 5 Ösbydalen m.fl.,5.7093204777381485,35.24492234169654
01200606,Gustavsberg 6 Ormingelandet,3.592022283255162,19.337016574585636
01200607,Gustavsberg 7 Farsta och Hamnområdet,5.530211464438251,31.194690265486727
01200608,Gustavsberg 8 Mörtnäs,4.296253204616943,19.96527777777778
01200609,Gustavsberg 9 Mölnvik m.fl.,4.801421145192243,32.2198275862069
01200610,Gustavsberg 10 Charlottendal m.fl.,6.695021527731538,34.30493273542601
01200611,Gustavsberg 11 Porslinskvarteren S,8.244868189836813,33.13609467455621
01200612,Gustavsberg 12 Porslinskvarteren N,8.416037883858047,32.70365997638725
01200613,Gustavsberg 13 Hästhagen,6.030081507248509,43.935309973045825
01230201,Norra Barkarby,23.584981726771247,49.59839357429719
01230202,Södra Barkarby,15.596751654220055,33.333333333333336
01230203,Skälby Gård Västra,14.763876444070608,36.12903225806452
01230204,Orgona,14.870227603312907,36.74059787849566
01230205,Neptuni,17.44790205574082,39.541547277936964
01230206,Skälby Gård Östra,15.320344311302046,26.119402985074625
01230207,Barkarbystaden,36.390878566879906,57.467853610286845
01230208,Kalvshälla,29.239666600546983,56.374807987711215
01230209,Karlslund,33.272934728856676,49.86772486772487
01230210,Dragonbacken,35.06784300688496,60.11994002998501
01230211,Ålsta,36.01067984531616,59.624413145539904
01230212,Kyrkbyn,28.236621343809706,40.0735294117647
01230213,Västra Barkarbystaden,32.879867004772805,52.84552845528455
01230306,Fjällen,10.445973447312,34.36363636363637
01230307,Sandvik,12.960239184362802,34.46414803392444
01230308,Hummelmora,15.184983252536439,34.39930855661193
01230309,Centrala Viksjö Södra,14.474890143079165,38.32599118942731
01230310,Lund,11.378010158128548,34.006054490413725
01230311,Fastebol,12.304176153284207,32.10526315789474
01230312,Centrala Viksjö Norra,21.299140651850422,43.941841680129244
01230313,Högby,16.542788801504397,36.15062761506276
01230413,Tallbohov,49.24417164969785,72.94372294372295
01230414,Olovslund,14.891741457911186,29.281345565749234
01230415,Norra Vibblaby,30.540252924068675,48.24462061155153
01230416,Västerby,27.097796666281166,41.881298992161256
01230417,Grönvreten,15.110749653990679,33.655913978494624
01230418,Snapphanen,46.5671675105488,71.74638487208009
01230419,Norra Nyberg,49.58496885192908,71.23287671232876
01230420,Hammaren,36.53961301901443,58.918005071851226
01230421,Dackevägen,46.06122596770292,67.04545454545455
01230422,Centrala Jakobsberg,44.25987990296435,54.49591280653951
01230423,Södra Aspnäs,43.46959609889024,58.21727019498607
01230424,Ekedal,39.44878752596696,56.407766990291265
01230425,Norra Aspnäs,37.4543887322849,53.05755395683453
01230426,Vattmyra,21.64545675367406,38.916666666666664
01230427,Berghem/Polhem,23.935500448804596,32.06599713055954
01230428,Södra Vibblaby,40.80407159279624,55.57620817843866
01230429,Södra Nyberg,43.5217440035091,70.8041958041958
01230430,Riddarparken,43.469574655444724,67.1474358974359
01230528,Lädersättra,24.11350300311395,45.411089866156786
01230529,Centrala Kallhäll,17.023160672658793,40.148148148148145
01230530,Emaljvägen/Kopparvägen,24.080234270364883,48.916408668730654
01230531,Ulvsättra/Skogstorp,23.342394714816184,39.91989319092123
01230532,Kolarängen/Villastaden,14.981626745858854,38.686708860759495
01230533,Stäket,10.848425892807803,24.938271604938272
01230534,Bolinder strand,9.848203526568131,28.958630527817405
01230535,Lilla Ulvsättra,33.66280209706284,68.22840409956076
01250101,Munsö,4.185176894642134,19.172932330827066
01250201,Adelsö,7.019703720061299,26.396917148362235
01250301,Ekerö 1 Ekebyhov-Gällstaö,6.632644414130816,21.91780821917808
01250302,Ekerö 2 Ekebyhov Västra,8.850433273341176,36.60629170638703
01250303,Ekerö 3 Ekerö-Väsby,4.854555979056619,29.173553719008265
01250304,Ekerö 4 Träkvista-Skärvik,2.9949012863723166,17.257462686567163
01250305,Ekerö 5 Närlunda,8.143787930873872,19.253731343283583
01250306,Ekerö 6 Älvnäs,5.6796142518622235,20.995475113122172
01250307,Ekerö 7 Sundby Helgö,4.319269071867898,19.221604447974585
01250308,Ekerö 8 Ekerö centrum,7.787984858753147,34.66872110939907
01250309,Ekerö 9 Träkvista,5.78104290494933,21.333333333333332
01250310,Ekerö 10 Sandudden,3.10951433104249,17.99787007454739
01250401,Lovö,3.9331655265177314,22.950819672131146
01250901,Färingsö 1 Färingsö Norra,5.233464329490312,23.18435754189944
01250902,Färingsö 2 Färentuna Hilleshög,5.8643662479260845,24.356223175965667
01250903,Färingsö 3 Svartsjö Sånga,4.695699342003568,22.916666666666668
01250904,Färingsö 4 Stenhamra Södra,3.961075563211439,26.97201017811705
01250905,Färingsö 5 Stenhamra Norra,4.893992778282386,27.107887579329102
01250906,Färingsö 6 Skå,5.103973524224728,19.879518072289155
01260103,Fridhem,5.824283947445347,30.498773507767783
01260105,Vistaberg,7.648660073088668,32.49097472924188
01260106,Stuvsta centrum,9.876090551980807,34.822451317296675
01260107,Myrängen-Högmora,10.499126488249825,31.76328502415459
01260108,Stuvsta gård,8.539392170891176,34.50164293537787
01260109,Kynäs,7.401115071552508,28.125
01260110,Kvarnbergsplan,14.08564220867964,43.3849821215733
01260116,Sörskogen,9.928039880871681,33.46613545816733
01260117,Balingsnäs,7.10590591239762,32.28417266187051
01260119,Segersminne,6.581338793390154,34.26966292134831
01260120,Stensängen,5.694799542245398,33.21799307958477
01260122,Gladökvarn-Lissma-Ådran,5.005348184012156,20.926243567753
01260123,Vårdkasen-Rosenhill,11.768563652219447,29.941291585127203
01260124,Skogsäng,5.531456143944596,29.69924812030075
01260125,Milsten,6.140923531391939,29.41696113074205
01260126,Källbrink,7.361938701427634,27.52203721841332
01260127,Tomtberga norra,14.671611397124474,44.31818181818182
01260128,Tomtberga södra,16.59086271817154,43.48717948717949
01260129,Storängen,13.336756593939375,37.59124087591241
01260130,Huddinge centrum,15.471215729843868,48.311688311688314
01260131,Hörningsnäs,6.644259170806759,33.7360594795539
01260132,Paradisbacken,10.075979553507523,36.748768472906406
01260133,Solgård,11.34836846040326,31.822222222222223
01260134,Fullersta gård,6.9930211821581,31.35135135135135
01260135,Fullersta torg,9.161693064336376,37.19298245614035
01260136,Snättringe gård,6.397573407786649,28.082901554404145
01260201,Vidja-Mellansjö-Svartvik,8.861049850844289,25.35496957403651
01260202,Hammartorp,13.90583340192776,40.717948717948715
01260203,Trångsund centrum,19.017286162760534,45.881310894596986
01260204,Stortorp,7.774207255517885,30.505243088655863
01260205,Västra Skogås norra,26.860483806668768,54.67171717171717
01260206,Västra Skogås centrum,36.662167270885355,68.09015421115065
01260207,Västra Skogås västra,32.15407659712772,66.77577741407529
01260208,Västra Skogås södra,31.111417658125138,54.00372439478585
01260209,Östra Skogås centrala,15.945847767822949,44.48621553884712
01260210,Östra Skogås norra,12.895993904766375,38.91444342226311
01260211,Östra Skogås södra,10.732723516953053,38.5896180215475
01260212,Fållan-Nytorp,8.03995308460346,29.47530864197531
01260213,Sjöängen,6.105560632404698,21.668264621284756
01260214,Länna,14.241477863465626,30.84544253632761
01260301,Smista östra,13.435748512433998,33.82608695652174
01260302,Segeltorp centrum,6.49024250121789,33.24022346368715
01260303,Kråkvik-Kungens kurva,12.60384104122048,33.0316742081448
01260304,Vårby gård östra,41.41486770621761,80.2252816020025
01260305,Vårby gård centrum,29.8404255230484,77.23035952063915
01260306,Vårby gård,31.08963518068427,65.78947368421052
01260307,Haga,42.80503965266062,65.41244573082489
01260308,Myrstuguberget,29.891702006162497,59.81308411214953
01260309,Utsälje centrala,6.972399727363075,35.70712136409227
01260310,Utsälje,8.582779755069442,24.434719183078045
01260311,Juringe,12.787281716144445,30.442978322337417
01260312,Smista västra,14.763339713662827,37.992831541218635
01260313,Vårby gård västra,30.701347019048054,77.52066115702479
01260402,Grantorp norra,44.45965991358753,79.22077922077922
01260403,Grantorp östra,41.45325730044189,63.311688311688314
01260404,Flemingsberg norra,45.1064154019303,70.73732718894009
01260405,Visättra östra,40.83728097945994,66.61538461538461
01260406,Visättra västra,38.305572821448685,69.34306569343066
01260407,Visättra,30.235077060873756,58.21371610845295
01260408,Kästa,21.398312641879475,51.885369532428356
01260409,Flemingsberg södra,46.503402071646974,60.07509386733417
01260410,Visättra-Björnkulla,29.826969348199555,61.572052401746724
01260411,Glömsta södra,16.094684524924187,34.78260869565217
01260412,Glömsta norra,17.83201013250274,36.69250645994832
01270001,N Lanthem,12.136516950360795,24.269005847953217
01270002,Tullinge C,12.413102258053366,41.676942046855736
01270003,Ö Tullingeberg,14.99692919157101,44.39252336448598
01270004,Tullinge Parkhem,8.254033533645432,28.964401294498384
01270005,G:a Tullingeberg,11.01242645070869,39.61693548387097
01270006,Tullinge Gård,10.044681987355819,39.75903614457831
01270007,Banslätt/Römossen,10.774575374779605,40.05524861878453
01270008,Tullingeskog,7.930065860863789,30.619266055045873
01270009,Riksten N,14.478229923232139,36.21399176954733
01270010,S Lanthem,5.914025484035649,24.94736842105263
01270011,Tullinge Villastad N,9.215070104142098,30.264357338195076
01270012,Tullinge Villastad S,13.92860398486076,29.70822281167109
01270013,Riksten S,11.759353075805238,31.19533527696793
01270020,Segersjö,11.116470710125858,42.17877094972067
01270021,Kvarnsjön,16.78760864444499,33.55481727574751
01270022,Tumba C,24.081346345173596,45.172413793103445
01270023,Broängen,16.326970531642274,37.17672413793103
01270024,Uttran,10.177223427491782,26.431297709923665
01270025,Kassmyra,17.82997188833848,41.43497757847533
01270026,Skäcklinge,19.59847080089755,42.30769230769231
01270028,Storvreten V,35.400154907266135,63.9549436795995
01270029,Storvreten S,30.800131900890715,60.486048604860486
01270030,Storvreten Ö,31.388800234978046,60.698689956331876
01270031,Vretarna/Tumba bruk,16.6255983915046,44.200351493848856
01270032,Tuna,24.99051284267522,55.37294563843236
01270033,Nackdala/Solhöjden,20.552627619045357,45.57344064386318
01270034,Kulturen Tumba Park,19.895472611107245,41.594202898550726
01270035,Vårsta C/Bremora,9.810834193649713,36.17245005257624
01270036,Grödinge Landsbygd,6.974813079577511,20.125293657008616
01270037,Vårsta/Malmtorp/Slättmalm,9.459040188053532,22.837370242214533
01270041,Albydalen V Småhus S,38.79024059599228,69.21182266009852
01270042,Albydalen C/Rotemannen,41.32168835841748,76.80555555555556
01270043,Alby småhus Ö/Albygård,30.21646798688107,65.79710144927536
01270044,Albyberget V/Tingstorget,45.38038394959566,72.55139056831922
01270046,Albyberget Ö/Albygård,44.772440211352105,75.45691906005221
01270047,Albydalen Ö,41.273224021420816,80.4177545691906
01270051,Fittja småhusområde,37.39418503108264,72.74052478134111
01270052,Fittja Krögarvägen,41.6663465615181,79.48328267477204
01270053,Fittja Forvägen,41.5761366894337,79.87730061349693
01270054,Fittja Värdshusvägen,41.11696920676324,82.7639751552795
01270055,Slagsta strand,40.98637720802797,58.74125874125874
01270061,Slagsta N,24.580741385898904,48.400556328233655
01270062,Slagsta S,27.16174935598388,43.776824034334766
01270063,Hallunda/Brunna,35.66814588171501,57.91190864600326
01270064,Hallunda C,41.332040732956884,63.893249607535324
01270065,Hallunda/Norsborg låghus,32.55571506418621,50.91743119266055
01270066,Norsborg småhusområde,30.8768931380729,32.752179327521795
01270067,Norsborg Ö,41.52337199933158,67.46268656716418
01270068,Norsborg C,44.51625724104634,67.26457399103138
01270069,Norsborg V,43.35868506781269,70.59639389736478
01270070,Eriksberg Ö,34.86545508206274,61.8610747051114
01270071,Eriksberg V/G:a Norsborg,33.50007009135293,53.62134688691233
01280101,1 Rönninge norra,5.863530054706362,21.996466431095406
01280102,2 Rönninge sydöstra,5.679036357234883,26.3681592039801
01280103,3 Salem västra,16.341203244753853,33.69447453954496
01280104,4 Salems centrum med omnejd,16.385121451478305,35.36711478800414
01280105,5 Salem norra,21.639458480616817,34.51882845188285
01280106,6 Rönninge centrum med omnejd,12.181950313075534,30.456852791878173
01280107,7 Salem södra,22.281626809323605,44.974619289340104
01280108,8 Salem östra,14.90894133518622,28.400342172797263
01280109,9 Rönninge sydvästra,5.131372269167214,23.21083172147002
01360101,Haninge 1 Gudö m.fl.,5.009360832452091,22.29199372056515
01360102,Haninge 2 Vendelsö-Norrby m.m,3.8499215977159182,24.88738738738739
01360103,Haninge 3 Söderby,7.399720593518701,38.27470686767169
01360104,Haninge 4 Vega-Söderhagen,8.881649121537329,28.54984894259819
01360105,Haninge 5 Sågen-Lyckebyn m.fl.,7.862352413249617,30.600169061707522
01360106,Haninge 6 Källtorp,4.252872027610575,31.596638655462186
01360107,Haninge 7 Vendelsömalm N,6.02134692544583,31.75932977913176
01360108,Haninge 8 Vendelsömalm-Ramsdalen,5.522442727871366,32.40534521158129
01360109,Haninge 9 Svartbäcken m.fl,4.814332816074063,36.007462686567166
01360110,Haninge 10 Vendelsömalm,8.471864693071304,34.11264612114771
01360111,Haninge 11 Kolartorp-Hermanstorp m.m,9.699497530308628,32.2360953461975
01360112,Haninge 12 Vendelsömalm S m.fl.,12.95105248951902,43.33034914950761
01360113,Haninge 13 Brandbergen NÖ,26.73199647842793,63.392857142857146
01360114,Haninge 14 Brandbergen SÖ,25.662573414096002,57.51072961373391
01360115,Haninge 15 Vendelsö,4.820855496263711,25.732217573221757
01360116,Haninge 16 Brandbergen V,28.984527591837754,52.68456375838926
01360117,Haninge 17 Brandbergen N,32.46376842866401,64.2603550295858
01360118,Haninge 18 Brandbergen S,23.702610395027996,54.65768799102133
01360119,Haninge 19 Handen N,12.329732403065455,40.970873786407765
01360120,Haninge 20 Handen C,17.919830911287495,50.608695652173914
01360121,Haninge 21 Söderbymalm,15.946399129038797,47.523219814241486
01360123,Haninge 23 Poseidon,18.064995103611533,52.68225584594223
01360124,Haninge 24 Kvarntorp S,14.673632598583163,34.74347434743474
01360125,Haninge 25 Parkvägsområdet,12.325272712370424,51.93181818181818
01360126,Haninge 22 Vega S,18.451244687501763,36.74911660777385
01360131,Haninge 31 Jordbro NÖ,38.02223179757572,71.01694915254237
01360132,Haninge 32 Jordbro V,47.342315355643954,78.00982800982801
01360133,Haninge 33 Jordbro SV,36.64918277455621,70.21857923497268
01360134,Haninge 34 Jordbro SÖ,37.15469354704571,68.91447368421052
01360140,Haninge 40 Krogtäppan och Sommarbo,19.809778808009675,51.85694635488308
01360144,Haninge 44 Handen Central N,20.34287909068225,53.37579617834395
01360145,Haninge 45 Vallaområdet V,16.564413289392498,55.063291139240505
01360146,Haninge 46 Vallaområdet Ö,17.179613252541134,49.12820512820513
01360147,Haninge 47 Slätmossen m. fl.,10.038636001193808,47.470489038785836
01360148,Haninge 48 Jordbro N-Dåntorp-Öran,17.787996976544378,52.34657039711191
01360162,Haninge 62 Vendelsö-Dalen m.m,5.135137019301447,25.086306098964325
01360163,Haninge 63 Vega N,13.370087107627253,39.94293865905849
01360164,Haninge 64 Kvarntorp N,17.124509264654073,37.43876836948915
01360165,Haninge 65 Handen Central S,20.342110579890296,45.155393053016454
01360166,Haninge 66 Kolartorp-Rudan m.m,14.472984701761463,34.02203856749311
01360537,Haninge 37 Dalarö,2.6840098130785615,18.42923794712286
01360649,Haninge 49 Hammarängen-Hammarskogen,3.7559409884623953,27.67598842815815
01360650,Haninge 50 Tungelsta,5.481026646346694,26.428571428571427
01360651,Haninge 51 Jägartorp-Sågen m.fl.,9.692575137731481,34.339080459770116
01360652,Haninge 52 Skogs-Ekeby m.fl.,6.293918725183909,24.182444061962133
01360653,Haninge 53 Åbylund m.fl.,13.504848147747783,43.07974335472044
01360654,Haninge 54 Åby,20.27867116503997,43.9344262295082
01360655,Haninge 55 Västerhaninge,6.003597969835232,33.89199255121043
01360656,Haninge 56 Ribby-Öhaninge kyrkby m.m,24.012592011770064,23.202170963364992
01360657,Haninge 57 Ribbyberg m.fl.,8.510959233680104,33.47150259067357
01360658,Haninge 58 Västerhaninge SÖ-Skärgård,5.3813175041031815,26.84630738522954
01360659,Haninge 59 Tungelsta-Utlida-Häringe,4.41291204803224,25.759493670886076
01360660,Haninge 61 Västerhaninge Ö,14.154470723256951,34.993614303959134
01360760,Haninge 60 Muskö,2.5974026348831547,25.766871165644172
01380101,1 Björkbacken,13.068723414254503,38.29201101928375
01380102,2 Siken,10.725173222373707,42.27340267459138
01380103,3 Myggdalen,9.984326484214233,40.33057851239669
01380104,4 Nyboda,21.07387485880384,48.98190045248869
01380105,5 Fårdala,6.32772072148908,33.81818181818182
01380106,6 Krusboda N,5.673350450150158,34.43258971871969
01380107,7 Krusboda S,5.668013568394701,36.70498084291188
01380108,8 Öringe,4.374732234498747,32.87316652286454
01380109,9 Rotvik,4.553491500514061,24.639769452449567
01380110,10 Tyresö Strand,3.095236127762726,15.938606847697757
01380111,11 Tyresö Strand Centrum,3.617569057961302,29.278523489932887
01380112,12 Gimmersta - Nytorp - Raksta,3.225810482225094,20.041322314049587
01380113,13 Brevikshalvön,4.130768763385594,22.371541501976285
01380121,21 Fornudden,3.941616154911518,22.846715328467152
01380122,22 Sofieberg,5.411514815843106,28.5012285012285
01380123,23 Trollbäcken V,6.626485275654953,31.355181576616474
01380124,24 Skälsätra,5.922316416177957,26.048841577958672
01380125,25 Trollbäcken Ö,5.9861424097644,26.983050847457626
01380126,26 Hanviken,4.701653556842552,27.1518544436669
01380127,27 Lindalen,10.016318787818673,32.090199479618384
01380128,28 Bollmoraberg V,16.94503017161311,40.13346043851287
01380129,29 Granängsringen,36.0098705696948,59.95762711864407
01380130,30 Farmarstigen V,7.289194307058323,35.06600660066007
01380131,31 Farmarstigen Ö,10.817136149212715,38.28483920367535
01380132,32 Masten,10.017707431185874,37.37796373779637
01380133,33 Bollmoraberg Ö,16.944753644696632,42.04946996466431
01390101,Härnevi-Skällsta,25.512172771849173,47.387173396674584
01390102,Råby,35.63344787906046,53.026905829596416
01390103,Finnsta,37.46141295821843,68.43003412969283
01390104,Kockbacka-Lejondal,18.327334629897265,33.903420523138834
01390105,Låssa,13.085584484512367,35.83892617449664
01390106,Bro södra,36.90078166028958,50.23809523809524
01390107,Bro norra,31.8113558984676,51.767388825541616
01390108,Ådö-Rättarboda,38.741463551555185,39.24380704041721
01390305,Kungsängen södra-Stäksön södra,13.37140835965766,31.746031746031747
01390306,Sylta östra-Tibblehöjden,8.857520126892991,32.72589217919514
01390307,Lennartsnäs-Tibble S - Sylta V,17.67085732851349,31.978319783197833
01390308,Norrboda,18.743476358842518,33.42911877394636
01390309,Kungsängen norra-Stäksön norra,18.843438707036196,41.91002367797948
01390310,Brunna norra,13.174977351147756,33.01642178046672
01390311,Brunna södra,15.916529843578152,34.45149592021759
01390312,Tibble norra,21.079255300633264,49.16584887144259
01390313,Korsängen,22.338678050416053,40.63280599500416
01390512,Håtuna-Håbo-Tibble,3.9325617104139607,19.80968858131488
01400136,Turinge,3.931740679594934,22.93046357615894
01400137,Gammeltorp-Hökmossen,9.402457248489759,23.90208783297336
01400138,Stensborg-Brokvarn,10.148692697692143,24.726661059714047
01400139,Lillhaga-Sandtorp,4.675917687716343,23.060029282576867
01400140,Nykvarn centrum,8.50034508995472,33.83458646616541
01400234,Taxinge,2.986719466569497,18.96825396825397
01600101,1 Täby kyrkby,9.179392618797289,17.973568281938327
01600102,2 Runborg,7.157593378083674,19.838709677419356
01600103,3 Byle,7.4012803677648025,18.244170096021946
01600104,4 Midgård,8.533685470509681,23.96576319543509
01600105,5 Vallatorp södra,10.079341037055835,17.51497005988024
01600106,6 Vallatorp norra,7.663885174465064,20.53162236480293
01600107,7 Visinge,9.629818883757311,19.979188345473464
01600108,8 Erikslund m.fl.,9.13676328140845,21.023255813953487
01600109,9 Skarpäng norra,6.9319340970441585,16.42208245981831
01600110,10 Ella park,9.136670013997815,14.273789649415694
01600111,"11 Ensta, Kullagränd",11.213639523271274,19.88906497622821
01600112,12 Skarpäng södra,5.270302327341058,16.359918200409
01600113,13 Ella gård västra,6.191278752127586,17.18213058419244
01600114,14 Ella gård norra,8.220529458618335,18.04961505560308
01600115,15 Roslags-Näsby norra,11.158047886728061,18.538055764883197
01600116,16 Storstugan,15.88368474182703,31.292517006802722
01600117,17 Åkerbyvägen,13.603366753913665,29.64527027027027
01600118,18 Marknadsvägen,18.16457008835027,31.35509396636993
01600119,19 Täby centrum,15.880699508984156,21.13821138211382
01600120,20 Näsbydal,14.53761307725239,27.90152403282532
01600121,21 Grindtorp södra,19.599091523764578,34.465408805031444
01600122,22 Roslags-Näsby södra,10.73211137760823,21.30637636080871
01600223,23 Löttingelund,12.412657959923033,17.810026385224276
01600224,"24 Arninge, Ullna norra",21.834391127320707,24.29305912596401
01600225,25 Gribbylund norra,8.872767389166214,18.084291187739463
01600226,"26 Arninge, Ullna södra",17.799289025776627,28.67513611615245
01600227,"27 Gribbylund västra, Myrängen",9.205769310012053,19.544259421560035
01600228,28 Gribbylunds centrum,25.71107509015964,37.21244925575102
01600229,29 Gribbylund södra,7.411731753033183,21.035598705501616
01600230,30 Grindtorp norra,14.402958245429007,27.104247104247104
01600231,"31 Täby park, Månstenen, m.fl.",16.552211403542447,21.037868162692845
01600232,"32 Täby park, Smaragden m.fl.",16.916910242290662,25.11144130757801
01600233,"33 Täby park, Bergskristallen, m.fl.",16.12645084531959,26.686807653575027
01600234,34 Viggbyholm västra,9.766763855619926,27.56632064590542
01600235,35 Viggbyholm norra,5.6773692454561235,15.105008077544426
01600236,36 Hägernäs norra,18.265830485126795,33.55263157894737
01600237,"37 Lahäll, Näsbygård",5.223381241282765,12.380952380952381
01600238,38 Norskogen m.fl.,20.492982482647893,26.37013502779984
01600239,39 Näsbyparks centrum,7.902575584439431,17.781274586939418
01600240,40 Näsbypark östra,7.4510417483462135,9.268707482993197
01600241,41 Viggbyholm sydväst,7.7131750273172175,14.141414141414142
01600242,42 Viggbyholm sydöst,9.124454887058677,18.621523579201934
01600243,43 Hägernäs södra,14.497836840084497,20.5188679245283
01600244,44 Näsbypark västra,4.379741639889274,12.239347234814144
01600245,45 Näsby slott,4.549811589485681,8.239700374531836
01620101,Gamla Enebyberg,5.543195663059758,11.11111111111111
01620102,Sätra Äng,8.301441175681921,14.688715953307392
01620103,Klingsta,7.592201375118177,11.790393013100436
01620104,Kevinge Strand-Charlottenberg,7.142964375425687,18.759455370650528
01620105,Kevinge-Mörbyskogen,12.036372857946036,22.038567493112946
01620106,Berga-Rinkeby,12.022605453910696,21.349206349206348
01620107,Mörby,11.493016170568373,19.63589076723017
01620108,Nora,5.701187883923922,9.464285714285714
01620109,Anneberg,7.649757792509203,13.286713286713287
01620110,Norra Djursholm,9.386674192859491,7.36318407960199
01620111,Mellersta Djursholm,4.347844794716225,5.745856353591161
01620112,Djursholms Ekeby,9.265873156455699,11.168032786885245
01620113,Långängen-Tranholmen,6.1111067238314005,10.244786944696283
01620114,Stocksund,7.474369078330258,10.738255033557047
01620115,Svalnäs,7.209002965837875,5.857740585774058
01620116,Södra Djursholm,4.188103926539758,4.220779220779221
01620117,Djursholms Ösby,5.599504313980048,6.128404669260701
01620118,Sikreno,5.601971536112867,9.06567992599445
01620119,Inverness,19.201973308748734,28.978840846366147
01620120,Västra Enebyberg,5.267357347283618,14.381833473507148
01630110,10 Mellersta Rotebro,12.829066826181846,31.66823751178134
01630111,11 Gillbo-Gillberga,7.299401647950065,25.922671353251317
01630112,12 Södra Rotebro,33.51826626580568,51.88284518828452
01630113,13 Rotsunda,35.90964628924064,46.80365296803653
01630114,14 Rotsunda gård,26.4008066915559,38.18181818181818
01630115,15 Rotsunda strand,21.192428544100107,40.78947368421053
01630121,21 Södra Viby,6.885919708913934,21.34251290877797
01630122,22 Norra Viby,8.304307166933198,29.372937293729372
01630123,23 Östra Viby,11.42028209065044,29.879275653923543
01630131,31 Norra Norrviken,13.016762337514399,34.84466834592779
01630132,32 Södra Norrviken,11.621116304492128,27.002700270027002
01630140,40 Norra Väsjön,13.874771349845057,32.083333333333336
01630141,41 Södra Väsjön,22.219193541834887,32.367149758454104
01630142,42 Edsängen-Solängen,16.756383202464416,27.336860670194003
01630143,43 Tunberget,17.715084205705686,28.45036319612591
01630151,51 Östra Häggvik,17.199507710910094,33.533533533533536
01630152,52 Västra Häggvik,24.254233083820676,40.784671532846716
01630153,53 Skälby-Edsbacka,18.436627457684576,28.66479925303455
01630154,54 Nytorp,12.748805858412,28.084252758274825
01630155,55 Södra Häggvik-Ängstorp,21.542040898385405,39.637599093997736
01630156,56 Hersby-Skansen,12.654017795209905,19.36056838365897
01630157,57 Sollentuna centrum,17.689190229417754,38.104838709677416
01630160,60 Östra Edsberg,38.458596743737054,61.92609182530795
01630161,61 Edsbergs centrum,30.52204785247003,48.76543209876543
01630162,62 Västra Edsberg,33.48722104164131,54.69061876247505
01630164,64 Norra Landsnora,27.226183728275256,41.02564102564103
01630165,65 Edsbacka-Edsängen,22.900276202743658,40.93567251461988
01630170,70 Södra Töjnan,21.2235567540981,33.560477001703575
01630171,71 Norra Töjnan,16.613978306145384,32.27513227513227
01630172,72 Knista,24.492745471148236,40.933767643865366
01630173,73 Östra Bagarby,47.20094438492927,61.3126079447323
01630174,74 Västra Bagarby,42.873533742818154,66.24365482233503
01630175,75 Fågelsången,14.168931037934865,26.610348468848997
01630178,78 Norra Bagarby,24.957927848004893,46.27606752730884
01630179,79 Mellersta Bagarby,46.807264153716176,71.50084317032041
01630180,80 Södra Landsnora Falkberget,15.841304165578265,18.8212927756654
01630181,81 Västra Sjöberg,11.95930868631097,23.299888517279822
01630182,82 Östra Sjöberg,16.774513451942298,24.41988950276243
01630183,83 Kärrdal,17.670153170292302,32.368703108252944
01630190,90 Tegelhagen,7.970533384906548,26.01755786113328
01630191,91 Eriksberg,16.972479924535435,29.91026919242273
01630192,92 Helenelunds centrum,34.26487365362396,48.312236286919834
01630193,93 Norra Silverdal,11.465380776038165,23.084479371316306
01630194,94 Edsviken,5.420926346049587,11.950655358519661
01630195,95 Södra Silverdal,13.615444278579716,22.865853658536587
01630196,96 Kummelby,13.128164655928062,22.832618025751074
01800101,Domkyrko 1 Gamla stan inre,5.533914645038375,30.028063610851262
01800102,Domkyrko 2 Gamla stan yttre,7.03766361947704,28.12793979303857
01800103,Domkyrko 3 Norrmalm nedre,13.640302640386567,27.395315826827538
01800401,Johannes 1 Johannes S,8.757752042749946,22.607655502392344
01800402,Johannes 2 Vanadislunden SÖ,7.655856039628725,25.57603686635945
01800403,Johannes 3 Norrmalm N,7.8939140079497285,24.097472924187727
01800404,Johannes 4 Vanadislunden SV,7.7773844967516625,24.116743471582183
01800405,Johannes 5 Monica Zetterlunds Park,6.915390976493496,17.086614173228348
01800406,Johannes 6 Vanadislunden Ö,8.76005061120157,19.145299145299145
01800407,Johannes 7 Vanadislunden N,18.00311569662781,21.555555555555557
01800408,Johannes 8 Karl Staafs Park,8.691071510979548,21.13821138211382
01800501,Adolf Fredrik 1 Tegnérlunden V,8.143527333469475,20.0
01800502,Adolf Fredrik 2 Rådmansgatan mfl,11.11771022721874,23.628318584070797
01800503,Adolf Fredrik 3 Kv Grönlandet mfl,10.392898690783749,20.62146892655367
01800504,Adolf Fredrik 4 Norra Bantorget,10.313666848614565,25.504032258064516
01800505,Adolf Fredrik 5 Spökparken,8.053196423175093,21.238938053097346
01800506,Adolf Fredrik 6 Tegnérlunden S,9.534460283292704,27.568134171907758
01800601,Gustav Vasa 1 Sabbatsberg,8.318091599894364,31.874483897605284
01800602,Gustav Vasa 2 Luntmakarg. N mfl,7.804574086461569,20.595968448729185
01800603,Gustav Vasa 3 Kv Riddarsporren mfl,8.318979402661794,26.195899772209568
01800604,Gustav Vasa 4 Observatorielunden,7.640894211296218,24.321880650994576
01800605,Gustav Vasa 5 Odenplan V,8.289076454845334,25.37174721189591
01800606,Gustav Vasa 6 Atlasområdet,5.766961091389355,26.656848306332844
01800607,Gustav Vasa 7 A. Lindgrens terrass,7.128866122814127,21.37546468401487
01800608,Gustav Vasa 8 Kv Nejlikan mfl,5.875107894470283,21.300256629597946
01800609,Gustav Vasa 9 Odenplan NV,6.867819251025546,20.823436262866192
01800701,Matteus 1 Vanadislunden V,8.064575863101936,23.42032967032967
01800702,Matteus 2 Enkehusparken,6.276009227949673,22.823529411764707
01800703,Matteus 3 Vanadisplan SÖ,6.0994715892342475,25.75315840621963
01800704,Matteus 4 Kv Sleipner-Midgård,5.725060971332258,18.877551020408163
01800705,Matteus 5 S:t Eriksparken,6.244524917397199,28.3363802559415
01800706,Matteus 6 Norra station V,15.443208712241862,26.13412228796844
01800707,Matteus 7 Röda bergen Ö,8.800352964256767,20.871559633027523
01800708,Matteus 8 Röda bergen V,8.06257222205555,26.255144032921812
01800709,Matteus 9 Gästrikegatan mfl,6.036852443390137,20.643806857942618
01800710,Matteus 10 Hälsingehöjden,7.293408968919718,19.08006814310051
01800711,Matteus 11 S:t Eriksplan,7.194761567949829,19.83402489626556
01800712,Matteus 12 Birkastan Ö,4.846487151008937,16.86143572621035
01800713,Matteus 13 Rörstrand,6.027397259523362,20.529197080291972
01800714,Matteus 14 Birkastan S,5.239617335526699,23.529411764705884
01800715,Matteus 15 Karlberg,5.483920701789473,21.10169491525424
01800716,Matteus 16 Birkastan V,5.225067437173452,21.446179129005753
01800717,Matteus 17 Norrbackatäppan,12.573391315576199,29.33597621407334
01800718,Matteus 18 Norrtull,6.671414545974524,23.781512605042018
01800719,Matteus 19 Gävlegatan mfl,7.398658254541368,25.76243980738363
01800720,Matteus 20 Torsplan,15.200500865597371,23.264540337711068
01800721,Matteus 21 Norra station N,12.430123965448395,26.45314353499407
01800901,Engelbrekt 1 Humlegården,6.4677810180678,11.984126984126984
01800902,Engelbrekt 2 Engelbrektsgatan mfl,5.418075411844141,11.829652996845425
01800903,Engelbrekt 3 Östra station,46.3692415805942,27.64423076923077
01800904,Engelbrekt 4 Villastaden,6.423990827434724,11.421911421911421
01800905,Engelbrekt 5 Eriksberg,6.553426279081959,11.252813203300825
01800906,Engelbrekt 6 Lärkstan,6.669620682025844,10.275862068965518
01800907,Engelbrekt 7 Kv Trasten mfl,8.32541724633491,17.181069958847736
01800908,Engelbrekt 8 Roslagstull,15.135993912905821,33.42415985467757
01800909,Engelbrekt 9 Hjorthagen C,7.158408321308768,31.142857142857142
01800910,Engelbrekt 10 Hjorthagen V-Värtahamn,6.405856939578323,26.21502209131075
01800911,Engelbrekt 11 Lappkärrsberget V,47.572819665511666,38.97911832946636
01800912,Engelbrekt 12 Ekhagen-Frescati,24.5254021968989,30.352303523035232
01800913,Engelbrekt 13 Kv Beckasinen mfl,8.449590293692298,19.946091644204852
01800914,Engelbrekt 14 Husarviken,7.7369125421929255,19.04296875
01800915,Engelbrekt 15 Storängstorget,8.209162024547021,23.353819139596137
01800916,Engelbrekt 16 Stålklockan,6.999634681661436,24.573991031390136
01800917,Engelbrekt 17 Körsbärsvägen mfl,17.731864586365106,35.16295025728988
01800918,Engelbrekt 18 Gasklockorna,6.724153641031296,22.99794661190965
01800919,Engelbrekt 19 Lappkärrsberget Ö,48.362072645827,42.465753424657535
01801001,Hedvig Eleonora 1 Kv Rådjuret mfl,7.368417034945754,10.294117647058824
01801002,Hedvig Eleonora 2 Kv Bävern mfl,6.312290133597388,10.08482563619227
01801003,Hedvig Eleonora 3 Kv Ynglingen mfl,6.250010861951097,14.549180327868852
01801004,Hedvig Eleonora 4 Nybergsgatan mfl,5.317578209008426,9.214659685863875
01801005,Hedvig Eleonora 5 Östermalmstorg,9.394837585876672,10.674157303370787
01801006,Hedvig Eleonora 6 Nybroplan,6.597932286650325,12.476370510396976
01801007,Hedvig Eleonora 7 Tyskbagarområdet,5.560103114817653,13.193717277486911
01801008,Hedvig Eleonora 8 Kv Guldfisken mfl,6.671837669683646,12.405609492988134
01801101,Oscar 1 Djurgården,4.371722168840023,22.727272727272727
01801102,Oscar 2 Garnisionen-Diplomatstaden,5.67616704661876,5.787781350482315
01801103,Oscar 3 Strandvägen mellersta mfl,6.33911462021967,9.188741721854305
01801104,Oscar 4 Storgatan-Grevgatan mfl,5.011156900837033,11.093871217998448
01801105,Oscar 5 Strandvägen Ö mfl,7.352063500890945,9.76958525345622
01801106,Oscar 6 Karlaplan S,5.260218351492649,9.74076983503535
01801107,Oscar 7 Karlaplan V,6.7168367283952755,11.379579111457522
01801108,Oscar 8 Fältöversten mfl,5.396609928661441,13.368055555555555
01801109,Oscar 9 Gustav Adolfsparken,5.396474275366793,18.433179723502302
01801110,Oscar 10 Karlaplan N,4.679824228346658,7.0393374741200825
01801111,Oscar 11 Starrängsringen S,6.72126938742847,17.84121320249777
01801112,Oscar 12 Tessinparken V,3.803435867092685,18.65605658709107
01801113,Oscar 13 Olaus Petris park mfl,4.927081047600765,19.860627177700348
01801114,Oscar 14 Tessinparken S,6.368770540051722,14.509122502172024
01801115,Oscar 15 Tessinparken N,6.441913954436893,20.172910662824208
01801116,Oscar 16 Rindögatan mfl,5.263219404670727,18.712955122777306
01801117,Oscar 17 Starrängsringen N,8.94943226480785,17.641843971631207
01801118,Oscar 18 Studentbacken mfl,14.941638814957365,22.028688524590162
01801119,Oscar 19 Sandhamnsgatan N mfl,11.893736184943632,37.142857142857146
01801120,Oscar 20 Smedsbacken,7.45687960252829,22.155172413793103
01801121,Oscar 21 Ladugårdsgärdet,7.045600674521787,14.891304347826088
01801122,Oscar 22 Kampementsbacken mfl,6.7491623570743124,22.88676236044657
01801123,Oscar 23 Tessinparken Ö,6.651656808937139,15.432098765432098
01801124,Oscar 24 Wittstocksgatan mfl,5.000002218196635,11.840968020743302
01801125,Oscar 25 Öregrundsgatan mfl,7.031801102463521,24.53531598513011
01801126,Oscar 26 Skeppargatan N mfl,4.91965206757361,14.597815292949354
01801301,Maria 1 Ivar Lo:s park mfl,6.329187608287853,33.21947053800171
01801302,Maria 2 Mariaberget V,5.906322558911952,38.24626865671642
01801303,Maria 3 Mariatorget V,8.529595100736238,41.57303370786517
01801304,Maria 4 Bergsgruvan,6.19750187476911,41.63934426229508
01801305,Maria 5 Mariatorget S,5.488542896061359,36.99753896636587
01801306,Maria 6 Mariatorget C,4.523854877745904,38.60215053763441
01801307,Maria 7 Skaraborgsgatan mfl,8.369081069947619,35.700575815738965
01801308,Maria 8 Södra station N,9.88295177291333,38.71268656716418
01801309,Maria 9 Södra station S,8.026918529261616,42.88793103448276
01801310,Maria 10 Södra station Ö,10.821293341234284,39.05079100749376
01801311,Maria 11 Södra station V,8.659735089816143,39.005736137667306
01801312,Maria 12 Fredmansgatan mfl,6.350183416146273,38.19004524886878
01801313,Maria 13 Mariaberget Ö,4.696602270466683,41.11570247933884
01801401,Högalid 1 Reimersholme N-Långholmen,4.7153885739462496,38.254172015404365
01801402,Högalid 2 Reimersholme S,4.680189916078988,40.78549848942598
01801403,Högalid 3 Pålsundsparken,6.241571042663474,34.02835696413678
01801404,Högalid 4 Högalidsgatan Ö mfl,5.474780272455307,33.89355742296919
01801405,Högalid 5 Bergsund S,5.889121916755296,41.067961165048544
01801406,Högalid 6 Tobakspinnargatan mfl,5.602251665879267,39.97509339975093
01801407,Högalid 7 Hornstull,8.659654022163506,38.37118245888802
01801408,Högalid 8 Bergsund N,6.529135408272078,41.509433962264154
01801409,Högalid 9 Högalidsparken,6.088384777799078,39.127272727272725
01801410,Högalid 10 Drakenberg,6.711328116482569,45.46498277841562
01801411,Högalid 11 Zinkensdamm N,10.126550284342029,46.21342512908778
01801412,Högalid 12 Skinnarviksparken,5.854838071317033,36.91683569979716
01801413,Högalid 13 Zinkensdamm Ö,6.9901820939938855,37.12406015037594
01801414,Högalid 14 Zinkensdamm V,5.904606979418326,43.68
01801415,Högalid 15 Rackarbergen,7.101693623512188,47.30046948356807
01801416,Högalid 16 Kv Svärdet-Skottet,10.730991958679592,47.27095516569201
01801417,Högalid 17 Zinkensdamms IP,6.449373222377143,38.53769992383854
01801418,Högalid 18 Lundagatan S mfl,8.14585860703624,43.702906350914965
01801419,Högalid 19 Heleneborg,4.996645087753396,36.64383561643836
01801420,Högalid 20 Folkskolegatan mfl,6.108583184172662,39.56386292834891
01801421,Högalid 21 Tanto,6.998548532015402,39.87603305785124
01801422,Högalid 22 Tobaksmonopolet,7.722647665742293,37.918552036199095
01801501,Katarina 1 Björns Trädgård,8.097526462895516,36.015625
01801502,Katarina 2 Mosebacke,7.4700572149698905,36.14557485525228
01801503,Katarina 3 Katarina N,5.9071819671182295,37.77969018932875
01801504,Katarina 4 Axel Landquists park,6.0192297563049895,39.50207468879668
01801505,Katarina 5 Bondegatan V mfl,8.347192661852445,37.44374437443744
01801506,Katarina 6 Nytorgsg-Bondeg mfl,5.564484130157741,37.92834890965732
01801507,Katarina 7 Kv Linjalen mfl,16.013286074897085,53.37972166998012
01801508,Katarina 8 Medborgarplatsen-Skrapan,8.429661310692927,42.186088527551945
01801509,Katarina 9 Helgalunden,7.2266828981070095,38.9873417721519
01801510,Katarina 10 Kv Ingenjören-Ritaren,8.189186045302222,41.62033359809372
01801511,Katarina 11 Hallandsgatan mfl,5.584064649047194,39.95308835027365
01801512,Katarina 12 Eriksdal Ö,7.662235838605685,44.64856230031949
01801513,Katarina 13 Rosenlund,9.130474482231318,46.21072088724584
01801514,Katarina 14 Bjurholmsplan mfl,6.257344530992795,38.18181818181818
01801515,Katarina 15 Ölandsgatan mfl,12.4682678662508,39.90430622009569
01801516,Katarina 16 Blekingegatan Ö mfl,6.0157097806914805,40.76433121019108
01801517,Katarina 17 Gotlandsgatan Ö mfl,6.385124296149456,38.13196229648672
01801518,Katarina 18 Nytorget,5.49030353656825,41.92982456140351
01801519,Katarina 19 Nackas hörna,5.456537609811719,38.86397608370702
01801520,Katarina 20 Ringen,9.412178901546628,44.05474764756202
01801521,Katarina 21 Fatburen S,10.84416691866954,39.285714285714285
01801701,Sofia 1 Mandelparken,6.087481810459417,37.523277467411546
01801702,Sofia 2 Åsöberget,7.062163510365048,41.132776230269265
01801703,Sofia 3 Vita berget,7.6532476516499,39.89547038327526
01801704,Sofia 4 Stigbergsparken,5.126547973600613,36.83304647160069
01801705,Sofia 5 Sågargatan mfl,6.504483424269178,38.99042645778938
01801706,Sofia 6 Luma,7.628058408132278,35.77092511013216
01801707,Sofia 7 Kv Vitbetan,6.356251867608413,41.28686327077748
01801708,Sofia 8 Hammarby Allé Ö,6.940919945339803,30.595138306789607
01801709,Sofia 9 Skanstull,6.405168361563546,40.41025641025641
01801710,Sofia 10 Vintertullen,5.341690122605407,39.492242595204516
01801711,Sofia 11 Barnängen N,6.535043926483715,41.232638888888886
01801712,Sofia 12 Danviksklippan mfl,8.606819607105805,33.67826904985889
01801713,Sofia 13 Sickla udde,7.366594139812433,28.2708142726441
01801714,Sofia 14 Sickla kanal,5.876342027464234,32.750242954324584
01801715,Sofia 15 Mårtensdal,10.433750966359947,30.38371182458888
01801716,Sofia 16 Sickla Park,7.760679451099254,30.681818181818183
01801717,Sofia 17 Lugnet,7.831580288935146,36.63967611336032
01801718,Sofia 18 Rutger Fuchsgatan mfl,6.814585842011901,40.2555910543131
01801719,Sofia 19 Blecktornsområdet,5.13033546651985,37.27865796831314
01801720,Sofia 20 Klippgatan mfl,5.428233684543185,38.670166229221344
01801721,Sofia 21 Lumabryggan,7.705376946659862,30.347349177330894
01801722,Sofia 22 Hammarbyterrassen,9.674624382053937,34.44272445820433
01801723,Sofia 23 Henriksdalshamnen,7.87515820534627,25.775022143489814
01801724,Sofia 24 Virkesvägen mfl,9.669899509732808,30.9021113243762
01801725,Sofia 25 Barnängen mellersta,6.517388877124249,41.63052905464007
01801726,Sofia 26 Barnängen S,6.2041338817760705,36.83737646001797
01801801,Kungsholm 1 Ture Nermans gränd mfl,7.178289709565769,25.444839857651246
01801802,Kungsholm 2 Pontonjärparken,6.889353574712108,21.816479400749063
01801803,Kungsholm 3 Celsiusgatan mfl,6.562710619633293,25.58139534883721
01801804,Kungsholm 4 S:t Eriksområdet,5.9968520620425325,22.71386430678466
01801805,Kungsholm 5 Kronoberg,7.2662755645926955,22.57751937984496
01801806,Kungsholm 6 Kungsholmstorg V,5.596138686582071,24.497991967871485
01801807,Kungsholm 7 Kungsholmstorg Ö,6.576995816727603,17.913385826771652
01801808,Kungsholm 8 Piperska muren,7.0940624802739345,21.004243281471005
01801809,Kungsholm 9 Kungsklippan mfl,9.656403279138702,22.562449637389204
01801810,Kungsholm 10 Ragnar Östbergs plan,5.701589828790197,24.613899613899616
01801811,Kungsholm 11 Barnhusviken,8.274766772545636,27.044609665427508
01801812,Kungsholm 12 Justitiabrunnen,6.518727568304108,21.448467966573816
01801813,Kungsholm 13 John Ericssonsgatan mfl,6.7879634414776495,22.636600173460536
01801901,S:t Göran 1 Fredhäll S,6.464162343145127,36.55378486055777
01801902,S:t Göran 2 Fredhäll N,7.582810829458152,32.22748815165877
01801903,S:t Göran 3 Fredhäll V,4.033134693291351,30.4635761589404
01801904,S:t Göran 4 Kristinebergsparken,10.398545219359022,30.21276595744681
01801905,S:t Göran 5 Kristinebergs strand,9.152702921466735,21.152030217186024
01801906,S:t Göran 6 Geijersvägen mfl,14.123195185467488,36.13807982740022
01801907,S:t Göran 7 Marieberg S,8.598704276683439,25.262237762237763
01801908,S:t Göran 8 Rålambshov,8.53965423561011,29.75517890772128
01801909,S:t Göran 9 Stadshagen N,14.95580418460003,33.13550939663699
01801910,S:t Göran 10 Svarvargatan V mfl,7.606428427530591,25.10088781275222
01801911,S:t Göran 11 Industrigatan mfl,9.830489625510323,26.17924528301887
01801912,S:t Göran 12 Kv Dykaren-Färjan,6.641252840023562,28.269617706237426
01801913,S:t Göran 13 Fridhemsplan V,8.77367872944643,31.153305203938114
01801914,S:t Göran 14 Kronobergsgatan N mfl,9.201966255186427,25.867269984917044
01801915,S:t Göran 15 Fridhemsplan S,7.111960117164649,27.06896551724138
01801916,S:t Göran 16 Lilla Västerbron,7.94658346677018,24.546952224052717
01801917,S:t Göran 17 Kv Karlsvik mfl,5.38253981453803,20.651068158697864
01801918,S:t Göran 18 Fridhemsplan Ö,9.747686173873813,29.74068071312804
01801919,S:t Göran 19 S:t Göransområdet,14.410206348874489,26.048565121412803
01801920,S:t Göran 20 Kv Trossen mfl,8.291134500515458,27.03639514731369
01801921,S:t Göran 21 Fredhäll mellersta,6.200323547228008,28.031037827352087
01801922,S:t Göran 22 Thorildsplan,8.985149255261435,30.563250230840257
01801923,S:t Göran 23 Nelly Sachs Park,13.106381216669192,32.490272373540854
01801924,S:t Göran 24 Kristineberg S,7.790552323669347,35.9402460456942
01801925,S:t Göran 25 Hornsbergs strand,10.883625943861455,27.34970364098222
01801926,S:t Göran 26 Stadshagen V,15.22527212460895,28.71587462082912
01801927,S:t Göran 27 Stadshagen Ö,14.899522864778701,35.67134268537074
01802101,Brännkyrka 1 Västertorp Ö,7.957608095050714,47.64890282131662
01802102,Brännkyrka 2 Västertorpsparken,11.218246472678292,51.83917878528657
01802103,Brännkyrka 3 Västertorp C,11.501659503724264,50.91514143094842
01802104,Brännkyrka 4 Västertorp V,19.750676481920404,52.316602316602314
01802105,Brännkyrka 5 Fruängen Ö,10.346608380096988,46.21920135938827
01802106,Brännkyrka 6 Fruängen mellersta,10.259397421001243,47.16279069767442
01802107,Brännkyrka 7 Fruängen N,9.927586371206766,49.45945945945946
01802108,Brännkyrka 8 Fruängen S,12.922241693898744,54.91024287222809
01802109,Brännkyrka 9 Herrängen V,3.8419383443107935,23.038810900082577
01802110,Brännkyrka 10 Långbroparken,5.622561342792947,40.257510729613735
01802111,Brännkyrka 11 Långsjö S,4.474828744394159,24.778761061946902
01802112,Brännkyrka 12 Älvsjö S,22.346144060531024,51.844466600199404
01802113,Brännkyrka 13 Långbrogårdsparken,5.137885558855624,29.18918918918919
01802114,Brännkyrka 14 Långbro V,5.138055599897939,31.15141955835962
01802115,Brännkyrka 15 Långbro Ö,11.317915520284037,35.50847457627118
01802116,Brännkyrka 16 Herr Stens väg mfl,20.538708071216114,39.0452876376989
01802117,Brännkyrka 17 Solberga V,14.934103693385085,49.77334542157752
01802118,Brännkyrka 18 Solberga Ö,15.601426655203761,51.91146881287727
01802119,Brännkyrka 19 Solberga mellersta,16.29707705446173,52.18783351120597
01802120,Brännkyrka 20 Liseberg,6.3301447683462095,40.36326942482341
01802121,Brännkyrka 21 Örby slott,10.751676725878552,36.03112840466926
01802122,Brännkyrka 22 Östbergahöjden,32.553807510530724,62.3574144486692
01802123,Brännkyrka 23 Gamla Östberga,17.525825522599305,47.9014598540146
01802124,Brännkyrka 24 Östbergabackarna,32.60950591466762,63.200934579439256
01802125,Brännkyrka 25 Herrängen Ö,3.216255379717736,31.01018010963195
01802126,Brännkyrka 26 Långsjö N,5.427334516143309,29.281183932346725
01802127,Brännkyrka 27 Fruängen V,13.903736631926437,44.9203187250996
01802128,Brännkyrka 28 Kristalltorget mfl,16.79463587850164,41.904761904761905
01802129,Brännkyrka 29 Älvsjö Ö,25.41821618895555,53.374870197300105
01802130,Brännkyrka 30 Gyllene Ratten,13.104391290806516,46.99074074074074
01802131,Brännkyrka 31 Älvsjö N,20.733404236074872,44.1044104410441
01802132,Brännkyrka 32 Älvsjö V,20.474022549580983,55.96330275229358
01802301,Vantör 1 Stureby N,7.50092598050553,34.38775510204081
01802302,Vantör 2 Sturebyhöjden,8.857764201428825,38.45360824742268
01802303,Vantör 3 Stureby C,5.966127100482735,31.502423263327948
01802304,Vantör 4 Stureby S,6.751168686808643,34.88759367194005
01802305,Vantör 5 Bandhagen Ö,16.451742501040076,50.7380073800738
01802306,Vantör 6 Bandhagen S,21.382442131708057,59.06788247213779
01802307,Vantör 7 Bäckahagen,14.579816969099511,54.411764705882355
01802308,Vantör 8 Högdalen Ö,21.804787409013713,58.48822800495663
01802309,Vantör 9 Högdalen mellersta,21.65263093652969,55.44412607449857
01802310,Vantör 10 Högdalen V,14.789187491051072,53.46038114343029
01802311,Vantör 11 Skebokvarnsvägen Ö mfl,18.597137310619388,64.73489519112208
01802312,Vantör 12 Skebokvarnsvägen N,14.848245635444208,52.26480836236934
01802313,Vantör 13 Örby V,11.260587275279192,34.59950454170107
01802314,Vantör 14 Örby S,6.893007102834784,31.221374045801525
01802315,Vantör 15 Örby N,8.121861134046986,31.506849315068493
01802316,Vantör 16 Snösätrahöjden,42.887790236737004,78.21782178217822
01802317,Vantör 17 Gillerbacken mfl,36.70798057929361,67.40331491712708
01802318,Vantör 18 Rågsved N,40.615302200098284,75.15625
01802319,Vantör 19 Rågsved V,33.01402230682835,62.61904761904762
01802320,Vantör 20 Rågsved Ö,34.31037670474035,66.36245110821382
01802321,Vantör 21 Hagsätra Ö,29.426545392672313,54.37589670014347
01802322,Vantör 22 Hagsätra C,27.30726721831181,62.234042553191486
01802323,Vantör 23 Hagsätra V,36.40026800229856,72.80453257790369
01802324,Vantör 24 Ormkärr N,17.787079015237328,49.33774834437086
01802325,Vantör 25 Hagsätra N,33.59230362622191,57.971014492753625
01802326,Vantör 26 Rågsved C,41.78414266081795,72.91666666666667
01802327,Vantör 27 Bandhagen C,15.655518516923042,51.73867228661749
01802328,Vantör 28 Rågsved S,30.24342923745264,67.88413098236776
01802329,Vantör 29 Högdalen S,22.150585631110633,55.65939771547248
01802330,Vantör 30 Ormkärr S,29.442086952588873,57.81021897810219
01802331,Vantör 31 Högdalen C,21.398551874684365,54.34782608695652
01802332,Vantör 32 Bäckaskiftsvägen mfl,10.201622297446177,47.95501022494888
01802333,Vantör 33 Bandhagen N,16.223784298766052,54.87437185929648
01802501,Farsta 1 Svedmyra N,7.548139886644959,36.178543461237275
01802502,Farsta 2 Svedmyra S,11.510743159642606,47.44094488188976
01802503,Farsta 3 Tallkrogen N,10.82401677659008,44.935344827586206
01802504,Farsta 4 Olympiaområdet,5.479470879574982,34.43223443223443
01802505,Farsta 5 Gubbängen Ö,8.17373127528331,45.8639705882353
01802506,Farsta 6 Gubbängen S,9.342244216865586,48.20675105485232
01802507,Farsta 7 Gubbängen V,9.987172505518917,47.840531561461795
01802508,Farsta 8 Skönstaholm,11.598817641399618,53.359683794466406
01802509,Farsta 9 Lingvägen S,15.72326359138121,55.14705882352941
01802510,Farsta 10 Kryddhyllan,13.414653767474338,52.76008492569002
01802511,Farsta 11 Fagerlid,12.409021266173417,55.59139784946237
01802512,Farsta 12 Hökarängen V,14.178360637561422,52.589182968929805
01802513,Farsta 13 Fagersjö yttre,27.37206945144628,52.09497206703911
01802514,Farsta 14 Tallkrogen V,9.023719450948883,47.2318339100346
01802515,Farsta 15 Farsta Strand V,10.173904551823965,47.030105777054516
01802516,Farsta 16 Farsta Strand C,26.448392602425656,60.7324516785351
01802517,Farsta 17 Farsta Strand Ö,27.420277446215795,62.97348484848485
01802518,Farsta 18 Larsboda,14.139802530717244,40.34165571616295
01802519,Farsta 19 Hästhagen,21.630744815842586,58.62068965517241
01802520,Farsta 20 Ekebergabacken mfl,18.898568291080966,50.903901046622266
01802521,Farsta 21 Farsta C,17.437579581760485,54.0929203539823
01802522,Farsta 22 Farstaängen,22.75831534444302,53.9454806312769
01802523,Farsta 23 Nykroppagatan mfl,29.07122564053527,66.0844250363901
01802524,Farsta 24 Värmlandsvägen mfl,10.206021285658567,45.06269592476489
01802525,Farsta 25 Sköndal V,6.36161582898907,36.31147540983606
01802526,Farsta 26 Norra Sköndal,8.31279450945292,40.43321299638989
01802527,Farsta 27 Dalbrobranten mfl,6.924169377810656,42.56026600166251
01802528,Farsta 28 Stora Sköndal,12.125958197975272,43.1910569105691
01802529,Farsta 29 Sköndal C,11.487817567670746,45.16129032258065
01802530,Farsta 30 Torsbygatan mfl,24.487347236019772,54.73801560758083
01802531,Farsta 31 Fagersjö inre,32.100485814436915,63.42182890855457
01802532,Farsta 32 Västboda,25.508994827067696,62.91618828932262
01802533,Farsta 33 Ågesta Broväg mfl,14.435295806117248,47.12301587301587
01802534,Farsta 34 Kristinehamnsgatan S mfl,21.18642169393602,53.787047200878156
01802535,Farsta 35 Russinvägen mfl,14.336676745477096,54.47991761071061
01802536,Farsta 36 Karin Larssons väg mfl,9.683555990203017,38.347718865598026
01802537,Farsta 37 Hökarängen N,14.609354620459317,57.36782902137233
01802538,Farsta 38 Gubbängen N,9.489235655758415,43.20276497695853
01802539,Farsta 39 Östmarksgatan mfl,17.840147198000647,53.52862849533955
01802701,Bromma 1 Abrahamsberg S,9.45063990283457,30.042918454935624
01802702,Bromma 2 Abrahamsberg N,8.300186971618203,33.665158371040725
01802703,Bromma 3 Åkeslund mellersta,9.761568475714272,33.71501272264631
01802704,Bromma 4 Riksby N,13.567814576529251,34.770114942528735
01802705,Bromma 5 Åkeshov,14.863776188979585,35.563380281690144
01802706,Bromma 6 Riksby V-Brommaplan,14.863743172840131,34.90909090909091
01802707,Bromma 7 Riksby Ö,10.608792756987908,30.577689243027887
01802708,Bromma 8 Bromma kyrka S,5.373525969007655,15.702479338842975
01802709,Bromma 9 Bromma kyrka N,5.9176671221336585,16.57894736842105
01802710,Bromma 10 Beckomberga S,10.449690054789027,35.09108341323106
01802711,Bromma 11 Bällstavägen S mfl,4.343175698268681,22.28637413394919
01802712,Bromma 12 Norra Ängby Ö,7.39868894503417,25.28977871443625
01802713,Bromma 13 Norra Ängby V,8.20505920741327,35.798816568047336
01802714,Bromma 14 Blackeberg V,17.681483189839984,47.142857142857146
01802715,Bromma 15 Blackeberg mellersta,13.138531790837769,42.62788365095286
01802716,Bromma 16 Blackeberg gård,10.73171244584478,40.598290598290596
01802717,Bromma 17 Blackeberg Ö,17.001928273727497,45.83783783783784
01802718,Bromma 18 Södra Ängby,2.442032730137275,11.149825783972126
01802719,Bromma 19 Johannesfred Ö,11.146498368416626,42.54278728606357
01802720,Bromma 20 Johannesfred V,13.130915584038826,37.670514165792234
01802721,Bromma 21 Bällsta,7.913202235955365,26.454033771106943
01802722,Bromma 22 Beckomberga N,17.567624392630634,29.886064855390007
01802723,Bromma 23 Mariehäll S,9.442719726049019,31.960461285008236
01802724,Bromma 24 Blackeberg N,14.693431892490395,41.36178861788618
01802725,Bromma 25 Karsvikshage,4.8233758269130105,20.608695652173914
01802726,Bromma 26 Åkeslund V,11.197130573253569,37.48395378690629
01802727,Bromma 27 Eneby,5.923305125083777,22.425249169435215
01802728,Bromma 28 Annedalsparken,12.636834484426522,38.17062445030783
01802729,Bromma 29 Linaberg,12.038024940692825,35.273052820053714
01802730,Bromma 30 Beckomberga mellersta,16.25395457092668,39.88970588235294
01802731,Bromma 31 Blackeberg S,11.905171967990992,44.23676012461059
01802732,Bromma 32 Lönnebergaparken,12.656850828875205,34.92462311557789
01802733,Bromma 33 Mariehäll V,11.169733998818836,27.97971259509721
01802734,Bromma 34 Åkeslund Ö,8.171219555667761,33.49573690621194
01802735,Bromma 35 Mariehäll N,11.856804728922757,31.04906937394247
01802801,Essinge 1 Lilla Essingen mellersta,7.493541001160771,31.195079086115992
01802802,Essinge 2 Lilla Essingen N,8.256703279412566,34.37771975630984
01802803,Essinge 3 Stora Essingen S,6.2323588560587995,25.02628811777077
01802804,Essinge 4 Stora Essingen N,7.164170180071748,27.053571428571427
01802805,Essinge 5 Stora Essingen Ö,5.961765741514253,29.543039319872477
01802806,Essinge 6 Luxområdet,5.878939318115546,22.22222222222222
01802901,Västerled 1 Smedslätten V,3.9537700606191644,9.977064220183486
01802902,Västerled 2 Äppelviken,4.423723236462279,13.691376701966718
01802903,Västerled 3 Stora Mossen,4.596926464936,13.40929009640666
01802904,Västerled 4 Alvik,7.868181700211348,28.199791883454736
01802905,Västerled 5 Johannelund,9.768767923564418,34.3108504398827
01802906,Västerled 6 Traneberg S,7.392196934372204,33.361486486486484
01802907,Västerled 7 Traneberg Ö,6.973615499870794,30.473372781065088
01802908,Västerled 8 Minneberg,6.249122912213615,31.910569105691057
01802909,Västerled 9 Ulvsunda trädgårdsstad,9.109470788829315,22.12041884816754
01802910,Västerled 10 Nockebyhov V,6.420401551485926,22.079037800687285
01802911,Västerled 11 Nockebyhov Ö,3.2376554951772047,21.029281277728483
01802912,Västerled 12 Nockeby S,3.2010733827764923,11.989795918367347
01802913,Västerled 13 Nockeby N,3.7385605431258933,19.950124688279303
01802914,Västerled 14 Höglandet-Olovslund,4.18185633814271,10.2861562258314
01802915,Västerled 15 Ålsten S,1.8305251018973616,7.592407592407592
01802916,Västerled 16 Ålsten N,2.441865426526185,11.723534558180228
01802917,Västerled 17 Traneberg mellersta,7.755353546334984,33.365019011406844
01802918,Västerled 18 Ulvsunda N,8.190310304186617,31.666666666666668
01802919,Västerled 19 Smedslätten Ö,3.9191955364652316,15.834348355663824
01803101,Vällingby 1 Vällingby N,8.993729834242394,39.981617647058826
01803102,Vällingby 2 Vällingby V,23.229111108887025,46.12634088200238
01803103,Vällingby 3 Vällingby Ö,24.371858138058908,52.76705276705277
01803104,Vällingby 4 Vällingby C,26.21904096883555,57.583230579531445
01803105,Vällingby 5 Grimsta V,31.341399869697312,68.58789625360231
01803106,Vällingby 6 Grimsta Ö,32.98742374130832,56.536502546689306
01803107,Vällingby 7 Råcksta Ö,23.46964491630726,50.87900723888314
01803108,Vällingby 8 Råcksta V,24.18821677890806,51.5625
01803109,Vällingby 9 Råcksta N,22.869563216867434,45.411764705882355
01803110,Vällingby 10 Nälsta Ö,11.992146783852503,32.95454545454545
01803111,Vällingby 11 Nälsta V,10.826363786980586,33.716814159292035
01803112,Vällingby 12 Grimsta mellersta,37.77640337043645,67.54874651810584
01803113,Vällingby 13 Kälvesta V,13.032115681328241,36.10315186246418
01803114,Vällingby 14 Kälvesta S,19.29582720178655,46.19164619164619
01803115,Vällingby 15 Vinsta V,19.371193016616328,42.72540983606557
01803116,Vällingby 16 Vinsta Ö,22.87518559750248,43.519781718963166
01803117,Vällingby 17 Råcksta S,36.45066648105055,50.75566750629723
01803118,Vällingby 18 Nälsta gård,22.08876920587252,35.23131672597865
01803119,Vällingby 19 Vällingby mellersta,29.903776191469348,59.905660377358494
01803120,Vällingby 20 Johannelund trädg.stad,22.596652635363,56.18556701030928
01803121,Vällingby 21 Vällingby Parkstad,36.04037757888077,46.93877551020408
01803122,Vällingby 22 Kälvesta Ö,15.959836368259538,35.64131668558456
01803401,Enskede 1 Årstaberg,7.4402674833110725,45.01748251748252
01803402,Enskede 2 Sköntorpsvägen V,6.617099763716256,42.77360066833751
01803403,Enskede 3 Siljansvägen V,8.403498980659865,42.02172096908939
01803404,Enskede 4 Årsta Centrum,9.294438358457958,46.009771986970684
01803405,Enskede 5 Valla torg V,12.733302901852529,50.39647577092511
01803406,Enskede 6 Valla torg Ö,12.637595374969395,55.40308747855918
01803407,Enskede 7 Långhalsvägen mfl,6.851240406991783,44.19535628502802
01803408,Enskede 8 Årstaskogen,6.284459842196915,47.69381746810598
01803409,Enskede 9 Sköntorpsvägen Ö,6.436551417897591,41.94419441944194
01803410,Enskede 10 Bolmensvägen mfl,8.596072396266088,43.333333333333336
01803411,Enskede 11 Gullmarsplan,11.427796029163387,44.51013513513514
01803412,Enskede 12 Skärmarbrink,11.494998020127404,44.581497797356825
01803413,Enskede 13 Blåsut,10.162835506256243,43.18389752973467
01803414,Enskede 14 Globen,8.881628816904284,40.84003574620196
01803415,Enskede 15 Enskede Gård N,9.383179124112555,39.671564390665516
01803416,Enskede 16 Enskede Gård S,7.944546903034344,36.95238095238095
01803417,Enskede 17 Enskedefältet,5.858357739852634,29.637096774193548
01803418,Enskede 18 Gamla Enskede S,3.7207048112471455,32.01376936316695
01803419,Enskede 19 Gamla Enskede N,3.9496398495021454,31.401384083044984
01803420,Enskede 20 Skogskyrkogården,6.034596326017129,37.98530954879328
01803421,Enskede 21 Dalen N,20.183967187381892,57.03037120359955
01803422,Enskede 22 Dalen S,18.065094558845455,56.35635635635636
01803423,Enskede 23 Enskede IP,11.928255233185029,41.73806609547124
01803424,Enskede 24 Dalen V,21.099849652598376,60.87516087516087
01803425,Enskede 25 Ottsjövägen mfl,6.612975837379408,46.113074204947
01803426,Enskede 26 Årstavägen Ö,7.7902193860509525,45.11013215859031
01803601,Skarpnäck 1 Bagarmossen S,8.904346858517023,54.78424015009381
01803602,Skarpnäck 2 Brotorp,6.413570062492981,44.07319013524264
01803603,Skarpnäck 3 Ljusnevägen mfl,12.01924798223557,53.462321792260695
01803604,Skarpnäck 4 Bergsrådsvägen mfl,9.08866277413925,53.97412199630314
01803605,Skarpnäck 5 Bagarmossen N,27.134350907961437,66.53944020356234
01803606,Skarpnäck 6 Bagarmossen C,11.783894294911597,51.939655172413794
01803607,Skarpnäck 7 Skarpnäcks trädgårdsstad,3.168953944305685,33.21396598030439
01803608,Skarpnäck 8 Enskededalen Ö,3.9215867026243503,34.44328824141519
01803609,Skarpnäck 9 Kärrtorp S,7.635286885089274,53.411513859275054
01803610,Skarpnäck 10 Kärrtorp V,6.247251865304778,49.62546816479401
01803611,Skarpnäck 11 Björkhagen Ö,7.383861573508814,43.91343552750225
01803612,Skarpnäck 12 Björkhagen V,6.607411655469818,45.06688963210702
01803613,Skarpnäck 13 Björkhagen N,5.6642385231992485,41.52910512597741
01803614,Skarpnäck 14 Hammarbyhöjden S,6.685133162263043,44.28424304840371
01803615,Skarpnäck 15 Hammarbyhöjden N,5.589783517638843,39.82642237222758
01803616,Skarpnäck 16 Hammarbyhöjden Ö,6.959475609177294,45.74132492113565
01803617,Skarpnäck 17 Hammarbyhöjden NV,7.399746650485524,43.52126607319486
01803618,Skarpnäck 18 Skarpnäck Ö,16.981506343389324,52.804986642920746
01803619,Skarpnäck 19 Skarpnäck S-Orhem,16.7073401303447,53.889943074003796
01803620,Skarpnäck 20 Skarpnäck V,24.691313424372893,63.36429308565531
01803621,Skarpnäck 21 Pungpinan mfl,14.004830394078398,48.21272885789015
01803622,Skarpnäck 22 Hammarbyhöjden NÖ,6.223815635320638,40.90056285178236
01803623,Skarpnäck 23 Skarpnäck C,22.81801712039521,58.95061728395062
01803624,Skarpnäck 24 Bagarmossen V,10.852109316707722,55.472103004291846
01803625,Skarpnäck 25 Enskededalen V,4.433892001024704,37.857142857142854
01803626,Skarpnäck 26 Kärrtorp mellersta,7.143483951294221,52.5974025974026
01803627,Skarpnäck 27 Björkhagen mellersta,6.916315565959745,45.348837209302324
01803628,Skarpnäck 28 Hammarbyhöjden mellan,6.473931277535627,42.77777777777778
01803629,Skarpnäck 29 Blåsut Ö,11.636646746304407,36.312849162011176
01803630,Skarpnäck 30 Kärrtorp N,6.9262604773169585,48.14410480349345
01803801,Hässelby 1 Hässelby Strand V,29.772472592950198,56.442417331813
01803802,Hässelby 2 Hässelby Strand S,24.734339097001897,41.075514874141874
01803803,Hässelby 3 Hässelby Strand N,30.088891083902087,57.824933687002655
01803804,Hässelby 4 Hässelby Strand Ö,34.14623805161757,55.72139303482587
01803805,Hässelby 5 Hässelby slott,33.61137208679155,68.97590361445783
01803806,Hässelby 6 Hässelby Gård Ö,35.369418247074286,65.8321060382916
01803807,Hässelby 7 Hässelby Gård mellersta,30.57182754985221,63.90625
01803808,Hässelby 8 Hässelby Gård S,39.388331568257136,61.7339312406577
01803809,Hässelby 9 Hässelby Gård V,29.876728692670703,50.47846889952153
01803810,Hässelby 10 Hässelby Villast. mellan,12.46511327135379,27.814569536423843
01803811,Hässelby 11 Hässelby Villastad V,8.057692513977283,24.288617886178862
01803812,Hässelby 12 Hässelby Villastad Ö,14.63306487570358,32.04868154158215
01803813,Hässelby 13 Hässelby Villastad NV,15.528782030550381,40.01892147587512
01803814,Hässelby 14 Lövsta,13.04768227722062,32.16326530612245
01803815,Hässelby 15 Backlura N,14.85500184570315,32.96979865771812
01803816,Hässelby 16 Backlura S,20.38335742826044,37.55781683626272
01803817,Hässelby 17 Hässelby Villastad NÖ,28.09404871420559,50.416666666666664
01803818,Hässelby 18 Smedshagen,27.09359246714199,60.02460024600246
01803819,Hässelby 19 Hässelby Villastad S,12.253169800766637,23.518687329079306
01803820,Hässelby 20 Hässelby Gård N,29.991243753294608,50.99337748344371
01803821,Hässelby 21 Hässelby Strand mellan,32.17266926730298,60.08968609865471
01803822,Hässelby 22 Ormängsgatan m fl,34.195495327610715,61.86770428015564
01803901,Hägersten 1 Nybohov V,19.23614318771447,53.44603381014304
01803902,Hägersten 2 Nybohov Ö,19.129161931251723,48.85598923283984
01803903,Hägersten 3 Stora Fågelsången,4.876429354442258,43.69449378330373
01803904,Hägersten 4 Gröndal C,4.813431819313798,37.391304347826086
01803905,Hägersten 5 Gröndal V,8.278425198247684,46.79113185530922
01803906,Hägersten 6 Ekensberg,7.1752867733562145,39.76545842217484
01803907,Hägersten 7 Gröndal N,5.47820183382383,39.006024096385545
01803908,Hägersten 8 Aspudden Ö,9.474143166224225,44.852354349561054
01803909,Hägersten 9 Aspudden C,6.14495550475827,41.70305676855895
01803910,Hägersten 10 Örnsberg,11.103592383826106,46.13861386138614
01803911,Hägersten 11 Vinterviken,10.209082391519473,48.73853211009175
01803912,Hägersten 12 Midsommarkransen N,5.874400225007544,43.760399334442596
01803913,Hägersten 13 Telefonplan V,9.762037152745403,38.45528455284553
01803914,Hägersten 14 Midsommarkransen S,7.3258995742039605,43.47063978965819
01803915,Hägersten 15 Svandammen,7.416921456051778,47.31785428342674
01803916,Hägersten 16 Midsommarkransen C,6.600030228764507,46.73413063477461
01803917,Hägersten 17 Korpmossen,8.853316444181264,41.24748490945674
01803918,Hägersten 18 Radiusparken,11.398411239497362,42.96435272045028
01803919,Hägersten 19 Hägerstensåsen S,12.941726599169623,44.46529080675422
01803920,Hägersten 20 Hägerstensåsen Ö,7.1046100785938355,47.931654676258994
01803921,Hägersten 21 Hägerstensåsen V,7.942388326605317,50.623885918003566
01803922,Hägersten 22 Hägerstensåsen N,7.343016022651755,41.74573055028463
01803923,Hägersten 23 Hägerstenshamnen,5.948482202026693,43.23076923076923
01803924,Hägersten 24 Axelsberg,7.168765055982011,41.43835616438356
01803925,Hägersten 25 Mälarhöjden Ö,5.847969318611074,31.191806331471135
01803926,Hägersten 26 Mälarhöjden mellersta,5.486299276173035,27.212178877259753
01803927,Hägersten 27 Mälarhöjden N,5.445265365593398,26.994301994301996
01803928,Hägersten 28 Mälarhöjden S,9.69552224968784,32.78335724533716
01803929,Hägersten 29 Nybodahöjden,10.217927572003308,39.89501312335958
01803930,Hägersten 30 Trekanten,11.919067219358237,39.63470319634703
01803931,Hägersten 31 Marievik,12.478104921615545,30.252100840336134
01803932,Hägersten 32 Liljeholmskajen V,9.544194398052328,38.161318300086734
01803933,Hägersten 33 Aspudden N,8.407399029647628,49.26052332195677
01803934,Hägersten 34 Klubbacken mfl,6.298536902517155,39.231824417009605
01803935,Hägersten 35 Midsommarkransen Ö,10.803198254485238,48.56887298747764
01803936,Hägersten 36 Västberga Ö,16.841685224528923,50.9656652360515
01803937,Hägersten 37 Årstadal,13.402648817296557,45.23184601924759
01803938,Hägersten 38 Gösta Ekmans väg mfl,8.276370948715433,46.046046046046044
01803939,Hägersten 39 Liljeholmstorget,13.276480397085855,41.31227217496962
01803940,Hägersten 40 Hökmossen mfl,11.810933402826784,44.63768115942029
01803941,Hägersten 41 Aspudden mellersta,6.207326889623029,41.361256544502616
01803942,Hägersten 42 Liljeholmskajen Ö,13.070825903099022,29.185317815577438
01803943,Hägersten 43 Hägerstensåsen mellan,7.117664475706557,44.49262792714657
01803944,Hägersten 44 Sjövikshöjden,10.75066397269856,37.68595041322314
01803945,Hägersten 45 Telefonplan Ö,9.55147663530506,47.317502198768686
01803946,Hägersten 46 Ekensbergskajen,8.42911137707577,36.95881731784583
01803947,Hägersten 47 Tellusborgsvägen S,11.75081340465122,37.269772481040086
01803948,Hägersten 48 Sjöviksbacken S,16.573457629959837,38.273615635179155
01804001,Skärholmen 1 Bredäng NÖ,28.233410844409097,67.80538302277432
01804002,Skärholmen 2 Bredäng NV,32.660085684757306,68.64490603363006
01804003,Skärholmen 3 Bredäng V,34.11431234974671,69.20332936979786
01804004,Skärholmen 4 Bredäng Ö,23.25462887265578,62.194016319129645
01804005,Skärholmen 5 Bredäng S,31.865433145592455,68.54066985645933
01804006,Skärholmen 6 Sätra N,37.88723722167445,70.74468085106383
01804007,Skärholmen 7 Sätra V,32.583861661980826,62.94964028776978
01804008,Skärholmen 8 Sätra S,35.44998083041271,72.60536398467433
01804009,Skärholmen 9 Vårberg N,31.507930260597544,67.44186046511628
01804010,Skärholmen 10 Portholmsgången mfl,43.275794872976014,77.96610169491525
01804011,Skärholmen 11 Ekholmshöjden,44.05397682026568,80.24539877300613
01804012,Skärholmen 12 Skärholmen S,37.161360227274336,69.63746223564955
01804013,Skärholmen 13 Skärholmens gård,38.50768660373848,65.28662420382166
01804014,Skärholmen 14 Stångholmsbacken mfl,40.20317074242007,72.31833910034602
01804015,Skärholmen 15 Vårberg S,45.68994352645792,74.86238532110092
01804016,Skärholmen 16 Vårbergs IP,42.47019498942559,71.34615384615384
01804017,Skärholmen 17 Vårberg V,29.290140328435132,58.292443572129535
01804018,Skärholmen 18 Sätra gård,22.829855181966177,57.03056768558952
01804019,Skärholmen 19 Skärholmen C,41.83800207756927,79.2483660130719
01804020,Skärholmen 20 Bredäng mellersta,32.750263880718975,73.1117824773414
01804021,Skärholmen 21 Vårberg C,39.90373372037239,82.13213213213213
01804101,Spånga 1 Sundby S,9.619133539399405,23.80151387720774
01804102,Spånga 2 Flysta,8.179104015548864,25.156358582348854
01804103,Spånga 3 Solhem Ö,8.138083888546435,27.978339350180505
01804104,Spånga 4 Solhem S,8.34153808367882,27.503852080123266
01804105,Spånga 5 Solhem V,6.114619053476472,27.251184834123222
01804106,Spånga 6 Solhem N,27.52935316516787,50.7531865585168
01804107,Spånga 7 Bromsten N,21.4074097102051,41.163055872291906
01804108,Spånga 8 Bromsten mellersta,22.260141790891776,46.94589877835951
01804109,Spånga 9 Bromsten S,27.279582968779096,36.090225563909776
01804110,Spånga 10 Hjulsta V,54.0973334501356,89.12768647281922
01804111,Spånga 11 Erikslund,47.734033909033926,80.0976800976801
01804112,Spånga 12 Nydal,54.44545998460151,80.9278350515464
01804113,Spånga 13 Tensta C,54.45133761250789,91.08910891089108
01804114,Spånga 14 Gullinge,56.72567685603224,89.10550458715596
01804115,Spånga 15 Risingeplan mfl,52.46100224162864,87.55304101838755
01804116,Spånga 16 Glömminge,52.028981912473405,89.81723237597912
01804117,Spånga 17 Rinkebysvängen N,40.24834034667532,89.35574229691876
01804118,Spånga 18 Rinkebystråket,53.39237372920525,89.00255754475704
01804119,Spånga 19 Rinkebysvängen V,49.46666572128953,84.01639344262296
01804120,Spånga 20 Kvarnbyvägen mfl,48.78660319124743,89.30741190765492
01804121,Spånga 21 Rinkeby C,51.64022313469857,90.69478908188586
01804122,Spånga 22 Rinkebysvängen Ö,62.36612389345456,91.15384615384616
01804123,Spånga 23 Rinkebysvängen S,52.08525325781981,92.77566539923954
01804124,Spånga 24 Spånga by,49.277008133887755,74.68513853904282
01804125,Spånga 25 Hjulsta Ö,47.24098626577799,79.92916174734357
01804126,Spånga 26 Spånga torg-Lunda,18.44304619124914,49.497206703910614
01804127,Spånga 27 Rinkeby mellersta,48.448928451598455,90.37122969837587
01804128,Spånga 28 Bromsten C,22.29859676182612,49.57983193277311
01804129,Spånga 29 Sundby N,37.93575523278715,43.58974358974359
01804130,Spånga 30 Bromsten V,21.019990585412796,48.201438848920866
01804201,Kista 1 Akalla C,56.29491374226788,75.89285714285714
01804202,Kista 2 Akalla Ö,56.02304932870272,74.46483180428135
01804203,Kista 3 Akalla N,57.239238585323875,69.52526799387442
01804204,Kista 4 Akalla V,40.88872081648789,65.77669902912622
01804205,Kista 5 Akalla S,42.51805000932123,68.21515892420538
01804206,Kista 6 Lofotenparken,53.64449031909652,76.049766718507
01804207,Kista 7 Oslogatan,50.559590210971535,89.1156462585034
01804208,Kista 8 Nidarosgatan,53.390956012828624,84.81228668941979
01804209,Kista 9 Bergensgatan,51.09665274375272,84.00954653937947
01804210,Kista 10 Nordkapsgatan,47.10743735855194,81.49405772495756
01804211,Kista 11 Trondheimsgatan,51.783510118765626,89.280868385346
01804212,Kista 12 Kista mellersta,43.99424426683983,66.66666666666667
01804213,Kista 13 Helsingörsgatan mfl,42.881669350642696,62.171052631578945
01804214,Kista 14 Kista V,45.07944609769202,63.39031339031339
01804215,Kista 15 Ärvinge S,46.16855437122304,69.49569495694956
01804216,Kista 16 Kista Gård,46.08814578846409,64.53804347826087
01804217,Kista 17 Ärvinge N,41.31488244192276,59.71867007672634
01804218,Kista 18 Kista S,37.95129605258332,60.62717770034843
01804219,Kista 19 Kista Ö,54.3801553038556,66.50602409638554
01804220,Kista 20 Husby C,52.58257134717342,76.86453576864535
01804221,Kista 21 Kista N,45.87296512817879,64.69594594594595
01810101,Södertälje 1 Södra-Värdsholmen,26.90841673647455,41.46608315098468
01810102,Södertälje 2 Saltskog östra,34.74845034611818,43.36661911554921
01810103,Södertälje 3 Saltskog västra,38.949042220326426,51.21951219512195
01810104,Södertälje 4 Västergård-Vibergen,29.620492806514054,38.42315369261477
01810105,Södertälje 5 Mariekälla södra,26.945725995613433,37.456647398843934
01810106,Södertälje 6 Västergård-Högmohöjden,41.37897984457188,40.91760299625468
01810107,Södertälje 7 Mariekälla norra,20.673131794737333,39.7979797979798
01810108,Södertälje 8 Centrum södra,26.200616850838294,39.32472691161867
01810109,Södertälje 9 Västra Blombacka,49.33667028182802,62.88
01810110,Södertälje 10 Tälje,25.256746286167786,37.06070287539936
01810111,Södertälje 11 Centrum norra,28.65975567560169,39.58664546899841
01810112,Södertälje 12 V. Bårsta - Blombacka,27.698534633830597,39.954597048808175
01810113,Södertälje 13 Bårstabergen östra,31.96640069764474,41.50268336314848
01810114,Södertälje 14 Snäckviken,43.661217575894405,53.278688524590166
01810152,Södertälje 52 Bårstafältet,51.92845535023049,43.880208333333336
01810215,Södertälje 15 Glasberga,30.06920541434677,23.853211009174313
01810216,Södertälje 16 Östertälje,21.455496737247433,28.74762808349146
01810217,Södertälje 17 Fornbacka,45.557422838597205,57.52009184845006
01810218,Södertälje 18 Hagaberg-Majtorp,11.19567298083448,30.803177405119154
01810219,Södertälje 19 Rosenlund västra,23.476688387192123,38.04597701149425
01810220,Södertälje 20 Rosenlund östra,22.674091034839478,40.765765765765764
01810221,Södertälje 21 Grusåsen västra,23.514159476430606,36.61852166525064
01810222,Södertälje 22 Grusåsen östra,30.283734006891926,41.72494172494172
01810223,Södertälje 23 Brunnsäng östra,29.762294958814792,37.269772481040086
01810224,Södertälje 24 Brunnsäng västra,49.11545335128666,56.030534351145036
01810225,Södertälje 25 Bergvik,22.258921957147514,35.87174348697395
01810226,Södertälje 26 Fornhöjden,43.143968872868214,51.51006711409396
01810227,Södertälje 27 Viksberg,18.78592034713204,19.934994582881906
01810228,Södertälje 28 Ritorp,18.372223780938793,22.57479601087942
01810229,Södertälje 29 Ragnhildsborg,20.409148474332916,31.788931788931787
01810330,Södertälje 30 Pershagen,11.33220028458548,25.721784776902886
01810331,Södertälje 31 Hovsjö norra,62.80074528648562,71.40039447731755
01810332,Södertälje 32 Hovsjö södra,49.94580769624374,54.905660377358494
01810333,Södertälje 33 Hovsjö-Tveta,42.90712982284603,44.377510040160644
01810435,Södertälje 35 Enhörna-Ekeby,12.231765298123689,25.809935205183585
01810436,Södertälje 36 Enhörna västra,2.7888663965325255,26.427255985267035
01810640,Södertälje 40 Vårdinge,5.276433252865821,30.032467532467532
01810741,Södertälje 41 Järna centrum,7.176643376405087,31.797235023041473
01810742,Södertälje 42 Järna norra,13.693111823742356,42.46885617214043
01810743,Södertälje 43 Järna västra,5.245570945357696,32.942238267148014
01810744,Södertälje 44 Järna-Kallfors,6.960953747287031,23.668639053254438
01810745,Södertälje 45 Järna landsbygd,5.152844425880927,22.148916116870875
01810746,Södertälje 46 Järna östra,6.118261204798205,29.820627802690584
01810848,Södertälje 48 Hölö-Mörkö,3.61992156415486,26.277372262773724
01811047,Södertälje 47 Hölö västra,5.224294809783568,27.41806554756195
01811250,Södertälje 50 Geneta södra,34.89033183436419,27.333333333333332
01811251,Södertälje 51 Geneta norra,51.73492400914669,46.683673469387756
01811253,Södertälje 53 Ronna södra,54.90571132603037,47.141190198366395
01811254,Södertälje 54 Ronna västra,48.488830900393985,46.012269938650306
01811255,Södertälje 55 Ronna norra,58.65067618834402,68.31501831501832
01811256,Södertälje 56 Ronna-Karlhov,46.014195824763846,44.01756311745335
01811257,Södertälje 57 Lina västra,42.991641021701014,39.97682502896871
01811258,Södertälje 58 Lina östra,26.654281459125976,26.440677966101696
01811259,Södertälje 59 Glasberga V-Gärtuna,22.750402794758312,28.751210067763793
01820101,"Danviken, Saltsjöqvarn",5.163255387619169,25.797691785471827
01820102,Henriksdal,17.713147868946123,47.22222222222222
01820103,Finnboda,7.219515160361343,28.62969004893964
01820104,"Finnberget, Kvarnholmen V",8.580421866638277,27.220299884659745
01820106,Kvarnholmen NÖ,9.100124889288528,17.225950782997764
01820107,Kvarnholmen SÖ,10.463219736113961,22.961104140526977
01820110,Sickla V,6.632528271251238,30.462375339981868
01820111,Alphyddan,9.032658687684187,40.14447884416925
01820112,"Sickla Ö, Tallbacken",5.803666884725788,36.17619493908154
01820113,"Nysätra, Hästhagen, Ekudden",6.910762607567023,27.921195652173914
01820114,Järla sjö,4.647489458600497,27.123483226266952
01820115,Finntorp S,8.593047742431096,35.77817531305904
01820116,"Finntorp N, Marinstaden, Birka",8.454037855173857,34.183673469387756
01820117,"Järlahöjden, Nya gatan",13.43619687249359,29.508196721311474
01820118,"Lillängen, Storängen",5.332908278825442,19.348837209302324
01820119,"Nacka strand, Vikdalen",7.764299598883156,21.162790697674417
01820121,Jarlaberg N,12.367230848289692,37.65609990393852
01820122,Jarlaberg S,10.108374784080176,33.40961098398169
01820123,Nacka Centrum,18.930708781820886,38.50823937554206
01820124,Skogalund,10.07144869715261,30.983847283406753
01820125,"Ekängen, Saltängen V",5.818676437495434,21.598101265822784
01820126,"Saltsjö-Duvnäs, Saltängen Ö",3.732859427452805,18.865143699336773
01820127,Ektorp,10.327476559972741,34.488188976377955
01820128,Skuru,8.61713907206567,20.3125
01820129,Duvnäs Utskog,4.616081669598161,27.239819004524886
01820132,Fisksätra V,33.58908042086838,65.38839724680433
01820133,Fisksätra Ö,38.46731048716264,72.52747252747253
01820134,Fisksätra S,36.22869057927309,52.799121844127335
01820135,Fisksätra N,43.10990259134577,70.16348773841962
01820161,Kolarängen,4.079740722435908,25.693311582381728
01820162,Älta gård,3.2446454417504365,28.921193573068095
01820163,Stensö N,17.409923369366656,45.094152626362735
01820165,Stensö S,22.993617464735326,51.65829145728643
01820166,Hedvigslund,5.077530085273457,31.376146788990827
01820167,Sigfridsborg,4.475765634545555,28.346456692913385
01820168,"Ältadalen, Södra Hedvigslund",5.019782643046297,28.076572470373748
01820201,"Skogsö, Baggensudden, Neglinge N",4.3181950682976264,12.809917355371901
01820202,"Igelboda, Neglinge S",3.84454813961755,12.035398230088495
01820203,"Igelbodaplatån, Ljuskärrsberget",7.962355988847244,28.343666961913197
01820204,"Tattby, Solsidan N",4.640247281270696,9.867751780264497
01820205,Rösunda,2.625350456778193,9.034267912772586
01820206,"Solsidan S, Älgö",4.390465021539215,9.254901960784315
01820301,"Lilla Björknäs, Björknäs N",5.387266976790333,20.214190093708165
01820302,Björknäs S,9.698826448717735,31.332236842105264
01820303,"Eknäs Ö, Hjortängen, Lännersta V",5.567785963884184,17.17391304347826
01820304,Lännersta N,2.413713656845779,18.714555765595463
01820305,Lännersta S,4.654685170201421,14.380165289256198
01820306,Källvägsområdet,5.372180421467445,21.73656231541642
01820307,Krokhöjden,9.038637562782068,41.69769173492182
01820308,Orminge C,18.434245262395134,40.26465028355388
01820309,Orminge S,18.578801169328163,48.92933618843683
01820310,Orminge N,17.612186005918556,46.89203925845147
01820311,Orminge Ö,5.296265804978071,33.78176382660688
01820312,"Hasseludden, Kummelnäs V",7.498257515693559,20.998531571218795
01820314,"Gustavsvik, Insjön, Velamsund",4.034115266449933,20.858895705521473
01820315,"Mensättra, Eriksvik",6.525779341394895,20.883534136546185
01820316,"Eknäs V, Tollare V",6.14107957814389,24.759152215799613
01820317,Tollare Ö,7.543241785545267,19.629057187017
01820318,Kummelnäs Ö,4.4817773451963,22.060164083865086
01820319,Vikingshill,4.3109998345675145,16.877637130801688
01830101,Lilla Alby Östra,12.763651958030765,38.36930455635492
01830102,Lilla Alby Mellan,9.880336395143495,36.162079510703364
01830103,Lilla Alby Signalfabriken,11.993675869197583,37.35549132947977
01830104,Centrala SBG Kyrkparken,10.344009264867497,36.64416586306654
01830105,Centrala SBG Östra,10.423167185934043,33.62892223738063
01830106,Centrala SBG Mellersta,10.033981301806243,32.42909987669544
01830107,Centrala SBG Esplanaden,9.241204625551596,39.858728557013116
01830108,Centrala SBG Västra,6.974256123486097,36.809815950920246
01830109,Centrala SBG Norra,7.356861011795265,35.731608730800325
01830110,Tulemarken,9.646516278636295,36.35585970915312
01830111,Storskogen Västra,12.425759666695097,38.9363722697056
01830112,Storskogen Östra,11.768989464235798,44.388777555110224
01830113,Ör,23.873870977161047,51.440677966101696
01830114,Hallonbergen Norra,42.259297504648785,54.95049504950495
01830115,Hallonbergen Östra,42.11882371796728,63.605442176870746
01830116,Hallonbergen Västra,49.217686150585735,69.2
01830117,Duvbo Södra,10.95797056685593,26.71232876712329
01830118,Duvbo Norra,8.318423674505832,25.433526011560694
01830119,Rissne Sydvästra,33.61285989297239,61.83816183816184
01830120,Rissne Nordvästra,38.4808469407013,62.12303980699638
01830121,Rissne Nordöstra,38.76926086751601,66.48168701442842
01830122,Rissne kv. Skvadronen m.fl.,30.631982944571185,57.0945945945946
01830123,Stora Ursvik Milot,20.276211170028176,33.54564755838641
01830124,Brotorp/Kymlinge,15.81036991351313,33.93939393939394
01830125,Centrala SBG Tornparken,8.57947203383481,35.09075194468453
01830126,Stora Ursvik Kvarnkullen,33.30663855991821,48.88663967611336
01830127,Stora Ursviks Gård,31.467474140303686,59.285714285714285
01830128,Lilla Alby Bällstaviken,10.398683529743456,29.747427502338635
01830129,Stora Ursvik Forskningsringen,26.23448843031776,59.285714285714285
01830130,Lilla Ursvik,15.449147526163834,30.349013657056144
01830131,Hallonbergen Mellan,47.756483503326585,77.90262172284645
01830132,Rissne kv. Batteriet m.fl.,34.831318948834344,58.19774718397998
01830133,Stora Ursvik Västra,33.112531159654075,54.25383542538354
01840101,1 Järvastaden S,19.824493359497108,36.49706457925636
01840102,2 Ritorp-Nya Ulriksdal,27.999520945903722,42.382495948136146
01840103,3 Kungshamra,33.510335460614186,42.44274809160305
01840104,4 Bergshamra Ö,15.278952811373411,33.666333666333664
01840105,5 Haga,24.63717421643692,36.070381231671554
01840106,6 Huvudsta Ingenting,30.362289696439316,35.74660633484163
01840107,7 Huvudsta SO - Västraskogen,20.185448860343744,41.33456904541242
01840108,8 Huvudsta S,20.324883758017407,41.74198849630238
01840109,9 Huvudsta Centrum Ö,22.156942555565983,41.03512014787431
01840110,10 Huvudsta N,14.82431897064518,35.19607843137255
01840111,11 Huvudsta V,32.27471814436215,44.824016563147
01840112,12 Huvudsta SV,25.57922780010989,38.614800759013285
01840129,29 Frösunda N,17.268985843706048,27.389558232931726
01840131,31 Frösunda Centrum,16.44893307103966,26.74616695059625
01840132,32 Bergshamra N,21.76858548205555,41.78814382896016
01840133,33 Bergshamra S,10.754511074667677,36.25218914185639
01840134,34 Ulriksdal- Bergshamra,19.1286047475195,40.51803885291397
01840135,35 Huvudsta Ö,40.576144590482976,40.59900166389351
01840137,37 Agnesberg,20.895890387855044,45.64777327935223
01840138,38 Bagartorp,27.917088027734945,53.14787701317716
01840139,39 Huvudsta Centrum V,21.299471634898023,42.99900695134062
01840142,42 Järvastaden N,17.480247963046494,29.15282392026578
01840143,43 Ritorp S-Frösunda,18.9861732961609,32.88331726133076
01840144,44 Huvudsta pampasparken,32.93329875555659,37.42857142857143
01840146,46 Järvastaden V,24.771587333727915,36.74059787849566
01840213,13 Skytteholm SO,21.934856203292494,40.65934065934066
01840214,14 Skytteholm S,17.535631896073834,41.82895850973751
01840215,15 Solna Centrum,20.79421241275025,37.66129032258065
01840216,16 Skytteholm SV,18.07148880079522,38.70431893687708
01840217,17 Råsunda SV,15.021577681409635,37.09293089753773
01840218,18 Råsunda Centrum,12.907463760077256,31.35593220338983
01840219,19 Råsunda V,12.626141115462705,36.70605612998523
01840220,20 Råsunda Filmstaden,10.793219457563698,29.420289855072465
01840221,21 Råsunda N,12.53081298294485,29.934924078091107
01840222,22 Arenastaden,22.600291494682338,34.074074074074076
01840223,23 Råsunda SO,12.193397645355525,34.102141680395384
01840224,24 Råsunda Ö,17.029048481127845,37.2
01840225,25 Haga Norra,12.474269730394075,33.58999037536093
01840226,26 Hagalund NV,29.039925627570067,55.864811133200796
01840227,27 Rudviken Västravägen,23.81996962639462,42.77929155313352
01840228,28 Hagalund S,29.547988925553277,53.63128491620112
01840230,30 Frösunda S,20.554689109535342,44.72789115646258
01840236,36 Råsunda NV - Näckrosen,9.536023874361339,29.686304514154553
01840240,40 Skytteholm N,12.720228570188233,33.790999237223495
01840241,41 Råsunda NO,12.051965971530882,29.85638699924414
01840245,45 Hagalund N,23.755332662770666,52.516010978957
01860101,Sticklinge N,4.316197180088361,8.345534407027818
01860102,Sticklinge S - Islinge,3.468751435860105,12.103746397694524
01860103,Näset V,7.618994428088821,27.723735408560312
01860104,Näset Ö,6.559925620399951,18.844022169437846
01860105,Bo - Björnbo,3.3888727758017003,8.887043189368772
01860106,Rudboda V - Bosön,4.698847797951583,15.765422696115765
01860107,Rudboda Ö - Yttringe - Elfvik,3.681379101084809,12.640449438202246
01860108,Torsvik N - Hersby N,4.083170178324763,11.20896717373899
01860109,Torsvik S - centrum,7.932807433497565,18.615751789976134
01860110,Herserud,4.788043553168471,12.854030501089325
01860111,Hersby S,5.019690752167739,11.36701337295691
01860112,Baggeby,10.481336008548427,28.449905482041586
01860113,Bodal,6.948113436661431,24.702380952380953
01860114,Hersby SÖ - Mosstorp,5.349835229684546,17.385257301808068
01860115,Gångsätra V,27.7883509772123,45.76271186440678
01860116,Larsberg N,19.806949000465753,40.247678018575854
01860117,Larsberg S,17.7957741863166,40.39054470709147
01860118,Gångsätra Ö,5.106723609076591,15.2
01860119,Skärsätra,7.917458031493827,22.872340425531913
01860120,Stockby - Mölna V - Fjäderholmarna,4.272180996916995,13.333333333333334
01860121,Mölna Ö - Brevik V,5.594073639783064,13.44984802431611
01860122,Brevik Ö - Käppala S,5.089916377516605,8.923076923076923
01860123,Gåshaga,5.365301911047635,7.069102462271644
01860124,Ekholmsnäs - Killinge,6.822423961193557,17.123287671232877
01860125,Käppala N,22.700701649911917,36.89903846153846
01860126,Dalénum,6.943596390766363,16.143790849673202
01870101,Vaxön Öst-Tynningö,3.308067341269285,21.11801242236025
01870102,Vaxön Mitt,4.114180024066927,27.32919254658385
01870103,Vaxön Väst-Karlsudd,7.999494552144259,27.97335870599429
01870104,Resarö Väst,3.1752896089604223,15.879396984924623
01870105,Resarö Öst,2.638495000007321,14.829268292682928
01870106,Rindö-Skarpö,3.062361097455785,18.48998459167951
01870107,Kullö-Eriksö-Bogesund,7.679059816063056,22.152466367713004
01880101,Norrtälje - Kvisthamra,2.8714943039423075,28.91360136869119
01880102,Norrtälje - Flygfältet,8.88073697928241,42.69911504424779
01880103,Norrtälje - Grossgärdet - Nordrona,13.783054798190628,37.69230769230769
01880104,Norrtälje - Bryggården,7.661484256109,39.06942392909897
01880105,Norrtälje - Övre Bryggårdsgärdet,15.307455282072059,37.80234968901175
01880106,Norrtälje - Gransäter,6.890669835329928,31.065989847715738
01880107,Norrtälje - Grind,4.920048479111339,35.866780529462
01880108,Norrtälje - Solbacka - Fågelsången,4.0841710723882265,36.46877409406322
01880110,Norrtälje - Vigelsjö,12.108629501829332,46.4167585446527
01880111,Norrtälje - Stadskärnan,3.8909830709724877,32.7147766323024
01880112,Norrtälje - Bältartorp,6.02327668482127,34.48275862068966
01880113,Norrtälje - Norra,4.9747954348177865,37.79795686719637
01880114,Norrtälje - Norrtälje hamn,7.227222646349622,24.8
01880115,Norrtälje - Östra,3.8249155772384786,26.285714285714285
01880201,Väddö Södra,4.179213672840463,27.408256880733944
01880301,Väddö Norra,1.9610930754815783,27.654609101516918
01880302,Älmsta,6.012194329869714,31.47656940760389
01880501,Hallsta - Centrum,15.092235632809565,45.63106796116505
01880502,Hallsta - Norra,16.401911955729776,44.09857328145266
01880503,Herräng,2.56540680863375,33.189655172413794
01880504,Edebo och Häverö,3.4261138052725877,31.547619047619047
01880801,Edsbro och Ununge,2.88749766834155,28.170144462279293
01880901,Fasterna,4.017319705853528,24.810606060606062
01881001,Rimbo - Bålbro-Västertorp,15.398739011777685,35.266604303087
01881002,Rimbo - Centrum - Långsjö,8.34714287189027,34.24947145877378
01881003,Rimbo - Östra & Rö,5.356513787739994,25.56663644605621
01881004,Rimbo - Håsta-Vallby,10.681317834915637,40.52993130520118
01881101,Skederid och Husby-Sjuhundra,3.2337289712564905,25.095419847328245
01881401,Gottröra och Närtuna,3.3877803620273217,21.823472356935014
01881601,Lohärad - Malsta,1.3624943745772609,23.49869451697128
01881801,Estuna,3.9904737713965086,27.184466019417474
01881901,Söderbykarl,3.445333081072619,25.284738041002278
01882001,Roslags-Bro,2.608103769334798,23.59550561797753
01882101,Vätö,2.4807528397930736,26.796589524969548
01882201,Rådmansö - Västra,2.577818954520473,23.485653560042508
01882202,Rådmansö - Östra,2.6079136396635656,23.389830508474578
01882301,Frötuna - Östra,2.1172173072738327,25.518831667947733
01882302,Frötuna - Västra,7.0438547040502195,28.068181818181817
01882401,Blidö,1.1461371346058933,28.78411910669975
01882501,Bergshamra,2.7976105237235034,24.963396778916543
01882502,Hysingsvik,2.0312346592055004,24.195121951219512
01882601,Riala,2.3422637008313507,22.475247524752476
01910101,Sjudargården-S:t Per,6.677464328937881,18.06930693069307
01910102,Centrala Sigtuna-Utsikten-Viken,6.345556320864643,22.551092318534177
01910103,Brännbo-Klockbacken,15.30920242706179,23.748862602365787
01910122,Norra Sigtuna-Prästängen,9.142509008035788,20.085836909871244
01910125,Stadsängarna-Ragvaldsbo,14.52387929186032,32.64462809917355
01910204,Munkholmen,8.393374237419511,17.96276013143483
01910205,Björkbacka-Charlottenberg-Til,12.898659610003973,22.682445759368836
01910226,Rävsta-Steningehöjden,21.578808805708558,31.87772925764192
01910605,Arenberga,25.500949295335914,37.22179585571757
01910606,Östra Norrbacka-Rolsta,38.88658879951415,53.67741935483871
01910607,Gamla Märsta,29.98161591855655,49.943374858437146
01910608,Sätuna,30.04407797588773,46.481876332622605
01910609,Norra Ekilla,18.302591313410897,35.294117647058826
01910610,Centrala Märsta,33.85529626132864,46.21409921671018
01910611,Sundveda-Södra Ekilla,29.775382522682705,45.45454545454545
01910612,Tingvalla,53.44306934442596,71.51515151515152
01910617,Odensala,7.363768613420516,19.514884233737597
01910624,Nymärsta,36.304336566507665,59.69465648854962
01910819,Norra Rosersberg-Skånela,9.489675715428808,21.36659436008677
01910820,Södra Rosersberg,16.989605760929972,30.64516129032258
01910918,Lunda-Skepptuna-Vidbo,3.855371738028033,24.390243902439025
01911213,Östra Valsta,50.60728800247132,66.89008042895442
01911214,Norra Valsta,46.81183733603671,65.91865357643759
01911215,Valsta Centrum,52.04522283343359,65.2
01911216,Östra Steninge,31.414114160091916,48.20322180916976
01911221,Västra Steninge,24.035279834586518,43.35664335664335
01911223,Södra Valsta,48.62039046915811,67.47787610619469
01911224,Steninge slottsby,25.475039263910986,32.83582089552239
01920101,Nynäshamn  1 Sandhamn,5.677733893002789,34.285714285714285
01920102,Nynäshamn  2 Estö Ö,8.27439345428954,31.412429378531073
01920103,Nynäshamn  3 Estö V,8.238169385563635,34.331550802139034
01920104,Nynäshamn  4 Centrala Nynäs,7.496390229739932,38.56317093311313
01920105,Nynäshamn  5 Gröndal,12.995832656915338,44.65709728867623
01920107,Nynäshamn  7 Via,4.271441318212856,37.11755233494364
01920108,Nynäshamn  8 Kullsta,7.104913953366941,36.65521191294387
01920109,Nynäshamn  9 Nicksta,28.391749170012794,55.61440677966102
01920110,Nynäshamn 10 Vaktberget,18.185226633736267,40.01670843776107
01920111,Nynäshamn 11 Hacktorp,5.997791529035286,33.97260273972603
01920218,Nynäshamn 18 Sorunda S,3.445413077263813,27.54385964912281
01920219,Nynäshamn 19 Mellersta Sorunda,3.4526700198119826,24.084778420038536
01920220,Nynäshamn 20 Sorunda N,3.5614699067690267,23.00824175824176
01920317,Nynäshamn 17 Torö,3.5367941830016307,23.11320754716981
01920413,Nynäshamn 13 Ösmo V,13.486223051149944,36.27717391304348
01920414,Nynäshamn 14 Ösmo Ö,12.860080573487334,42.68537074148296
01920415,Nynäshamn 15 Ösmo S,7.530229039019559,31.461761858664087
01920416,Nynäshamn 16 Ösmo N,2.8421296694065954,20.576923076923077
03050101,Mansängen - Draget,22.625176471915793,38.27252419955324
03050102,Skörby - Gillmarken,6.214296187778929,24.498327759197323
03050103,Västerängen - Åkerby,5.916036500922114,28.545454545454547
03050104,Råby - Frösunda,3.1373159148723286,19.570602807597027
03050106,Väppeby äng - Kalmarsand,5.950391186720639,27.31128074639525
03050107,Väppebyberget - Viby äng,4.91433227329374,23.516320474777448
03050206,Gamla Bålsta - Pomona,7.174799403672701,33.333333333333336
03050207,Åsenområdet,5.952581643758255,29.53549517966696
03050309,Häggeby - Övergran,4.66504633427722,19.903691813804173
03050310,Krägga - Graneberg,6.274105781347047,23.596358118361152
03050410,Skokloster,5.0906024073477205,22.46982358402971
03190106,Gårdskär,4.193459049225049,33.90663390663391
03190107,Östanån,3.7712891987555683,34.20168067226891
03190108,Älvkarleö bruk - Marma,3.987253412956336,31.164901664145233
03190202,Jungfruholmen,8.873750439530102,36.370839936608554
03190204,Skutskärs Centrum,18.234075765107203,48.25796886582654
03190205,Boda,5.02453462716474,37.99448022079117
03303259,Lagga - Östuna,2.948144588997077,21.26805778491172
03303363,Vassunda,3.706568688538899,22.142121524201855
03303364,Norra Alsike,8.552908605859205,27.20510095642933
03303365,Vrå,7.967010914749339,26.311336717428087
03303366,Boängen,7.050586356635251,21.413721413721415
03303369,Sågen,15.366169380686273,37.3134328358209
03303566,Tallbacken,18.364255667393543,41.16161616161616
03303567,Östra Knivsta,4.479768853767229,27.011494252873565
03303568,Södra Knivsta,18.17930989943293,33.35644937586685
03303570,Västra Knivsta,13.446915171927774,36.00269179004038
03303571,Gredelby,10.12054484899484,33.69351669941061
03303775,Husby - Långhundra,2.345059117194008,18.252933507170795
03310101,Västerlövsta Västra - Enåker,8.986039507044074,38.284942606347066
03310102,Västerlövsta Östra - Huddunge,7.160979017808665,30.431491294473883
03310405,Morgongåva,10.94594724611322,34.05474220241884
03310508,Tärnsjö,3.045452302812492,25.533333333333335
03310609,Östervåla,4.147439152175885,30.503335354760463
03310711,Harbo,3.134818021320565,26.08695652173913
03600101,Vallskoga,5.01033655025607,35.294117647058826
03600102,Tierps köping södra,17.73487940523534,54.17895771878073
03600103,Tierps köping norra,8.141641368763343,37.044534412955464
03600104,Svanby,14.77617753883283,42.84341978866475
03600302,Örbyhus Sydväst,5.557867892065923,38.73873873873874
03600303,Örbyhus Nordost,5.629149798809631,36.32183908045977
03600305,Vendel,2.494323505336686,24.195804195804197
03600406,Tobo,6.636829795230856,32.01754385964912
03600508,Kyrkbyn,8.419784442602738,24.334600760456272
03600510,Månkarbo,2.6138910939848325,24.169530355097365
03600611,Söderfors,11.600913735170687,43.442622950819676
03600713,Västland - Karlholm,4.621668288241064,38.048780487804876
03600817,Skärplinge,1.3601418039496143,31.756756756756758
03600918,Hållnäs,1.3029319426902146,32.838038632986624
03800001,Fjärdingen-Vasaparken,4.88345545313274,24.733475479744136
03800002,Fjärdingen-Sankt Johannes,10.06084050546381,32.159847764034254
03800003,Fjärdingen-Odinslund,7.334709124679762,30.046948356807512
03800004,Luthagen östra,8.88163408546274,31.377245508982035
03800005,Fjärdingen-Orphei Drängars plats,6.718377992571566,25.810185185185187
03800006,Centrum-Linnéträdgården-Mikaelsplan,10.215641439294407,37.30484798685292
03800008,Centrum-Stora torget,25.672942080693133,34.65346534653465
03800009,Centrum södra,11.04808176062176,36.84863523573201
03800010,Centrum-Samariterhemmet,13.21304610878041,38.552915766738664
03800011,Höganäs västra,9.52335925377264,31.46718146718147
03800012,Centrum-Höganäs-Kvarnen,10.431893894670585,39.79706877113867
03800013,Fålhagen-Östra station,8.849925157147633,33.46456692913386
03800014,Kungsängen mellersta,8.579919814389715,34.61139896373057
03800015,Kungsängen södra,19.37389518355696,41.35746606334842
03800016,Kungsängen-Hovstallängen,12.7211076010527,38.03088803088803
03800017,Kungsängen västra,9.305668630788352,31.552587646076795
03800018,Kungsängen nordöstra,14.50952382427381,45.9622641509434
03800042,Svartbäcken södra,11.661741096321744,40.564516129032256
03800043,Svartbäcken-Fyrishov,6.585579585842222,44.973544973544975
03800044,Tuna backar,8.012348586593747,50.29171528588098
03800045,Bärby hage-Tunaberg,5.065562923525144,38.56345885634589
03800048,Svartbäcken norra,5.449543011433237,34.03819918144611
03800049,Kapellgärdet-Tornet,10.915428170975096,38.925619834710744
03800050,Kapellgärdet norra,13.19131883381992,42.60485651214128
03800051,Kapellgärdet-Djäknegatan,19.638838164804106,44.97041420118343
03800052,Kapellgärdet-Väktargatan,23.209936954302474,49.77272727272727
03800053,Kapellgärdet-Kantorsgatan,29.22212965613447,51.16279069767442
03800055,Höganäs östra,11.136671083311642,38.529411764705884
03800056,Kvarngärdet södra,36.224928627484225,67.25838264299803
03800057,Kvarngärdet norra,31.040521543290073,59.61722488038278
03800058,Gränby södra,36.451904414676505,54.695062923523714
03800059,Gränby norra-Brillinge,26.634896729820372,52.39385727190605
03800060,Gränby sydvästra,49.42631787831569,83.08823529411765
03800061,Gränby nordvästra,49.410811853261386,62.88343558282209
03800063,Löten östra,27.350620534082033,64.39306358381504
03800064,Löten norra,36.8217275470396,65.30343007915567
03800065,Löten västra,21.224018463031857,54.8804780876494
03800066,Nyby gård,15.446769991742723,46.5378421900161
03800067,Gamla Uppsala-Yrsaparken,14.361709749549878,34.955185659411015
03800068,Nyby södra,20.71492810428143,47.85353535353536
03800069,Nyby norra,24.891481060839332,53.746770025839794
03800070,Gamla Uppsala,8.299873382534766,29.937304075235108
03800091,Luthagen norra,6.786514612767029,29.732739420935413
03800092,Luthagen mellersta,3.4103094482733627,29.25925925925926
03800093,Studentstaden-Observatoriet,8.920181062864016,36.04531410916581
03800094,Studentstaden-Rackarberget,10.693344133532593,39.34942287513117
03800095,Studentstaden-Studentvägen,11.375436465073768,38.30155979202773
03800096,Luthagen sydvästra,6.9533421005707545,34.184675834970534
03800097,Luthagen-Tiundaskolan,6.612086700314355,34.8051948051948
03800098,Rickomberga,8.773331580584005,39.91853360488798
03800100,Luthagen-Seminariet,11.483597775482465,43.60041623309053
03800101,Luthagen-Eriksdal,4.8721761721512795,32.9852045256745
03800102,Luthagen-Prästgårdsgatan,5.846714915054162,39.71291866028708
03800103,Husbyborg-Börjetull,11.69216488997205,38.59649122807018
03800104,Luthagen-Mimmi Ekholms plats-Hällby,15.253533945212215,44.9685534591195
03800105,Stenhagen norra,25.594502450091568,55.49645390070922
03800106,Stenhagen västra-Kvarnbo,29.361572648778857,49.23580786026201
03800108,Stenhagen södra,30.696610977065525,73.67788461538461
03800131,Fålhagen-S:t Göransplan,9.249502818070757,39.53488372093023
03800132,Fålhagen-Almtuna,3.5027977939667974,29.75609756097561
03800133,Fålhagen norra,8.494067289164624,41.139240506329116
03800135,Fålhagen södra-Boländerna,6.606502640265889,29.18918918918919
03800138,Sala backe västra,18.3584496244616,49.43538268506901
03800139,Sala backe-Byggmästaren,6.6820483829862125,40.310077519379846
03800140,Sala backe södra,7.756307099083973,39.327024185068346
03800141,Sala backe-Skomakarberget,14.491753451882644,51.37741046831956
03800142,Sala backe norra,13.121517696215102,42.269187986651836
03800143,Sala backe-Källparken,24.39312684745899,55.319148936170215
03800144,Sala backe-Östra Sala backe,18.167206352011398,48.697916666666664
03800145,Sala backe-Byggmästarparken,20.37061030579726,42.857142857142854
03800146,Årsta norra,10.63015067947031,38.96761133603239
03800147,Årsta mellersta,10.750616842032628,42.9144385026738
03800149,Årsta-Körveln,11.20791472365674,41.53182308522114
03800150,Årsta östra,10.093887886580138,36.92307692307692
03800151,Slavsta-Fyrislund,12.614369386811273,34.87511563367253
03800181,Ekeby,18.492636482075888,54.270696452036795
03800182,Berthåga-Flogsta Flogstavallen,10.4464111040851,38.449240607513985
03800183,Flogsta södra-Ekeby södra,6.5061427383971155,39.44954128440367
03800184,Flogsta-Sernanders väg,53.16957711635824,62.039660056657226
03800186,Flogsta västra,16.89072488511779,54.9171270718232
03800187,Kåbo östra,14.000307600945561,39.87823439878235
03800188,Kåbo västra-Kungsgärdet,10.227062911650485,25.44103992571959
03800190,Eriksberg-Sommarro,6.451273490040444,37.068160597572366
03800191,Eriksberg-Västertorg,17.07407286760872,47.59825327510917
03800192,Eriksberg östra,15.294528197039707,46.108374384236456
03800193,Eriksberg-Marmorvägen,34.38552110368966,63.228155339805824
03800195,Norby östra,4.341622317771794,26.585365853658537
03800196,Norby västra,6.151152335266074,32.75503122831367
03800197,Eriksberg-Håga,9.038085122422626,42.857142857142854
03800221,Kungsängens gård-Vilan-Bergsbrunna,6.627531465869923,28.051247471341874
03800222,Nåntuna,7.843396666200699,31.124620060790274
03800225,Sävja nordvästra,20.708251403574938,45.41884816753927
03800226,Sävja nordöstra,25.90771685241602,55.77617328519855
03800228,Sävja södra,27.786224473783758,59.67926689576174
03800241,Rosendal västra,12.663910367382218,42.19446922390723
03800243,Rosendal nordvästra,13.782801856568707,35.797254487856385
03800244,Rosendal nordöstra,13.274158133992822,39.473684210526315
03800245,Rosendal mellersta,14.667238187094718,42.487046632124354
03800246,Rosendal sydöstra,13.270084465426814,38.28125
03800250,Ultuna-Ulleråker-Polacksbacken,14.376387283229043,33.532934131736525
03800251,Ulleråker södra,14.161786604890153,38.894907908992415
03800253,Bäcklösa norra,25.65891850061552,44.205298013245034
03800254,Bäcklösa södra,46.225635989922544,59.514925373134325
03800262,Valsätra norra,11.913698968207873,36.86158401184308
03800265,Valsätra-Spinnrocksvägen,36.97774643078074,58.493589743589745
03800266,Valsätra sydvästra,63.42830440632213,88.88888888888889
03800267,Gamla Gottsunda-Vårdsätra,7.724094709516048,26.59090909090909
03800268,Gottsunda norra,54.111020465269306,81.7824377457405
03800269,Gottsunda-Stenhammarsparken,53.49914520943431,82.91390728476821
03800270,Gottsunda Centrum,37.634591989550195,67.3992673992674
03800271,Gottsunda mellersta,45.615634514642565,77.84172661870504
03800272,Gottsunda östra,34.33708166212295,67.73504273504274
03800274,Sunnersta östra,6.889233376723849,26.210826210826212
03800275,Sunnersta norra,27.836735608027087,25.511596180081856
03800276,Sunnersta mellersta,7.384080612157915,25.2190847127556
03800277,Sunnersta södra,4.84482963880125,24.012806830309497
03800301,Björklinge västra,4.712202064533035,29.144851657940663
03800302,Björklinge östra,2.0467932230157024,31.88010899182561
03800305,Björklinge glesbygd-Viksta västra,3.3352483661455277,22.851746931067044
03800310,Tensta södra-Viksta östra,3.8213234083903185,25.13368983957219
03800311,Skyttorp-Tensta norra-Lena norra,3.3092624238887227,32.76762402088773
03800312,Vattholma tätort,2.0803443854404082,34.26423200859291
03800321,Storvreta-Lyckebo,10.518433395311844,38.266384778012686
03800325,Storvretabygden-Fullerö hage,7.395911952887286,29.19034090909091
03800328,Storvreta norra,6.056241960207866,38.10276679841897
03800329,Storvreta mellersta,4.0433396678914235,30.87742799732083
03800340,Börje-Vänge östra,10.317372383419617,27.171717171717173
03800342,Lövstalöt,8.975385467071824,34.12322274881517
03800343,Jumkil-Åkerby,2.413344564224647,25.806451612903224
03800344,Bälinge västra tätort,4.073840632882609,32.994923857868024
03800348,Bälinge glesbygd och östra tätort,4.37208673428333,26.80047225501771
03800349,Skuttunge-Åkerlänna,3.104290263347471,22.71880819366853
03800360,Lindbacken,12.489009622511283,36.24260355029586
03800361,Vaksala-Jälla-Skölsta,9.051296667737192,30.441518202943456
03800363,Gåvsta,3.755968298176945,27.086007702182286
03800367,Rasbokil-Södra Rasbobygden,3.32601041315866,20.17543859649123
03800368,Stavby-Tuna,2.2483090665682224,23.46456692913386
03800381,Danmark-Kumla,14.923041908069953,23.490813648293962
03800382,Gunsta tätort,8.702449213861952,30.871794871794872
03800383,Funbo-Marielund,5.2103932868351635,25.294117647058822
03800384,Länna,3.257182404672918,27.358490566037737
03800385,Almunge,4.037375935320993,25.908739365815933
03800389,Knutby-Faringe-Bladåker,2.597268340807071,23.181818181818183
03800401,Vreta Ytternäs-Bodarna-Uppsala Näs Ö,3.7608182287920897,19.71496437054632
03800402,Dalby-Uppsala Näs västra-Västeråker,4.390050211401062,22.42063492063492
03800403,Balingsta-Ramsta-Hagby,3.2070147516317995,28.967495219885276
03800404,Vänge tätort,7.274119365297792,37.61840324763193
03800408,Vänge västra-Skogstibble,4.951209774281339,24.73633748801534
03800409,Järlåsa-Skyttstennäs,6.527773130824314,27.159309021113245
03810105,Kryddgården,6.833286095810705,32.32628398791541
03810106,Munksundet,5.741766405185706,32.13820078226858
03810107,Västerleden S,31.85985056287908,58.80478087649402
03810108,S:t Ilian S,11.056993776655032,39.07225691347011
03810109,Bergvreten,10.156355872815983,33.474876150035385
03810110,Korsängen,14.991446366855776,44.22907488986784
03810111,Gånsta,4.312681931337762,27.947932618683
03810112,Fanna,10.509747005890397,34.27290198590647
03810113,Åkersberg,8.958270639634232,29.515938606847698
03810114,Bredsand,3.7009885726850467,22.16131558339859
03810120,S:t Ilian N,16.820762614093987,35.90277777777778
03810122,Enögla,26.413891861573028,51.286601597160605
03810123,Västerleden N,22.088028026650708,46.360582306830906
03810124,Romberga,33.95222746155331,59.07172995780591
03810127,Sparrsätra,3.205079770098379,20.72336265884653
03810225,Svinnegarn,2.765072979765646,23.564356435643564
03810526,Hummelsta,4.3001134940183965,26.82730923694779
03810901,Lillkyrka,2.654756416697796,21.980198019801982
03811703,Grillby,4.067691278930912,23.330887747615552
03811804,Skolsta,3.3550015151772197,18.238993710691823
03812128,Örsundsbro Ö,3.3012589871278837,27.75963422599608
03812629,Örsundsbro V,2.8334181905187115,22.34794908062235
03813132,Fjärdhundra,3.5785975155436596,24.93744787322769
03813331,Torstuna,1.7222056525849743,20.087719298245613
03820101,Östhammars centrum,4.204942470748385,39.02671755725191
03820118,Kristinelund - Boda,8.506766790846141,38.758782201405154
03820208,Norrskedika - Valö - Forsmark,2.3981400727009214,24.70076169749728
03820403,Öregrund norra - Gräsö,1.694344465744194,32.3846908734053
03820404,Öregrund södra - Söderön,1.8548972543972022,30.19455252918288
03820405,Ed,4.782020936481595,32.73809523809524
03820606,Hargshamn - Boda,4.9070908523218115,33.66228070175438
03820910,Alunda tätort,3.5410702063890924,30.527638190954775
03820911,Alunda - Ekeby,2.292819369913153,21.87276626161544
03821113,Gimo Västra,14.737994738044494,43.14671814671814
03821114,Gimo - Hökhuvud - Vattensta,3.557205717010118,36.354581673306775
03821315,Österbybruk - Morkarla,3.0040034369655624,31.158088235294116
03821316,Österbybruk - Dannemora - Film,3.5970924018211687,33.67029548989114
04280101,Centrum,22.24223827606649,46.248462484624845
04280102,Norra,9.043560605241296,38.009049773755656
04280104,Södra,12.789389287240235,37.13784021071115
04280105,Högsjö,4.079334612222115,31.83183183183183
04280106,Baggetorp-Marmorbyn,3.71544882264729,33.966745843230406
04280201,Österåker,3.021100016579256,24.94199535962877
04610101,Freja,7.060187910257618,34.03846153846154
04610102,Dansut,4.7692201886599515,28.442622950819672
04610103,Gnesta Centralt,11.959145413083489,45.64643799472295
04610104,Frönäs,4.065407471544004,32.01550387596899
04610305,Gåsinge-Dillnäs,1.7521903544185087,26.19047619047619
04610406,Björnlunda,3.176895236950828,30.046403712296982
04610506,Gryt,6.779660546538368,30.514096185737976
04800001,Centrum,10.02785255056065,41.9811320754717
04800002,Väster,6.753774652772843,39.10761154855643
04800003,Nicolai,7.483771650468762,38.670284938941656
04800004,Stadsfjärden,11.76036324188616,35.066981875492516
04800005,Högbrunn,7.014385038510852,33.1578947368421
04800006,Arnö Långsätter,8.470940155689238,41.240478781284004
04800007,Arnö Herrhagen,15.585692191650416,56.11888111888112
04800008,Rosenhill,7.289818950573326,30.897009966777407
04800009,Oppeby,5.832958567872285,39.41463414634146
04800010,Oppeby gård,8.65372202991365,39.40548780487805
04800011,Alla Helgona,12.276472258166043,36.997635933806144
04800012,Öster,8.484073043969333,39.656460044809556
04800013,Isaksdal,14.744265696292873,46.117867165575305
04800014,Östra Brandkärr,39.95003673744419,72.55965292841648
04800015,Ekensberg,24.49578608470298,54.10334346504559
04800016,Västra Brandkärr,40.50663024350565,61.18811881188119
04800017,Östra Bergen,5.832987172651847,38.64229765013055
04800018,Stenkulla,19.944846405100602,46.68989547038328
04800019,Rosenkälla,11.247137215146232,46.0446247464503
04800020,Brandholmen,7.312435722764039,33.88370423546303
04800021,Bryngelstorp,3.7583500985231124,34.47265625
04800022,Ängstugan,5.253593565922483,46.0
04800023,Helgona,4.825686501536119,29.31228861330327
04800024,Hagalund,4.813764563673284,40.52213393870601
04800025,Svärta,2.7475370874646363,28.92960462873674
04800026,Tystberga,3.8888822980997846,29.032258064516128
04800027,Koppartorp,1.410258009854107,33.4
04800028,Nävekvarn,2.710780638345743,36.36363636363637
04800029,Bergshammar,5.393078406777045,30.32191069574247
04800030,Tuna,4.220715496931065,35.1123595505618
04800031,Lunda,1.4718616271059277,24.521072796934867
04800032,Kila,2.782070912952174,25.96371882086168
04800033,Stigtomta Centrum,1.7667844183303483,33.89450056116723
04800034,Stigtomta Ytterområde,1.4130795281312467,27.42409402546523
04800035,Vrena,3.3645885427034337,27.943078913324708
04800036,Råby-Ripsa,3.364582577196761,27.34864300626305
04800037,Runtuna,2.3174157529243127,24.35765673175745
04800038,Folkungavägen,12.276545456579159,33.95784543325527
04800039,Bränn-Ekeby,6.949078382267526,33.379694019471486
04810101,Norra innerstaden,24.32937558523186,53.20197044334975
04810102,Södra innerstaden,19.855795652504057,52.91557876414273
04810103,Dalgången,4.91214443851453,38.29160530191458
04810104,Frösäng,17.35534136695567,53.47661188369153
04810105,Sunda,3.8706070214515234,41.130434782608695
04810106,Peterslund,5.7979653736070595,42.66277939747327
04810107,Danvik,2.551872726034646,32.24381625441696
04820101,Flens västra,16.140538495343606,45.4014598540146
04820102,Flens norra,7.622900064085074,39.467592592592595
04820103,Flens östra,13.302530890416731,38.22674418604651
04820104,Flens södra,39.79932955488024,68.34532374100719
04820105,Flens centrum,26.231721729751804,59.05292479108635
04820209,Helgesta-Hyltinge,1.8147615705111084,33.86295928500496
04820507,Malmköping västra,8.955185954497795,31.839622641509433
04820508,Malmköping östra,8.261232441651064,33.61581920903955
04820705,Mellösa,3.0790077075762414,26.802884615384617
04820706,Hälleforsnäs,10.035616635392541,39.62920046349942
04820810,Bettna,2.189817325714527,21.56469408224674
04830001,Gamla vattentornet,24.080674635570904,54.256526674233825
04830002,Norr city,24.66425347083026,57.640449438202246
04830003,Lövåsen,17.46887238550718,42.53819036427732
04830004,Lokstallarna,23.61130331312251,47.151424287856074
04830005,Öster,12.321623463101927,44.258872651356995
04830006,Centrum,21.352680551699375,55.99315068493151
04830007,Oppunda,12.52068433510029,46.67300380228137
04830008,Skogsborg,8.540359275135962,42.36234458259325
04830009,Duveholm,7.569204782607659,36.75762439807384
04830010,Laggarhult,6.415027749156637,38.840188806473364
04830011,Nyhem,25.978846345265183,63.27739387956564
04830012,Nävertorp,23.958669838575307,53.12791783380019
04830013,Värmbol,8.874171333574413,39.13362701908957
04830014,Bie,2.620135335766569,26.309067688378033
04830015,Julita,0.7402033396811057,32.514619883040936
04830016,Sköldinge-Floda,3.41756801095451,30.149253731343283
04830017,Valla,6.255286005355486,32.85024154589372
04830018,Forssjö,2.3275254959527025,28.904847396768403
04830019,Björkvik,0.7607843778677419,26.824254881808837
04840101,Eskilstuna Centrum Norra,24.57557611605683,42.86941580756014
04840102,Nyfors Centrum Västra,40.623227365579474,59.76768743400211
04840103,Nyfors Centrum Östra,46.135811890858854,68.31955922865014
04840104,Nyfors Östra,27.9129638181698,46.10894941634241
04840106,Övre Nyfors,32.62114102255464,51.94468452895419
04840107,Västermalm - Brunnsbacken,47.27795715975439,64.50331125827815
04840108,Västermalm - Myrtorp,26.354837885789546,50.19607843137255
04840109,Fröslunda-Tallåsparken,50.92450856642338,69.9530516431925
04840110,Fröslunda-Björkhultsvägen,56.04907197582911,70.46979865771812
04840111,Råbergstorp - Lagersberg,59.0494007324537,70.59496567505721
04840112,Tunavallen,15.208422730210186,40.97664543524416
04840113,Lundby - Gredby,16.478416491702397,42.204301075268816
04840114,Ekeby - Brottsta,10.94848257387364,37.07592891760905
04840115,Stenby,29.019214684375967,49.89733059548254
04840116,Mesta,15.037961438906853,43.68600682593857
04840117,Gamla Staden,11.268536878508788,40.708729472774415
04840118,Slottsbacken,17.42684176574496,38.95216400911162
04840119,Stadsparken Östra,20.255383708066113,52.9040404040404
04840120,Ekbacken,18.474019081102064,36.97868396663577
04840121,Eskilshem - Röksta,25.326342384715854,49.73375931842386
04840122,Årby,46.719678428882645,74.03958090803259
04840124,Munktellstaden - Valhalla,14.000945590641203,38.01313628899836
04840125,Ärna,14.178082015099948,39.08629441624365
04840126,Måsta - Helgestahill,13.637900687442949,38.22170900692841
04840127,Slagsta,14.071640476657707,41.05621805792163
04840128,Ärsta - Sal - Skiftinge Norra,35.458448226045086,52.37683664649957
04840129,Skiftinge Södra,32.3504922164376,62.02020202020202
04840130,Östermalm,18.56703476552716,43.9662447257384
04840131,Hisingsbacke,16.165723432798288,35.37477148080439
04840132,Sveaplan - Sjukhusområdet,15.24712087807514,38.49416755037116
04840134,Eskilsparken,9.004575632403197,33.75796178343949
04840135,Söderängsparken,14.438771114222224,39.29024081115336
04840136,Lustigbacke,15.077156695923698,44.51977401129943
04840137,Snopptorp - Skogsängen Västra,16.51005346338575,39.773716275021755
04840138,Viptorp - Skogsängen Östra,30.498556306574336,59.39393939393939
04840139,Odlaren - Hagnestahill,8.118640484420613,32.465753424657535
04840140,Solvik - Kogne - Roxnäs,6.530574998803104,31.737773152965662
04840141,Krusgården,16.800393552411617,47.12812960235641
04840142,Göksten,12.700978939084827,42.745098039215684
04840143,Torshälla Centrum och Gamla staden,5.736983920867357,37.83783783783784
04840144,Edvardslund - Haga,7.3122145084260755,38.92857142857143
04840145,Kjula,2.9470973906327016,25.210084033613445
04840146,Barva - Jäder,1.9383524895474444,19.70149253731343
04840147,Hammarby - Vallby,6.161197094375729,22.167487684729064
04840148,Hällbybrunn Södra - Råby-Rekarne,8.218504380611899,32.96875
04840149,Hällbybrunn Norra,9.126289224014286,37.74703557312253
04840150,Kvicksund,3.132561172285549,19.917355371900825
04840151,Gillberga - Lista,2.8155934701314216,23.342175066312997
04840152,Öja - Västermo,2.3331171188092927,23.891129032258064
04840153,Näshulta,1.9888127830959748,25.604551920341393
04840154,Skogstorp Norra,5.275007002444283,35.381750465549345
04840155,Skogstorp Södra,7.515169781795408,35.041171088746566
04840156,Hållsta,5.607887825840859,32.36763236763237
04840157,Hällberga,4.589554839304771,25.63482466747279
04840158,Ärla,2.8079699742165873,28.439059158945117
04840159,Borsökna Västra,8.60313122564077,31.78484107579462
04840160,Eskilstuna Centrum Södra och Väster,32.108707285714424,46.91901408450704
04840161,Sundbyholm,2.628719469761909,28.295042321644498
04840162,Mälarbaden - Mälby - Ängsholmen,5.72754725097071,17.96028880866426
04840164,Borsökna Östra,8.707767177108984,32.34916559691913
04840165,Stadsparken Västra,18.236764931322984,44.747725392886686
04860101,Eldsund-Tingstuhöjden,17.903259303967722,40.54054054054054
04860102,Ulvhäll-Långberget,9.179485746942733,35.61549100968188
04860103,Tallåsen-Sörgärdet,6.8145604347872215,33.66733466933868
04860104,Kyrkberget-Kvarnbacken,5.597023460363715,25.90308370044053
04860105,Stadsskogen,23.986059984467065,46.0559796437659
04860106,Finninge,10.366216380568433,38.42762674504041
04860107,Dammen-Malmby-Löt,9.171392726920972,34.77801268498943
04860108,Strängnäs centrum,7.701042526380311,36.38418079096045
04860109,Stavlund -Södra Tosterö,9.732915153176254,27.413127413127413
04860110,Norra Tosterö - Aspö,3.6838488970247028,21.796276013143483
04860111,Storgärdet-Sidöparken,16.004360599679405,30.66385669125395
04860112,Abborrberget - Sundby,5.638728452279036,30.5793991416309
04860401,Mariefred C,3.030203175687987,28.09090909090909
04860402,Öster-Ekhov-Kalkudden,4.912608190938142,27.121951219512194
04860403,Slottsbrinken-Viggeby,2.70981178391083,23.047977422389465
04860404,Marielund-Hedlandet,4.3417427618781925,22.0532319391635
04860501,Länna,3.1814632620967687,22.56728778467909
04860601,Åker S,10.204452322897257,31.966351209253418
04860602,Åker N,6.693485337945212,28.220858895705522
04860701,Toresund,3.335621689888401,24.276640790402258
04860801,Ytterselö-Överselö,3.0849706074683043,25.65674255691769
04861301,Härad,3.7780937308972056,27.285714285714285
04861401,Vårfruberga,2.5968864310347675,22.118380062305295
04880101,Trosa sydost,6.426269956690004,27.481617647058822
04880102,Trosa sydväst,2.2682214111782133,26.27939142461964
04880103,Trosa södra,3.4035634256175853,22.165474974463738
04880104,Trosa centrum,3.3759363641291644,28.104575163398692
04880105,Trosa nordväst,2.1715408070496958,28.370457209847597
04880106,Trosa norra,4.756730701105522,27.44453574363188
04880201,Vagnhärad norra,6.42746447347902,30.44077134986226
04880202,Vagnhärad södra,3.7468453784374502,29.46708463949843
04880203,Vagnhärad västra,10.93300019382757,34.752747252747255
04880204,Vagnhärad östra,8.538229178540742,36.47711511789182
04880301,Västerljung,2.304601029185563,25.662482566248258
05090401,Alvastra,3.4550223544340506,23.102678571428573
05090501,Ödeshög,7.667174876860566,35.997067448680355
05090601,Holaveden,1.857211782846887,18.193548387096776
05120501,Österbymo-Norra Vi-Rydsnäs-Svinhult,4.946081421849161,25.36543422184007
05120601,Hestra-Asby,1.4445174358369757,25.726587728740583
05130201,Kisa samhälle,5.891364476782085,35.390946502057616
05130202,Kisa västra,10.182765209093928,33.0760749724366
05130203,Kisa sydöstra,11.515940150394025,33.090530697190424
05130401,Horn-Hycklinge-Björkfors,1.2168933215618538,22.536687631027252
05130901,Rimforsa S,1.3411077214893738,29.353680430879713
05130902,Rimforsa N,2.0210783207105583,29.593810444874276
05600201,Boxholm Östra-Malexander-Blåvik,5.076916611962629,38.83817427385892
05600202,Boxholm Västra m fl,6.811730418465786,39.87341772151899
05600401,Strålsnäs-Åsbo-Ekeby-Rinna,1.4076726450116281,23.165137614678898
05610301,Åtvidabergs centrum 1,4.880317300164868,39.9848828420257
05610302,Åtvidabergs centrum 2,3.867043816268612,38.269986893840105
05610303,Åtvidaberg syd,3.4813180375802313,31.89992181391712
05610304,Åtvidaberg öst,8.517304684112814,39.96447602131439
05610305,Åtvidaberg nord,0.976277922822153,27.796161482461947
05620101,Centrum,8.870122291383067,42.61658031088083
05620102,Bergska,6.472696053855433,41.11543450064851
05620103,Svälthagen,7.636834857710269,40.77922077922078
05620105,Viggestorp,3.055005271114734,33.67037411526795
05620106,Östermalm,11.048626538898416,43.49553128103277
05620108,Storängen,17.89068311633018,44.32773109243698
05620109,Grosvad,12.368251480130064,48.11800610376399
05620110,Lotorp,4.717621505404995,26.969292389853138
05620111,Hårstorp Södra,15.637804936093035,43.62486828240253
05620112,Hårstorp Norra,12.058925023172135,41.45891043397969
05620113,Nyhem,19.24621850803867,47.31585518102372
05620205,Grytgöl-Ljusfallshammar,1.6597509960227967,32.71028037383178
05620206,Hällestad-Sonstorp,1.3331009598352097,31.127450980392158
05620301,Regna,1.9963703215397028,28.020565552699228
05620402,Rejmyre,2.0763563631402024,32.743362831858406
05620404,Hävla,2.0334921792960166,27.994227994227995
05630101,Valdemarsvik 1,10.052128898485476,40.71630537229029
05630102,Valdemarsvik 2,8.737454784000878,39.176626826029214
05630201,Ringarum,1.07181145778491,24.364406779661017
05630202,Gusum,5.4579079894045535,34.97584541062802
05630401,Gryt,0.8947288677106147,22.93423271500843
05630501,Tryserum-Östra Ed,1.7489094102302032,18.370883882149048
05800101,Domkyrko 1 (Nedre Vasastaden V),7.76147819910871,33.421052631578945
05800102,Domkyrko 2 (Hunneberg),4.663352127442252,33.20754716981132
05800103,Domkyrko 3 (Övre Vasastaden Ö),8.927422301744405,36.23804463336876
05800104,Domkyrko 4 (Övre Vasastaden V),18.5215783594109,47.14434060228453
05800105,Domkyrko 5 (Nedre Vasastaden Ö),8.858650821366721,29.227941176470587
05800106,Domkyrko 6 (Kanberget mfl),6.978294749665926,32.459847844463226
05800107,Domkyrko 7 (Innerstaden S),10.391053150299989,33.76923076923077
05800108,Domkyrko 8 (Ekkällan-Stolplyckan),10.981634205548039,44.76650563607085
05800109,Domkyrko 9 (Gottfridsberg NO),14.782773872961439,41.69741697416974
05800110,Domkyrko 10 (Gottfridsberg SO),8.479550607222812,34.45527015057573
05800111,Domkyrko 11 (Fridhem),5.839687289995125,32.3733862959285
05800112,Domkyrko 12 (Barhäll-Tornhagen),6.626418153794308,36.88073394495413
05800113,Domkyrko 13 (Åbylund),12.70923609249285,43.87434554973822
05800114,Domkyrko 14 (Valla),5.871924333241442,28.442906574394463
05800115,Domkyrko 15 (T1 N),8.213206998975702,35.17534537725824
05800116,Domkyrko 16 (T1 S),7.849061633756092,35.90177815410669
05800117,Domkyrko 17 (Innerstaden N),10.941082661451805,32.82828282828283
05800118,Domkyrko 18 (Övre Vasastaden N),10.391747146192296,31.211180124223603
05800119,Domkyrko 19 (Folkets Park),6.183065733492495,31.44758735440932
05800120,Domkyrko 20 (Vallastaden N),10.650872114778164,29.240506329113924
05800121,Domkyrko 21 (Vallastaden S),11.78485801689344,27.61780104712042
05800122,Domkyrko 22 (Ebbe Park),8.21181119507581,32.76143790849673
05800201,S:t Lars 1 (Innerstaden NO),15.938577622038192,38.52173913043478
05800202,S:t Lars 2 (Innerstaden Ö),10.107410335143477,31.32328308207705
05800203,S:t Lars 3 (Hejdegården),8.08781076540286,31.408573928258967
05800204,S:t Lars 4 (Kungsberget V mfl),5.792325906046811,28.47682119205298
05800205,S:t Lars 5 (Kungsberget-Tannefors N),10.860562818879002,33.024118738404454
05800206,S:t Lars 6 (Råberga-Tannefors S),10.754901776623306,32.582159624413144
05800207,S:t Lars 7 (Innerstaden SO),8.547275157567901,29.55082742316785
05800208,S:t Lars 8 (Stångån V),12.938320274963827,38.66799204771372
05800301,Landeryd 1 (Hackefors mfl),3.0684275232513736,25.140562248995984
05800302,Landeryd 2 (Ekholmen NO mfl),15.484500000223033,44.0
05800303,Landeryd 3 (Kvinneby mfl),4.891187059725972,30.308529945553538
05800304,Landeryd 4 (Ekholmen NV),11.311549477063654,43.91267842149454
05800305,Landeryd 5 (Ekholmen SO),9.886591185668113,41.97292069632495
05800306,Landeryd 6 (Hjulsbro mellersta),5.0857079759203,23.452294246176255
05800307,Landeryd 7 (Ekholmen SV),7.065366732986833,38.93884892086331
05800308,Landeryd 8 (Ullstämma),4.945798888078158,30.028129395218002
05800309,Landeryd 9 (Möjetorp-Holmen),4.807613375319441,25.86605080831409
05800401,Slaka 1 (Lambohov C),22.84285136553908,50.81967213114754
05800402,Slaka 2 (Lambohov Ö),17.163546355796935,37.878787878787875
05800403,Slaka 3 (Slaka-Lilla Mjärdevi),11.855420421681652,32.043795620437955
05800404,Slaka 4 (Lambohov S),15.996282905405556,45.5584872471416
05800405,Slaka 5 (Lambohov N),23.241022570206766,49.45382323733863
05800501,Kärna 1 (Malmslätt SO mfl),13.236626760302512,28.60927152317881
05800502,Kärna 2 (Malmslätt mellersta),5.634012466507035,31.161137440758292
05800503,Kärna 3 (Tokarp),10.103773688266873,35.85526315789474
05800504,Kärna 4 (Malmslätt V),7.467205727919664,39.36696340257171
05800601,Kaga-Ledberg,4.597491207417441,20.211161387631975
05800801,Vist 1 (Vist-Sturefors S),2.347935700668563,30.19031141868512
05800802,Vist 2 (Sturefors N),3.445372247516256,30.632551528073915
05800901,Vårdnäs,1.512195133468175,25.60054907343857
05801001,Skeda,2.1824319705353235,25.309992706053976
05801101,Nykil-Gammalkil,2.3763894499380513,23.849765258215964
05801201,Ulrika,2.376389330220971,27.716535433070867
05801401,Sjögestad,2.8646633684253544,21.832358674463936
05801501,Västerlösa-Björkeberg,2.230483150369044,20.738636363636363
05801701,Rappestad (Rappestad-Vikingstad N),2.5235578638518654,30.805687203791468
05801801,Vikingstad (Vikingstad S),5.473115696825301,27.122015915119363
05801901,Vreta Kloster 1 Berg-Vreta Kloster S,2.6124955690365423,23.21024868123587
05801902,Vreta Kloster 2 Ljungsbro-Vreta Kl N,2.4775520731053478,29.317607413647853
05801903,Vreta Kloster 3 (Ljungsbro Ö),4.123995620732204,33.211009174311926
05801904,Vreta Kloster 4 (Ljungsbro S),4.4640330700248025,34.96985357450474
05801905,Vreta Kloster 5 (Ljungsbro V),5.566183262783883,35.6388088376561
05802001,Flistad-Ljung,1.7850593417559744,26.04272634791455
05802201,Stjärnorp,0.9922822996951353,24.077328646748683
05802401,Östra Harg-Rystad 1 (Ö Harg-Rystad),5.151320427796864,19.23076923076923
05802402,Rystad 2 (Tallboda V),8.456363547609463,28.14122533748702
05802403,Rystad 3 (Tallboda Ö),8.194692752293715,32.414910858995135
05802404,Rystad 4 (Ekängen),5.5948249193353705,20.827389443651924
05802501,Törnevalla (Linghem Ö),2.3726421085694414,24.08256880733945
05802701,Lillkyrka-Gistad-Ö Skrukeby,2.3533309480783586,20.2231520223152
05802901,Örtomta-Askeby,2.681159321991176,24.563318777292576
05803101,Bankekind,2.113459421885043,26.24203821656051
05803201,Vårdsberg (Linghem S),1.9841426299700922,28.244837758112094
05803301,Berga 1 (Ramshäll),20.34572249567163,38.29225352112676
05803302,Berga 2 (Berga NO),38.22286929907887,60.28622540250447
05803303,Berga 3 (Berga NV),44.2513603022591,70.49723756906077
05803304,Berga 4 (Berga SO),9.289088808991627,36.986301369863014
05803305,Berga 5 (Vidingsjö N),4.155290012230242,26.32135306553911
05803306,Berga 6 (Berga SV),22.763895090246645,51.05566218809981
05803307,Berga 7 (Vidingsjö S),4.903684538698871,41.19464469618949
05803308,Berga 8 (Haninge mfl),6.240094797566251,39.68432919954904
05803309,Berga 9 (Hagaberg),7.68861509479691,35.89519650655022
05803310,Berga 10 (Södra Ekkällan N),9.638459579160497,31.456154465004023
05803311,Berga 11 (Södra Ekkällan S),7.777187760850772,36.753100338218715
05803401,Johannelund 1 (Vimanshäll),12.214489264673352,35.317460317460316
05803402,Johannelund 2 (Johannelund NV),15.154754100824546,46.25779625779626
05803403,Johannelund 3 (Johannelund NO),10.89638847946038,44.3254817987152
05803404,Johannelund 4 (Ånestad),3.894515918325718,32.25255972696246
05803405,Johannelund 5 (Johannelund SV),7.4221654736266105,37.21590909090909
05803406,Johannelund 6 (Johannelund SO),11.346998850997682,36.70756646216769
05803501,Skäggetorp 1 (Skäggetorp C),51.11750591973444,76.953125
05803502,Skäggetorp 2 (Nygård),43.409883334383245,67.03030303030303
05803503,Skäggetorp 3 (Skäggetorp SV),48.212730700050926,64.02366863905326
05803504,Skäggetorp 4 (Skäggetorp V),52.1674758833909,71.31537242472267
05803505,Skäggetorp 5 (Tornby-Skäggetorp N),42.52309453526066,71.83499288762447
05803601,Ryd 1 (Ryd N),16.561627034034593,39.31297709923664
05803602,Ryd 2 (Ryd SO),28.301717951862894,46.714671467146715
05803603,Ryd 3 (Ryd SV),42.63459314491494,62.794117647058826
05803604,Ryd 4 (Ryd NO),35.55876963754394,66.15384615384616
05803605,Ryd 5 (Ryd mellersta),24.717705659282228,40.42081949058693
05810104,Hultdalen-Skriketorp,3.406335937680498,29.80849292256453
05810105,Jursla,3.477659134988363,26.195899772209568
05810106,Åbymo,8.825519733763155,36.96639418710264
05810107,Åby Östra,2.7729756228373277,32.113821138211385
05810108,Torshag-Simonstorp,2.2091258585188323,26.104100946372238
05810111,Hallberga-Fyrby,6.905250194000102,31.34328358208955
05810112,Pryssgården,5.3620211253971775,31.464737793851718
05810113,Eneby Centrum,8.136576534534724,42.52427184466019
05810114,Karlshov-Sandbyhov,8.972912394270606,31.87855787476281
05810115,Taborsberg,8.845082055999882,35.07853403141361
05810123,Saltängen-Nya torget,11.810075936663786,29.54924874791319
05810124,Lagerlunda-Herstadberg,10.226621950051095,39.21568627450981
05810125,Strömparken-G:a Rådstugugatan,14.375061034082778,38.028169014084504
05810126,Rosen-Gamla staden,18.31720189112009,46.67393675027263
05810129,Djäknepark,15.271140436769667,51.62846803377563
05810131,Söder Tull,22.22711687368452,48.19277108433735
05810134,Såpkullen,12.201889788880917,36.92458374142997
05810201,Kvarnberget-Tingstad,28.822709033350375,31.35593220338983
05810203,Mamre,32.98195947023326,49.713467048710605
05810204,Vrinnevi-Klingsborg,34.93701868223796,61.20058565153734
05810205,Portlåset,49.44187262300277,63.84839650145773
05810206,Hageby Centrum,43.02503361363055,60.08403361344538
05810207,Smedby,4.606195427600309,30.29045643153527
05810208,Brånnestad,9.413251658353296,27.02960840496657
05810211,Ljunga,3.0164311563608655,21.338028169014084
05810212,Kuddby,1.567653788784503,18.960244648318042
05810213,Östra Husby,2.1528746899698463,22.521246458923514
05810214,Kättinge,0.615070654074328,21.138912855910267
05810217,Berga-Långtorp,5.132444841384022,19.33115823817292
05810218,Ljura,28.37452722222505,54.0478905359179
05810219,Sankt Johannes,13.36866876099637,40.01986097318768
05810220,Klingsberg,11.850814637615434,41.57608695652174
05810223,Kneippen,4.026846898724493,24.360189573459717
05810224,Skarphagen,10.664260943325127,34.953271028037385
05810225,Björkalund-Kårtorp,8.848664485444736,25.353218210361067
05810231,Borg,13.620170666054234,27.175080558539204
05810232,Kullerstad-Vickelby,3.0775652107885203,34.78951548848292
05810233,Mosstorp,2.8942892877200195,30.57784911717496
05810234,Vånga,1.2493590583715624,23.704333050127442
05810235,Kimstad,2.7328556351413065,29.112903225806452
05810236,Norsholm-Skärkind,1.4440695465483417,22.79116465863454
05810237,Kärrhagen-Kättsätter,5.704796242965984,28.306878306878307
05810238,Atriumhusen,32.261130855408936,52.8957528957529
05810239,Ringdansen,30.335528281962866,71.11111111111111
05810240,Vasaparken-Ljurafältet,16.268139748129656,49.428868120456904
05810241,Vidablick,9.293199149749396,40.7447973713034
05810242,Söderporten,53.58082522123792,60.69651741293532
05810243,Porten,48.151404871577704,64.06844106463879
05810301,Kolmården Västra,2.023945521753858,25.96153846153846
05810302,Kolmården Östra,1.9124180305024219,28.571428571428573
05810401,Krokek Södra,1.8502376040039539,30.026572187776793
05810402,Krokek Norra,1.9993089897571856,30.0
05810501,Svärtinge Mellersta,3.4471154802132435,28.022417934347477
05810502,Svärtinge Västra,3.941097903307458,22.261904761904763
05810503,Svärtinge Östra,3.8974918110628414,21.85792349726776
05810601,Haga Södra,11.901112266349093,40.95982142857143
05810602,Haga Norra,11.602755980118065,44.55544455544455
05810701,Marielund Mellersta,23.256650771500723,59.15915915915916
05810702,Marielund Västra,10.712162294624196,41.38418079096045
05810703,Marielund Södra,26.30967529900032,39.241706161137444
05810801,Nordantill Nordväst,20.518033983877327,55.912596401028274
05810802,Nordantill Nordost,14.546782668387475,44.18386491557223
05810803,Nordantill Sydväst,14.749273895635987,45.536723163841806
05810804,Nordantill Sydost,13.520201974766469,36.02794411177645
05810901,Östantill Östra,29.43009702259591,50.174621653084984
05810902,Östantill Västra,26.813632348423912,57.238605898123325
05811001,Oxelbergen Norra,6.062899884923837,35.55355535553555
05811002,Oxelbergen Södra,12.873436511367949,39.468503937007874
05811101,Söderstaden Östra,11.426156170600342,32.3049001814882
05811102,Söderstaden Västra,11.808481635834744,43.6965811965812
05811201,Berget Norra,18.33810677158443,34.5771144278607
05811202,Berget Västra,23.49835915951213,49.1044776119403
05811203,Berget Östra,12.734105994753122,46.2406015037594
05811301,Rambodal Södra,6.975645045347567,31.72043010752688
05811302,Rambodal Norra,5.898955962228292,29.792332268370608
05811401,Lindö Östra,5.103453000153218,21.064996084573217
05811402,Lindö Västra,6.224897962119261,19.77547495682211
05811501,Ektorp Södra,9.773732327368123,47.916666666666664
05811502,Strömbacken-Ektorp,19.355539485723902,45.2947259565667
05811503,Ektorp Centrum,27.837089179479978,54.29740791268758
05811601,Vilbergen Norra,6.8730002493923195,44.267515923566876
05811602,Vilbergen Södra,9.701305420283637,42.023346303501945
05811603,Vilbergen Västra,10.59745601019076,43.075356415478616
05811701,Klockaretorpet Östra,11.603989909268172,42.90780141843972
05811702,Klockaretorpet Norra,24.074666027338683,47.451343836886004
05811703,Klockaretorpet Södra,21.840708574521084,42.78403275332651
05820101,S:t Laurentii,5.61801501390142,28.42105263157895
05820102,Bossgård,3.1204613869307205,32.77870216306157
05820103,Alboga,7.448779352334755,32.394366197183096
05820201,Drothem,2.300523850548053,23.15644383184011
05820301,Skönberga,3.959490844842816,27.99043062200957
05820401,Västra Husby-Gårdeby,1.2237797067886076,24.140453547915143
05820601,Östra Ryd,1.2924071361275447,23.467862481315397
05820701,Skällvik-Mogata,1.6313935335354768,22.76657060518732
05820801,Sankt Anna-Börrum,1.6313932247663523,17.21014492753623
05830101,Bispmotala,14.61021042404592,50.30120481927711
05830102,Centrum,7.891214626787377,40.53333333333333
05830103,Hyddmarken,20.192235401021655,41.51309408341416
05830104,Marieberg -Västra,7.990430469033085,36.70653173873045
05830105,Östermalm,6.532246188939015,37.119856887298745
05830106,Bergsätter,12.195447998876038,43.11145510835913
05830107,Borenshult,2.2340316857833904,34.09405255878285
05830108,Bråstorp,4.076916173891097,36.13382899628253
05830109,Söder,3.267501323922376,33.844011142061284
05830110,Ekenäs,19.029432813577372,49.729144095341276
05830111,Charlottenborg,19.90576889558782,54.72043996333639
05830112,Holm,4.564674278991101,31.644583008573655
05830113,Mossen,9.187587711065854,36.25592417061611
05830114,Samuelsberg,9.438743658203004,35.79831932773109
05830115,Ekön,31.423813610661764,73.63751584283904
05830116,Brunnsvik,4.539833082147893,35.997171145685996
05830117,Marieberg-Östra,24.366985559000046,55.096774193548384
05830301,Nykyrka,1.555464327769174,28.938640132669985
05830401,Godegård,1.8303836784186125,26.20689655172414
05830601,Borensberg Västra - Kristberg,1.4982862593865196,30.42378241619228
05830602,Borensberg Östra,2.257360418641313,31.182065217391305
05830801,Fornåsa - Österstad,1.6843922915906715,23.777173913043477
05832201,Tjällmo,1.804328588943143,27.68595041322314
05832301,Fågelsta,2.22565146340894,22.531939605110338
05840101,Innerstaden,2.3535620300596376,30.80808080808081
05840102,"Kvissberg, Borgmästarområdet mfl",9.170406340925872,40.0
05840103,Gamla Söder-Nya Söder-Hertigen mfl,4.14731142285482,36.512027491408936
05840105,"Birgitta, Haga, Hagebyhöga, Hov mfl",1.5584758934616998,28.136200716845877
05840301,"Borghamn, Skedet, Rogslösa mfl",1.020337602898469,25.04201680672269
05860101,Dacke-Egebybacken,9.182371491884266,38.984771573604064
05860102,Västra Lundby,18.67976900319068,47.134502923976605
05860103,Slomarp-Egeby-Prästgårdsliden,20.974639613577747,44.797687861271676
05860104,Östra Lundby mfl,14.309313877399667,34.34089000839631
05860105,Norrgården-Albacken mfl,10.976735555575406,39.64098728496634
05860106,Vasastaden,3.9676446864741655,35.45108005082592
05860107,Eldslösa,4.216247063899852,33.835845896147404
05860108,Lagman,12.322238482047512,36.36363636363637
05860201,Högby,15.048615516329027,36.58969804618117
05860301,Västra Lund-Trojenborg,3.8611336038297353,35.10392609699769
05860302,Skänninge landsbygd,2.754135273574299,24.06015037593985
05860303,Skänninge centrum-Hattorp,6.642115790876743,36.757990867579906
05860701,Normlösa mfl,1.0714391584598328,18.740849194729137
05861001,Väderstad-Appuna-Hogstad-Kumla,1.792826608177874,23.873441994247365
05861401,Sya-Västra Harg-Östra Tollstad,1.794919977166095,21.714818266542405
05861701,Viby,4.07841304856381,28.721910112359552
05861801,Veta,2.6591921729828876,28.685714285714287
05861901,Mantorps centrum mfl,4.142509106428964,35.72052401746725
06040103,Aneby Västra,3.208743329944424,18.80093131548312
06040202,Aneby Södra,12.851456849980245,35.80846634281749
06040301,Aneby Östra,3.6715365758262632,25.649622799664712
06170202,Åsenhöga-Källeryd,2.0833730677154962,21.367521367521366
06170303,Kävsjö,11.107660558508577,25.48076923076923
06170404,Kulltorp,5.410345331183301,14.106145251396647
06170501,Gnosjö Norra,15.072748196717152,35.85972850678733
06170502,Gnosjö Östra,12.456809615929572,28.315412186379927
06170503,Gnosjö Västra,25.224616116407795,37.22149410222805
06420103,Sandhem-Utvängstorp,3.0469220145286227,23.536895674300254
06420301,Mullsjö västra,4.953092153385028,30.960548885077188
06420302,Mullsjö östra,6.436766365401058,29.40691927512356
06420304,Mullsjö södra-Bjurbäck,5.1932426351683745,25.724907063197026
06430101,Bränninge,6.1349299171415455,30.205278592375368
06430102,Centrum-Gunnarsbo,7.655029014272603,32.302405498281786
06430104,Kyrkbyn-Furusjö,1.8249519650080432,20.491803278688526
06430105,Gustav Adolf-Brandstorp,1.4450321481423078,20.035938903863432
06430107,Kärr,4.286980760870895,30.80708661417323
06430108,Kråkeryd-Mölekullen,4.969589408742655,30.23465703971119
06430110,Kärnekulla-Sjogarp,3.5361380975830445,18.80108991825613
06620101,Gislaved  C,22.811074585508283,55.71725571725572
06620102,Gullvivan,37.67058981242759,67.96657381615599
06620103,Lundåker,13.901213372036604,42.75436793422405
06620104,Sörgården,7.12487082442206,32.93903548680619
06620105,Henja,13.18889467868246,48.06110458284371
06620106,Gyllenfors-Hult,13.857582947113025,40.8660351826793
06620107,Våthult-Bosebo-Båraryd,10.114732829564296,21.20141342756184
06620408,Anderstorp C,7.058212187158866,29.640151515151516
06620409,Anderstorp N,13.487642487900017,30.384271671134943
06620410,Anderstorp S,18.443716522590794,35.59139784946237
06620913,Smålandsstenar C,9.529484014658102,31.672025723472668
06620914,Smålandsstenar V,8.224092935738767,29.018961253091508
06620915,Smålandsstenar Ö,13.73774832430365,29.44640753828033
06621017,Burseryd-Sandvik,4.994319796840158,25.94859241126071
06621218,Gryteryd-Södra Hestra,1.3689915296613344,15.539305301645339
06621419,Ås-Kållerstad,0.8464543668809826,13.525179856115107
06621620,Reftele,6.494822189711704,18.242677824267783
06621621,Norra Hestra,5.217555766435872,24.5021645021645
06650101,Vaggeryd västra,3.6384269599207846,30.01007049345418
06650102,Vaggeryd norra,8.771928387094261,39.473684210526315
06650103,Vaggeryd östra,9.806834584467309,39.08701854493581
06650104,Byarum-Bondstorp,2.3996003034834925,18.429003021148038
06650305,Västra Skillingaryd-Tofteryd,6.4108204428378395,26.78117048346056
06650306,Skillingaryd östra,18.842222169137344,44.41878367975366
06650509,Åker-Hagshult,2.093211851864167,17.77777777777778
06650610,Hok-Svenarum,3.0221336384756388,19.37424789410349
06800120,Samset-Sveahäll,10.973655944264369,28.268251273344653
06800121,Sofia,10.932103774519069,34.98570066730219
06800125,Mariebo,5.077389744173847,28.184480234260615
06800126,Centrum V,11.658134767380645,33.40060544904137
06800127,Söder,6.548558619890357,33.64219529579473
06800128,Västra Torget,10.170482070079787,37.394067796610166
06800129,Friaredalen,10.554394685221009,36.41025641025641
06800130,Munksjö,12.498078623816646,37.07025411061286
06800131,Torpa Ö,8.044301635880243,30.93093093093093
06800132,Torpa V,6.527183613544722,36.14001892147588
06800133,Tokarp,5.033263781524628,40.32815198618307
06800134,Gräshagen-Torpa,8.831091193473076,32.53012048192771
06800135,Bäckalyckan,6.933390470395418,30.76317859952793
06800136,Hisingstorp-Dalvik,11.08368422512644,30.711610486891384
06800137,Skänkeberg-Dalvik,8.964337433847719,33.18250377073907
06800138,Bymarken,5.620209082533108,19.749447310243184
06800139,Vätterslund - Åbolid,8.491790915516264,20.81911262798635
06800140,Munksjöstaden,9.824374493220137,25.106382978723403
06800141,Dunkehalla,7.620750002997456,24.833555259653796
06800142,Kortebo-Strandängen,8.229474207232096,35.61368209255533
06800200,Kålgården Ö,8.386316571268447,31.34328358208955
06800201,Centrum Ö,11.026978559187992,34.92424242424242
06800202,Erik Dahlberg,15.875079422601786,37.950360288230584
06800203,Kålgården V,9.817911479540422,33.36322869955157
06800204,Liljeholmsparken,14.822382977779718,34.808510638297875
06800205,Ekhagen S,21.753576509706253,47.816349384098544
06800206,Ekhagen N,25.83283964394647,49.33862433862434
06800207,Bondberget,14.399231796057375,40.97421203438395
06800211,Rosenlund S,14.86953899927258,40.835030549898164
06800212,Rosenlund N,16.844823971205496,32.95880149812734
06800213,Vättersnäs,12.301969153829523,31.912964641885765
06800214,Österängen V,52.23044479995932,71.48014440433214
06800215,Österängen Ö,46.661147327055524,64.65222348916761
06800216,Liljeholmen,15.03210010020662,42.965779467680605
06800318,Kättilstorp-Haga-Gamla Råslätt,7.150096640772284,33.622559652928416
06800319,Skeppsbron-Fridhem,7.773401391554784,32.778489116517285
06800320,Råslätt-Lockebo,31.901123710656655,68.48
06800321,Ljungarum,6.82826262501168,35.483870967741936
06800322,Råslätt V,48.21878631982345,75.63829787234043
06800324,Råslätt Ö,43.140248480163265,72.42455775234131
06800522,Huskvarna Smedbyn,24.09298904719951,44.67265725288832
06800542,Öxnehaga S,36.673037258293014,59.494773519163765
06800543,Öxnehaga C,47.3889545629323,69.58473625140292
06800544,Öxnehaga N,35.234697077506375,51.65137614678899
06800545,Norrängen-Brunstorp,10.246443680581729,25.392296718972897
06800547,Rosendala,17.577286030790674,37.01923076923077
06800548,Huskvarna C,20.802229398143066,45.24680073126142
06800549,Huskvarna Gråbo,18.96464980790468,41.750227894257065
06800551,Huskvarna Tormenås,17.72021389917238,43.942133815551536
06800553,Huskvarna Bråneryd,27.321878622972605,52.0
06800654,Stensholm-Jöransberg,7.705735823536378,26.778577138289368
06800655,Egnahem-Fagerslätt,5.530303642431699,26.846965699208443
06800656,Petersberg-Jutaholm,10.643982732094583,26.942482341069628
06800657,Kungsängen-Ekhagen Ö,20.83005629832622,39.0064397424103
06800760,Gränna S,3.986583383224386,24.526813880126184
06800761,Gränna N,5.363784291853039,27.635782747603834
06800863,Norrahammar C-Flahult,12.65769737513392,33.36192109777016
06800864,Norrahammar S,15.990965748889808,38.39516824849008
06800865,Hovslätt,11.627174428212255,23.71655820679682
06800896,Hovslätt N,5.586103642415401,37.84
06800897,Hovslätt S-Norrahammar N,12.127037411892111,38.93893893893894
06800967,Visingsö,1.6417909788040679,36.76767676767677
06801068,Skärstad,3.4687439401394675,22.00374531835206
06801069,Kaxholmen,3.405850833263052,21.327967806841045
06801170,Ölmstad,2.305313909131681,20.942028985507246
06801473,Lekeryd-Järsnäs-Svarttorp,2.002948415966054,20.198675496688743
06801474,Lekeryd,1.1992729187482882,19.959473150962513
06801574,Tenhult N-Öggestorp,7.933409262389042,20.26578073089701
06801575,Tenhult S-Ödestugu,2.899804450068087,20.991561181434598
06801576,Tenhult C,4.629903730450531,25.264084507042252
06801676,Barnarp C,11.231631134476629,34.89010989010989
06801689,Barnarp,10.606470685016921,29.520605550883094
06801979,Månsarp,4.290564521201484,29.017013232514177
06801980,Taberg V,4.419319219933393,27.491961414790996
06801988,Taberg Ö,6.073287269775046,28.862745098039216
06802081,Attarp-Sjöåkra,10.228073301173392,40.03392705682782
06802082,Backamo,3.4019269224072697,23.167155425219942
06802083,Trånghalla-Järstorp,5.646780252447393,20.0
06802085,Torp,4.2289968187666,29.610951008645532
06802086,Nyarp,4.936088701206838,26.820208023774146
06802184,Bottnaryd,7.812291454210612,21.07728337236534
06802285,Angerdshestra-Mulseryd-N Unnaryd,2.1136140811390605,16.730038022813687
06820101,Nässjö centrum,19.817195912901916,40.44222539229672
06820103,Nässjö landsbygd,9.875242655039692,21.023255813953487
06820104,Handskeryd,14.768904913666344,36.89986282578875
06820105,Ingsberg,8.65682097123279,35.49382716049383
06820106,Nyhem,13.256984532638873,37.33437256430241
06820107,Runneryd,36.78505766709528,64.08
06820108,Norrboda,25.121440996799944,49.34612031386225
06820109,Åker,9.443337068753054,31.36986301369863
06820110,Södergården,15.667407760501058,38.97911832946636
06820315,Bodafors,11.934754129199542,32.38366571699905
06820317,Grimstorp/Sandsjöfors,2.5801851845299604,18.444444444444443
06820519,Anneberg,3.961338228454873,25.6783587028458
06820724,Forserum,7.656152709070742,30.065359477124183
06820726,Barkeryd/Äng,3.416711860086108,17.172774869109947
06820929,Malmbäck,5.0487613510349165,22.650231124807394
06830101,Västhorja,4.878388703134026,24.15730337078652
06830102,Trälleborg,19.033683873998505,47.041123370110334
06830103,Norregård,12.746589982865926,36.37469586374696
06830104,Pilagården,12.613407390855938,38.15907059874888
06830105,Skogsfållen,21.784718785506804,53.8866930171278
06830106,Rörstorp,13.329311038200952,37.429537767756486
06830107,Apladalen,8.662431586712332,31.736526946107784
06830108,Mossle,22.09748154467046,48.263888888888886
06830109,Lillegård,12.79989447209872,29.82248520710059
06830111,Gröndal,3.9647156359133766,30.128205128205128
06830123,Nylund,8.50282400161225,31.80933852140078
06830124,Hornaryd,7.339046555768199,41.10091743119266
06830125,Vråen,12.824537151047043,50.7230255839822
06830209,Bredaryd,4.6067524266636735,22.74819197896121
06830512,Hånger,1.8908430446743512,19.65811965811966
06830613,Forsheda,6.013291038321449,27.13972201901975
06830916,Nöbbele,2.0214894504976133,19.326683291770575
06831017,Bor,4.023990885960864,25.36520584329349
06831220,Rydaholm,7.6896708770351,26.312247644683715
06831321,Fryele,2.1835298209762843,20.441347270615562
06840101,Sävsjö stad,16.38760867898771,33.49120433017591
06840102,Sävsjö Ljunga,12.19531974812521,29.467353951890033
06840103,Sävsjö Vallsjö,16.410364392829116,31.484375
06840304,Vrigstad,5.799057117842565,15.98360655737705
06840605,Rörvik,3.7819802586820863,15.579227696404793
06840706,Stockaryd,9.647554360411393,21.981424148606813
06850101,Mellangården,11.461764035934113,36.24595469255664
06850102,Brunnsgård,12.515658727445949,33.46243222308288
06850103,Vetlanda Flugeby-Näsby,22.398008122892044,36.149825783972126
06850104,Pukaregården,13.824529464425222,38.59489051094891
06850105,Tomaslunden,11.057990011514287,39.15343915343915
06850106,Karlslund,9.165917313909544,35.338345864661655
06850107,Ekenässjön-Björköby,9.177435205378497,32.91803278688525
06850309,Bäckseda,4.030330112447807,28.121827411167512
06850511,Bäckaby-Ramkvilla,1.085486702809409,15.123859191655802
06850816,Korsberga,3.5635150298749645,19.27144535840188
06851320,Nye-Näshult,2.2373978350535584,17.185697808535178
06851522,Holsbybrunn,5.311259780525367,26.040931545518703
06851623,Kvillsfors-Pauliström,4.466934559987533,26.050420168067227
06851926,Landsbro-Myresjö,6.686379296757509,27.875
06860101,Sjöängen/Prästängen m.fl.,6.086420748670926,27.317073170731707
06860102,Norrtull med landsbygd,4.816112901456106,32.280701754385966
06860103,Gamla Stan m.fl.,18.10049654074676,44.83050847457627
06860104,Grevhagen med landsbygd,6.41681679293478,31.202435312024352
06860105,Blåsippan-Kaffekullen,16.99769603283411,40.46021093000959
06860106,Kvarnarp,7.66202088367836,35.37688442211055
06860207,Mariannelund-Hässleby-Kråkshult,9.31355882348465,33.97435897435897
06860514,Ingatorp-Hjältevad-Bellö,4.410256363489933,24.56140350877193
06860615,Hult-Bruzaholm,3.3324494084220944,23.161361141602633
06860820,Höreda-Mellby,1.8976731261941886,15.559960356788899
06870101,Tranås Norra-Sommen,15.932527748154072,36.42671292281006
06870102,Tranås Kvarn,7.213108341702374,33.12645461598138
06870103,Ängaryd,11.072025798822283,41.18518518518518
06870104,Centrum,18.884688045427367,47.00854700854701
06870105,Ekmarksberg,13.936573498774514,45.63008130081301
06870106,Junkaremålen,3.2983107208810565,35.79175704989154
06870107,Fröafall,3.0800603464589913,27.449748743718594
06870108,Tranås Södra,10.27987124393153,39.36944219886823
06870109,Tranås Västra,1.8047993588874767,21.88006482982172
07600101,Åseda N,14.966560537082856,31.10236220472441
07600102,Åseda S,12.264241152095714,29.56989247311828
07600305,Lenhovda,8.50336226482885,30.837004405286343
07600407,Nottebäck,4.23153958572147,32.27783452502553
07600511,Älghult,7.220364590537092,29.78723404255319
07610101,Lessebo N,25.482370462138345,53.16129032258065
07610102,Lessebo S,24.768212183831636,47.50692520775623
07610203,Hovmantorp Ö,10.349240434678252,39.51828724353256
07610206,Hovmantorp V,6.659249329769128,38.69047619047619
07610304,Ekeberga,9.648245498363409,50.88028169014085
07610405,Ljuder,3.941549041903193,28.404669260700388
07630101,Tingsryd 1,16.378572512359003,39.41520467836257
07630102,Tingsryd 2,7.744353776455294,33.01587301587302
07630204,Almundsryd,8.298969351073442,27.906976744186046
07630309,Älmeboda-Linneryd,2.7214513262327036,21.37203166226913
07630511,S Sandsjö,3.5087718648473043,29.094076655052266
07630612,Väckelsång,3.784569167623218,31.1088295687885
07630716,Urshult,5.819809263257709,30.434782608695652
07640101,Alvesta N,27.37471299118698,54.443194600674914
07640102,Alvesta S-Blädinge,14.823428210368895,41.82732606873428
07640103,Aringsås,5.0733375143907065,32.52336448598131
07640104,Alvesta V,21.035313741114017,56.88405797101449
07640105,Lekaryd-Härlöv-Prästängen,5.692559164606492,31.240544629349472
07640408,Hjortsberga,2.7089849443793894,18.705035971223023
07640509,Slätthög-Mistelås-Moheda V,2.1513817212624096,24.701195219123505
07640510,Moheda Ö,2.580352370190972,26.273458445040216
07640914,Vislanda,6.5059954952675865,27.146001467351432
07641017,Skatelöv,1.627392908343741,22.381378692927484
07641119,Västra Torsås,1.9114393917886772,20.23121387283237
07650101,Gemön-Möckeln,21.06835905498419,38.17809621289662
07650103,Klöxhult,11.6276718884442,34.87738419618529
07650115,Norregård,11.071916854411416,29.17369308600337
07650116,Froafälle,14.324219832569817,37.241379310344826
07650117,Haganäs,45.835036322973245,59.67741935483871
07650118,Centrum,14.108487676261754,39.57142857142857
07650204,Häradsbäck-Bråthult,3.676936194034361,21.026282853566958
07650305,Virestad-Eneryda,3.8330953894782698,29.724409448818896
07650408,Diö-Stenbrohult,3.800326172891614,28.136200716845877
07650511,Göteryd,2.2963604548340895,22.874493927125506
07670101,Markaryd 1 V,13.473806393129232,34.20502092050209
07670103,Timsfors-Råstorp,5.59319595170086,22.42562929061785
07670104,Markaryd 1 Ö,7.17998018480151,28.620988725065047
07670205,Traryd-Hinneryd,5.558552054525419,20.427236315086784
07670308,Strömsnäsbruk,16.54504275754091,34.125636672325975
07800115,Centrum,9.605199618983915,32.96398891966759
07800116,Bäckaslöv,7.044673131079418,35.53251649387371
07800117,Söder,7.3267291812219435,30.48
07800118,Öster,10.080679795661334,33.04761904761905
07800119,Kvarnhagen,15.734761476828195,40.99616858237548
07800120,Högstorp-Hollstorp,4.370778758545411,32.13046495489244
07800121,Väster,8.341362517328548,30.816640986132512
07800171,Museet,7.0288869505053375,31.173780487804876
07800225,Furuby,1.4790200463051681,29.018789144050103
07800326,Braås,11.261374678568469,36.79619349722442
07800630,Dädesjö,5.3243336283893985,28.14070351758794
07800731,Åryd,3.4497876518991304,28.165137614678898
07800833,Ingelstad,4.110365673576333,36.134453781512605
07800934,Värends Nöbbele,1.4196984169583218,26.565874730021598
07801338,Tävelsås-Uråsa,2.3598575828935404,25.472547254725473
07801439,Vederslöv,1.6669599676669427,22.865013774104682
07801641,Gemla,3.2041738611098296,29.22824302134647
07801742,Bergunda-Bredvik,5.497212416789147,29.40639269406393
07801853,Öjaby norra,3.272094994758657,20.869565217391305
07801854,Öjaby södra-Räppe,5.610149913851099,26.917613636363637
07801944,Åby,1.295198569363347,25.2985884907709
07802045,Sandsbro östra,2.6826934795804616,29.521963824289404
07802062,Sandsbro västra,5.106278329524992,31.006006006006007
07802154,Rottne södra,6.075513175750666,32.139201637666325
07802155,Rottne norra,8.208639781447962,34.01360544217687
07802449,Lammhult,10.77192599490943,27.413127413127413
07802551,Asa-Berg-Tolg,2.11989872810083,20.3125
07802855,Kungsmad,22.509091625712923,38.27512473271561
07802865,Ringsberg,8.674637684641576,37.580794090489384
07802866,Norrelid,11.192716337172099,38.90063424947146
07802868,Fagrabäck,7.4024751702358955,41.795366795366796
07802869,Norr,3.5666268638244607,34.765625
07802870,Teknikum,11.378008140871197,55.743651753325274
07802960,Östra Lugnet,6.314910784399971,30.697674418604652
07802974,Pilbäcken,25.519804530629017,59.936908517350155
07802975,Hov,7.132592450158257,39.716312056737586
07802976,Dalbo centrum,45.17220901043158,80.42986425339366
07802977,Araby,52.313809580153865,84.61538461538461
07802978,Nydala,44.22152285550529,77.93190416141236
07802979,Danneborg-Östra Hovshaga,9.618925738811887,40.09397024275646
07802980,Arenastaden,18.335534726854696,44.58100558659218
07802981,Gustavslund,7.180147643433626,41.69714703730797
07802982,Ulriksberg,8.33085507507592,29.41622441243366
07802988,Hovshaga centrum,8.023345437863371,40.3747870528109
07802989,Norra Hovshaga-Evedal,4.943201820703503,28.356066044508257
07802990,Liedbergsgatan,30.804299483688308,59.176029962546814
07803082,Kampen-Sigfrid,9.945868010058309,39.26605504587156
07803083,Ljungfälle,19.251923139166582,48.2098251457119
07803085,Torparängen,11.206649378648395,47.68713204373423
07803086,Furutå,14.48378857798039,37.32171156893819
07803087,Universitetet södra,17.062460974861935,42.374854481955765
07803088,Teleborg södra-Telestad,8.849975687935917,40.34151547491996
07803089,Teleborg centrum,27.337310446179718,61.932367149758456
07803090,Universitetet västra,29.539169669860048,41.26040428061831
07803091,Vikaholm,9.353349940975248,42.56480218281037
07803092,Universitetet norra,17.25992212647448,33.61280487804878
07810103,Astrad,9.659141121071695,34.26103646833013
07810104,Ljungsätra,5.786223611640252,32.58173618940248
07810105,Ekebacken,5.756337481038744,34.60559796437659
07810106,Stensberg,5.507115623632127,32.33532934131737
07810107,Hammaren,14.589777926925423,37.07627118644068
07810108,Hjortsberg Väst,12.219960125165043,43.28358208955224
07810109,Hjortsberg Öst,16.978094380686308,42.950819672131146
07810110,Kungshög Väst,8.435638777134239,32.87356321839081
07810111,Kungshög Öst,17.231101982175627,40.73275862068966
07810112,Sunnerbo,6.17289908649026,30.36164844407065
07810310,Ryssby,2.960671412310453,25.822050290135397
07810311,Agunnaryd,2.4291641484235904,16.49616368286445
07810715,Hamneda,2.76163300732127,20.818713450292396
07810815,Berga Väst,5.0152374785572436,26.350461133069828
07810816,Berga Öst,5.355778344301803,25.795053003533567
07810817,Vittaryd-Bolmsö,2.3124346787139776,21.05263157894737
07811119,Angelstad,1.5781925209754148,24.335812964930923
07811624,Lidhult,4.309874035655607,30.95599393019727
07811625,Torpa,3.6706855094269533,15.704387990762125
08210101,Fågelfors,3.0563523230590928,41.013824884792626
08210201,Högsby,14.418613158486176,40.04282655246253
08210202,Berga,6.616256405904942,27.57281553398058
08210301,Ruda,7.705626913363676,28.62190812720848
08210401,Fagerhult,3.056417022151302,19.607843137254903
08340101,Gullabo,1.6307512855081274,22.82608695652174
08340201,Torsås landsbygd,2.6523749996229316,23.427991886409735
08340202,Torsås samhälle,4.299153474352254,31.10516934046346
08340401,Söderåkra,5.149403702010762,29.504741833508955
08340402,Bergkvara,4.098545363776406,30.207394048692517
08400105,Vickleby-Resmo,1.8008072407961888,25.617283950617285
08400303,Mörbylånga-Kastlösa,8.268061250053126,36.24301675977654
08400401,Gårdby,1.8842727954092222,21.64461247637051
08400811,Sydöland,4.431808646806008,31.16691285081241
08401304,Glömminge,2.0662249460328224,23.760330578512395
08401406,Algutsrum,2.2527410389753277,26.700251889168765
08401501,Snäckstrand,2.2110799082081347,27.708978328173373
08401502,Talludden,8.901448298584134,34.13612565445026
08401503,Runsbäck,3.5459820165977773,31.847826086956523
08401504,Skogsby,1.953530080606804,29.19254658385093
08401505,Färjestaden Östra,3.443554939099918,33.20574162679426
08600101,Ekeberg,16.394367314151108,53.930131004366814
08600102,Hultsfred S,22.300720667687653,51.69927909371782
08600103,Hultsfred N,9.538495135210285,41.85848252344416
08600201,Lönneberga,4.527023083824318,32.90676416819013
08600301,Målilla,5.015706188158183,34.375
08600401,Järeda,1.8472086474281664,28.617363344051448
08600501,Virserum,7.951405969298433,29.400921658986174
08600601,Vena,0.7352947648234366,23.176661264181522
08600801,Mörlunda,3.4885234082284478,26.6984505363528
08610101,Mönsterås Centrum S,11.11869580118898,45.851528384279476
08610102,Mönsterås Centrum N,13.479618587614084,47.02290076335878
08610103,Mönsterås Landsbygd S,11.164254423746307,43.04399524375743
08610104,Mönsterås Landsbygd N,6.919011949979948,27.176220806794056
08610105,Mönsterås Ljungnäs,2.1992355174439515,33.294117647058826
08610201,Fliseryd,2.1754554034873506,22.883597883597883
08610301,Blomstermåla,7.944708493946514,36.15664845173042
08610302,Ålem,2.469456950142975,27.70448548812665
08610303,Timmernabben,2.311660109172866,32.770605759682226
08620101,Emmaboda södra,21.661988342651036,50.0990099009901
08620102,Emmaboda norra,10.995394928916467,43.9117929050815
08620201,Lindås,6.709134806164601,36.07800650054171
08620202,Vissefjärda,1.9583070712334392,32.80632411067194
08620301,Algutsboda,3.868702309261915,29.130434782608695
08620401,Långasjö,1.5402845825565443,28.3203125
08800101,Kvarnholmen,5.010123664465124,32.30983949755757
08800107,Malmen V,9.095501229580053,38.047655649500385
08800108,Malmen Ö-Norrgårdsgärdet Ö,5.512775999314209,34.099616858237546
08800122,Malmen S,10.740421814717886,39.165545087483174
08800124,Ängö-Varvsholmen,3.4470809968354277,26.38888888888889
08800201,Lindsdal NV-Förlösa,3.599491980022423,27.22914669223394
08800202,Lindsdal NO,5.287091346303321,41.00946372239748
08800203,Lindsdal SV-Kläckeberga,8.009261306602257,36.90851735015773
08800204,Lindsdal SO-Fjölebro,5.749306855998401,36.42691415313225
08800205,Vimpeltorpet,12.19847517899535,35.46148507980569
08800206,Snurrom,12.406062481061515,42.4901185770751
08800301,Smedby Ö,11.547866370407958,41.147378832838776
08800302,Smedby V,19.495267788567617,50.53763440860215
08800303,Smedby S-Rinkabyholm N-Boholmarna,4.426005481464716,28.762243989314335
08800401,Rinkabyholm S-Hossmo,1.7457613191736427,26.24633431085044
08800501,Rockneby,2.2696296080490845,28.905419766206165
08800502,Drag-Revsudden,2.26964778074369,25.630676084762865
08800601,Läckeby,3.449925044933461,27.538726333907057
08800801,Trekanten,3.247529610895046,23.533519553072626
08800802,Ljungbyholm-Vassmolösa N,3.6574279473320055,32.85266457680251
08800901,Hagby Vassmolösa S,1.9906168788886365,30.19578313253012
08801001,Halltorp-Voxtorp,2.0333391190868637,24.017467248908297
08801301,Tvärskog,1.65253556627555,27.379400260756192
08801401,Påryd,2.2598869628778395,29.28709055876686
08801502,Gamla stan,4.7264204547620166,34.303697875688435
08801503,Kalmarsundsparken-Stensö,2.297729920691207,26.19270346117867
08801504,Sandås-Stensberg,6.436140075504354,33.99705014749262
08801505,Falkenberg,15.03872417399166,42.950819672131146
08801506,Tegelviken-Johannesborg,6.036651158655764,34.092980856882406
08801609,Norrgårdsgärdet V,7.814453318157621,38.59649122807018
08801610,Oxhagen,26.897279822521742,53.08134757600657
08801611,Getingen-Tallhagen,6.8510696462575815,34.98098859315589
08801621,Skälby,10.398550111961077,45.84795321637427
08801712,Funkabo,23.424354787042386,50.55165496489468
08801713,Djurängen V,14.439551704817848,45.89041095890411
08801714,Djurängen Ö,12.608644731437831,43.117536140791955
08801715,Berga Centrum,15.884820883584101,48.03675856307435
08801716,Berga,2.8034011970644457,30.692362598144182
08801817,Norrliden V,36.53529760864437,72.74800456100343
08801818,Norrliden Ö,41.49922012857895,71.66482910694597
08801820,Bergavik,4.840091886620478,33.83038210624417
08801823,Björkenäs mfl,5.775375528917488,33.21678321678322
08810101,Nybro Centrum,13.356774913826534,45.27220630372493
08810102,Myrdalen,12.844092988085729,48.06378132118451
08810103,Kungshall,42.918322603207756,71.03064066852367
08810104,Paradiset,10.978523330338735,40.53224155578301
08810105,Hanemåla Norra,8.707830012946145,37.82483156881617
08810106,Västeräng,5.445860351614035,35.588507877664505
08810107,Hanemåla Södra,5.784962841845768,36.07932875667429
08810201,Alsterbro,2.492211946447097,27.047146401985113
08810301,Bäckebo,2.4922119173574857,23.963133640552996
08810401,Kristvallabrunn,2.0956719267102124,22.352941176470587
08810501,Madesjö Södra,3.682262013578836,30.678960603520537
08810502,Madesjö Norra,7.2280329226667055,22.859922178988327
08810601,Örsjö-Alsjöholm,1.708542965278647,23.270440251572328
08810901,Orrefors,6.8686784838163035,33.8479809976247
08820101,Saltvik-Mockebo,2.7810748339981406,23.64475201845444
08820102,Kolberga-Humlekärrshult,7.604244739261884,31.5339038841343
08820103,Norrtorn,11.806778092949731,43.03086997193639
08820104,Orrängen-Tratten,7.247868119292097,32.33364573570759
08820105,Centrum,16.54253828441679,39.69896519285042
08820106,Kikebo-Åsa,13.0462092528352,46.83257918552036
08820107,Södertorn,19.295756351416884,53.4688995215311
08820108,Gröndal,8.264293744508768,39.20099875156055
08820109,Kristineberg-Stångehamn-Mysingsö,16.498703842064707,40.77448747152619
08820110,Kristineberg Västra,14.278840278520809,48.847517730496456
08820319,Fårbo-Misterhult,1.5344495947121413,24.559585492227978
08820321,Figeholm,2.176846181852096,26.273458445040216
08820411,Kristdala-Bråbo-Ishult,1.7854341468886954,21.78988326848249
08820513,Svalliden-Bockara,4.664061786534942,25.710123816460307
08820514,Rödsle-Norrby-Björnhult,3.166543115479691,26.517794836008374
08820517,Påskallavik,2.4267075501955175,31.03154305200341
08830101,Centrum,4.162048468953918,35.55888972243061
08830102,Västralund-Stenhagen,2.8250642056909525,37.183098591549296
08830103,Marieborg,5.73176346664416,41.77467597208375
08830104,Peru,10.273538317899067,42.31292517006803
08830105,Brevik,3.7698656847801355,37.60245901639344
08830106,Skogshaga,9.378023086735968,45.182724252491695
08830107,Jenny-Kvännaren,2.6386791293300225,37.523629489603024
08830108,Karstorp,13.702249965571912,53.16062176165803
08830109,Piperskärr-Gränsö,2.959578070041502,24.735729386892178
08830112,Johannesdal,8.493370056602293,45.86092715231788
08830113,Ludvigsdal-Hornslandet,4.006995575504228,40.45383411580595
08830115,Östermalm,6.624112114669697,43.101604278074866
08830118,Södermalm,16.199935166016537,50.70422535211268
08830209,Djurgården-Törnsfall,2.728030131915361,27.388535031847134
08830310,Gladhammar-Västrum,8.332999344451952,37.356919875130075
08830514,Ukna-Västra Ed,3.1096561781951704,28.82205513784461
08830720,Överum,6.073160250587128,39.16256157635468
08830922,Loftahammar,2.4802127848222257,22.66187050359712
08831124,Gamleby 1,7.885274746470304,34.96762257169288
08831126,Gamleby 2-Lofta,5.785740383942337,35.428051001821494
08831430,Blackstad-Odensvi,0.7287451118359611,22.14022140221402
08831431,Ankarsrum,3.89080301439219,45.7286432160804
08831532,Hjorted,1.7531788141151203,37.7008652657602
08840101,Vimmerby 1,7.034864612867527,34.97267759562842
08840102,Vimmerby 2,20.542813489208797,50.14866204162537
08840103,Vimmerby 3,3.321301847959792,33.15460232350313
08840104,Vimmerby 4,19.091603148476526,41.348314606741575
08840105,Vimmerby 5,3.717308239353168,36.08534322820037
08840106,Storebro,7.91534503752638,31.671554252199414
08840301,Rumskulla-Pelarne,1.2768429293143164,19.002375296912113
08840501,Frödinge,2.019068938075434,25.592417061611375
08840601,Locknevi,1.30804438008348,22.304832713754646
08840701,Djursdala,1.3080446553515312,19.140625
08840801,Gullringen,1.3080444632852724,28.30188679245283
08840802,Södra Vi,4.312291321940072,33.57740585774059
08840901,Tuna,2.019068875784487,28.637413394919168
08850101,Borgholms 1,7.761732799962685,32.5
08850102,Borgholms 2,7.9096040748354834,36.95238095238095
08850203,Alböke-Föra-Bredsättra-Egby-Löt,1.6591252244549457,23.58974358974359
08850707,Köping,5.985557343261407,24.971493728620295
08850808,Räpplinge-Högsrum,3.3561802953440365,26.359832635983263
08851010,Gärdslösa-Långlöt-Runsten,1.7738359301740572,23.26901248581158
08851313,Böda,2.5629886483316136,28.063241106719367
08851415,Högby,2.5629886681772076,26.788218793828893
08851516,Källa-Persnäs,2.5629887018450686,25.965665236051503
09800101,Visby Innerstaden,5.181508202646905,33.580705009276436
09800102,Visby Norr,9.021739231288027,46.494464944649444
09800103,Visby Öster,6.693438545528999,35.342185903983655
09800104,Visby Skarphäll/Östra Vi,3.4406777345181214,43.07086614173228
09800105,Visby Länna,4.592100455962685,44.428468727534145
09800106,Visby Visborgsst/Halsjärnet,6.564652671347238,40.98360655737705
09800107,Visby A7/Östra Vi,8.072911773149043,42.45283018867924
09800108,Visby Djuplunda/Södervärn,4.656696172813752,41.244239631336406
09800109,Visby Furulund,13.043460980210337,50.54545454545455
09800110,Visby Bingeby,15.8071440121115,54.345654345654346
09800111,Visby Pilhagen/Gråbo,4.527743195236654,49.89035087719298
09800112,Visby Yttre Furulund,13.373494652808725,53.41841385597083
09800113,Visby Terra Nova,7.127617888992592,41.50375939849624
09800114,Visby Galgberget/Snäck,3.2539662830895737,32.291666666666664
09800115,Visby Söder,11.087964761418782,39.0092879256966
09800201,Slite Othem/Hellvi,4.111880592435459,38.187221396731054
09800202,Slite Othem/Boge,5.7895424471820265,44.6958981612447
09800401,Fårö,3.126879105767361,27.10997442455243
09800501,Fårösund,3.1268791166012706,37.995049504950494
09801001,Lärbro,2.217936345458538,34.74576271186441
09801401,Tingstäde,2.2209566723398777,31.62675474814203
09801801,Väskinde,1.8174333834179435,35.13513513513514
09802401,Vallstena,1.533979603045654,32.27571115973742
09802901,Dalhem,2.1132075078675667,28.62190812720848
09803101,Endre,4.073234389682924,33.4054054054054
09803501,Roma,2.30895092500005,37.96394485683987
09804001,Vänge,1.5446195327034313,31.74404015056462
09804401,Kräklingbo,1.8220792964644013,32.49630723781389
09804801,Västerhejde,2.430147801933328,33.930857874519845
09805301,Stenkumla,2.4474526226886457,32.24254090471607
09805501,Eskelhem,1.7082571770847392,29.81790591805766
09805701,Sanda,1.336956554203629,29.672447013487474
09806101,Klinte,4.457129109175981,46.06003752345216
09806301,Eksta,1.2812826995600983,28.0225988700565
09806701,Garde,1.364670067842658,31.03448275862069
09807301,Stånga,0.7219187207795533,26.796116504854368
09807601,Hemse/Alva,7.170571041069504,42.20072551390568
09807602,Hemse/Rone,4.9130794681155185,33.54922279792746
09808401,Havdhem,1.9573039139730195,30.467762326169407
09809101,Burgsvik,2.3633287850326306,30.51851851851852
10600101,Vilboken,8.653916612571143,36.67355371900826
10600102,Kyrkhult-Hemsjö,3.172520826839544,29.173989455184536
10600103,Jämshög,4.139163033226989,35.82089552238806
10600104,Brännaregården,12.039173220962894,33.48946135831382
10600105,Ekeryd-Gränum,9.431278059631236,32.73427471116816
10600106,Oredslund,10.965973530586552,42.63803680981595
10600107,Olofström-Vilshult,8.657772692601958,35.44776119402985
10600108,Olofström C,11.103562664586052,45.23255813953488
10800127,Långö-Gräsvik,11.987390253838152,33.75912408759124
10800128,Saltö-Björkholmen,5.470106755794127,32.44219653179191
10800131,Västerudd,4.322099340232618,32.9626687847498
10800132,Rosenfeldt m.fl.,5.275653877366888,34.298780487804876
10800133,Trossö Ö,6.3292065116463245,33.333333333333336
10800134,Möllebacken m.fl.,6.551593040555283,32.921275211450876
10800135,Wachtmeister m.fl.,5.289421962309794,33.74183006535948
10800136,Hogland m.fl.,9.044101303119387,36.96098562628337
10800137,Pantarholmen,8.694460622227288,40.522063393412054
10800138,Galgamarken,23.726739542289273,46.71201814058957
10800139,Bergåsa m.fl.,11.42048442034758,32.69230769230769
10800140,Hästö,2.1046831554572396,29.325513196480937
10800141,Marieberg m.fl.,34.70657971045857,57.29967069154775
10800142,Kungsmarken,47.687933566565704,81.99753390875462
10800143,Mariedal-Backabo-Torskors,9.738173086440616,46.52833200319234
10800430,Aspö,0.7309476181991593,39.573459715639814
10800508,Kronotorp m.fl.,17.071696721064555,47.94215795328142
10800509,Verkö m.fl.,7.164598737958118,27.815206929740135
10800510,Lyckeby V,6.755090698670093,46.950092421441774
10800606,Kättilsmåla,2.7413018553323676,27.42914979757085
10800611,Lyckeby Ö,7.758875672126626,33.38632750397456
10800612,Spandelstorp m.fl.,6.37214478015216,40.395894428152495
10800613,Hässlegården,3.938301529867239,37.30529595015577
10800801,Kristianopel,1.4132546814195879,24.4
10800903,Jämjö N,1.8759372158560497,34.914463452566096
10800904,Jämjö S,2.801338872699251,38.52855759922556
10801002,Torhamn,1.4101778396855102,26.795580110497237
10801107,Sturkö,0.9697363289338136,31.05095541401274
10801205,Ramdala,2.070485283772106,28.767123287671232
10801214,Trummenäs,2.0725388118451633,26.055612770339856
10801421,Strömsberg,1.5938925829333912,27.262180974477957
10801422,Rödeby N,3.2731283008136978,34.304442825928625
10801423,Rödeby S,3.1498279790810075,36.7595818815331
10801518,Fridlevstad,2.156431670781571,27.84552845528455
10801616,Sillhövda,2.5486503231315485,22.262334536702767
10801720,Tving,1.9931876765652188,26.00502512562814
10801824,Nättraby V,3.5431503387688053,37.462834489593654
10801825,Nättraby Ö,1.7761324960491354,27.30465320456541
10801844,Nättraby S,1.7998401280308738,25.35410764872521
10801926,Hasslö,1.578476343547706,36.7047308319739
10810101,Centrum,17.36471677680955,45.714285714285715
10810102,Fredriksberg,10.769174648595714,30.922930542340627
10810103,Hulta,4.636535024173376,34.24908424908425
10810104,Blekan,14.841789125162624,38.59649122807018
10810105,Lugnet,7.672575583474601,37.53609239653513
10810106,Espedalen,34.76756183654883,60.09445100354191
10810107,Älgbacken,41.87696975745507,64.94974874371859
10810108,Persborg,7.764574754438676,31.2984496124031
10810109,Varan,3.5617526278804763,26.0989010989011
10810110,Hasselstad-Eringsboda,1.2731269652023598,17.633136094674555
10810111,Häggatorp,9.598385764347,33.52208380520951
10810112,Kalleberga,6.840932966772916,33.640081799591
10810113,Kallinge,16.316291425856367,42.59448416751788
10810314,Backaryd-Öljehult,2.134755955736198,22.293676312968916
10810617,Förkärla-Listerby N,1.677163723144071,26.69811320754717
10810718,Listerby S,1.8925281567640808,24.553571428571427
10810920,Hjortsberga-Edestad,1.8668836493806888,27.74252039891206
10811021,Bräkne-Hoby Landsbygd,1.469579590203073,22.945891783567134
10811022,Bräkne-Hoby Samhälle,4.237215699700166,37.763519706691106
10820101,Högadal,17.977717288219367,40.91778202676864
10820102,Prästslätten,6.984425626169103,39.17710196779964
10820103,Stadsporten,10.883855200995914,39.48620361560419
10820104,Torget,11.00190564782442,35.78947368421053
10820105,Österslätt,17.116490486053983,41.88034188034188
10820106,Tubbaryd,14.684708671207554,40.10204081632653
10820107,Skogsborg,4.078349313137114,36.50336215177714
10820108,Vägga,3.074608762281943,31.024318349299925
10820310,Hällaryd,2.840675615550542,27.525622254758417
10820512,Horsaryd,7.360503263444623,34.81324876673714
10820513,Korpadalen,4.982910539400222,32.62350936967632
10820514,Froarp,3.0755354190945496,30.997304582210244
10820515,Centrala Asarum,11.903976131570857,45.12489927477841
10820517,Svängsta nordöst,6.337538834077738,34.100974313551816
10820518,Svängsta sydväst,7.35953417460097,27.994955863808322
10820619,Mörrum västra,7.093530638276807,36.00844772967265
10820620,Mörrum östra,6.387361180669735,35.65610859728507
10820621,Gustavstorp,6.020599069025394,33.08108108108108
10830101,Furulund,12.959487838877846,39.23138510808647
10830102,Möllebacken,3.430231972973806,28.280701754385966
10830103,Falkvik,6.875009118673442,29.498069498069498
10830104,Hjortakroken,7.320829918903406,37.1551724137931
10830105,Norje m fl,2.4542183913059366,25.66287878787879
10830106,Gammalstorp m fl,1.956271079103087,21.021377672209027
10830107,Mjällby m fl,2.333919939621032,29.83539094650206
10830108,Hörvik m fl,1.9859433905332173,18.089430894308943
10830109,Hällevik m fl,1.1456081064964605,19.414893617021278
10830110,Siretorp m fl,4.879335473425288,23.202911737943584
12140101,Svalöv Östra,8.830759611088949,37.042062415196746
12140201,Svalöv Norra,10.104576001362574,34.9
12140301,Svalöv Västra,8.569183304727675,28.215353938185444
12140501,Kågeröd - Stenestad,2.727704241496598,22.206991089787525
12140601,Billeberga - Tågarp,3.8328159785303133,22.968197879858657
12140801,Teckomatorp Norra,7.6101363389821275,28.492392807745503
12140901,Teckomatorp Södra,6.726724442760596,31.93069306930693
12141401,Röstånga - Konga-Ask,3.4059178535042363,24.58001768346596
12300101,Kyrkheddinge,6.798443209279455,18.79432624113475
12300409,Uppåkra,8.91847826869462,26.4417845484222
12300702,Borggård,7.416121052599838,24.81520591341077
12300703,Central Södra,6.768753594561656,27.728285077951004
12300704,Bråhög,13.164345329260051,39.63963963963964
12300705,Aspvägen,7.794347187880546,25.302530253025303
12300706,Stanstorp,8.4222607871595,28.961038961038962
12300707,Mellanvången,6.362184438555134,30.93525179856115
12300708,Annero,5.99841542168956,27.813357731015554
12300709,Central Norra,8.452036371605095,28.367875647668395
12300710,Kyrkbyn,7.056858349977092,29.3909973521624
12300711,Vikhem,8.136026576574118,29.304286718200984
12300712,Hagalid,8.491274091878324,32.08121827411168
12300713,Jakriborg,6.5697139430661045,27.995391705069125
12300714,Hjärup Norra,4.754397857493686,25.455820476858346
12300715,Hjärup  Södra,3.165727479090357,28.183520599250937
12300911,Tottarp,7.05438966583716,23.360655737704917
12310101,Karstorp-Svanetorp,6.6050940800916145,31.126331811263316
12310102,Gamla Åkarp-Dalslund-Kockumsområdet,7.833691197041191,32.90506780870807
12310103,Harakärrsområdet-Mossvägen-Lyckö äng,6.206593818286342,30.76923076923077
12310104,Tågarp Ö.,19.66591970269362,50.70224719101124
12310105,Centrala Arlöv,18.715834846215166,49.46524064171123
12310106,Elisetorp V.,20.47293490291093,57.784011220196355
12310107,Elisetorp Ö.,22.870198362974023,65.48148148148148
12310108,Svenshög,28.196829967994425,68.67881548974943
12310109,Kronetorp-Burlövs egna hem m.fl.,22.864274676638075,52.78766310794781
12310110,Tågarp V.,13.804911924173982,47.274633123689725
12310111,Lillevång,23.151093729826915,55.37190082644628
12330201,Vellinge Eskilstorp,2.457836248409052,15.102974828375286
12330301,Hököpinge-Gessie,3.7090200240317435,14.123376623376624
12330302,Hököpinge-Bruksparken,3.922867417958954,18.29383886255924
12330401,Vellinge södra,2.3581873321944116,12.192393736017896
12330402,Vellinge väster,3.558016137280549,17.973372781065088
12330403,Vellinge centrum,4.751670788466257,20.889487870619945
12330404,Vellinge Herrestorp,4.700391695150979,22.429906542056074
12330501,Skanör västra,2.518071901035441,12.920592193808883
12330502,Skanör östra,2.7952040371515463,13.28125
12330503,Ljunghusen västra,2.5462043320521937,6.243705941591138
12330504,Ljunghusen östra,2.945828588656961,7.719298245614035
12330505,Skanör centrum,1.9623524542334114,12.971698113207546
12330601,Falsterbo södra,4.507476731755571,7.5
12330602,Falsterbo norra,2.472279310297245,9.043927648578812
12330801,Höllviken norra,2.551006105081449,13.205537806176784
12330802,Höllviken västra-centrum,2.608760593796727,11.241217798594848
12330803,Höllviken östra-centrum,2.343958412164785,9.292929292929292
12330804,Kronodal-Granviks,2.6247602234708083,12.609457092819614
12330805,Höllviken Gya,2.2478027772464184,11.203319502074688
12330901,Höllviken-Kämpinge,3.059223822978921,8.404558404558404
12330902,Höllviken-Höllviksstrand,1.6926398938795135,7.131901840490798
12330903,Räng,2.4197360970684296,12.002743484224967
12331201,Östra Grevie,3.3829551087854655,20.816326530612244
12331301,Västra Ingelstad,3.9458191073662947,18.96067415730337
12560103,Knislinge Öster,11.056864390817081,30.64516129032258
12560104,Knislinge Väster,5.7713857568819735,28.881737731295253
12560301,Hanaskog,12.134194237239473,34.82142857142857
12560401,Hjärsås,1.8186241646780987,24.17910447761194
12560402,Sibbhult,9.237881484397313,37.66233766233766
12560601,Broby Väster,9.208733940934705,28.027681660899653
12560603,Broby Öster,19.28320684170656,31.407942238267147
12560701,Glimåkra,7.095011104975582,24.44101773323053
12570102,Åsljunga,2.5966900229128456,15.65703634669152
12570103,Örkelljunga Centrum,8.538926100355363,27.22914669223394
12570104,Örkelljunga Norra,8.934777618881629,26.771653543307085
12570105,Örkelljunga Mellan,7.558993594531794,25.632083696599825
12570206,Rya,2.4535806741808064,19.69504447268107
12570307,Skånes Fagerhult,2.9993048709713697,18.701870187018702
12600101,Bjuv 1,9.039979928635173,35.90772316950853
12600102,Bjuv 2,12.05628188317127,33.333333333333336
12600103,Bjuv 3,15.792130941360679,38.27319587628866
12600104,Bjuv 4,18.04216448407217,46.91011235955056
12600105,Bjuv 5,14.413948467268204,46.35678391959799
12600106,Billesholm 3,8.281600693390182,37.86008230452675
12600201,Billesholm 1,10.869560770524746,32.05980066445183
12600302,Billesholm 2,5.510095105876209,24.784217016029594
12600401,Ekeby 1,4.176218566879874,25.691056910569106
12600402,Ekeby 2,4.794860860739344,26.40449438202247
12600403,Ekeby 3,4.321561095719061,26.236263736263737
12610102,Kävlinge Söder,7.908794514475339,31.264367816091955
12610103,Södervidinge/Gryet,3.9798104633984903,23.510971786833856
12610104,Kävlinge Väster,10.311539837058513,32.54861821903787
12610301,Karaby/Dösjebro,3.1788053760666823,21.255230125523013
12610302,Ålstorp,2.893977828482607,14.621212121212121
12610401,Lackalänga,2.2308730608270353,25.39021852237253
12610402,Furulund Centrum,10.36699057144816,33.66045142296369
12610403,Stävie,3.906511707140933,25.423728813559322
12610504,Sandskogen,3.9129760183042612,22.259414225941423
12610505,Löddeköpinge Norr,5.08955562403003,23.813868613138688
12610506,Stationsstaden,9.373153035879028,32.19178082191781
12610507,Kävlinge Centrum/Korsbacka,15.912274142288458,45.28735632183908
12610901,Harrie,4.042150733237378,28.07957153787299
12610902,Rinnebäck,4.36006805922689,31.48636763412489
12611001,Hofterup,2.4948612475909613,17.119764878765615
12611201,Barsebäck/Järavallen,2.151400797720287,14.797864225781845
12611203,Vikhög/Lyckorna,2.931580292275748,21.21212121212121
12611204,Tolvåker,4.401474634467384,18.84346959122632
12611205,Löddeköpinge Centrum,4.273726842678983,32.123799359658484
12620101,Lilla Lomma - Lomma Ö - Alnarp,6.201526912113023,20.80745341614907
12620102,Lomma Hamn,3.2596889336417796,19.23076923076923
12620103,Båt- och Fågelgatorna,2.0668602253146324,20.751761942051683
12620104,Piläng,4.315116030657019,26.477024070021884
12620105,Karstorp,8.313075396437263,20.151679306608884
12620106,Lervik,6.95965661809136,24.274406332453825
12620107,Lomma Centrum,3.9996083070650306,29.155555555555555
12620108,Lomma Strand - Habo Ljung,3.9699023252319376,15.50925925925926
12620109,Vinstorp,5.05825469439351,26.473526473526473
12620201,Bjärred N - Borgeby,4.036360553199942,19.804400977995112
12620202,Löddesnäs,4.112740183463915,24.129353233830845
12620301,Bjärred S,2.872901343305332,14.19047619047619
12620302,Bjärehov,2.913964305766333,19.29824561403509
12620303,Flädie-Fjelie,4.288696293060806,22.203672787979965
12620304,Bjärred V,2.7190294729983515,10.930735930735931
12620305,Bjärred Ö,4.552119606580881,24.07185628742515
12630101,Svedala centrum,6.21773969044439,29.488220958570267
12630102,Svedala stadsparken-Sjödiken,7.626090293035904,26.903114186851212
12630103,Svedala kyrka,4.551302878491166,26.59870250231696
12630104,Svedala väster–Skabersjö,3.1184092239750614,22.021364009860314
12630105,Svedala norr,4.291538561595702,23.397683397683398
12630106,Svedala öster-Börringe,3.0881106809785632,18.11949069539667
12630107,Svedala söder,4.076625650705489,20.389105058365757
12630108,Svedala gamla Sockerbruket,8.442447852663312,29.91178829190056
12630703,Bara centrum,5.75341344317729,33.99800598205384
12630704,Bara Torup,5.176717786893899,26.51991614255765
12630705,Bara Bjärshög,4.934170031209058,23.81422924901186
12630801,"Klågerup, Hyby, Holmeja",4.142297910533228,20.87604846225536
12630802,Klågerup Centrum,4.804045567533091,26.3855421686747
12640101,Skurup NV,6.635296333047522,30.32616238723109
12640102,Skurup NO,10.171871788733194,33.388293487221766
12640103,Skurup SV,5.556221215327382,28.56125356125356
12640104,Skurup SO,5.911969695011399,26.029132362254593
12640601,Skivarp N,3.036750418750776,19.545823195458233
12640602,Skivarp S - Abbekås,3.142028057530103,19.265232974910393
12641001,Rydsgård,3.5790404227215027,24.123879380603096
12641101,Slimminge,3.730535865455185,21.206743566992014
12650101,Sjöbo Sandbäck,3.5767101798224687,18.727598566308245
12650301,Sjöbo Emanuel,4.2630933959402375,22.899353647276087
12650302,Sjöbo Centrum,4.007343456407998,31.384248210023866
12650303,Sjöbo Färsinga,4.86488434195627,21.20141342756184
12650304,Sjöbo Linné,2.7994082281822337,19.2846034214619
12650401,Sövde,1.6904641185953144,19.189765458422176
12650501,Blentarp,2.6969154110229727,17.508896797153024
12650601,Everlöv,2.144740217540059,19.4331983805668
12650901,Vanstad,1.76883154145617,14.469772051536175
12651001,Lövestad,3.064274712608994,20.103761348897535
12651101,Fränninge,2.248404569170721,15.56350626118068
12651201,Vollsjö,2.9123152524003215,17.553793884484712
12651501,Östra Kärrstorp,3.912647151835812,20.16949152542373
12660201,Hörby väst,3.3616044440473085,27.27891156462585
12660202,Hörby norr,7.855852389372814,28.29861111111111
12660203,Hörby sydväst,3.913967401312261,24.871606749816582
12660204,Hörby öst,7.2769716790551096,29.224137931034484
12660301,Långaröd,3.5421961046989527,21.01063829787234
12660501,Ludvigsborg,2.321543973187406,21.55992390615092
12660701,Östraby-Västerstad,1.6847182453885927,17.994376757263357
12660801,Svensköp,3.232207016775467,18.834796488427774
12670201,Höör/Bokeslund,3.3879385282328633,26.93288020390824
12670202,Höör/Ormanäs,5.593823086850694,32.81402142161636
12670203,Höör/Veterinärsområdet,3.4645654771671253,33.94898856640282
12670204,Höör/Centrum,5.4219216836548565,33.41204250295159
12670205,Höör/Åkersberg,3.038804501795623,26.285714285714285
12670206,Höör/Stanstorp,5.362696608590281,24.688995215311003
12670301,Höör/Snogeröd,2.8402392518051154,15.684410646387832
12670401,Höör/Orup,2.7231859275781223,24.083333333333332
12670601,Höör/Frostavallen,2.4819861578196627,23.523421588594704
12670801,Höör/Tjörnarp,4.007582378080269,25.072886297376094
12700510,Tomelilla S,7.245133931435828,29.94810971089696
12700511,Tomelilla tätort SV,13.262224777222409,38.080495356037154
12700512,Tomelilla Ö,9.683199126985464,28.180212014134277
12700513,Tomelilla V och Tryde,4.4782418813233935,27.560366361365528
12700607,Onslunda,1.6584771461917676,18.96551724137931
12700910,Smedstorp,2.7157234428389456,21.606118546845124
12701113,Brösarp,1.7807610823752524,23.266563944530045
12720101,Ivetofta,3.4140318180440685,27.94759825327511
12720102,Bromölla Västra,11.39967583356075,33.830275229357795
12720103,Bromölla Östra,7.287820337296024,31.431334622823986
12720104,Bromölla Centrala,13.324560244843033,30.28846153846154
12720105,Bromölla Södra,13.339215520403018,39.731285988483684
12720201,Nymölla-Gualöv-Valje,5.684179547653533,27.345629510825983
12720301,Näsum,2.7882632866950097,21.410788381742737
12730101,Osby Sydväst,6.973841452841275,32.27783452502553
12730102,Osby Nordväst,12.365633851039197,32.00339558573854
12730103,Osby Norra,10.356993682456729,32.02676864244742
12730104,Osby Nordöst,9.821278134447455,29.915433403805498
12730105,Osby Södra,5.840120344817758,25.329815303430077
12730201,Örkened Centralt,8.33333331476846,31.912302070645556
12730202,Örkened,5.540721449709187,24.263038548752835
12730301,Loshult/Killeberg,5.70610457194139,26.988636363636363
12750101,Södra,14.755045234915288,35.526315789473685
12750102,Västra,19.09812281183656,41.64305949008499
12750103,Östra,13.534729129528788,31.91763191763192
12750104,Centrum och Norra,18.176458338807596,40.5616224648986
12750105,Oderljunga,5.333620934186423,14.9519890260631
12760101,Klippan N-Gråmanstorp mfl,11.025153019384208,34.25925925925926
12760102,Klippan NÖ-Solslätt,6.2965099302610374,31.869254341164453
12760103,Klippan V,11.560689790368201,36.83206106870229
12760106,Klippan SÖ-Nyslätt-Elfdalen,6.523988655921292,31.739488870568838
12760204,Storäng-Vedby mfl,2.3723428408778173,20.366132723112127
12760305,Krika-Bonnarp-Nybygget,3.1919543985324896,18.170731707317074
12760410,Riseberga-Färingtofta mfl,2.0097224071161226,17.888198757763973
12760507,Ljungbyhed N,4.411546614671283,24.817518248175183
12760508,Ljungbyhed S,4.2910197653176265,19.81981981981982
12760711,Östra Ljungby,2.6542504937433375,20.77922077922078
12760712,Stidsvig,2.825270461671164,23.731884057971016
12770101,Åstorp  Centrum,13.682508742541925,38.281979458450046
12770102,Åstorp  Björnekulla,7.945093347454803,29.545454545454547
12770105,Åstorp  Bjärshög,25.66169595010358,56.845238095238095
12770106,Åstorp  Dala,15.492769990653011,38.837516512549534
12770107,Åstorp  Öster,5.460681891686904,27.26574500768049
12770110,Åstorp Norr,13.971257395369156,41.54200230149597
12770203,Nyvång,14.010647612610382,37.5609756097561
12770204,Hyllinge,11.668680339530333,32.859078590785906
12770308,Kvidinge tätort,4.384236463260672,25.847457627118644
12770309,Kvidinge landsbygd,3.4685269154097362,17.956656346749227
12780101,Båstad Västra,6.873960409763389,15.261044176706827
12780102,Båstad Östra,6.94544167602261,23.83177570093458
12780202,Förslöv Västra,5.276607118252246,27.935606060606062
12780203,Förslöv Östra,5.039912087876899,28.195829555757026
12780303,Grevie,5.121047993196356,23.66412213740458
12780404,Västra Karup,3.2429333143843224,14.650205761316872
12780607,Torekov-Hov,2.971435125028249,15.277777777777779
12780703,Östra Karup,4.32691523988505,19.135802469135804
12780704,Hemmeslöv-Riviera,3.167931161536316,20.95766828591256
12800101,Gamla staden V,8.096424628935813,33.47940403155127
12800102,Gamla staden-Stortorget,11.549387473333137,26.193921852387845
12800103,Gamla staden-Caroli,14.796416880260503,37.74560496380558
12800104,Gamla staden-Ö Tullgatan,13.2692106595082,35.660377358490564
12800105,Gamla staden-Österport,16.66562193607379,43.954802259887
12800106,Davidshall,8.85085195457416,31.801604668125456
12800107,Davidshall-Lugnet,11.786257118148399,37.74220724515585
12800108,Västra hamnen,8.346482651251327,27.525057825751734
12800109,Västra hamnen-Flaggskeppet,13.100649427151165,28.222013170272813
12800110,Västra hamnen-Dockplatsen,7.142829227844935,20.537124802527646
12800111,Slussen-Ö Förstadsg,14.330558793158392,39.98351195383347
12800112,Slussen,15.83858882897622,43.878787878787875
12800113,Östervärn-Fredsgatan,27.686520501860123,59.22330097087379
12800114,Östervärn-Nobelv,13.962942281016943,48.032936870997254
12800115,Ellstorp,10.915948109852879,38.17863397548161
12800116,N Sorgenfri,29.556538568958967,57.80104712041885
12800117,Värnhem,24.555690360985437,56.72727272727273
12800118,Rörsjöstaden-Rörsjöparken,9.38395147632331,43.295803480040945
12800119,Rörsjöstaden-Kungsgatan,9.497352274235366,40.54054054054054
12800120,V Sorgenfri-Betania,11.385568730146186,44.68313641245972
12800121,V Sorgenfri-Rörsjö,20.76474565608555,55.02136752136752
12800122,Lugnet-Rörsjö,13.90432086823881,37.98358733880422
12800123,Lugnet,19.894615114687426,42.931937172774866
12800124,Rådmansvången-Triangeln,13.99678491783258,42.225859247135844
12800125,Rådmansvången-Stadshuset,14.537968672487906,52.144899904671114
12800126,Rådmansvången-S Förstadsgatan,15.183079226268106,48.58188472095151
12800127,Rådmansvången-Tandläkarhögskolan,18.19567670809783,49.2583918813427
12800128,Västra hamnen-Fullriggaren,14.70092571696918,32.92361720807726
12800129,Gamla staden-S Promenaden,13.457146930330769,35.262593783494104
12800130,Rörsjöstaden-Föreningsgatan,6.446067442781421,32.90258449304175
12800131,Västra hamnen-Kockum fritid,12.778736677401247,32.777115613825984
12800132,Katrinelund-Värnhem,20.967621127961994,55.47886108714409
12800133,Västra hamnen-Isbergs gata,10.042044585987323,30.434782608695652
12800134,Västra hamnen-Bassängkajen,11.424493860481595,26.223520818115414
12800135,Västra hamnen-Bomgatan,13.318019195784322,33.232016210739616
12800136,Västra hamnen-Varvsparken,14.014853162573162,29.858299595141702
12800137,Värnhem-Rörsjö,21.10650658958186,49.61013645224172
12800201,Möllevången-Bergsgatan,24.281674771866708,57.4585635359116
12800202,V Sorgenfri-Mariagatan,6.552807325287715,46.75925925925926
12800203,V Sorgenfri-Nobelv,14.321485183185906,54.621848739495796
12800204,Möllevångstorget N,19.06427444801736,62.02127659574468
12800205,Möllevången-Folkets park,11.588150982594444,59.33952528379773
12800206,Möllevången-Karlskronaplan,12.0746131261146,53.44978165938865
12800207,Möllevången-Bangatan,33.374554363106306,70.46979865771812
12800208,Möllevången-Södervärnsplan,19.904510901246482,58.644067796610166
12800209,Södervärn,19.418812255944815,57.918552036199095
12800210,Flensburg-Allm sjukhuset,24.584089860054007,56.645161290322584
12800211,S Sofielund-Seved,32.29811417964763,65.09316770186335
12800212,N Sofielund-Sofielundsskolan,22.042035289314565,58.77342419080068
12800213,S Sofielund-Bryggeriet,32.10275525620385,72.32779097387173
12800214,N Sofielund-Nobelv,15.33853724223866,58.97920604914934
12800215,N Sofielund-Nobeltorget,12.380584661735238,58.21831869510665
12800216,Ö Sorgenfri-Kiviksgatan,10.873761629427756,54.1701073492981
12800217,Ö Sorgenfri-Nobelv,16.910854342215874,56.08465608465608
12800218,Ö Sorgenfri-Sorgenfrivägen,30.21790168816722,70.46632124352331
12800219,Ö Sorgenfri-Brantevik,12.059255876331818,55.29841656516443
12800220,Annelund,24.991881625773352,64.16382252559727
12800221,Lönngården,23.2003694959988,59.225806451612904
12800222,Möllevångstorget S,18.288434155015107,61.909989023051594
12800301,Hästhagen,4.1376915700939625,29.486166007905137
12800302,Fågelbacken N,8.498067275864294,36.97632058287796
12800303,Kronprinsen,12.251930405219964,38.66967305524239
12800304,Fågelbacken S,10.744995640703097,36.03411513859275
12800305,Kronborg-Teatern,9.962354091960584,36.562860438292965
12800306,Rönneholm SO,9.744484569262518,38.63636363636363
12800307,Rönneholm-Mariedalsv,5.730046565373314,32.4
12800308,Rönneholm NV,5.468259914951217,37.79385171790235
12800309,Rönneholm NO,5.4707198712174785,31.150293870696892
12800310,Rönneholmsparken,6.253480615342788,30.615942028985508
12800311,Ribersborg SO,4.9965167247432705,34.20523138832998
12800312,Ribersborg NO,4.834186987618085,30.799475753604195
12800313,Ribersborgsskolan,3.7285127393002044,31.66383701188455
12800314,Ribersborg-Limhamnsvägen,4.928969583801279,29.35185185185185
12800315,Ribersborg-Nicoloviusg,3.9400980301783157,27.62264150943396
12800316,Ribersborg-Regementsg,4.284970630179342,26.52542372881356
12800317,Fridhem,6.742700255833192,19.21229586935639
12800318,Västervång-Fridhem,3.9541909040466634,18.79271070615034
12800319,Mellanheden,12.951510732119454,40.458015267175576
12800320,Dammfri-Köpenhamnsvägen,11.177344411342135,34.05017921146953
12800321,Dammfri-Korsörvägen,8.936664263674338,36.1849710982659
12800322,Solbacken,11.538015014451824,34.25149700598802
12800323,Dammfri-John Ericssons väg,13.177988850596256,38.76063183475091
12800324,Kronborg,15.746049575597613,45.13661202185792
12800401,Bellevue-Nya Bellevue,5.068402905899401,10.960144927536232
12800402,Rosenvång,4.657738270955242,18.075539568345324
12800403,Gamla Limhamn-Bellevue,7.338980872636707,17.370441458733204
12800404,"Limhamn, Ön",8.3504011537439,22.92490118577075
12800405,Gamla Limhamn-Tegnérgatan,6.862360819681223,21.97265625
12800406,Gamla Limhamn-Linnéskolan,6.769878283563142,29.940711462450594
12800407,Sibbarp N,9.848344314588301,31.490159325210872
12800408,Annetorp N,8.280431521561841,24.665391969407267
12800409,Djupadal N,2.8281701369743386,21.746431570109152
12800410,Annetorp S,10.626767803372712,37.35926305015353
12800411,Sibbarp S,6.6712576662641965,16.78832116788321
12800412,Sibbarp-Hammars Park,7.437061461130069,25.854700854700855
12800413,Djupadal-Ö Rosenvång,3.7510998496824794,25.09469696969697
12800414,Djupadal-Broddaparken,6.820317945635037,24.43946188340807
12800415,Hyllieby,7.197998473728615,22.274881516587676
12800416,Bunkeflostrand N,9.595155490048619,20.911793855302278
12800417,Bunkeflostrand-Fjärilsg,5.385397995839288,23.63050483351235
12800418,Bunkeflostrand-Ängslätt,8.754356447873613,25.731432858214554
12800419,Bunkeflostrand-Strandhem,9.69175612334801,23.244026068066617
12800420,Annestad N,23.46818236821288,48.19121447028424
12800421,Bunkeflo-Vintrie,11.450509114801891,25.954198473282442
12800422,Klagshamn N,6.3904490249226,24.692622950819672
12800423,Tygelsjö Ö,5.548935437927026,23.888470233609645
12800424,V Klagstorp-Tygelsjö V,6.024774655087625,25.475285171102662
12800425,Limhamn-Dragörkajen,9.015354274644055,21.712158808933
12800426,Kalkbrottet,17.26097999088232,29.686174724342663
12800427,Annestad S,19.784418288886517,34.11875589066918
12800428,Elinelund N,17.785781616653264,40.102827763496144
12800429,Limhamn-Cementparken,20.326802376133895,38.1578947368421
12800430,Limhamn-Fendertorget,27.247148974552644,43.03370786516854
12800431,Limhamn-Fernissagatan,18.238397391801964,31.48893360160966
12800432,Limhamn-Formgatan,14.735622657718,35.78174186778594
12800433,Limhamn-Rosengrens gata,14.224227668207995,21.125370187561696
12800434,Klagshamn S-Tygelsjö vång,7.150122671652047,28.11016144349478
12800435,Elinelund S,17.89926968218203,29.846153846153847
12800436,Gamla Limhamn-Valborgsgatan,7.080962166923178,25.572139303482587
12800501,Lorensborg N,23.257694898538148,46.395806028833555
12800502,Lorensborg V,41.04886866334408,67.00913242009132
12800503,Lorensborg SO,29.31272656245567,53.63984674329502
12800504,Bellevuegården V,27.199230880867837,47.17868338557994
12800505,Bellevuegården Ö,45.58906494906642,79.09547738693468
12800506,Kroksbäck N,21.068271297565254,55.7161629434954
12800507,Kroksbäck V,6.5088286570923595,24.3680485338726
12800508,Kroksbäck S,47.841869015206065,88.6685552407932
12800509,Borgmästaregården S,12.773400400534213,48.300970873786405
12800510,Borgmästaregården N,9.017313017481804,42.824858757062145
12800511,Södertorp,13.20003014035545,48.24654622741764
12800512,Gröndal,16.674420350653104,51.86011904761905
12800513,Kulladal N,17.593100316946717,41.98757763975155
12800514,Kulladal-Per Albin Hanssons väg,11.484015849831318,42.978003384094755
12800515,Kulladal-Kulladalsgatan,15.097443584350213,50.337078651685395
12800516,Holma N,36.16641939950612,70.93023255813954
12800517,Holma S,48.48058418493594,83.58395989974937
12800518,Lindeborg-Axel Danielssons väg,20.76173303837146,49.848942598187314
12800519,Lindeborg Centrum,21.168070017397536,46.69299111549852
12800520,Lindeborg-Stolpalösaparken,21.27275595241396,50.5787037037037
12800521,Hyllievång-Tennisgränd,35.91276969232132,46.72774869109948
12800522,Hyllievång-Allétorget,29.562200515522477,40.348101265822784
12800523,Hyllievång-Dagvattenparken,31.16753347182621,56.83563748079877
12800524,Hyllievång-Sagas gränd,27.83468064068466,47.611464968152866
12800525,Hyllievång-Skrivaregatan,28.296606091043284,43.3852140077821
12800526,Bellevuegården-Hålsjön,27.202066547594693,62.70358306188925
12800601,Heleneholm,33.611378600230644,69.32773109243698
12800602,Eriksfält,20.36859118390266,49.72299168975069
12800603,Almhög V,31.630817082253078,64.63262764632627
12800604,Almhög Ö,40.704786167566645,75.9349593495935
12800605,Augustenborg N,40.72600115856357,75.87373167981961
12800606,Augustenborg S,40.88453457040956,73.75
12800607,Hindby,19.086317304785574,59.9647266313933
12800608,Nydala NV,37.757319307298744,75.63380281690141
12800609,Nydala NO,40.8928296581814,79.28286852589642
12800610,Nydala SO,36.706938326378925,74.53488372093024
12800611,Gullviksborg,45.058488186562485,82.74725274725274
12800612,Gullvik,26.574752680354536,61.93737769080235
12800613,Ö Söderkulla,20.34426325518968,56.8421052631579
12800614,Hermodsdal,45.92004140494112,81.99697428139183
12800615,Hermodsdal-Gullviksborg,36.965475008534135,74.40890125173853
12800616,V Söderkulla-Söderkullagatan,18.424688790739527,60.844079718640096
12800617,V Söderkulla Centrum,21.846870167057794,68.23394495412845
12800618,V Söderkulla-Fosietorp,22.307765459909795,69.0721649484536
12800619,Lindängen N,29.948438872836185,66.42547033285094
12800620,Lindängen Centrum,39.143239729623104,73.6094674556213
12800621,Almvik,31.95774256119461,61.241379310344826
12800622,Lindängen Ö,38.414903382853424,78.52062588904694
12800623,Lindängen-Almvik,37.75900537385625,62.96829971181556
12800624,Lindängen-Kastanjegården,33.104176250352914,69.44757609921082
12800625,Lindängen-Vårsången,47.182976485413924,86.72199170124482
12800701,Oxie Kyrkby N,16.5020694378455,50.56082830025884
12800702,Oxie Kyrkby Ö,16.32303339113662,46.46878198567042
12800703,Oxie Kyrkby-Toarp,13.338510097336929,42.43589743589744
12800704,Kristineberg,25.891837893947073,49.05968928863451
12800705,Käglinge,13.241553242482455,42.49341527655839
12800706,Oxievång Ö,18.834232527317237,51.66858457997699
12800707,Oxievång V,24.16524902889853,56.482412060301506
12800708,Käglinge-Lockarp,12.391490576916963,32.792792792792795
12800801,Törnrosen,47.957572180877186,90.24691358024691
12800802,Örtagården V,44.97701396596341,91.32124352331606
12800803,Persborg,38.47330034336637,81.09452736318408
12800804,V Kattarp,20.817421269993265,64.84641638225256
12800805,Rosengård centrum,51.931158647729646,95.24940617577197
12800806,Apelgården S,29.294924602330255,82.07681365576103
12800807,Apelgården N,24.5254487101468,82.79569892473118
12800808,Kryddgården S,26.10983733050783,83.5314091680815
12800809,Herrgården,56.44884101160089,95.33333333333333
12800810,Kryddgården N,52.099869496410506,87.46666666666667
12800811,Törnrosen-Örtagården,50.30018192626466,89.5662368112544
12800812,Örtagården Ö,45.76114554522652,92.86549707602339
12800901,Riseberga-Storhällagatan,8.745426972887902,32.716568544995795
12800902,Riseberga-Ringbergagatan,10.884404695551801,37.359550561797754
12800903,Videdal N,18.470988920599073,51.31938125568699
12800904,Videdal S,12.769916760890013,50.44843049327354
12800905,Virentofta V,13.45944101116984,44.626593806921676
12800906,Virentofta Ö,11.613239097981596,44.35028248587571
12800907,Höja,13.320538675874879,57.43473325766175
12800908,Stenkällan-Höja,13.758912053045842,52.72727272727273
12800909,Stenkällan-Jägersro Villastad,24.72563760096674,56.88800792864222
12800910,Ö Skrävlinge-Kvarnby,11.223985261539177,41.34529147982063
12800911,S Sallerup,10.164480627362963,32.62476894639556
12800912,Almgården,20.774917039747294,55.15222482435597
12800913,Ö Skrävlinge-Gyllins,10.747414511418295,43.21959755030621
12800914,Riseberga-Elsa Anderssons gata,10.884952281797021,50.270270270270274
12801001,Kirsebergsstaden-Rostorp,14.133409366036338,46.228070175438596
12801002,Kirsebergsstaden-Solgatan,13.910166254887423,47.972972972972975
12801003,Kirsebergsstaden-Kirsebergstornet,19.05684839222284,56.0880829015544
12801004,Johanneslust,7.944023897754829,46.22991347342398
12801005,Kirsebergsstaden-Beijers park,13.871943531213793,46.4200477326969
12801006,Segevång Ö,31.949633647663013,52.569169960474305
12801007,Segevång V,26.721888089420737,52.43445692883895
12801008,Segevång N,24.620099942273423,59.97536945812808
12801009,Håkanstorp,11.82401125657823,45.1219512195122
12801010,Bulltofta-Valdemarsro,13.247457206863482,42.05020920502092
12801011,Segevång S,24.03082225874579,56.25
12810101,"Centrum, Krafts rote",6.700775306715531,25.766871165644172
12810102,"Centrum, Clemens rote",7.679471612321433,29.251012145748987
12810103,"Centrum, Vårfru rote",7.840438782509889,27.337488869100625
12810104,Mårtenslund,6.794883100618178,36.14163614163614
12810105,Nöden,7.523946117267527,32.35294117647059
12810106,Revingelyckan-Margretedal,6.210280580488733,26.54798761609907
12810107,Stampelyckan-Planetstaden,7.097709998471,32.75332650972364
12810108,"Centrum,  Drottens rote-Svanelyckan",9.223941480772615,31.12807463952502
12810109,Ulrikedal,10.03147818216316,31.904161412358135
12810110,Gylleholm,8.089038396513152,28.537735849056602
12810111,"Centrum, Färgaren",8.45662492261953,35.16597510373444
12810201,Kobjer-Sliparelyckan,10.730072457327903,38.27265029635902
12810202,Pilelyckan-Rådmansvången,16.574301497880132,38.21989528795812
12810203,Papegojelyckan Ö,8.20031708866575,34.76764199655766
12810204,Väster,9.743586948556205,36.80485338725986
12810205,Spoletorp V,4.987254435606391,28.731045490822027
12810206,Papegojelyckan V,15.47122456862321,49.762583095916426
12810207,Värpinge - Klosters Fälad,12.98296413881309,39.51890034364261
12810208,Värpinge gård,17.82224025249361,51.74953959484346
12810209,Vildanden,24.60412845092505,45.068664169787766
12810210,Måsen,15.53099374829132,32.59803921568628
12810211,Klosterhusen,5.673904570182024,29.798422436459248
12810301,Råbylund Öster,16.88581959752742,34.84688489968321
12810302,"Linero, Vikingaparken",35.90141892820835,66.95906432748538
12810303,"Linero, Tre högars park",25.734871045169616,45.56267154620311
12810304,"Linero, Gårdarike",20.57646203335795,42.08984375
12810305,Norränga,17.730663101833358,50.49365303244006
12810306,Råbylund Väster,20.1434578660748,41.52284263959391
12810401,Olshög-Professorsstaden,7.972775295568041,24.512298558100085
12810402,Spoletorp Ö,17.5111822973113,30.666666666666668
12810403,Tuna Öster,20.161290289576257,30.79847908745247
12810404,Galjevången,9.974507613311651,28.472755180353033
12810405,Möllevången Ö,12.369389991136357,29.058663028649384
12810406,Möllevången V,14.45179317654696,32.176234979973295
12810407,Plantagelyckan,8.170178485883573,29.85190958690569
12810408,Tuna Väster,19.530069403278976,31.30779392338177
12810501,Nöbbelövs centrum,19.42913641640595,46.66039510818438
12810502,Nöbbelöv-Oscarshem,9.919803380545627,33.01680058436815
12810503,Gunnesboparken,19.039779385996,46.712211784799315
12810504,"Gunnesbo, Fornängen",11.65613342576502,42.806707855251545
12811301,"Sandby, Västervång-Hardeberga",9.222430462849585,26.401630988786952
12811302,"Sandby, Kyrkovång",7.2759232685296595,34.42307692307692
12811303,"Sandby, Fågelsång-Assarhusa",6.38033649160406,35.074045206547154
12811304,"Sandby, Östervång-Revinge",5.635525046342177,28.481510621557828
12811305,Sandby Centrum,6.930292544363233,37.01527614571093
12811601,"Dalby, Centrum-Nyvång",6.416696629451746,32.11678832116788
12811602,"Dalby, Norrevång",4.59435309803596,27.74621212121212
12811603,"Dalby, Stationen-Påskagänget",8.892475090261028,29.607609988109395
12811604,"Dalby, Pinnmöllan-Rökepipan",4.4100757069255625,39.95243757431629
12811605,Torna Hällestad,2.5181392691895295,23.157894736842106
12811606,Dalby Kolonin,7.243607675421192,33.77960865087539
12812001,"Genarp, Slätterna",8.904891660500134,29.727564102564102
12812002,"Genarp, Ekesvång",3.1522802875466316,24.202898550724637
12812101,"Veberöd, Björkhaga-Trulsbo",4.017472463656405,22.795497185741088
12812102,"Veberöd, Gamla byn",4.862831470823148,28.59744990892532
12812103,"Veberöd, Idala",4.334836494409169,21.713729308666018
12812104,Veberöd Raggeborg,4.422553711527333,29.572836801752466
12812401,Hospitalsgården-Järnåkra,12.40596586995461,38.3206106870229
12812402,Nilstorp,5.662432266634375,29.765625
12812403,Klostergården SV,13.330054409914236,42.349726775956285
12812404,Klostergården N,28.77466930358232,32.957393483709275
12812405,Sankt Lars,16.491457713678088,36.669401148482365
12812406,Klostergården SÖ,23.091373484274925,58.39160839160839
12812407,Klostergården Centrum,22.6853436102315,55.47652916073969
12812501,"N Fäladen, Kämnärsrätten SÖ",11.614892436531397,37.55102040816327
12812502,Sankt Hans park,26.891999638012962,50.98684210526316
12812503,Fäladstorget,26.06511179306449,46.217331499312245
12812504,"N Fäladen, Borgareparken",12.038949243060246,36.32019115890083
12812505,Ladugårdsmarken,23.002502917857736,48.60943168077388
12812506,Annehem,10.519938254977852,24.90875912408759
12812507,Delfi,24.66823828897676,36.5967365967366
12812508,"N Fäladen, Kämnärsrätten NV",11.614856990018618,40.22857142857143
12812509,"N Fäladen, Rådhusrätten",29.75796505867591,61.280167890870935
12812510,Offerkällan,26.182955840119217,58.66983372921615
12812511,Brunnshög,23.00724265299964,33.580705009276436
12812512,"Brunnshög, Solbjer",19.69658317196471,39.53732912723449
12812601,"Östra Torn, Spexaren",13.099450185422278,44.75457170356112
12812602,Vipelyckan,8.503265684720994,32.41852487135506
12812603,"Östra Torn, Gåsatoften",14.76815168021459,39.79430379746835
12812604,"Östra Torn, Vänortsparken",22.641036008201123,37.57637474541752
12812605,"Östra Torn, Orkesterparken",14.034499664891944,39.88636363636363
12812606,Mårtens Fälad,10.82620891702274,33.30683624801272
12812701,Vallkärra,7.513975433591175,32.95362082994304
12812702,Torn,7.898794035307771,31.844029244516655
12820101,Citadellstaden,7.267244287852356,33.980582524271846
12820102,Fröjdenborg,12.332815334145868,41.87102633969119
12820103,Norra Förstaden,19.72735985967486,53.7962962962963
12820104,Centrum,18.142975691069452,42.88224956063269
12820105,Dammhagen,24.467491393335823,65.61135371179039
12820106,Gustav Adolf,18.899585811903467,58.27552031714569
12820107,S:t Olov,14.083222809998663,38.92857142857143
12820108,Albano,11.70649307676906,48.53211009174312
12820109,Larvi,8.027083386876743,38.91444342226311
12820110,Sandvången,6.807724389393054,43.774574049803405
12820111,Helgebröten,4.283247375693267,52.72727272727273
12820112,Norrestad,22.910372075110853,75.77319587628865
12820113,Karlslund,20.42830683134832,57.869481765834934
12820114,Västra Fäladen,4.026823216533625,44.50819672131148
12820115,Drottningen,2.627729771173131,32.693726937269375
12820116,Svaneholm,2.346034974345895,19.839679358717436
12820117,Norra Borstahusen,2.9516183442974007,24.920466595970307
12820118,Weibullsholm,22.74601322089066,59.889502762430936
12820201,Ven,4.670433036753417,22.10144927536232
12820301,Annelöv,3.281590303240202,19.68576709796673
12820401,Häljarp Norra,3.4412718143740944,24.347212420606915
12820402,Häljarp Södra,3.8159173896232272,26.704953338119168
12820501,Asmundtorp,4.922427966223642,25.072046109510087
12820801,Härslöv,6.667381667374414,32.45614035087719
12820802,Glumslöv Norra,2.95408826148255,22.358490566037737
12820803,Glumslöv Södra,3.3493563747296444,21.337946943483274
12830101,Olympia,15.811676809130368,32.3666978484565
12830102,Centrum S,9.907584708589955,30.60428849902534
12830103,Centrum V,5.731893016918066,18.867924528301888
12830104,Slottshöjden S,7.697512263833111,29.832303618711386
12830105,Slottshöjden N,15.568455829814381,37.33990147783251
12830106,Stattena,14.994546719170497,38.7192118226601
12830107,Centrum Ö,7.0343387352016435,21.21212121212121
12830108,Tågaborg Ö,9.97909604402364,31.24448367166814
12830109,Tågaborg S,7.138994895939078,27.017841971113
12830110,St Jörgens plats,4.3313595204750674,19.17326297273527
12830111,Tågaborg M,8.096330425682243,25.291479820627803
12830112,Tågaborg N,5.537985258864083,15.757042253521126
12830113,Pålsjöbaden,3.5391149058671947,13.16425120772947
12830114,Pålsjö Ö,11.29374442470938,35.32658693652254
12830115,Ringstorp C,10.647827787588387,33.863837312113176
12830116,Berga,15.048123348138908,41.55251141552512
12830117,Mariastaden N,14.059906258335266,26.796805678793255
12830118,Mariastaden V,6.831787280051588,27.5
12830119,Mariastaden Ö,19.47592050927293,40.50131926121372
12830120,Ringstorp Ö,10.918952143362695,38.68194842406877
12830121,Tågaborg C,6.8670289010294105,26.89075630252101
12830122,Margaretaplatsen,3.7194948468147144,22.063666300768386
12830123,Ringstorp N,9.647346885539832,30.804810360777058
12830124,Mariastaden S,10.207558600431113,29.70137207425343
12830201,Furutorp,32.5978864274391,69.72176759410802
12830202,Stadsparken,37.69234957609472,60.54794520547945
12830203,Högaborg V,38.74735403797049,62.6890756302521
12830204,Eneborg V,37.171906394989314,64.39393939393939
12830205,Wilson park,10.067547032562704,30.36053130929791
12830206,Eneborg M,29.88544774216207,53.37954939341421
12830207,Högaborg Ö,33.88911510821756,72.06477732793522
12830208,Viskängen,13.547017684308358,38.90489913544668
12830209,Närlunda,35.88321407586715,65.82857142857142
12830210,Eskilsminne,14.311948153345545,35.45543584720862
12830211,Ragnvalla,26.201383746406695,60.16847172081829
12830212,Adolfsberg-Västergård S,21.216470520938827,54.533508541392905
12830213,Sofieberg,8.002807925857576,33.898305084745765
12830214,Husensjö,5.519881523001531,30.589184826472962
12830215,Rosengården Ö,18.725324452462793,58.94607843137255
12830216,Rosengården V,17.5980106789393,43.86694386694387
12830217,Västergård N,19.802355711762374,52.11459754433834
12830218,Gustavslund Ö,10.195606881741565,31.529850746268657
12830219,Söder,37.96532950466723,67.37588652482269
12830220,Gustav Adolf,41.29906928982687,63.27503974562798
12830221,Oceanhamnen,26.71034626770662,34.449093444909344
12830222,Eneborg Ö,28.165306625119985,38.03468208092485
12830223,Rosengården C,19.088594092680886,55.061179087875416
12830224,Gustavslund V,9.768719183170278,29.3719806763285
12830301,Råå S,1.8132420492207884,21.778140293637847
12830302,Råå N,2.2332731762723212,24.97911445279866
12830303,Högasten,14.28399936059154,39.7940074906367
12830304,Lussebäcken,17.36449786464465,42.11150652431791
12830305,Planteringen S,29.234996633448564,55.41706615532119
12830306,Planteringen N,42.11784774399393,73.89749702026222
12830307,Elineberg,32.23861804098732,63.98713826366559
12830308,Ramlösabrunn,10.378494638535969,33.078101071975496
12830309,Ramlösa N,5.860266122516247,27.107887579329102
12830310,Humlegården,5.7036866638755175,27.177033492822968
12830311,Ättekulla N,14.030667805079364,42.55813953488372
12830312,Raus S,10.254230132853612,32.207207207207205
12830313,Ramlösa Ö,7.4695481083884125,21.915285451197054
12830314,Ättekulla Ö,10.55145490298174,40.82687338501292
12830401,Kattarp N,5.6517817311231875,21.405049396267838
12830501,Kattarp S,7.971725900701005,26.610644257703083
12830601,Allerum,5.657785854361732,13.8996138996139
12830602,Hittarp-Domsten,3.3233824225948863,11.796733212341199
12830603,Laröd V,3.321240807488505,16.89909762100082
12830604,Laröd Ö,4.351269707915698,21.687697160883282
12830701,Ödåkra V,12.670880539919198,35.64266180492252
12830702,Ödåkra Ö,12.434743976523576,37.33221476510067
12830703,Björka-Väla,20.472626121315884,52.850356294536816
12830901,Påarp V,9.047241870600235,29.605263157894736
12830902,Påarp Ö,4.190936192912571,26.683937823834196
12831201,Mörarp V,4.751780252185432,21.175030599755203
12831202,Mörarp Ö,5.805285473382144,25.303867403314918
12831301,Bårslöv Ö,9.477626647967027,33.761232349165596
12831302,Bårslöv V,16.567251425396933,42.19269102990033
12831601,Rydebäck N,3.081876613479407,19.853613906678866
12831602,Rydebäck S,1.909833702745474,18.199233716475096
12831603,Gantofta,2.8861213904703678,21.16724738675958
12831604,Vallåkra-Ottarp,2.9360078461996486,21.334586466165412
12831605,Rydebäck Ö,2.9271102838677843,23.769100169779286
12831606,Rydebäck M,2.6713239660743953,24.31740614334471
12831701,Fredriksdal V,31.588791598708738,62.30859835100118
12831702,Fredriksdal M,34.85066541091954,69.15544675642595
12831703,Drottninghög Ö,37.35676259577409,77.20588235294117
12831704,Drottninghög V,32.85711034439771,63.42857142857143
12831705,Dalhem-Källstorp,23.014606856303303,57.4370709382151
12831706,Dalhem S,31.640840337085372,66.8859649122807
12831707,Brohult,19.807007789805162,54.406130268199234
12831708,Lundsbäck,38.82414438101536,44.09148665819568
12831709,Fredriksdal Ö,40.56322692599991,77.60141093474427
12840001,Nyhamn V,2.9575422086611294,19.425019425019425
12840002,Nyhamn Ö - Brunnby,2.7819139897874847,20.69510268562401
12840003,Jonstorp V - Ingelsträde,3.0579182586055635,20.014044943820224
12840004,Jonstorp Ö,1.6884789218143832,17.580964970257767
12840005,Höganäs NV,5.234543813962899,30.84870848708487
12840006,Höganäs NÖ - Väsby,4.234694772884087,32.84734133790737
12840007,Höganäs C,8.586305678366347,34.48524118070554
12840008,Höganäs S,13.054167885370699,34.79968578161822
12840009,Höganäs SÖ,11.807567127630492,42.820730671197964
12840010,Höganäs Ö,9.090880398022547,36.172161172161175
12840011,Lerberget N,2.9030414677965117,21.67755991285403
12840012,Lerberget S,3.896721958430035,22.63736263736264
12840013,Viken N,1.5340992653604655,14.641995172968624
12840014,Viken Ö,2.9856209097122535,19.187208527648234
12840015,Viken S,2.19376117799198,10.03683241252302
12850101,Centrum Sydost,15.883985683861388,40.68292682926829
12850102,Centrum Väster,16.50766650485995,42.533557046979865
12850103,Karlsro,7.824058346558206,35.750421585160204
12850104,Norr,16.995866771724973,40.30612244897959
12850105,Rönneberga,20.436523187865664,48.262548262548265
12850106,Solkullen,7.078451136047762,34.857142857142854
12850107,Väster,4.283155735485338,31.16591928251121
12850108,Sallerup,12.979094021546269,39.673105497771175
12850109,Berga,15.913787268346967,48.53458382180539
12850110,Örtofta,7.770644988099542,29.574468085106382
12850111,Centrum,18.750742973867744,49.76787372330548
12850201,Stehag,2.5578985543380854,26.13960113960114
12850401,Västra Strö,10.390440605820347,20.88888888888889
12850801,Billinge,4.595401540323043,23.739837398373982
12850901,Skarhult,3.2107256620638105,22.737556561085974
12851101,Marieholm,9.511958743475217,29.818496110630942
12851301,Löberöd,5.172906700107524,21.527138914443423
12851401,Harlösa,2.8999067527962255,20.414201183431953
12851601,Flyinge,5.071316123042386,24.581939799331103
12860101,Edvinshem SÖ-Gjuteriet,7.24952274062079,36.55821917808219
12860102,Edvinshem N,3.629665218651693,33.624107850911976
12860103,Bellevue S,6.012810445015336,29.48073701842546
12860104,Bellevue N,6.209382076611001,31.41091658084449
12860105,Solbacken N,4.776673183049984,32.97350343473994
12860106,Hälsobacken,3.8037701898133727,31.551596139569412
12860107,Egna hem-Solbacken SÖ,3.913443681467096,27.281648675171738
12860108,Surbrunnen-Östra förstaden N,5.67010741859257,35.25114155251141
12860109,Ö förstaden S-Regementet-Sandskogen,8.984749294986536,32.36331569664903
12860110,Gamla staden V,8.756369099153295,37.60064412238325
12860111,Västra Sjöstaden-Åkesholm,4.316875833629815,26.905829596412556
12860112,Gamla staden Ö,9.506726367536967,36.083333333333336
12860401,Svarte-Snårestad-Bjäresjö-Sjörup mfl,2.38398033398115,22.19269102990033
12860701,StHerrestad-Hedeskoga-Bussjö-Källesj,2.7793807061153015,21.634954193093726
12861101,Nybrostrand-St Köpinge-Svenstorp,1.5592261269407885,18.682891911238368
12861102,Köpingebro,3.5248622714891487,29.62515114873035
12861201,Sövestad-Baldringe-Högestad m fl,1.9181388157783732,19.733924611973393
12861601,Löderup m fl,4.452054452347988,22.135416666666668
12861801,Glemmingebro-Ingelstorp-Kåseberga,4.2604499961875,23.785166240409207
12870101,Fuglie-Hammarlöv-Alstad,3.0422894658276354,18.151815181518153
12870102,Skegrie,2.9626313748461817,17.73049645390071
12870103,Skåre-Maglarp-Västra Tommarp,3.8775629281714936,20.050125313283207
12870104,Tågarp-Västervång,4.1946954704891795,28.46020761245675
12870105,Högalid-Lundhög,4.26587497892928,28.82882882882883
12870106,Granlunda-Söderslättshallen,5.3893855367822905,31.61764705882353
12870107,Barnängen-Liljeskolan,5.944020800690183,36.56633221850613
12870108,Parken-Trelleborg Övre,7.823026674420642,32.565130260521045
12870109,Vannhög-Bastionen,6.199539650623784,33.62521891418564
12870110,Söderslättsgymnasiet-Hamngatan,10.60384940351983,40.46511627906977
12870111,Trelleborgen-S:t Nicolai,9.871721009681096,43.12977099236641
12870112,Friheden,8.420923706298675,38.43098311817279
12870113,Flaningen,4.742183399287741,37.70180436847104
12870201,Centralstationen-Hamnen,9.380131420321861,41.5938864628821
12870202,Wemmenhögsgatan-S:ta Gertruds väg,8.864458901643602,33.46573982125124
12870203,Klockaregatan-Österlid,12.955642639122292,44.982698961937714
12870204,Flintedal-Kyrkoköpinge-Malörten,10.482153579554183,42.93248945147679
12870205,Pilevall-Dalköpinge kyrka,13.808068081529663,52.16346153846154
12870206,Fagerängen-Östra stranden,14.49293353600451,44.564152791381
12870207,Dalköpinge-Svartesjö,3.2410027448073215,22.51595259799453
12870208,Gislövs läge-Gylle-Bösarp,2.8512241477557083,18.895599654874893
12870209,Norra Åby-Böste,2.106864767793971,18.67862969004894
12870210,Stora Isie-Äspö-Smygehamn,2.3864787108223524,23.370429252782195
12870211,Beddingestrand,1.9885289866183589,18.46661170651278
12870212,Jordberga-Klagstorp-Önnarp,2.2171555109874643,20.265486725663717
12870213,Anderslöv östra-Grönby-Näsbyholm,2.4162327815489926,20.2020202020202
12870214,Anderslöv västra-Lilla Alstad,2.7119424922305533,19.21951219512195
12900101,Centrum,23.131425166687507,41.840680587780355
12900102,Söder-Udden,18.14567763180205,44.44444444444444
12900103,Söder,16.74621440386165,34.69534050179212
12900104,Östermalm,13.422662044765417,35.57823129251701
12900105,Egna Hem - Parkstaden,12.54812326446233,28.4
12900106,Lyckans Höjd,20.65642775381603,44.499178981937604
12900107,Östra Fäladen,25.326491815790288,52.348993288590606
12900108,Gamlegården1,56.110208844175894,88.86283704572098
12900109,Gamlegården2,52.50444656897576,83.53174603174604
12900111,Kulltorp,14.465305893463974,36.39514731369151
12900112,Näsby norra,24.968354245519805,57.916666666666664
12900113,Näsby södra,22.79884405912164,48.33501513622603
12900114,Österäng,29.02628436997644,69.88372093023256
12900115,Öllsjö,5.151751867011901,27.384615384615383
12900116,Sommarlust,22.603831577443483,44.78330658105939
12900209,Charlottesborg - Härlöv,18.286348374143813,54.11030176899064
12900210,Hedentorp - Åsum,7.888297009300928,34.320809248554916
12900216,Vilan-Långebro,18.681761905626292,45.60344827586207
12900402,Träne - Djurröd - Skepparslöv,4.233633713918308,16.2985529322163
12900702,Vä,4.694343619972926,25.561426684280054
12900803,Köpinge - Nöbbelöv,2.3856986043723794,21.304347826086957
12900901,Hammar,8.521426829071983,32.399626517273575
12900902,Nosaby,11.93429167541011,35.88957055214724
12900903,Hammarslund-Gamla Hammar och Araslöv,10.684705171119367,31.641554321966694
12901103,Österslöv - Balsby - Fjälkestad,18.100632253870973,22.731356693620846
12901303,Önnestad-Norra Strö,3.4731538617556383,23.916083916083917
12901401,Färlöv,5.135554958471982,31.40200286123033
12901501,Åhus centrum,2.986503079708389,18.92265193370166
12901502,Åhus-Täppet,1.505072840143825,18.1894383906119
12901503,Åhus Transval-Sånna,1.9851413395222768,26.578699340245052
12901505,Åhus Vattentornet-Ripa,1.6189322217811177,19.662556781310837
12901506,Åhus Äspet,1.5928105696103056,12.002892263195951
12901507,Åhus Vanneberga - Östra Sand,1.7163834325780227,17.690058479532162
12901701,Everöd - Östra Sönnarslöv - Huaröd,3.10818547404886,22.995461422087747
12902301,Bäckaskog,2.2359746834215546,20.649651972157773
12902401,Fjälkinge - Nymö,4.119710870817234,24.923780487804876
12902501,Gustav Adolf - Rinkaby,4.9109033716798836,25.457102672292546
12902901,Degeberga - Hörröd,2.3421898603771423,23.859087269815852
12903001,Yngsjö - Vittskövle - Maglehem,2.079525309015135,21.898660454280723
12903103,Tollarp-Linderöd-Äsphult,3.335268184843508,19.396903015484924
12903201,Tollarp centrum södra,4.800730458215777,25.89098532494759
12903202,Tollarp centrum norra,4.713794946429081,27.86745964316058
12903501,Oppmanna - Vånga - Arkelstorp,2.6797615556836822,22.08504801097394
12910101,Simrishamn N,5.786773447358618,33.68421052631579
12910102,Simrishamn C,15.173061529273049,41.16485686080948
12910103,Simrishamn S,11.55164719693083,38.839645447219986
12910204,Simris,6.662837522523457,28.300180831826403
12910408,Gladsax,3.987285653696164,21.09090909090909
12910609,Skillinge,2.1291859324347246,22.761194029850746
12910710,Borrby,3.3526174076955355,24.5385450597177
12911114,Gärsnäs,4.196863472421475,24.985092426952892
12911316,Hammenhög,4.809591456843483,23.799795709908068
12911720,S:t Olof,2.950638949831874,24.10189418680601
12911922,Kivik,2.453323278136174,21.608448415922016
12920101,Ausås-Strövelstorp,3.9647651919731404,20.53824362606232
12920102,Höja-Starby,3.3875712158627223,13.846153846153847
12920103,Skörpinge,4.902297959672586,26.8
12920104,Södra Utmarken,3.269576574564679,30.277442702050664
12920105,Willan,17.13813679044412,42.49116607773852
12920106,Ängavången,10.534047532104626,32.776162790697676
12920107,Centrum S,5.227008054903965,28.807658833768496
12920108,Nya Torg,9.01829492201816,32.21912720519963
12920109,Sockerbruket,5.410120764986618,35.337787676317745
12920110,Danielslund,4.602133577732861,22.413793103448278
12920111,Centrum N,8.080299566360255,26.82170542635659
12920201,Kungsgården,12.786218445605487,43.405797101449274
12920202,Munka Ljungby S,5.686221234499798,26.882477128782547
12920203,Tåssjö-Össjö,1.817491300034706,19.98722860791826
12920204,Munka Ljungby N,2.9026771115760335,24.38080495356037
12920205,Rebbelberga,3.8546059869855127,28.16622691292876
12920206,Pomona,2.9378296968054656,23.714504988488105
12920207,Skälderviken,2.7110049611636535,17.769718948322755
12920208,Magnarp,1.2400842304924375,19.09090909090909
12920209,Vejbystrand,2.8495394133592353,27.528089887640448
12920210,Hjärnarp S,2.854869654199227,23.177366702937977
12920211,Hjärnarp N,2.1534880790239295,22.520852641334567
12930101,T4-området,14.48142982900759,37.88027477919529
12930102,Gäddastorp,11.464399232269287,26.045400238948627
12930103,Bokeberg,10.170621178863023,42.54859611231102
12930104,Stattena,10.98074892106906,32.35849056603774
12930105,Hässleholm C,16.957324688519915,42.8921568627451
12930106,Djupadal,17.329179435731465,33.04130162703379
12930107,Haga,15.388263054408034,39.1025641025641
12930108,Kristinehem-Ekedal,11.889385791592384,34.70899470899471
12930109,Sjörröd,3.625971111635107,23.475046210720887
12930110,Östervärn-Röinge,13.573289301273173,33.53552859618718
12930111,Läreda,40.545786236937715,72.25063938618926
12930112,Ljungdala,10.405632884141177,40.9990574929312
12930113,Fredentorp,7.838259579951794,35.30239099859353
12930114,Bokalyckan,11.37965449865796,33.630289532293986
12930301,Stoby-Ignaberga,4.53829471399303,21.01133391455972
12930302,Ballingslöv,3.449709547618364,19.921875
12930501,Vinslöv C,2.222222911570056,27.338709677419356
12930502,Vinslöv N,2.5711865015727837,24.114671163575043
12930503,Vinslöv S,2.167795430909533,19.72176759410802
12930901,Hästveda V,3.4067034828187808,20.518602029312287
12931002,Hästveda Ö,5.975025355591282,24.6690734055355
12931203,Vittsjö utom tätorten,4.027638971750224,16.86429512516469
12931204,Vittsjö tätort,9.480686803030027,27.530747398297066
12931301,Bjärnum S,5.9811589160552865,27.324913892078072
12931302,Bjärnum N,5.390833297703476,24.203187250996017
12931402,Vankiva,7.3885843702213645,19.174434087882823
12931503,Sösdala Ö,4.962750822320426,22.03166226912929
12931504,Sösdala V,6.847331404809345,26.688815060908084
12931704,Tormestorp,3.6146565209245716,23.69263607257204
12931901,Tyringe N,10.24743114617142,30.837988826815643
12931902,Tyringe V,7.403198825499077,28.240252897787144
12931903,Finja,3.826771841054234,24.949494949494948
12931904,Tyringe S,3.089905448750374,22.06025267249757
12932005,Röke-Hörja,1.2299665700722033,17.15210355987055
13150101,Torup,9.587444044851683,37.538148524923706
13150102,Rydöbruk-Femsjö,4.899938896203288,26.773455377574372
13150201,Kinnared-Drängsered,3.635252615668206,22.55083179297597
13150401,Landeryd-Långaryd,2.0095772111454826,22.92490118577075
13150501,Hyltebruk,15.900872841675703,46.08695652173913
13150502,Örnabäckshult,21.2258495726222,48.11083123425693
13150503,Staffansbo,13.9028681128233,36.0864040660737
13150701,Unnaryd-Jälluntofta,4.483089812144341,25.892857142857142
13800101,Centrum norra,8.209741866230027,32.01320132013201
13800102,Centrum västra,7.86572380686203,36.67355371900826
13800103,Centrum södra,8.035947729827328,35.55070883315158
13800104,Galgberget västra,7.124361816343973,25.40650406504065
13800105,Galgberget östra,7.619493819893645,38.28740157480315
13800106,Kärleken-Sofieberg västra och södra,5.160585116830326,34.378499440089584
13800107,Kärleken-Sofieberg östra,5.279670813204855,33.02217036172696
13800108,Mickedala,4.9609671020257515,30.05366726296959
13800109,Rotorp norra,9.460583750867466,39.190523198420536
13800110,Rotorp södra-Alet,6.315501430955803,31.803962460896766
13800111,Kattegatt,6.136145685149734,32.40816326530612
13800112,Slottsjord,5.9148549406744975,32.040627885503234
13800201,Centrum östra-Gamletull södra,13.55140461634563,40.44117647058823
13800202,Gamletull västra,5.646183273904449,31.20510774142059
13800203,Gamletull norra och östra,9.61821466743912,39.381443298969074
13800204,Furet,6.556604952941141,33.6529242569511
13800205,Frennarp,3.5462008148394815,38.36978131212724
13800206,Nyatorp norra,18.108463582744523,38.47533632286996
13800207,Nyatorp södra,15.809007601123675,44.31818181818182
13800208,Nyhem västra,23.961187309077793,48.36734693877551
13800209,Nyhem norra och östra,22.173835489067923,52.65188042430087
13800210,Nyhem södra,24.94322145272061,47.07757704569607
13800211,Engelbrekt västra och södra,12.966735204956194,41.84049079754601
13800212,Östra Förstaden-Engelbrekt norra,10.370495619657198,34.64912280701754
13800213,Engelbrekt östra-Östra Stranden,25.792922303543147,37.30569948186528
13800214,Linehed södra,25.7601971943089,73.24137931034483
13800215,Linehed norra,23.148970070211476,53.732912723449004
13800216,Gustavsfält norra,28.778424356312406,63.21989528795812
13800217,Gustavsfält södra,32.18898957209296,69.44444444444444
13800218,Andersberg norra,47.141580340304834,83.17972350230414
13800219,Andersberg södra,43.840659204784934,84.070796460177
13800301,Vallås västra,23.2307124974257,63.34164588528678
13800302,Vallås norra,16.010058449352357,56.14035087719298
13800303,Vallås östra,11.925520379870951,49.221789883268485
13800304,Vallås södra,14.690542538699106,53.821313240043054
13800305,Snöstorp östra-Brogård,4.581578841386223,36.53663177925785
13800306,Snöstorp västra,5.347199651131989,36.554621848739494
13800307,Fyllinge norra,9.052321298875661,54.130434782608695
13800308,Fyllinge södra,11.048385029642125,49.786142001710864
13800309,Skedala-Marbäck,2.9932241864037095,22.80534351145038
13800401,Simlångsdalen,2.0985506902538233,23.19778188539741
13800501,Oskarström västra och södra,6.898135280798388,41.30702836004932
13800502,Oskarström norra,6.409748763506028,38.095238095238095
13800503,Oskarström östra,4.536762159649126,32.91479820627803
13800701,Eldsberga-Tönnersjö,1.8650764640764528,27.697441601779754
13800702,Gullbranna-Laxvik,2.744729249350535,25.568797399783314
13800801,Trönninge,5.466500654014218,31.32328308207705
13800901,Söndrum södra,2.7016922919338886,23.165618448637318
13800902,Eketånga-Stenhuggeriet östra,3.452535678826061,22.14765100671141
13800903,Söndrum norra-Vapnö,2.615360916483454,22.278056951423785
13800904,Bäckagård-Pålsbo norra,5.760835688045965,33.81443298969072
13800905,Bäckagård-Pålsbo södra,5.086080215328252,38.118811881188115
13800906,Bäckagård-Trottaberg västra,3.0949720668669674,23.18840579710145
13800907,Frösakull östra,1.9389603394848014,20.967741935483872
13800908,Frösakull västra-Tylösand,3.3386224008499235,10.932798395185557
13800909,Eketånga-Stenhuggeriet västra,2.7209439993402986,20.79107505070994
13800910,Bäckagård-Trottaberg östra,5.704229877962671,21.812749003984063
13801001,Kärleken-Sofieberg norra-Holm,3.175762958717257,26.763717805151177
13801101,Gullbrandstorp södra-Villshärad,1.7179306126393368,29.080675422138835
13801102,Gullbrandstorp norra-Onsjö-Ågarp,1.8651952283737712,25.482233502538072
13801103,Haverdal,2.3050271290178164,24.708304735758407
13801104,Harplinge,1.7493186334235449,29.169728141072742
13801201,Steninge-Särdal,1.9040205277505364,19.96086105675147
13801401,Getinge södra-Rävinge,5.0997681787867535,34.19282511210762
13801402,Getinge norra,5.963695588036909,30.53735255570118
13801701,Kvibille-Slättåkra,1.2610420939624158,23.883161512027492
13801901,Åled västra,3.4036579034720496,29.966703662597116
13801902,Åled östra-Sennan,3.463615432367275,28.571428571428573
13810101,Laholm Centrum,11.278795450210248,38.922764227642276
13810102,Laholm Östra,13.722280220364961,46.99588477366255
13810103,Laholm Västra,6.1984676753616785,30.685131195335277
13810104,Laholm Norra,6.896736337440804,29.50544844928751
13810105,Laholm Södra,12.343527546288533,37.93103448275862
13810106,Mellbystrand Södra,1.8520586377666537,20.94298245614035
13810107,Mellbystrand Norra,1.850531455419878,20.729166666666668
13810301,Våxtorp,4.439559170512722,21.894904458598727
13810501,Hasslöv-Skottorp,4.6184629817601515,20.417633410672853
13810502,Skummeslöv,2.123215778964197,21.583178726035868
13810601,Hishult,2.202365905879206,17.848101265822784
13810701,Ränneslöv,1.143352727086931,19.78798586572438
13810801,Vallberga-Ysby,4.1864585933330165,26.607538802660756
13810901,Knäred,7.90926518615577,26.58846529814272
13811101,Veinge,3.0197184319337844,23.44161545215101
13811102,Tjärby,7.934193448560758,31.487513572204126
13820101,FBG 1 V Gärdet-Hamnen-Gamla stan,12.409295930225639,38.63447127393839
13820102,FBG 2 Arvidstorp,11.196328101206474,47.18614718614719
13820103,FBG 3 Herting,15.662817218762605,38.42058562555457
13820104,FBG 4 V Gärdet-Smedjeholm,9.3398234983408,45.07160909856782
13820105,FBG 5 Centrum,14.026255800961348,41.046425939572586
13820106,FBG 6 Ö Gärdet-Vindilen-Fajans,9.067091423080967,44.29727740986019
13820107,FBG 7 N Skrea Strand,5.387599668717325,25.196163905841324
13820108,FBG 8 Hjortsberg,4.37073703355041,40.72700296735905
13820109,FBG 9 Tånga-Sloalyckan-V Tröinge,16.299212594440462,47.72908366533864
13820110,FBG 10 Falkagård-Stafsinge,12.141339248877793,43.59190556492411
13820112,FBG 12 S Skrea Strand-Ringsegård,3.0458066760732945,23.164335664335663
13820201,Skrea Samhälle-Ringsegård,2.3253107032983635,26.572958500669344
13820202,FBG 11 Slätten,5.235286871003374,44.25196850393701
13820301,Årstad,4.870066098646509,22.33201581027668
13820601,Slöinge,8.003920807931545,32.19895287958115
13820701,Ugglarp-Långasand,2.001537206522391,24.364896073903
13820801,Skogstorp,7.716646515887033,43.15496872828353
13820901,Glommen-Olofsbo,2.4857812030836945,26.737530662305804
13820902,Långås-Morup,4.400626997456297,24.25978987583572
13821001,Ljungby,2.1858325705600383,21.196358907672302
13821101,Tröingeberg,6.278822730645772,37.26135615536537
13821102,Vinbergs Samhälle och kyrkby,6.16586109553331,27.97281993204983
13821201,Vessigebro,4.09149293240763,26.409774436090224
13821501,Köinge-Okome,4.7249985347066845,22.465753424657535
13821901,Ätran-Fegen,3.1381001796479047,22.192866578599737
13822301,Ullared,8.189476707916286,26.379690949227374
13822401,Älvsered,3.2477432529541304,20.602409638554217
13830121,Värö,3.3145356518953504,24.011103400416378
13830122,Stråvalla,3.523921727568402,23.798076923076923
13830123,Veddige V,3.6380450651753353,31.46067415730337
13830124,Veddige Ö,5.202058271908011,27.318932655654383
13830126,Bua,5.257348978441431,31.83118741058655
13830129,Tångaberg-Kärra-Åskloster,2.223346193909946,27.243066884176184
13830130,Bläshammar-Trönningenäs,2.6959013537201484,29.74404236540159
13830131,Lindberg-Tofta-Torpa,2.649823230878381,23.846153846153847
13830132,Valinge-Stamnared,2.1069621558989287,21.6255442670537
13830135,Brunnsberg-Norrdal,8.951177612278215,43.639575971731446
13830136,Stenåsa-Äckregården,9.46613343638255,45.07168458781362
13830137,Gamleby,6.971913385194293,32.64996203492787
13830138,Trädlyckan,6.190555899345892,41.08723135271808
13830139,Håsten,13.047283435115636,56.42787046123651
13830140,Karlberg,8.166716961646951,40.093896713615024
13830151,Kungsäter-Karl Gustav-Gunnarsjö,1.9541668296252543,20.0238379022646
13830152,Derome-Sällstorp-Grimmared,2.1139842880549855,25.550239234449762
13830153,Getterön-Lugnet-Göingegården Ö,7.060340206165012,39.34030571198713
13830154,Trönninge-Göingegården V,3.221808232823683,31.871345029239766
13830221,Skällinge-Nösslinge,1.2763197344325217,25.578034682080926
13830222,Rolfstorp,2.6591706848237595,27.235213204951858
13830223,Träslöv N,2.890735919671294,34.17989417989418
13830224,Grimeton-Gödestad-Hunnestad,1.3388718405379414,24.57482993197279
13830225,Varberg centrum S,4.09985637759114,32.65625
13830226,Varberg centrum N,8.320880371236491,40.67028985507246
13830227,Lorensberg-Tranelyckan,5.337251823023206,30.98901098901099
13830228,Lilla Träslöv,3.600744147169744,32.91139240506329
13830229,Hästhaga-Rosenfred,3.474119265245694,34.36714165968147
13830230,Mariedal,6.242998788641591,38.519447929736515
13830231,Sörse-Apelvikshöjd,11.920246127948364,51.76470588235294
13830232,Sörse-Ranelid,14.48807133763581,50.11185682326622
13830235,Apelviken-Nygård,3.4318494766780563,26.923076923076923
13830237,Träslövsläge NV,2.0299040071627545,28.436763550667713
13830238,Träslövsläge SÖ,3.0388281981226197,27.394807520143242
13830239,Tvååker V,3.712701922936708,31.6017316017316
13830240,Tvååker Ö,3.6002944845546834,32.34323432343234
13830251,Breared,3.877189721225215,34.34944237918216
13830252,Träslöv S,3.3509421566878954,33.02540415704388
13830253,Spannarp-Sibbarp-Dagsås,2.015731454792668,24.34077079107505
13840101,Innerstaden,9.05922368190885,23.195380173243503
13840102,Västra Villastaden,4.825413356787183,26.234567901234566
13840103,Ö Villastaden/Signeskulle/Gårdskulla,4.612577019816576,25.73913043478261
13840104,Hålabäck,9.72693439826803,29.74137931034483
13840105,Hammerö,12.412588605593273,31.1787072243346
13840106,Hammerö Södra/Västra,8.03538084355983,25.53846153846154
13840107,Tingberget,10.926138925567443,29.560439560439562
13840201,Varla Södra,14.573493144323908,40.896614821591946
13840202,Varla Norra,5.807720805510532,26.68288726682887
13840203,Tölö,4.165816016039194,22.304147465437786
13840204,Fors,2.744919469097306,25.888324873096447
13840205,Hede,3.101845194267262,29.356846473029044
13840206,Björkris,5.788852555660093,24.432263116679717
13840301,Anneberg,6.47880705357653,26.08318890814558
13840302,Älvsåker,3.0434490323543764,23.911187019641332
13840401,Vallda Sandö,3.061227593211667,19.25311203319502
13840402,Vallda Lerkil,2.1841467833865638,17.387883556254916
13840403,Vallda Bröndome,5.803757834891111,17.448200654307524
13840404,Vallda Backa,3.0180829992327745,21.26050420168067
13840501,Kyvik,2.5528382648567978,7.896625987078249
13840502,Kullavik Centrum,4.50498115828063,15.128205128205128
13840503,Släps Kullen,2.7240564737842177,8.392511297611362
13840504,Malevik/Släps Inland,4.287297841443777,16.5424739195231
13840505,Bukärrs Centrum,2.64607785281243,12.240802675585284
13840506,Särö,2.9877883397861034,9.821428571428571
13840601,Frillesås Landsbygd,3.3277953710642847,25.890736342042754
13840602,Frillesås Kust,5.066411939064752,26.30350194552529
13840801,Ölmevalla Östra,4.488425110189522,24.164278892072588
13840802,Ölmanäs,1.560311097496835,19.94991652754591
13840803,Åsa Centrum,4.635150927674429,28.104026845637584
13840901,Gällinge/Idala/Förlanda,2.7159182538458904,19.984076433121018
13841201,Fjärås Norra,3.571251781868284,21.940622737146995
13841202,Fjärås/Må,5.9634130674233745,28.31615120274914
13841203,Fjärås Södra,3.0448237908315847,19.20326864147089
13841301,Hanhals,5.259826570536297,18.128654970760234
13841401,Forsbäck/Oskarsberg,3.9292856157935936,16.656269494697444
13841402,Presse/Skällared,2.4930609752688473,18.445121951219512
13841403,Onsala Kyrka,3.2196898839664088,19.31364724660814
13841404,Onsala Rydet,2.078130713496188,15.53156146179402
13841405,Gottskär,3.2555317271935476,14.060963618485742
13841406,Vässingö/Röda Holme,2.3040366123496883,18.386491557223266
13841407,Onsala Västra,2.1558370180191786,20.66062176165803
13841408,Kolla Norra,5.303676828244626,25.632563256325632
13841409,Kolla Södra,5.54707462420543,21.8978102189781
13841411,Onsala Södra,2.8258468255622238,15.0
13841412,Åsa kust,4.304336633532764,18.65671641791045
14010101,Härryda,4.802113412136663,27.79783393501805
14010201,Backa-Eskilsby m.fl.,5.001365250633358,25.912921348314608
14010202,Landvetter centrum V-Skårtorp m.fl.,9.791079978304031,32.14007782101167
14010203,Landvetter centrum Ö-Snåkered m.fl.,4.30369192325651,25.258141382049246
14010204,Önneröd-Salmered,2.807987186996099,26.956521739130434
14010205,Tahult-Byvägen m.fl.,4.158861599881442,25.619249823071478
14010301,Kindbogården-Solsten m.fl.,5.3078432003797085,27.47068676716918
14010302,Säteriet-Bråta m.fl.,20.086540169104662,51.44995322731525
14010303,Mölnlycke centrum m.fl.,6.133973137339899,29.877551020408163
14010304,Pixbo m.fl.,3.9119383614214662,25.484120836560805
14010305,Högadal-Övre Skogen m.fl.,8.41637858533067,31.884057971014492
14010306,Djupedalsäng m.fl.,6.088147591232504,27.158273381294965
14010307,Nedre Skogen-Skinnefjäll m.fl.,9.888176908264471,33.755656108597286
14010308,Orrekullen-Långetjärnshöjd,3.629781250459056,23.038229376257544
14010309,Båtsmanstorpet m.fl.,4.547770598209192,25.206611570247933
14010310,Nysäter-Benareby m.fl.,4.37392602846006,21.03799814643188
14010311,Mölnlycke fabriker m.fl.,8.148958001013144,30.20979020979021
14010401,Älmhult-Bocköhalvön m.fl.,3.4779299450323804,25.834970530451866
14010402,Rävlanda,6.5095727747949175,32.02614379084967
14010403,Hällingsjö,4.286130330290031,29.70479704797048
14010404,Hindås centrum-Ingelse m.fl.,4.79803953971442,28.52173913043478
14020101,Brattåskärr S–Fröjasten–Soldatängen,6.317635711267819,27.74907749077491
14020102,Oxled–Soldatheden,12.589790692379346,41.19266055045872
14020103,Kullegården S–Puketorp,6.361948564785239,27.23823975720789
14020104,Vallhamra C–Ljungkullen,14.541322153500323,42.114384748700175
14020105,Brattåskärr N–Sotenäs S,7.377286131558252,25.729244577412118
14020106,Bethala-Sotenäs N,7.543398501509995,24.130105900151285
14020107,Kullegården N-Finngösa,11.655805457949622,32.46471226927253
14020108,Övre Björndammen-Björndammsterassen,17.35473707109986,44.740177439797215
14020109,Östra Centrum-Brodalen-Lexby Ö,16.24759295519066,44.30379746835443
14020110,Oluf Nilssons väg,28.529410308529215,57.03611457036114
14020111,Partille Centrum,24.51615917958696,48.125937031484256
14020112,Mellby-Paradiset,14.825144143482241,33.175355450236964
14020113,Lexbydal-Lexby V-Kåhög,7.908742655515209,29.943502824858758
14020114,Jonsered-Uddared,7.336949687496904,40.39408866995074
14020115,Skulltorp-Kåbäcken,15.834840152798598,41.15183246073298
14020116,Nedre Björndammen-Furuskog,23.469014275020413,39.596602972399154
14020117,Furulund,6.953617269761189,33.57731015553522
14020118,Timmerslätt,7.268096030828284,37.29977116704806
14020119,Björndammens Torg-Stenliden,17.022452975368914,45.87884806355511
14020120,Hålsjöområdet-Öjersjö S,5.0178124003100795,19.626998223801067
14020121,Kåsjöområdet-Öjersjö N,6.008763942124311,21.758664955070603
14020122,Öjersjö Ö,6.518696751017988,29.0512174643157
14070101,"Björkö, Grötö och Kalvsund",2.699525330519229,31.148748159057437
14070105,"Hyppeln, Hälsö, Knippla och Rörö",2.2724629762706123,24.94824016563147
14070106,Hönö Nordväst,3.5731296583970438,22.52252252252252
14070107,Hönö Nordost,2.0682225119024835,29.27659574468085
14070110,Öckerö Norra,2.9354437556477864,22.09405501330967
14070111,Öckerö Södra,3.0642007922941374,22.60089686098655
14070112,Fotö och Hönö Södra,2.755020122661353,19.738406658739596
14150101,Spekeröd,1.7489767395475513,18.566392479435958
14150201,Stenungestrand-Stenungsön-S Askerön,6.856071567704366,31.95635229929852
14150202,Doterödsvägen-Nyborg,5.666281820011308,33.11827956989247
14150203,Brudhammar-Kopper-Kristinedal,7.799356744131759,36.64596273291925
14150204,Hasselbacken-Uppegårdsvägen,30.079803391845306,52.02247191011236
14150205,Ekbacken-Hällebäck-Högenorum,4.263490772441529,33.66834170854271
14150206,Kyrkenorum,3.621043635864066,31.89873417721519
14150207,Hallerna-Strandkärr,3.5455179499232083,27.447392497712716
14150208,Strandnorum-Kåkenäs,2.636917779289688,20.674646354733405
14150209,Kvarnberget-Solgårdsterassen,10.556911666974088,32.298136645962735
14150301,Näs-Apleröd-Stripplekärr,2.4894232639486895,26.422764227642276
14150302,Berg-Käderöd-Hällesdalen,2.3267986758521295,28.331688055281344
14150401,Svenshögen-Ucklum,3.000882335930787,25.403225806451612
14150501,Getskär-Valeberget,1.9890602188709088,24.555984555984555
14150502,Anrås-VästraTorp-Saxeröd,1.686974435076346,26.906779661016948
14150503,Källsby-Sävelycke-Timmervik,3.671740429695461,29.41176470588235
14150504,Gilltorp-Rämma-Högen,2.70584347445183,23.556942277691107
14190101,Myggenäs,2.489374973002141,24.3
14190102,Valla,3.040700765825266,27.08505367464905
14190103,Höviksnäs-Hakenäset,4.425204158680745,33.064516129032256
14190201,Södra Skärhamn,4.702863804971977,21.27008416220352
14190202,Norra Skärhamn,5.2717771779005895,24.500907441016334
14190203,Bleket-Klädesholmen,2.953427836911593,19.333333333333332
14190204,Kållekärr,8.022743042792246,30.661577608142494
14190205,Stenkyrka,2.4604461542323564,23.88781431334623
14190303,Rönnäng,3.0158731491559276,19.38534278959811
14190501,Klövedal,2.3744993312534177,31.6247582205029
14210101,Orust västra,0.5645038930386617,26.78151918559123
14210201,Henån södra,5.070129562227415,31.897341888175987
14210202,Henån norra,6.8137802311490345,31.603408210689388
14210301,Varekil,2.409810643840309,25.0
14210401,Svanesund norra,2.419031625920143,25.08992805755396
14210402,Svanesund centrum,4.361404538350774,29.774872912127815
14210601,Orust nordöstra,2.3406204442374077,28.929889298892988
14211001,Ellös,3.785588756497345,29.19438285291944
14270104,Kungshamn södra,4.341932197803925,27.05515088449532
14270109,Kungshamn Norra-Hovenäset,7.871191784223392,34.38177874186551
14270306,Askum-Väjern-Malmön,4.6275035245844665,25.576923076923077
14270401,Smögen,2.931855150491655,20.780711825487945
14270507,Hunnebostrand,5.013361755328062,30.73286052009456
14270508,Bovallstrand-Tossene,3.5514334104758722,24.90118577075099
14300101,Munkedal 1-Söder-Håby-Tungenäset,4.424941376675428,24.688796680497926
14300102,Munkedal 2-Väster-Centrum,10.377417540883465,40.635451505016725
14300103,Munkedal 3-Öster-Valbo Ryr,2.9082449605322895,33.13407344150299
14300505,Dingle-Bärfendal,5.5918657505370195,29.101796407185628
14300506,Hällevadsholm-Svarteborg,2.7341080186173516,23.933649289099527
14300808,Sörbygden,2.0935101606582744,17.951668584579977
14350203,Tanumshede,14.384471617727288,33.30019880715706
14350204,Grebbestad norra,3.6650344276324276,22.690763052208837
14350205,Grebbestad södra,3.5103792355558787,26.143790849673202
14350301,Tanumshede-Lur,6.485241979167568,27.308447937131632
14350401,Bullaren,1.536406206177666,19.39203354297694
14350601,Hamburgsund,1.6330983219188357,30.18867924528302
14350603,Kville-Rabbalshede,1.4375003592187618,23.59121298949379
14350701,Fjällbacka,4.822615986335265,27.32919254658385
14380101,Dals-Ed Nord,4.632480293859458,27.40076824583867
14380102,Dals-Ed Syd,2.2759984141889658,14.90015360983103
14380103,Dals-Ed Centrum,4.867327277448365,26.788990825688074
14390101,Färgelanda,5.869942168845889,30.81438004402054
14390205,Ödeborg-Stigen,4.33396913296193,26.70957361222848
14390811,Högsäter och norra kommundelen,3.2887974579192503,17.359413202933986
14400101,Nödinge södra,7.18887384670067,38.99119295436349
14400102,Nödinge östra,14.533506643986943,34.90384615384615
14400103,Surte norra,12.77701102484355,41.313559322033896
14400104,Surte södra,14.167782153565382,41.54013015184382
14400105,Bohus södra,12.41571702925803,42.32902033271719
14400106,Bohus norra,12.585236381368984,43.080625752105895
14400107,Nödinge centrum,28.708681501143744,58.20754716981132
14400210,Skepplanda norra - Hålanda,2.3458811098163688,24.012806830309497
14400311,Skepplanda östra,5.291230259599792,33.0521472392638
14400312,Skepplanda västra,5.853902832110354,27.162790697674417
14400414,Starrkärr,1.926504169447587,20.3125
14400515,Älvängen centrum,6.744767666850476,32.91384317521781
14400516,Älvängen södra,6.204589238367115,30.009407337723424
14400517,Älvängen norra,6.6596646355236535,35.03562945368171
14400518,Nol norra,12.833988906667308,41.30434782608695
14400519,Nol södra,7.986047738120695,41.33083411433927
14400521,Älvängen östra,6.44469776353817,36.095238095238095
14400622,Alafors västra,5.62440787244065,41.8848167539267
14400623,Alafors östra,5.387607977744489,35.96214511041009
14410101,Västra Hulan - Bråta,7.12250166183641,33.108758421559195
14410102,Östra Hulan - Öxeryd,5.073224186662156,32.55605381165919
14410103,Rydsberg - Almekärr,4.492087829238592,27.49800159872102
14410104,Ljungsbacken - Stamsjön,2.841290850665818,20.0
14410105,Södra Lerum - Slätthult,3.6754927243348794,22.702205882352942
14410106,Centrala Lerum,7.0389987692351434,34.36073059360731
14410107,Norra Aspenäs - Axåsen,3.0053041976397683,20.159857904085257
14410108,Södra Aspenäs - Torpadal,3.2729926765763446,20.40358744394619
14410109,Södra Hallsås,4.681747793918678,30.407523510971785
14410110,Norra Hallsås - Höjden,5.274602276186237,29.784172661870503
14410111,Stenkullen - Hedefors,5.342465015708778,31.17408906882591
14410212,Uddared - Oryd,3.416334597884721,33.89355742296919
14410213,Centrala Floda - Nordåsen,5.7908815818348796,30.560271646859082
14410214,Drängsered - Hästhagen,5.671007489004036,31.596638655462186
14410215,Hyltorna - Öjared,4.197321348330309,29.852045256744997
14410216,Berghult - Ryggebol,4.554430733177217,25.76923076923077
14410217,Kyrkmossen - Lindskogen,5.519900911564858,25.21834061135371
14410218,Tollered - Norsesund,4.192814848595447,30.222693531283138
14410319,Olstorp,5.335265413903881,30.08057296329454
14410320,Stannum - Ljungvik,4.779723380929615,32.93978748524203
14410321,Aggetorp - Björboholm,6.24488069305999,27.6326207442597
14410322,Centrala Gråbo,11.102486050915275,38.33049403747871
14410323,Brattås - Hjällsnäs,6.5514049982374525,33.86581469648562
14410424,Sjövik,9.140857177710767,34.15682062298604
14420101,Lena-Bergstena-Fullestad,1.4987511946604153,20.106761565836297
14420402,Siene-Hol-Horla,2.463119245575853,18.208373904576437
14420703,Nårunga-Ornunga m.fl.,1.5109890878497525,21.844660194174757
14421305,Algutstorp-Landa,6.801019190122053,33.69565217391305
14421407,Vårgårda N,5.280866640483745,27.349524815205914
14421408,Vårgårda V,11.683944812410628,33.374233128834355
14421409,Vårgårda Centrum,19.545962562912344,47.36842105263158
14421410,Vårgårda Centrum Ö,25.12342688994708,42.215988779803645
14430201,Olsfors,5.320400117341568,31.758793969849247
14430202,Bollebygd Väst,3.1130818979997525,22.137404580152673
14430203,Bollebygd Syd,5.563686993797812,27.106227106227106
14430204,Bollebygd Öst,3.591096289093979,26.95729537366548
14430205,Töllsjö,2.131734945170933,25.228310502283104
14430206,Bollebygd Centrum,6.698936016146096,35.947712418300654
14440404,Grästorps Landsbygd,1.652988802152327,19.19720767888307
14440503,Grästorps Norra,5.3360961293177045,29.895833333333332
14440906,Grästorps Södra,2.3591212622297344,26.829268292682926
14450101,Bredöl,2.6965519551838257,26.241900647948164
14450403,Nossebro,7.399378215879391,33.95204949729312
14450606,Jonslund,2.0937826264697224,19.624413145539908
14460101,Karlsborg centrum-södra,6.663669868435522,26.905829596412556
14460108,Karlsborg norra,3.878572954487937,32.255892255892256
14460304,Mölltorp - Brevik,3.6371695107289863,28.6525974025974
14460405,Undenäs - Forsvik,1.7837294724830761,29.394387001477106
14470101,Amnehärads Norra,9.987091489333979,42.018348623853214
14470102,Amnehärads Södra,5.054578992202,37.16216216216216
14470203,Hova,5.681973734312633,28.51027397260274
14520104,Tranemo Östra,8.977629569927698,35.180299032541775
14520108,Tranemo Västra,6.128712569958282,37.18446601941748
14520201,Ambjörnarp-Sjötofta,12.08586501321877,35.7830271216098
14520409,Grimsås,4.246235960316303,27.848101265822784
14520505,Limmared,13.987521697152124,46.00262123197903
14520606,Länghem,2.067606173934662,22.030981067125644
14521012,Dalstorp,3.719015141215311,31.116389548693586
14600101,Nordvästra,14.902934343752596,33.79373848987109
14600102,Norra,4.301286453499857,36.46112600536193
14600613,Nordöstra,7.710693092364903,35.48022598870057
14600616,Sydöstra,6.098206195777097,40.293453724604966
14600919,Sydvästra,1.942117362623941,26.017262638717632
14610101,Fagerlid/Järn,7.4013889271011974,28.13633067440174
14610105,Mellerud/Holm,20.053608412069476,36.09721229449607
14610309,Bolstad,1.2549537890355493,16.361256544502616
14610714,Rostock/Dalskog/Ör,1.5455952381179927,23.613445378151262
14610918,Skållerud,4.300341071875575,30.735294117647058
14620101,Göta,9.705939274782812,32.30769230769231
14620102,Lilla Edet Södra,10.585185662373833,38.04597701149425
14620103,Lilla Edet Norra,13.314521639657677,43.42797055730809
14620305,Lödöse,8.15349275268073,36.707663197729424
14620506,Nygård,2.7737212197335808,29.873908826382152
14620608,Västerlanda,3.4918522883570513,23.15573770491803
14620712,Hjärtum,2.4232179903044626,28.763440860215052
14620713,Ström,6.48659831434087,35.09615384615385
14630101,Kinna centrum,8.374694030740075,38.01229508196721
14630102,Kinna-Näs-Vallås,5.538153268524303,37.22504230118443
14630103,Kinna-Rydal-Kinnaström,2.1575831762301982,35.31468531468531
14630104,Kinna-Marieberg-Kinnahult,5.258695662903037,33.503054989816704
14630105,Kinna-Aspäng,16.83981594130749,48.80273660205245
14630307,Skene-Sandvallsäng,7.091767380409024,38.113207547169814
14630308,Skene-Hedbo,13.927221218053825,57.55939524838013
14630309,Örby-Krok-Brättingstorp,2.184358937343081,27.133105802047783
14630328,Skene-Assberg,13.19575340588843,43.016069221260814
14630329,Örby centrum,2.5810781825318423,34.63203463203463
14630411,Ubbhult-Sätila,3.1081892477443778,24.830917874396135
14630513,Hyssna,2.223860690544947,24.415793714746172
14630615,Fritsla,8.127672518249412,39.61584633853541
14630716,Skephult-Fritsla,2.1016495941610343,35.265700483091784
14630918,Berghem-Hajom,1.5803813979651435,24.51081359423275
14631019,Fotskäl-Tostared-Björketorp,2.2890607472621753,21.149594694178333
14631626,Torestorp-Öxabäck-Älekulla,1.5341702850414352,26.257396449704142
14631701,Sätila V,2.3622737889721255,26.06451612903226
14631702,Sätila Ö,2.181420154047791,27.933541017653166
14631703,Horred-Öxnevalla,2.742759078622985,27.84019975031211
14631704,Horred-Istorp,2.9163841249295013,27.40740740740741
14631705,Skene-Haby,14.423111861341347,44.7075208913649
14650113,Svenljunga öster,7.020767758588658,27.93522267206478
14650114,Svenljunga söder,10.351258332193533,32.23039215686274
14650115,Svenljunga väster,12.028106670228963,32.35294117647059
14650303,Högvad,3.137995879870841,21.436004162330907
14650505,Kindaholm,1.8881500765778207,22.465437788018434
14651212,Sexdrega,3.0873427024331064,24.939172749391727
14651414,Hillared,3.1446033721583073,24.825174825174827
14660107,Herrljunga Västra,3.0962940541219885,28.222996515679444
14660601,Herrljunga Centrum,10.218945790257552,38.93072289156626
14660705,Herrljunga Östra,3.359422538431103,28.87029288702929
14660903,Gäsene Östra,0.8608323418256942,13.81936887921654
14661406,Ljung,3.2946035433906578,24.677296886864085
14700101,Vara Östra,10.584044488630472,34.07473309608541
14700102,Vara Västra,7.87259240670724,28.096425602660016
14700103,Vara Centrum,10.049809239813593,30.09367681498829
14700204,Levene,2.109938913083343,26.85609532538955
14701006,Arentorp,2.6650677999559247,23.800738007380073
14701210,Vedum,3.1083322514027194,24.197337509788568
14702424,Larv,1.542983170519577,19.8876404494382
14702725,Skarstad,2.4666993696490502,20.790216368767638
14702927,Kvänum,4.266434647281787,26.834862385321102
14710111,Sil-Husaby,4.177798128905762,32.757201646090536
14710203,Götene 1,9.26574395924895,38.98858075040783
14710214,Götene 2,8.32366513777374,37.26571113561191
14710215,Götene-Holmestad,14.481332140126856,33.15460232350313
14710608,Källby norra,1.7466265238479766,28.04005722460658
14710609,Källby södra,1.7257992591216027,35.270270270270274
14710705,Lundsbrunnsorten,1.9767906207720063,25.02415458937198
14711513,Hällekis-Forshem,1.402102214238933,34.94423791821561
14720101,Smuleberg m.fl.,11.386534327805022,33.15954118873827
14720102,Södra centrum,8.94619101467229,36.31921824104234
14720103,"Häggetorp, Katrineberg m.fl.",11.923819173185166,38.055842812823165
14720104,Skattegården m.fl.,25.1595085473136,46.96629213483146
14720106,"Hörnebo, Kvarnhagen m.fl.",4.438817740057506,27.369353410097432
14720205,"Fagersanna, Ransberg m.fl.",1.1561024311425376,26.715686274509803
14730101,Älgarås,2.7723302612438494,24.34584755403868
14730102,Kilen,3.7167507543438467,32.818248712288444
14730103,Moholm,2.3796931488019735,26.28524046434494
14730104,Björkäng,12.386393519682061,42.314487632508836
14730105,Kårtorp,16.40730085532444,37.77533039647577
14800101,"Nordöstra Göteborg, Bergum",7.365996230466386,30.386052303860524
14800102,"Nordöstra Göteborg, Olofstorp",7.737237411261345,32.081911262798634
14800103,"Nordöstra Göteborg, Björsared",8.840072514474784,35.730858468677496
14800104,"Nordöstra Göteborg, Gunnilse",13.788645998041854,33.956043956043956
14800105,"Nordöstra Göteborg, Linnarhult",18.620043167204447,42.9732868757259
14800106,"Nordöstra Göteborg, Angereds Centrum",38.653935466304205,75.75129533678756
14800107,"Nordöstra Göteborg, Storås",36.884950098445366,74.6559633027523
14800108,"Nordöstra Göteborg, Eriksbo Östra",44.764903812504166,79.88929889298893
14800109,"Nordöstra Göteborg, Hammarkullen C",58.93223776386807,87.22826086956522
14800110,"Nordöstra Göteborg, Hammarkullen Ö",49.623279740769114,81.31487889273356
14800112,"Nordöstra Göteborg, Hammarkullen V",50.85350479768117,77.51322751322752
14800113,"Nordöstra Göteborg, Eriksbo Västra",46.402732908497185,68.9807976366322
14800114,"Nordöstra Göteborg, Bläsebo",42.7363341231956,82.18232044198895
14800115,"Nordöstra Göteborg, Hjällbo Norra",50.90109107907553,85.55417185554172
14800116,"Nordöstra Göteborg, Skolspåret",49.488147918746186,85.85164835164835
14800117,"Nordöstra Göteborg, Hjällbo Södra",50.644213872625066,86.82926829268293
14800118,"Nordöstra Göteborg, Agnesberg",39.51382051388883,60.58282208588957
14800119,"Nordöstra Göteborg, Gårdsten Västra",32.48490688834304,75.85825027685493
14800120,"Nordöstra Göteborg, Gårdsten Södra",44.28512923547566,80.77889447236181
14800122,"Nordöstra Göteborg, Gårdsten Östra",43.345384989831565,79.72689075630252
14800123,"Nordöstra Göteborg, Saffransgatan",35.812913093000844,80.49209138840071
14800124,"Nordöstra Göteborg, Gårdsten Norra",38.158991129215,76.67161961367013
14800125,"Nordöstra Göteborg, Lövgärdet C",47.27221216166692,82.62295081967213
14800126,"Nordöstra Göteborg, Senapsgatan m fl",39.0591436732902,81.69856459330144
14800128,"Nordöstra Göteborg, Lövgärdet Övre",46.17876162626404,85.30510585305106
14800129,"Nordöstra Göteborg, Lövgärdet Nedre",37.29654139481649,75.05827505827506
14800130,"Nordöstra Göteborg, Trädgårdsgärdet",34.795835342141864,70.84078711985688
14800131,"Nordöstra Göteborg, Titteridamm",36.02500961222516,66.71368124118477
14800132,"Nordöstra Göteborg, Rannebergen S",50.60747474386474,78.44574780058652
14800133,"Nordöstra Göteborg, Rannebergen C",49.434105412923415,76.43051771117166
14800134,"Nordöstra Göteborg, Rannebergen N",40.600187278743086,63.942931258106356
14800201,"Östra Göteborg, Rymdtorget",55.36587998559439,87.28024819027921
14800202,"Östra Göteborg, Gärdsmosse",40.839273176232965,76.72955974842768
14800204,"Östra Göteborg, Bergsjön Östra",45.42760678001762,83.73071528751753
14800205,"Östra Göteborg, Bergsjön Norra",30.885773648178464,65.49636803874093
14800207,"Östra Göteborg, Siriusgatan",55.275173121461556,87.5776397515528
14800208,"Östra Göteborg, Gärdsås",38.801672455399036,68.51851851851852
14800209,"Östra Göteborg, Bergsjön Södra",46.897670786332256,80.52356020942409
14800210,"Östra Göteborg, Komettorget",43.67050852628344,81.04575163398692
14800212,"Östra Göteborg, Fjällbo",8.125053892485075,41.08910891089109
14800213,"Östra Göteborg, Utbynäs",6.603347256419945,38.01955990220049
14800214,"Östra Göteborg, Utby",6.814624211501719,37.808807733619766
14800215,"Östra Göteborg, Kamgatan m fl",5.892392789051468,37.862137862137864
14800216,"Östra Göteborg, Kviberg Östra",17.559291753259597,52.6605504587156
14800217,"Östra Göteborg, Kvibergsnäs",16.58343556712713,49.64850615114236
14800218,"Östra Göteborg, Bellevue Park",18.32407900042431,51.354401805869074
14800219,"Östra Göteborg, Bellevue",16.196392667879618,47.22222222222222
14800220,"Östra Göteborg, Gamlestaden Norra",20.469543190047172,57.61523046092184
14800221,"Östra Göteborg, Gamlestaden Södra",20.149863575296678,53.18181818181818
14800222,"Östra Göteborg, Nylöse",21.62009210588858,58.41968911917098
14800223,"Östra Göteborg, Kviberg Västra",26.332147281277237,65.3125
14800224,"Östra Göteborg, Kortedala Södra",18.998120777186756,57.98969072164948
14800225,"Östra Göteborg, Månadsparken",39.07382159418283,70.9043250327654
14800226,"Östra Göteborg, Gregorianska G. m fl",31.605162491559174,61.96136701337296
14800227,"Östra Göteborg, Kortedala Västra",25.743635555602754,63.151927437641724
14800228,"Östra Göteborg, Kortedala Torg",35.468776005977276,67.79911373707533
14800229,"Östra Göteborg, Förstamajgatan m fl",35.67153381026017,66.34482758620689
14800230,"Östra Göteborg, Kortedala Östra",40.277873671415,70.07518796992481
14800231,"Östra Göteborg, Månadsgatorna m fl",38.64511729564821,67.65847347994826
14800232,"Östra Göteborg, Adventsparken Östra",37.84200559557136,77.39251040221914
14800233,"Östra Göteborg, Adventsparken Västra",36.9689923751373,61.25511596180082
14800235,"Östra Göteborg, Kortedala Norra",39.04574597998585,67.47638326585695
14800301,"Östra Centrum, Fräntorp",5.54678655420399,37.56003842459174
14800302,"Östra Centrum, Vidkärr",12.183986583310743,51.81023720349563
14800303,"Östra Centrum, Munkebäck Norra",9.598559742219676,37.55760368663594
14800304,"Östra Centrum, Munkebäck Södra",10.651631399410663,34.723670490093845
14800305,"Östra Centrum, Kålltorp Norra",9.963831402314884,45.03901895206243
14800306,"Östra Centrum, Torpa",13.318731521367502,38.45410628019324
14800307,"Östra Centrum, Björkekärr Norra",7.613097871123642,43.1661750245821
14800308,"Östra Centrum, Smörslätten",20.179126578480187,43.625498007968126
14800309,"Östra Centrum, Björkekärr Östra",16.99159425180342,44.28399518652226
14800310,"Östra Centrum, Robertshöjd m fl",11.882359751329824,45.641447368421055
14800311,"Östra Centrum, Björkekärr Västra",19.84571520124502,40.70397111913358
14800312,"Östra Centrum, Kålltorp Östra",8.136647931476691,41.21929026387625
14800313,"Östra Centrum, Solrosparken",8.817593941485667,39.43355119825708
14800314,"Östra Centrum, Kålltorp Västra",4.9687795308469855,32.91713961407491
14800315,"Östra Centrum, Kålltorp Södra",4.283478968820339,33.0625507717303
14800316,"Östra Centrum, Björkekärr Södra",3.656740561428327,33.18623124448367
14800317,"Östra Centrum, Kallebäck Östra",15.24260895306993,36.35427394438723
14800318,"Östra Centrum, Kallebäck Västra",24.207224028735144,36.42439431913116
14800319,"Östra Centrum, Kallebäck Norra",19.63345008710194,39.53488372093023
14800320,"Östra Centrum, Skår Södra",7.115933869726138,14.984709480122325
14800321,"Östra Centrum, Jakobsdal",6.290125104788975,21.923076923076923
14800322,"Östra Centrum, Skår Norra",4.441047848528222,13.733468972533062
14800323,"Östra Centrum, Stora Torp",5.784539319032554,25.824175824175825
14800324,"Östra Centrum, Lilla Torp",5.489744472817112,25.913978494623656
14800325,"Östra Centrum, Bö",4.393111022060296,25.907752698724238
14800326,"Östra Centrum, Örgryte",8.174971259335438,17.163289630512516
14800327,"Östra Centrum, Prästgårdsängen m fl",5.063150705724158,28.87511071744907
14800328,"Östra Centrum, Kärralund Södra",7.343163339549153,21.836506159014558
14800329,"Östra Centrum, Kärralund Norra",7.642452627687926,35.2326685660019
14800330,"Östra Centrum, Härlanda",4.7120653643831885,30.456349206349206
14800331,"Östra Centrum, Lunden Nya",6.416054054626962,36.41618497109827
14800332,"Östra Centrum, Danska Vägen m fl",5.187073175030343,34.99446290143965
14800333,"Östra Centrum, Nobelplatsen",7.312871791817191,43.07036247334755
14800334,"Östra Centrum, Sankt Pauli",4.8875215234005145,40.978886756238005
14800335,"Östra Centrum, Lunden Gamla",6.076024773916699,38.47102342786683
14800336,"Östra Centrum, Överås",8.295018466355549,40.18691588785047
14800337,"Östra Centrum, Gubbero",8.24575440809684,37.66375545851528
14800338,"Östra Centrum, Gubberoparken",8.374721870674826,41.94669756662804
14800339,"Östra Centrum, Redbergsplatsen",9.168673751783677,40.963855421686745
14800340,"Östra Centrum, Olskroken",18.743681783127663,52.361673414304995
14800341,"Östra Centrum, Redberget",10.320074355600731,43.35195530726257
14800342,"Östra Centrum, Bagaregården",4.895095263944553,39.34065934065934
14800343,"Östra Centrum, Redbergslid",7.41336423684207,37.73987206823028
14800344,"Östra Centrum, Ånäs",8.644457922380253,39.02439024390244
14800345,"Östra Centrum, Strömmensberg Västra",8.204797554777077,40.7447973713034
14800346,"Östra Centrum, Strömmensberg Östra",6.807122662007724,36.588235294117645
14800347,"Östra Centrum, Kallebäck Södra",17.738929674439696,37.83422459893048
14800401,"Centrum, Otterhällan",12.40447051854551,25.364758698092032
14800402,"Centrum, Inom Vallgraven",9.530373832253991,27.061310782241016
14800403,"Centrum, Nordstan",12.832744557461078,36.67905824039653
14800404,"Centrum, Stampen Västra",11.711221065454428,28.292046936114733
14800405,"Centrum, Odinsgatan m fl",11.720083421702865,38.22341857335128
14800406,"Centrum, Stampen Östra",11.93616388083506,37.89209535759097
14800407,"Centrum, Friggagatan m fl",11.569362435629326,35.62005277044855
14800408,"Centrum, Svingeln",11.39181760601846,44.15584415584416
14800409,"Centrum, Gårda Norra",17.59776295433803,35.48795944233206
14800410,"Centrum, Gårda Södra",13.213087141786032,37.352555701179554
14800411,"Centrum, Bohusgatan m fl",12.453402922526736,23.824130879345603
14800412,"Centrum, Sten Sturegatan m fl",12.993515547887753,39.12515188335358
14800413,"Centrum, Heden",10.54936173911653,25.025025025025027
14800414,"Centrum, Hedås",8.00129579881425,18.797814207650273
14800415,"Centrum, Götaplatsen",9.930334100811171,16.537180910099888
14800416,"Centrum, Carlandersplatsen",9.03400113530007,23.66325369738339
14800417,"Centrum, Eklanda Östra",9.96203793247988,31.793770139634802
14800418,"Centrum, Eklanda Norra",9.771304477080319,34.27991886409736
14800419,"Centrum, Johanneberg Övre",15.435105538981285,28.883495145631066
14800420,"Centrum, Johanneberg Östra",11.93305759341067,31.419624217118997
14800421,"Centrum, Eklanda Södra",9.463434903719644,30.367074527252502
14800422,"Centrum, Kristinehöjd Västra",17.563616027226928,34.76394849785408
14800424,"Centrum, Kristinehöjd Östra",12.73659654811505,39.1260162601626
14800425,"Centrum, Getebergsäng",29.045695103313808,37.23296032553408
14800426,"Centrum, Krokslätt Norra",13.75349748635697,29.611248966087675
14800427,"Centrum, Krokslätt Södra",15.75764520967714,26.160714285714285
14800428,"Centrum, Fredriksdal",13.928015375631535,29.988974641675853
14800429,"Centrum, Framnäs",15.383328501313342,43.87966804979253
14800430,"Centrum, Mossen",19.52233980348728,37.76722090261283
14800431,"Centrum, Fridkullagatan m fl",15.590680419660258,31.00936524453694
14800432,"Centrum, Guldheden Östra",16.385025952714162,41.51150054764513
14800433,"Centrum, Doktor Forselius Backe m fl",18.47936485477738,50.78947368421053
14800434,"Centrum, Guldheden Södra",13.129447418990534,47.719298245614034
14800435,"Centrum, Guldheden Vattentornet",12.61901292820218,42.053789731051346
14800436,"Centrum, Doktor Fries Torg",13.227893745128286,43.270300333704114
14800437,"Centrum, Guldheden Västra",11.529668277070904,46.32183908045977
14800438,"Centrum, Guldheden Norra",6.169396171734277,31.91268191268191
14800439,"Centrum, Landala Egnahem",7.565421224603393,33.94327538883806
14800440,"Centrum, Landalagången m fl",15.06343328536808,48.402948402948404
14800441,"Centrum, Johanneberg Västra",12.557755673694064,34.715025906735754
14800442,"Centrum, Johanneberg Nedre",13.949074234720769,22.6457399103139
14800443,"Centrum, Lorensberg",10.980548112533052,20.94361334867664
14800444,"Centrum, Vasastaden Södra",6.358761712097836,26.402640264026402
14800445,"Centrum, Kapellplatsen",10.558127740301991,44.78155339805825
14800446,"Centrum, Landalabergen m fl",16.864201852415214,45.07361268403171
14800447,"Centrum, Fogelbergsparken",8.919257994109469,28.779979144942647
14800448,"Centrum, Vasastaden Västra",8.926397361760438,28.14645308924485
14800449,"Centrum, Vasastaden Östra",9.282658029060702,20.449678800856532
14800450,"Centrum, Valand",9.737382599675787,20.86247086247086
14800451,"Centrum, Vasastaden Norra",10.091138262559028,27.240143369175627
14800501,"Västra Centrum, Långgatorna",8.938678797440545,31.162196679438058
14800502,"Västra Centrum, Masthuggstorget",14.6670214504333,38.91129032258065
14800503,"Västra Centrum, Stigberget",10.273334269195079,42.518248175182485
14800504,"Västra Centrum, Masthugget Övre",6.389995963759226,39.337877312560856
14800505,"Västra Centrum, Masthugget Nedre",6.054632934684504,41.53686396677051
14800506,"Västra Centrum, Oscar Fredrik",6.319633862499828,39.52434881087203
14800507,"Västra Centrum, Sjömansgatan m fl",5.504639725909696,42.93785310734463
14800508,"Västra Centrum, Vegastaden",10.559143859969733,41.37577002053388
14800509,"Västra Centrum, Slottsskogen",8.44227846938452,44.66209598432909
14800510,"Västra Centrum, Linnéplatsen",5.544794221163291,28.77939529675252
14800511,"Västra Centrum, Sveaplan",7.69680282421105,31.281407035175878
14800512,"Västra Centrum, Kommendantsängen",7.364881079967559,32.476875642343266
14800513,"Västra Centrum, Linné",7.231609073198196,28.426966292134832
14800514,"Västra Centrum, Nordhem",7.00071293362282,31.955307262569832
14800515,"Västra Centrum, Risåsen",7.520344237361618,32.07990599294947
14800516,"Västra Centrum, Olivedal",7.7034504442077205,32.033096926713945
14800517,"Västra Centrum, Plantagegatan m fl",8.460199705204348,33.01526717557252
14800518,"Västra Centrum, Skansberget",9.884749658069834,49.20993227990971
14800519,"Västra Centrum, Haga Västra",9.72894989334242,43.01310043668122
14800520,"Västra Centrum, Haga Östra",9.923155048780016,43.69565217391305
14800521,"Västra Centrum, Nilssonsberg Västra",7.772877497761104,27.665995975855132
14800522,"Västra Centrum, Nilssonsberg Östra",7.248023605774631,30.19976498237368
14800523,"Västra Centrum, Annedal Östra",7.4690726558048395,38.639125151883356
14800524,"Västra Centrum, Annedal Västra",7.81256200421286,40.31413612565445
14800525,"Västra Centrum, Änggården",10.210803363605132,25.143513203214695
14800526,"Västra Centrum, Svalebo",11.820710279962196,51.875808538163
14800527,"Västra Centrum, Skytteskogen",6.378339420989125,34.52502553626149
14800528,"Västra Centrum, Kungsladugård Östra",8.339509892028563,48.93617021276596
14800529,"Västra Centrum, Kungsladugård Västra",7.189203814686797,47.59871931696905
14800530,"Västra Centrum, Mariaplan",8.506831485409037,54.21209117938553
14800531,"Västra Centrum, Silverkällan",7.487603221616577,46.387154326494205
14800532,"Västra Centrum, Sannaplan",7.173725546677254,51.486097794822626
14800533,"Västra Centrum, Sandarna",8.56013588881734,51.632047477744806
14800534,"Västra Centrum, Klippan",8.98858014321414,37.55135579293344
14800535,"Västra Centrum, Gröna Vallen",9.631947389320914,54.11030176899064
14800536,"Västra Centrum, Kusttorget",12.889619116186573,51.425313568985175
14800537,"Västra Centrum, Chapmans Torg",11.585208069307438,50.471698113207545
14800538,"Västra Centrum, Slottsskogsgat. m fl",9.893974951692377,47.20670391061452
14800539,"Västra Centrum, Gråberget Västra",6.386216512028368,44.71544715447155
14800540,"Västra Centrum, Gråberget Östra",6.919257119855747,45.19716885743175
14800541,"Västra Centrum, Godhem",8.850094203603465,49.01719901719902
14800542,"Västra Centrum, Marieberg",8.2611787654641,55.9286463798531
14800543,"Västra Centrum, Klareborgsgatan m fl",8.778385476195576,56.86274509803921
14800544,"Västra Centrum, Karl Johan",8.675429701091408,51.48619957537155
14800545,"Västra Centrum, Söderlingska Ängen",8.841535180525458,53.943217665615144
14800546,"Västra Centrum, Kommendörsgatan m fl",9.013511727053594,53.10907237512742
14800547,"Västra Centrum, Hängmattan",12.814238771682001,52.524167561761544
14800548,"Västra Centrum, Gatenhielmska",8.745034783397127,54.41039925719591
14800601,"Sydvästra Göteborg, Högsbohöjd Norra",24.8873959386351,45.535714285714285
14800602,"Sydvästra Göteborg, Högsbohöjd Södra",16.128298414622346,53.76744186046512
14800603,"Sydvästra Göteborg, Högsbohöjd Östra",17.18558097824973,61.2565445026178
14800604,"Sydvästra Göteborg, Högsbotorp V",12.496397914173901,45.07874015748032
14800605,"Sydvästra Göteborg, Högsbotorp S",16.036434180898727,56.026490066225165
14800606,"Sydvästra Göteborg, Högsbo",17.490537977485367,58.333333333333336
14800607,"Sydvästra Göteborg, Högsbotorp Östra",15.015453386875963,50.063532401524775
14800608,"Sydvästra Göteborg, Marklandsgatan",15.356054806892695,45.93023255813954
14800609,"Sydvästra Göteborg, Kapplandsgatan",14.006065636561111,45.644171779141104
14800610,"Sydvästra Göteborg, Flatås Västra",17.805185036718214,43.13893653516295
14800611,"Sydvästra Göteborg, Flatås Södra",17.451487445689047,43.233082706766915
14800612,"Sydvästra Göteborg, Kaverös Norra",21.151312157878728,57.12347354138399
14800613,"Sydvästra Göteborg, Kavås",12.720004900820188,43.71196754563895
14800614,"Sydvästra Göteborg, Kaverös Södra",9.215615014815544,37.66909469302809
14800615,"Sydvästra Göteborg, Altplatsen",26.985596388487963,50.83798882681564
14800616,"Sydvästra Göteborg, Ruddalen",19.43546202969846,46.00456621004566
14800617,"Sydvästra Göteborg, Gånglåten",35.96121808137687,58.55855855855856
14800618,"Sydvästra Göteborg, Frölunda",47.86341495525454,52.85252960172228
14800620,"Sydvästra Göteborg, Frölunda Torg",41.93923706325534,63.9344262295082
14800621,"Sydvästra Göteborg, Positivparken",39.138826156721045,65.34772182254197
14800622,"Sydvästra Göteborg, Spinetten",30.20840328594646,56.648936170212764
14800623,"Sydvästra Göteborg, Tofta",24.52097141060645,59.6514745308311
14800624,"Sydvästra Göteborg, Järnbrott Västra",13.155081240027501,45.90909090909091
14800625,"Sydvästra Göteborg, Järnbrott Östra",13.76474264732281,44.69879518072289
14800626,"Sydvästra Göteborg, Järnbrott Södra",13.440533906358322,39.211618257261414
14800627,"Sydvästra Göteborg, Flatås Östra",15.326579789986896,39.97709049255441
14800628,"Sydvästra Göteborg, Sisjön Norra",19.044185658225306,32.075471698113205
14800629,"Sydvästra Göteborg, Pilegården",24.05398048964012,42.29665071770335
14800630,"Sydvästra Göteborg, Kobbegården",24.37991630939115,36.55172413793103
14800631,"Sydvästra Göteborg, Askim",11.535210860583588,23.65364308342133
14800632,"Sydvästra Göteborg, Sisjön Västra",11.285916376689835,18.545081967213115
14800633,"Sydvästra Göteborg, Sisjön Södra",11.027776279192178,14.367816091954023
14800634,"Sydvästra Göteborg, Trollåsen",10.262221353506199,12.67605633802817
14800635,"Sydvästra Göteborg, Lyckhem",7.950331587900764,17.299107142857142
14800636,"Sydvästra Göteborg, Lindås",2.735429428570673,15.145436308926781
14800637,"Sydvästra Göteborg, Billdal Södra",2.3708483732118055,14.912280701754385
14800638,"Sydvästra Göteborg, Billdal Norra",2.421882224495092,12.156166814551908
14800639,"Sydvästra Göteborg, Nygård",4.850363542087731,20.059880239520957
14800640,"Sydvästra Göteborg, Skintebo Västra",2.8950959899928814,21.328344246959777
14800641,"Sydvästra Göteborg, Skintebo Östra",8.238331216432712,22.71186440677966
14800642,"Sydvästra Göteborg, Uggleberget",10.463121503742016,19.727891156462587
14800643,"Sydvästra Göteborg, Brottkärr Östra",7.289396314611706,18.709073900841908
14800644,"Sydvästra Göteborg, Brottkärr Västra",5.377313950492013,10.334645669291339
14800645,"Sydvästra Göteborg, Hovås Södra",4.928368666607043,7.514450867052023
14800646,"Sydvästra Göteborg, Hovås Norra",11.423816978525789,21.760154738878143
14800647,"Sydvästra Göteborg, Hult",6.323045417098496,20.28708133971292
14800701,"Västra Göteborg, Långedrag Västra",4.893063892081084,9.43796394485684
14800702,"Västra Göteborg, Långedrag Östra",5.288822663887328,14.642082429501084
14800703,"Västra Göteborg, Tångudden",6.028452349847017,14.118895966029724
14800704,"Västra Göteborg, Hagen Norra",5.279312455194399,21.033653846153847
14800705,"Västra Göteborg, Nya Varvet",4.241122504571648,32.271944922547334
14800706,"Västra Göteborg, Kungsten",5.417454641055152,30.106382978723403
14800707,"Västra Göteborg, Ekebäck",11.594523087086857,30.09883198562444
14800708,"Västra Göteborg, Hagen Södra",5.169072757935904,21.396396396396398
14800709,"Västra Göteborg, Grimmered",6.3106903074872704,26.11862643080125
14800710,"Västra Göteborg, Påvelund",5.502108682413847,24.349635796045785
14800711,"Västra Göteborg, Björnekulla",4.6672978979761774,24.761904761904763
14800712,"Västra Göteborg, Osberget",4.630851376352438,19.587628865979383
14800713,"Västra Göteborg, Källängen",3.0705945950705913,18.002081165452655
14800714,"Västra Göteborg, Fiskebäck",3.4120821976266544,14.285714285714286
14800715,"Västra Göteborg, Bratthammar",3.926174465496358,20.97107438016529
14800716,"Västra Göteborg, Tynnered Södra",14.584668384202066,29.849137931034484
14800717,"Västra Göteborg, Tynnered Norra",10.83131752180096,32.59604190919674
14800718,"Västra Göteborg, Guldringen m fl",14.309686542129484,38.30734966592428
14800719,"Västra Göteborg, Tynnered Östra",25.089288089733415,49.94731296101159
14800720,"Västra Göteborg, Skattegården",36.23371297925212,61.806311207834604
14800722,"Västra Göteborg, Ängås",37.35779915350044,61.74298375184638
14800723,"Västra Göteborg, Topasgatan",33.80273430837974,71.52682255845943
14800724,"Västra Göteborg, Korsåsen",25.958458402350384,30.111902339776194
14800725,"Västra Göteborg, Opaltorget Norra",31.98768361107912,49.251870324189525
14800726,"Västra Göteborg, Opaltorget Södra",30.875013495592686,55.32994923857868
14800727,"Västra Göteborg, Grevegården",39.57769100705409,61.111111111111114
14800728,"Västra Göteborg, Önnered Norra",16.389169850713134,31.475029036004646
14800729,"Västra Göteborg, Önnered Östra",6.740518299670966,29.652351738241308
14800730,"Västra Göteborg, Önnered Västra",3.588010891089489,20.652173913043477
14800731,"Västra Göteborg, Åkered",4.898076662065506,18.17279046673287
14800732,"Västra Göteborg, Välen",5.513145175749778,23.107177974434613
14800733,"Västra Göteborg, Näset Norra",5.73511921304225,15.996258185219832
14800734,"Västra Göteborg, Näset Södra",5.714285652028698,12.8
14800735,"Västra Göteborg, Donsö-Vrångö",2.313071630739269,17.691723614274867
14800736,"Västra Göteborg, Styrsö-Köpstadsö",2.7442911310175226,30.157261794634596
14800737,"Västra Göteborg, Brännö-Asperö",3.132350158904606,33.04157549234136
14800801,"Västra Hisingen, Länsmansgården Ö",40.64750437060904,74.11764705882354
14800802,"Västra Hisingen, Svartedalen Norra",29.715175437894853,65.87395957193817
14800803,"Västra Hisingen, Väderbodarna m fl",36.13953708312542,77.55395683453237
14800804,"Västra Hisingen, Önskevädersg. m fl",18.67264808085025,66.9626998223801
14800805,"Västra Hisingen, Svartedalen Södra",31.056806423372116,62.80587275693311
14800806,"Västra Hisingen, Kärrmossen",18.804964917064034,45.98393574297189
14800807,"Västra Hisingen, Jättesten",24.639803628330068,50.807319698600644
14800808,"Västra Hisingen, Treröset",42.575560645774054,77.57296466973887
14800809,"Västra Hisingen, Vårväderstorget",42.252032701237695,70.24539877300613
14800811,"Västra Hisingen, Biskopsgården Södra",34.9318403675395,73.49081364829397
14800812,"Västra Hisingen, Väderlekstorget",43.45540010132149,69.3815987933635
14800813,"Västra Hisingen, Biskopsgården Norra",48.30442308508267,83.89830508474576
14800814,"Västra Hisingen, Svarte Mosse",50.11853104722691,89.0
14800816,"Västra Hisingen, Länsmansgården S",48.37721272935092,84.004884004884
14800818,"Västra Hisingen, Länsmansgården C",35.33870332538875,74.28924598269468
14800819,"Västra Hisingen, Länsmansgården N",28.408949838605082,63.88526727509778
14800820,"Västra Hisingen, Amhult-Arendal",10.619825049246835,32.00442967884828
14800821,"Västra Hisingen, Andalen",3.29159240316333,18.353174603174605
14800822,"Västra Hisingen, Hjuvik",4.026056284480181,12.969924812030076
14800823,"Västra Hisingen, Hällsvik",3.58267472861857,16.827344434706397
14800824,"Västra Hisingen, Trånget",3.891390759086528,16.586306653809064
14800825,"Västra Hisingen, Tumlehed",3.0383144260384896,22.629969418960243
14800826,"Västra Hisingen, Torslanda Röd",4.339071501317529,24.51219512195122
14800827,"Västra Hisingen, Gossbydal",3.487950216232341,19.173728813559322
14800828,"Västra Hisingen, Nolered",8.63733279973373,27.31568998109641
14800829,"Västra Hisingen, Torslanda Torg",4.01220055979445,32.94117647058823
14800830,"Västra Hisingen, Torslanda",3.635619363854093,30.03875968992248
14800831,"Västra Hisingen, Domarringen m fl",3.952054407022625,24.702380952380953
14800832,"Västra Hisingen, Änghagen",3.5062158128706806,23.758519961051608
14800833,"Västra Hisingen, Älvegården",5.467662446442158,21.2248322147651
14800834,"Västra Hisingen, Lilleby",3.3324274770658646,20.040691759918616
14800835,"Västra Hisingen, Kvisljungeby",5.146969729352478,20.92436974789916
14800836,"Västra Hisingen, Björlanda",4.011581113033051,20.47846889952153
14800837,"Västra Hisingen, Nolvik",3.3967134333906968,22.506861848124426
14800901,"Centrala Hisingen, Kärrdalen",10.480643881690591,38.922764227642276
14800902,"Centrala Hisingen, Tolered Norra",14.546266875711606,33.88773388773389
14800903,"Centrala Hisingen, Slätta Damm",14.655852185899128,49.53917050691244
14800904,"Centrala Hisingen, Bjurslätt Norra",17.39167305542138,49.39903846153846
14800905,"Centrala Hisingen, Hildedal",20.68994875861323,43.72246696035242
14800906,"Centrala Hisingen, Tolered Södra",12.045723998013505,40.28776978417266
14800907,"Centrala Hisingen, Tolered Östra",28.0241024866333,49.31192660550459
14800908,"Centrala Hisingen, Flunsås",23.53263654082215,51.92563081009296
14800909,"Centrala Hisingen, Wieselgrenspl.",23.371057996633247,53.333333333333336
14800910,"Centrala Hisingen, Bjurslätt Södra",36.32895350975619,61.421911421911425
14800912,"Centrala Hisingen, Kvillebäcken N",20.483227068243902,51.06382978723404
14800913,"Centrala Hisingen, Kvillebäcken S",19.94033748474938,52.30179028132992
14800914,"Centrala Hisingen, Kvillebäcken Ö",21.31484006595311,53.22195704057279
14800915,"Centrala Hisingen, Vågmästareplatsen",24.10772062338302,45.40763673890609
14800916,"Centrala Hisingen, Backaplan",29.327584916824648,47.155361050328224
14800917,"Centrala Hisingen, Lundbyvassen",29.331177463513402,29.608938547486034
14800918,"Centrala Hisingen, Porslinsfabriken",23.485729223801208,43.790849673202615
14800919,"Centrala Hisingen, Brämaregården S",16.574238695352875,50.87719298245614
14800920,"Centrala Hisingen, Kvillestaden",14.836431642398981,54.976303317535546
14800921,"Centrala Hisingen, Brämaregården N",16.699199600974403,49.51456310679612
14800922,"Centrala Hisingen, Rambergsstaden Ö",13.901869894616171,50.06119951040392
14800923,"Centrala Hisingen, Rambergsstaden N",22.97368445039122,53.48837209302326
14800924,"Centrala Hisingen, Rambergsvallen",24.027674514778656,57.57211538461539
14800925,"Centrala Hisingen, Rambergsstaden S",36.76004496274114,60.817717206132876
14800926,"Centrala Hisingen, Kyrkbyn Norra",20.257488968173064,52.94117647058823
14800927,"Centrala Hisingen, Lundby Norra",18.382232105515747,41.37931034482759
14800928,"Centrala Hisingen, Kyrkbyn Södra",18.171086241930613,54.81927710843374
14800929,"Centrala Hisingen, Lundby Södra",15.642175149978032,40.35281146637266
14800930,"Centrala Hisingen, Bräcke Norra",13.31017566417832,36.00891861761427
14800931,"Centrala Hisingen, Bräcke Södra",11.792382730521346,40.549828178694156
14800932,"Centrala Hisingen, Pölsebo-Bratterås",13.666342362459936,32.379072063178675
14800933,"Centrala Hisingen, Färjenäs",11.680178314990078,29.1932059447983
14800934,"Centrala Hisingen, Eriksberg Västra",10.630367536363432,35.76354679802956
14800935,"Centrala Hisingen, Eriksberg Östra",12.245938156321797,28.625235404896422
14800936,"Centrala Hisingen, Sörhallsberget S",11.803668914035747,27.214022140221402
14800937,"Centrala Hisingen, Sörhallsberget N",11.894592030083594,34.03781979977753
14800938,"Centrala Hisingen, Sannegården V",12.071368185637967,35.78378378378378
14800939,"Centrala Hisingen, Sannegården Ö",11.927153281938145,29.66903073286052
14800940,"Centrala Hisingen, Lindholmen Södra",11.687994258340915,41.76245210727969
14800941,"Centrala Hisingen, Lindholmen Norra",19.871666301676385,35.629629629629626
14801001,"Norra Hisingen, Rödbo",7.561666450979501,25.74370709382151
14801002,"Norra Hisingen, Mysterna-Svankälla",6.26118070849295,31.990881458966566
14801003,"Norra Hisingen, Gerrebacka-Ingebäck",8.860637712722781,36.148382004735595
14801004,"Norra Hisingen, Kärra Norra",10.143328901091502,44.32432432432432
14801005,"Norra Hisingen, Kärra Östra",14.03354235230958,44.64075382803298
14801006,"Norra Hisingen, Kärra Södra",16.390507307883865,38.73873873873874
14801007,"Norra Hisingen, Kärra Västra",11.805539943880108,36.8586387434555
14801008,"Norra Hisingen, Skogome",17.513067275726378,47.039740470397405
14801009,"Norra Hisingen, Åketorp",9.514402566204545,41.59779614325069
14801010,"Norra Hisingen, Bäckebol Norra",29.329510762449996,58.51851851851852
14801011,"Norra Hisingen, Backadalen",28.50612918655505,55.34591194968554
14801012,"Norra Hisingen, Bäckebol Södra",36.56076096829162,66.74364896073904
14801013,"Norra Hisingen, Skälltorp",23.690219280443234,52.96912114014252
14801014,"Norra Hisingen, Selma Lagerlöfs Torg",21.8416506614876,41.76100628930818
14801015,"Norra Hisingen, Sankt Jörgen",11.858956594717972,39.82494529540482
14801016,"Norra Hisingen, Backa Röd",35.23119104607908,66.99453551912568
14801017,"Norra Hisingen, Julias Gata m fl",39.1741982444281,77.37104825291182
14801018,"Norra Hisingen, Blendas Gata m fl",37.837545548951866,65.3566229985444
14801019,"Norra Hisingen, Backa Södra",24.974872337862106,56.38432364096081
14801020,"Norra Hisingen, Backa Norra",31.633156353007404,60.06066734074823
14801021,"Norra Hisingen, Bällskär",21.30706810757807,49.04255319148936
14801022,"Norra Hisingen, Tingstad",27.292813820821877,64.41281138790036
14801023,"Norra Hisingen, Brunnsbo Södra",34.55899982496185,72.27615965480044
14801025,"Norra Hisingen, Brunnsbo Norra",24.348696040563844,48.97750511247444
14801026,"Norra Hisingen, Aröd",30.943631394383065,42.29934924078091
14801027,"Norra Hisingen, Tuve Södra",11.405528969984337,35.84710743801653
14801028,"Norra Hisingen, Gunnestorp",11.424756867148862,42.7710843373494
14801029,"Norra Hisingen, Arvesgärde m fl",14.20499626584102,42.34135667396061
14801030,"Norra Hisingen, Glöstorp",12.439072423928078,40.89068825910931
14801031,"Norra Hisingen, Tuve Norra",24.41367806804678,52.72459499263623
14801032,"Norra Hisingen, Norumshöjd",27.393985402265,58.9622641509434
14801033,"Norra Hisingen, Tången",9.269367605055931,39.57409050576752
14801034,"Norra Hisingen, Säve",5.656250261907995,25.225225225225227
14810101,Stadshuset Södra,16.912988622882235,39.79460847240051
14810102,Fässberg Östra,12.570815304120568,34.75452196382429
14810103,Fässberg Västra,12.20815370299051,42.547770700636946
14810104,Ekhaga,13.895522440951355,33.02151543498597
14810105,Västerberg,21.174904898310125,52.51716247139588
14810106,Balltorp Västra,16.308509420201663,32.098765432098766
14810107,Broslätt Västra,12.272188930768563,38.513513513513516
14810108,Åby Östra,14.597717082758606,43.40836012861736
14810109,Åby Västra,21.287270390596696,46.1439588688946
14810110,Toltorp Södra,9.599874965799957,32.19616204690831
14810111,Bosgården Norra,13.365610283041958,33.91115926327194
14810112,Toltorp Norra,14.422463452443711,25.65266742338252
14810113,Krokslätt Södra,12.86106383639576,40.60803474484256
14810114,Sörgården Östra,9.952839918167111,23.732718894009217
14810115,Sörgården Västra,9.962723924757348,31.08108108108108
14810116,Eklanda Västra,7.548083423978156,28.066528066528065
14810117,Balltorp Östra,21.172781599420333,42.180616740088105
14810118,Broslätt Östra,16.416283558855124,41.80407371483996
14810119,Bosgården Södra,12.609465716425307,43.84057971014493
14810120,Eklanda Östra,7.845504622613119,26.4390243902439
14810121,Stadshuset Norra,14.47259851918055,32.968369829683695
14810122,Stallbacken Östra,12.713704005367093,26.046511627906977
14810123,Stallbacken Västra,13.318976722768229,29.85781990521327
14810124,Krokslätt Norra,12.135374202980763,35.50624133148405
14810201,Hallen Norra,11.885783554013601,33.581164807930605
14810202,Brattås Norra,21.831618265395765,42.19409282700422
14810203,Brattås Södra,10.435134640800571,37.68939393939394
14810204,Stretered,8.077077021435455,30.353982300884955
14810205,Hallen Södra,10.88421849361799,30.83235638921454
14810301,Skånhälla Västra,4.462262684523359,22.5
14810302,Almås,15.033133724794933,39.726027397260275
14810303,Valås,5.116727261301248,31.11353711790393
14810304,Sinntorp Norra,4.231928824137044,29.291949563530554
14810305,Hällesåker,2.5003079289706913,21.716738197424892
14810306,Sinntorp Östra,4.635043148406443,31.457286432160803
14810307,Skånhälla Bräcka,7.215129483334151,28.571428571428573
14810308,Skånhälla Fågelsten,5.87876907016095,30.66914498141264
14810309,Sinntorp Västra,9.078298622276904,34.11764705882353
14810401,Lackarebäck Norra,7.31319707475197,21.59926470588235
14810402,Kvarnbyn Norra,14.032216064927054,34.58083832335329
14810403,Glasberget Norra,5.105481516912669,35.634743875278396
14810404,Rävekärr Norra,8.262628474087293,33.89261744966443
14810405,Rävekärr Södra,15.15642212168781,40.0
14810406,Lackarebäck Södra,5.550971681662884,28.14814814814815
14810407,Glasberget Södra,9.185940130575675,34.70873786407767
14810408,Kvarnbyn Södra,15.171075368535199,34.19226957383548
14821150,Ingetorp-Skålldal-Lundby,3.1200300328888964,23.28278322925959
14821151,Norrmannebo-Solberg-Duvesjön,2.5289069283716024,21.420882669537136
14821152,Diseröd-Häljeröd,4.936261205476833,27.26523887973641
14821153,Olseröd-Rävsal,5.2085917552061405,31.584821428571427
14821154,Rishammar-Ullstorp,4.104422494307744,24.435146443514643
14821155,Ulvegärde-Munkegärde,5.961245962173103,34.95297805642633
14821156,Fridhem-Rostock-Marieberg,6.083247172767394,34.3778801843318
14821157,Centrum N,8.418163336976859,36.66352497643732
14821158,Kongahälla,10.048698165514685,34.74576271186441
14821159,Centrum S,4.770234132539445,37.404580152671755
14821160,Tveten,7.851385931117127,39.20741989881956
14821161,Fontin-Gamla Staden,7.738902538207301,30.591497227356747
14829901,Kode,4.083389508209632,29.101401483924153
14829902,Solberga-Rörtången-Aröd,2.135962874849199,22.48603351955307
14829903,Marstrand-Instön-Klåverön,2.167913465370738,19.30466605672461
14829904,Tjuvkil-Tofta,2.2809173247591827,22.70606531881804
14829905,Hålta-Lökeberg-Skårby,2.2295266707068184,22.22222222222222
14829906,Rollsbo-Bredsten-Vena,6.195652932291351,26.11336032388664
14829907,Kärna-Staby,3.632148906849734,27.47631352282515
14829908,Torsby-Kovikshamn-Glose,1.9190375979922862,24.16434540389972
14829909,Harestad-Ulvesund,3.1575450040531163,26.01410934744268
14829910,Tega,4.339419208641394,23.83985441310282
14829911,Sparrås-Nordtag,5.494595013437339,27.298578199052134
14829912,Björkås-Tornhaga-Stället,7.2065311935393,34.44976076555024
14829913,Ytterby C-Kastellegården,8.002899999567092,32.8316086547507
14829914,Grinden-Komarken V,16.56031364608536,40.35414725069897
14829915,Komarken N,21.509596609200305,60.018382352941174
14829916,Komarken S,8.4844922816155,40.544871794871796
14840101,Lysekil Kyrkvik,4.561968519211397,35.483870967741936
14840102,Lysekil Bansvik,31.300151853077498,51.7037037037037
14840103,Lysekil Centrum,10.12783836872939,45.0
14840104,Lysekil Slätten,3.0084013319415854,36.30952380952381
14840105,Lysekil Dalskogen,8.259580016120657,36.847290640394085
14840201,Lyse,3.446721255403242,28.16568047337278
14840301,Skaftö,1.4524328703374099,24.60391425908667
14840401,Bro,2.590190518011986,26.904761904761905
14840501,Brastad väster,5.378648436405652,36.49885583524028
14840502,Brastad öster,4.701143978275292,37.020316027088036
14850101,Äsperöd-Ängebacken,6.796389263431661,33.45238095238095
14850102,Stenbacken-Karlsberg,10.624598949383435,35.223555070883314
14850103,Hönseberget-Östberget,26.79943711296314,34.045077105575324
14850104,Kapelle,4.335550738643998,36.233108108108105
14850105,Håljuteberget,13.1656042056033,43.08012486992716
14850106,Ridhuset-Folkets park,9.79047885426869,43.15245478036176
14850107,Walkesborg-Bohusgården,10.231258572145867,40.81439393939394
14850108,Kampenhof-Strömstadsvägen,15.081215812132319,44.65065502183406
14850109,Centrum-Margretegärde,9.921329108532813,42.79661016949152
14850110,Tureborg-Vadbacken,18.637172827692897,63.70558375634518
14850301,Berg-Simmersröd,3.897958446576664,26.44135188866799
14850302,Hälle-Skafteröd,3.543372660452421,29.87141444114738
14850303,Lyckorna-Grinneröd,1.7968205401256607,19.90558615263572
14850501,Ammenäs-Sund-Bratteröd,2.5946558453259563,24.422187981510014
14850502,Dramsvik-Forshälla-Stenshult,2.0006330826526937,23.616236162361623
14850503,Ulvesund-Resteröd-Vassbovik,3.060907410105506,25.114995400183993
14850701,Bokenäs-Dragsmark,3.003194453615378,27.07547169811321
14850901,Skredsvik-Hogstorp,2.640597806411907,26.41509433962264
14850902,Högås-Sundsandvik,2.629263885221999,28.047662694775436
14851001,Utby-Lanesund,3.4886627713001666,24.444444444444443
14851002,Kissleberg-Smedseröd,3.868901657733765,32.276119402985074
14851003,Källdal-Misteröd-Sunningen,3.155769672233429,29.571106094808126
14851101,Lane-Ryr,1.6105017389098786,21.75609756097561
14851201,Unneröd-Ramneröd,19.458327528013765,44.50474898236092
14851202,Skogslyckan,26.899555019229872,60.81730769230769
14851204,Karlsruhe-Elseberg,13.347964973436278,41.00327153762268
14851205,Hedegärde-Vännerberg,11.725629508479553,37.97216699801193
14851206,Bleket-Södra Dalaberg-Vindfället,24.413541773446795,55.331412103746395
14851207,Dalaberg-Norra Hovhult,43.3967435739929,86.12521150592217
14851208,Hovhult,31.33006593170488,61.47239263803681
14851209,Fasseröd,14.053626142400502,43.15443592552026
14851210,Boxhult-Norra Unneröd,14.781458455046424,50.13979496738117
14851211,Helenedal-Norra Uddevalla,22.4814352317817,55.27690700104493
14851212,Kurveröd,7.228687488718653,35.37735849056604
14860101,Centrum nord,17.6873458903041,45.41792547834844
14860102,Centrum syd,9.053349486236943,35.426889106967614
14860103,Strömstad södra,16.293443864282935,30.714916151809355
14860104,Seläter-Hällestrand,8.499360913760226,30.649717514124294
14860105,Bojar,14.355707876198734,33.40782122905028
14860203,Skee-Strömstad östra,6.95204614382983,25.119846596356663
14860401,Strömstad norra,9.744102321358806,29.173989455184536
14860701,Tjärnö/Koster,3.5243704937229614,28.5935085007728
14870101,Frändefors/Sundals Ryr,2.1283053829974667,21.568627450980394
14870102,Brålanda,5.8025431169859845,22.099039172209903
14870103,Vänerkusten,2.381318547219666,22.78368794326241
14870104,Siviken/Väne Ryr,2.0798609351314585,24.42622950819672
14870105,Blåsut,3.0183625701118832,33.333333333333336
14870106,Öxnered/Vassända Naglum/Båberg,3.057259156405076,31.991525423728813
14870107,Centrala Vänersborg norra,4.865143723758897,39.38253012048193
14870108,Centrala Vänersborg,7.221541827825982,43.714517437145176
14870109,Centrala Vänersborg södra,15.117342422790344,44.04646660212972
14870110,Holmängen,8.473479579492228,40.29692470837752
14870111,Lyckhem V/Fredriksberg/Centrum V,11.585743185581947,40.28393966282165
14870112,Hedmanstorget/Mariero östra,27.235978888193543,56.90045248868778
14870113,Lyckhem södra/Tenggrenstorp,13.349068564756227,48.284625158831005
14870114,Flanaden,33.14872682850241,75.44715447154472
14870115,Torpa,21.518364143858154,62.24
14870116,Mariedal/Fridhem,7.6475220799220205,40.40574809805579
14870117,Onsjö norra,3.720937903200868,36.35709143268539
14870118,Onsjö södra,3.44450934945494,38.0787037037037
14870119,Brinketorp/Restad,7.337186128022619,36.93586698337292
14870120,Vargön norra/Nordkroken,3.1295139905606577,33.51778656126482
14870121,Vargön östra,3.8723329756685057,36.477987421383645
14870122,Centrala Vargön/Västra Tunhem,5.098486682362848,37.44454303460515
14870123,Vänersnäs/Lilleskog,2.8252531158875347,31.321540062434963
14880106,Strömslund,3.6787147395729365,29.42603071948262
14880107,Torsred,3.550282679692679,30.74127906976744
14880108,Björndalen,4.964029966484811,31.304347826086957
14880109,Centrum N,7.238231278260558,44.795539033457246
14880110,Centrum V,13.286029225272033,37.185534591194966
14880111,Centrum S,9.278914670291865,42.2707423580786
14880113,Centrum Ö,14.967566491153226,47.99618320610687
14880114,Hjortmossen,16.828416568677905,49.94850669412976
14880119,Skoftebyn N,11.133472498697824,45.997745208568205
14880120,Skoftebyn V,5.036592141336894,36.73276676109537
14880125,Skogshöjden,7.188425661208983,36.89320388349515
14880135,Källstorp,3.426674652524494,36.65865384615385
14880137,Skoftebyn Ö,8.07899299274455,33.2994923857868
14880327,Åsaka-Norra Björke,1.6426317128251204,26.53061224489796
14880428,Halvorstorp,4.187480909510434,31.920529801324502
14880429,Velanda,8.347025702513532,32.25283630470016
14880530,Upphärad,1.7256256656648872,28.01047120418848
14880632,Sjuntorp S,3.1402168754855095,29.79683972911964
14880731,Sjuntorp N,3.2116627418859998,30.245231607629428
14880916,Karlstorp,23.134327759122918,54.84581497797357
14880917,Kronogården N,44.44846175564358,76.35135135135135
14880918,Kronogården S,42.2552364514922,79.33618843683084
14880921,Sylte S,15.84845107313858,56.770310932798395
14880922,Sylte N,32.25316894139505,62.38993710691824
14880923,Lextorp N,38.733304504921854,75.13873473917869
14880924,Lextorp S,22.331502367110932,70.56313993174061
14880936,Kronogården V,47.58577036433795,84.03819918144612
14881001,Dannebacken,6.05619731826994,42.84632853898562
14881002,Hjulkvarn,4.324340289271286,35.317860746720484
14881003,Stavre Ö,4.888896787895775,33.480176211453745
14881004,Stavre V,7.845489818668644,40.72657743785851
14881005,Sandhem,3.3123319579188433,39.93759750390016
14881033,Tingvalla S,12.196032753920528,36.95652173913044
14881034,Tingvalla N,12.19595612727164,44.38559322033898
14890101,Stora Mellby/Magra,2.232590266673671,23.835616438356166
14890102,Erska/Sollebrunn,3.3990353523026067,29.06574394463668
14890103,Långared,2.116665938799561,19.01098901098901
14890104,Anten/Gräfsnäs,1.4319126960161939,28.571428571428573
14890105,Tegelbruket/Simmenäs,4.014222630364565,36.4877161055505
14890106,Kvarnbacken,5.071894036836654,36.289592760180994
14890107,Nolby V/Bolltorp,4.799411022998503,35.84738243123336
14890108,Nolby Ö/Rödene,5.605463822819382,39.4341290893015
14890109,Noltorp V,17.900471036106055,50.905432595573444
14890110,Noltorp Ö,18.834096312849695,47.274436090225564
14890111,Stadsskogen,5.744183707430476,32.96803652968037
14890112,Sörhaga,4.443848437722441,32.56704980842912
14890113,Kullingsberg,5.439433004434666,29.014740108611328
14890114,Centrum N,4.796614317578698,34.922010398613516
14890115,Centrum S/Tuvebo,6.685780911242944,35.01303214596003
14890116,Östlyckan/Brogården,18.244876286535018,49.80268350434096
14890117,Stockslycke/Holmalund,16.046445747655554,35.98448108632396
14890118,Bälinge,9.122941786127381,39.413680781758956
14890119,Hemsjö/V Bodarne,3.0003865519771136,26.567656765676567
14890120,Dammen/Prästeryd,3.9383087679308075,33.8258164852255
14890121,Ängabo/Maryd,3.991354798940164,34.18867924528302
14890122,Ingared,2.907201703617115,34.651898734177216
14890123,Hemsjö S,2.3993680952396867,25.188284518828453
14890124,Ödenäs/Skaftared,2.5070827960181754,25.164835164835164
14890125,Lövekulle,6.481610085972227,24.55968688845401
14900101,Aplared,2.2463736262458283,23.19201995012469
14900102,Bergsbo-Trandared,9.151554812905648,33.76251788268956
14900103,Bergsäter-Bergsbo,9.579829424283995,32.7027027027027
14900104,Boda-Brämhult,24.86269179715346,44.11027568922306
14900105,Brotorp,12.749028192052263,39.93288590604027
14900106,Brämhult-Ön,9.287350682195973,33.503054989816704
14900107,Brämhult-Kärra,9.971578291634732,34.081104400345126
14900108,Dalsjöfors Västra,3.852877256770506,30.516431924882628
14900109,Dalsjöfors Östra,3.867169738232799,31.26338329764454
14900110,Dannike-Draered,3.1612286518492763,23.872679045092838
14900112,Gånghester,5.299404665077415,30.00882612533098
14900114,Hulta Östra,39.03194395100777,75.20858164481525
14900115,Hässleholmen-Brämhult,19.943668925628096,45.04950495049505
14900116,Hässleholmen-Distansgatan,41.19850664360515,76.0233918128655
14900117,Hässleholmen-Tunnlandsgatan,42.71806666208728,83.05369127516778
14900118,Hässleholmen-Våglängdsgatan,45.17547863245965,82.0952380952381
14900119,Målsryd,4.211645827703204,32.450331125827816
14900122,Svensgärde-Sörmarken,18.13085470649735,40.44642857142857
14900123,Trandared Södra,13.879735582036936,48.90710382513661
14900124,Trandared Västra,10.923783397801836,40.41095890410959
14900125,Trandared Östra,17.62459303566313,47.75212636695018
14900126,Äspered-Rångedala,2.745389494307123,23.508137432188065
14900168,Hulta Västra,30.34163661889064,52.04188481675393
14900169,Dalsjöfors Centrum,2.6610806218062106,36.093943139678615
14900227,Bergdalen-Liljeberget,13.776205670354093,36.628643852978456
14900228,Bergdalen Södra,6.410574010645852,24.912280701754387
14900229,Bosnäs-Viared,5.31466026856242,26.88679245283019
14900230,Centrum,14.821529863261452,31.99426111908178
14900231,Centrum Norra,13.806580233997234,32.87858117326057
14900232,Centrum Östra,9.127215152375568,27.320261437908496
14900234,Druvefors Västra,22.520030307009613,37.5886524822695
14900235,Druvefors Östra,17.280350926763404,45.59710494571773
14900236,Göta,18.936373551120138,50.678733031674206
14900237,Göta-Kristineberg,25.9797304203722,54.46194225721785
14900238,Göta-Regementet,10.026187261500748,37.51284686536485
14900242,Kristineberg,28.248988904610545,61.851851851851855
14900243,Lugnet,8.727207696067719,37.72935779816514
14900244,Norrmalm-Sagavallen,12.534098305031765,34.27835051546392
14900245,Norrmalm-Hornsgatan,9.868338819465418,31.428571428571427
14900246,Norrmalm-Nedre,9.246144806725454,35.614849187935036
14900247,Norrmalm-Kype,11.033834888674765,42.51069900142653
14900248,Rydboholm,10.017934009053782,34.711964549483014
14900249,Salängen-Villastaden,15.783039408226337,29.989094874591057
14900251,Svaneholm-Seglora,7.605559677074154,34.59399332591769
14900252,Villastaden,8.265386434277334,30.54862842892768
14900253,Viskafors-Kinnarumma,4.634902787684171,35.04854368932039
14900254,Viskafors Centrum,8.662863571237247,38.03680981595092
14900255,Östermalm,15.98420227659757,37.410071942446045
14900256,Kristineberg-Dammsvedjan,10.291910288567726,37.58389261744966
14900257,Hedvigsborg,9.019994906240582,33.69565217391305
14900258,Dammsvedjan-Gässlösa-Kråkered,10.774472409819476,34.92063492063492
14900357,Borgstena-Tämta-Vänga,2.8312239654119415,20.685714285714287
14900358,Bredared,1.8386457632862447,23.942093541202674
14900359,Byttorp,10.379419523476404,40.267175572519086
14900360,Ekås-Hestra,6.008384671357186,28.90295358649789
14900361,Fristad-Kvarbo,3.4662348705492985,27.77777777777778
14900362,Fristad-Gingri,2.7961093683265,27.41358760429082
14900363,Fristad-Asklanda,4.902286923377681,25.685279187817258
14900365,Frufällan-Tosseryd,11.618389759727261,25.7001647446458
14900366,Hestra-Byttorp,8.499174034755384,38.87210473313193
14900367,Hestra Parkstad,6.896928510457294,34.720700985761226
14900369,Knalleland-Alideberg,21.222747401207943,49.516648764769066
14900370,Lundaskog-Lyckebo,9.177068456251364,28.469750889679716
14900371,Sjöbo-Almenäs,21.029667189597603,50.122249388753055
14900372,Sjöbo-Långesten,17.826887671040918,48.29210836277974
14900373,Sjöbo-Nolhaga,23.575938558136553,54.20168067226891
14900374,Norrby Norra,55.07742854033157,81.28019323671498
14900375,Norrby Södra,50.77804106431598,81.01952277657267
14900377,Parkstaden-Byttorp,8.39528559012336,30.29490616621984
14900378,Sandared Centrum,3.6450657011786487,31.4792899408284
14900379,Sandared Västra,3.8256221512074364,25.031289111389235
14900380,Sandared Östra,3.5246600276412106,22.666666666666668
14900381,Sandhult-Hedared,2.812499935922089,28.187250996015937
14900382,Sjöbo-Ryda,24.166415597761684,50.070323488045005
14900383,Sjöbo-Johannelund,24.14379632328151,52.69286754002911
14900384,Sjömarken Norra,5.026960887672197,23.753976670201485
14900385,Sjömarken Södra,7.486266782700298,27.08994708994709
14900386,Sparsör,5.0209277668796695,24.957118353344768
14900387,Tullen,12.889116812555924,40.55299539170507
14900388,Fristad Centrum,5.1292174446265655,40.17857142857143
14910101,Gunnarshill/Borgmästarhagen,15.89620983467912,38.006952491309384
14910102,Villastaden/Bronäs/Ekhagen/Karlsnäs,9.153893075243968,32.14971209213052
14910103,Centrum/Tingsholm N.,12.706653289197266,41.69124877089479
14910104,Skarpås/Furet/Hemryd/Tingsholm S.,7.0058215839464,35.72228443449048
14910105,Fridhem/Paradiset/Centrum S.,5.55608150059335,28.92156862745098
14910106,Markuslyckan/Karlslätt/Härstorp,10.999694798315197,36.594202898550726
14910107,Marbäck/Fredriksberg/Fållorna,7.549736939716105,34.497206703910614
14910108,Blidsberg/Dalum/Trädet,6.545574127835017,28.9103690685413
14910109,Gällstad/Rånnaväg/Grönahög,5.191510985485584,27.345629510825983
14910110,Hökerum/Nitta,2.252901455892924,24.686192468619247
14910111,Hössna/Liared,1.3135936692915933,18.49390919158361
14910112,Timmele/Älmestad,3.1995119910253207,23.325453112687157
14910113,Tvärred/Vegby,2.9045629158830657,30.4635761589404
14920101,Åmål norra - Mo,5.396307179433283,30.787589498806682
14920102,Åmål nordvästra,9.045865130010824,41.707556427870465
14920103,Åmål sydvästra,5.74123289799167,37.64478764478765
14920104,Åmål södra,6.973558069449346,35.714285714285715
14920105,Åmål centrala,23.09062109101957,52.75735294117647
14920607,Tösse - Fröskog - Ånimskog,1.3534643111035143,28.767123287671232
14930101,Näset,6.067769794474557,37.12930011862396
14930102,Madlyckan,6.330744298551622,36.898395721925134
14930103,Ladukärr,3.4580618816148565,40.12474012474012
14930104,Grangärdet,6.473257993720623,40.853658536585364
14930105,Trädgården,6.601638795962987,43.23809523809524
14930118,Högelid,3.0548974303641825,35.271614384085694
14930206,Marieholm,16.313179924054978,49.33184855233853
14930207,Leksberg,3.6363698967893883,36.21262458471761
14930208,Leverstad,17.232766185389067,47.69230769230769
14930216,Lockerud-Ekudden,6.195486265313357,36.25592417061611
14930217,Bråten-Västra skogen-Marieäng,12.520075033701707,48.15205913410771
14930314,Ullervad,1.0977596912369378,30.92105263157895
14930315,Tidavad,1.025260542726507,25.675675675675677
14931011,Lugnås,1.5141975406858537,27.136752136752136
14931409,Hassle-Torsö,1.2096474337819814,26.666666666666668
14931813,Lyrestad-Sjötorp,1.9125558079984613,28.449197860962567
14940101,Gamla stadens centrum,13.735638162311583,39.96265172735761
14940102,Margretelund N,22.987185987696005,50.59978189749182
14940103,Fredriksdal,18.67050955744797,45.03375120540019
14940104,Wennerberg,9.884501551677262,45.23560209424084
14940105,Lidåker-Ljunghed,4.669274256126164,41.05726872246696
14940106,Margretelund S,15.258201135605132,50.6137865911237
14940107,Nya staden N,8.519485093239158,39.60138648180243
14940108,Nya staden S,9.036415444618884,37.245313773431135
14940109,Ågårdsområdet,4.35884907664354,34.988713318284425
14940110,Dalängen,11.157199642689339,41.916666666666664
14940111,Framnäs,10.727048326510689,50.653266331658294
14940213,Järpås,1.691210703142863,27.870813397129186
14940514,Råda,2.6918053766679195,31.133428981348636
14940622,Tun-Gillstad,2.2831035475265122,29.122468659594986
14940816,Sunnersberg,1.5812748235666052,28.020756115641216
14941117,Otterstad,1.6801853349830576,23.758278145695364
14941315,Stenhammar,2.1326220811045755,30.206254158349967
14941325,Tofta-Ulriksdal,1.5943957294829505,36.50952858575727
14942020,Hovby-Majåker,2.721986813368784,39.25588458618071
14942121,Saleby-Norra Härene,1.4336547835369196,23.851030110935024
14942424,Vinninga-Filsbäck,2.0292436999841037,35.298452468680914
14942923,Örslösa,0.6313747088810266,27.264150943396228
14950101,Marieberg,13.406657561159667,46.285140562249
14950102,Västermalm-Domprostegården,10.544088714832874,40.30797101449275
14950103,Centrum,18.03791576528007,46.096256684491976
14950104,Skaraberg-Tveta,15.260677403638852,36.69803250641574
14950105,Gällkvist västra-Härlunda,12.699488366495228,36.35496183206107
14950106,Gällkvist östra-Skånings Åsaka,6.261306706202893,33.26133909287257
14950107,Hindsbo-Händene,10.354359567130256,34.07325194228635
14950514,Varnhem-Eggby,1.3931401434513302,29.70007315288954
14950813,Axvall,3.0907946394645944,27.31568998109641
14951609,Ardala,2.186773275388934,20.549242424242426
14960101,Centrum västra,7.339089836608023,38.167053364269144
14960102,Kullen,6.745806045065233,32.17231897341888
14960103,Billingssluttningen,6.118403085133009,32.52100840336134
14960104,Dälderna,10.58592463066209,36.03757472245944
14960105,Centrum östra,10.490024496191532,39.657444005270094
14960106,Havstena,16.391928295322273,48.52521408182683
14960107,Norrmalm,10.372143402258764,35.845896147403685
14960108,Västra Fältet,6.988405058060323,33.67875647668394
14960109,Rosenhaga,13.725495247513443,42.356377799415775
14960110,Lunden,13.570325129946317,37.88187372708757
14960111,Mariesjö,15.732084409473005,36.462450592885375
14960112,Östermalm,14.7349304133163,42.331288343558285
14960113,Trädgårdsstaden,10.080290388726976,31.697171381031612
14960115,Källegården,5.729172906129925,28.341384863123995
14960129,Ekängen,7.319098909673008,27.6555023923445
14960132,Aspö/Ulveket,5.24910746551493,33.91107761868877
14960134,Högskolan/Trängen,12.857137679190242,42.919200695047785
14960316,Våmb,4.950513144708419,32.93310463121784
14960331,Hentorp,3.7318221181035534,29.81007431874484
14960417,Södra Ryd,29.407220499584763,44.454887218045116
14960418,Ryds Centrum,42.72269991628505,57.660455486542446
14960419,Norra Ryd,30.521446087759028,50.51783659378596
14960521,Skultorps centrum,8.669437960524906,34.285714285714285
14960533,Skultorp nordväst,5.529686980077468,30.31423290203327
14960820,Skultorpsbygden,4.206997172081056,23.83985441310282
14961223,Värsås,2.4964828796878678,22.094140249759846
14961322,Igelstorp,4.044702772928681,26.848249027237355
14961625,Väring,1.4163631609273186,26.26427406199021
14961824,Frösve/Säter,1.7725088743184094,30.089820359281436
14962226,Berg,1.4770371206418942,24.011039558417664
14962427,Timmersdala,0.8437895438988808,25.851938895417156
14962628,Tidan,7.2677046018607605,30.12512030798845
14970101,"Hjo södra, Grevbäck",4.736784823523524,27.669524551831646
14970102,"Hjo västra, Mofalla, Långeruder m fl",2.4808482007114954,28.52431986809563
14970103,"Hjo mellersta, Hammarsjorden",8.396339894945516,40.449438202247194
14970104,"Hjo norra, Smedstorp, Sanna",3.544264624193727,33.76146788990825
14970505,"Norra och Södra Fågelås, Gate",2.5337087338189774,22.22222222222222
14970706,"Korsberga, Blikstorp",1.3348164597605483,25.171232876712327
14980101,Tidaholms Innerstad,11.146469269072828,46.933085501858734
14980102,Tidaholm Östra,8.310092017690218,40.78651685393258
14980103,Tidaholm Västra,5.260007152861907,45.46341463414634
14980104,Tidaholm Norra,5.260606566114647,46.67359667359668
14980110,Hökensås Norra,1.0377430445020908,31.37089991589571
14980207,Hökensås Södra/Västra,1.116772817768949,25.650916104146578
14981512,Dimbo m.fl.,1.6713091340243285,25.43940795559667
14990101,Centrum,6.906757946550911,37.59450171821306
14990102,Kyrkerör,13.722109205469057,41.480206540447504
14990103,Dotorp-Tåstorp,27.461819338338422,55.62613430127042
14990104,Bestorp-Mösseberg,3.6868211268082605,31.70305676855895
14990105,Fredriksberg,21.657455592710363,47.94407894736842
14990106,Ranten-Grönelund,27.924855873930316,52.22121486854034
14990107,Vilhelmsberg-Åttagård,16.35093586226647,48.928238583410995
14990108,Södra Bestorp-Nedre Mösseberg,4.1370033368711985,34.435049961568026
14990209,Bergsliden,15.302332548529796,35.5036855036855
14990310,Vilske,2.971990672649655,22.837370242214533
14990512,Floby,5.304289198157692,32.6241134751773
14990711,Odensberg,1.1748603214425544,22.958579881656803
14991428,Åsarp-Kättilstorp,1.678153455264796,22.263450834879407
14991513,Kinnarp-Slutarp,3.031726864190713,22.54901960784314
14992016,Vartofta,1.6870518774156011,21.17863720073665
14993123,Stenstorpsbygden,1.66500768634346,20.28985507246377
14993422,Stenstorp,8.117256070659502,33.19672131147541
14994125,Gudhem-Broddetorp,1.6908838321557818,25.129087779690188
17150101,Vikstad,1.5510846277779875,32.445520581113804
17150102,Tolita,1.0111402445403175,22.281639928698752
17150103,Dalliden,3.9994531332342396,36.38376383763838
17150109,Stenåsen,1.5404195708212443,33.164739884393065
17150110,Sannerud,11.067460037960133,42.00151630022744
17150205,Fagerås,1.848255283543155,26.908396946564885
17150206,Frykerud,1.3633812568761325,22.831858407079647
17150308,Boda,1.363366972019022,30.095238095238095
17300101,Charlottenbergs tätort,16.384412595341768,44.00544959128065
17300102,Charlottenbergs omland,7.309911037219547,27.797001153402537
17300105,Åmotfors,9.097838861169368,41.51212553495007
17300307,Koppom,1.5343562207137367,27.20897615708275
17300511,Köla-Skillingmark,1.7040359259184772,24.540901502504173
17370101,Torsby Norra,5.862341094356222,39.06899418121363
17370102,Oleby,5.487677444589088,28.763440860215052
17370105,Svenneby,5.328136403712741,33.299180327868854
17370106,Torsby Södra,5.954691698427287,37.47323340471092
17370309,Vitsand,1.386377354490093,26.329113924050635
17370512,Östmark,0.941619591007267,28.19148936170213
17370617,Sysslebäck,1.1470281662880935,34.509803921568626
17370822,Likenäs,2.2531477567955984,37.119113573407205
17370923,Stöllet,2.253147690857036,27.628361858190708
17600103,Storfors Centrala,5.142351240245271,45.486111111111114
17600201,Bjurtjärn,2.0043336447929088,27.83375314861461
17600302,Lungsund,2.383920557856469,28.571428571428573
17610101,Skoghall,9.142949328189921,42.95175023651845
17610102,Haga,3.95650863812928,41.153546375682
17610103,Gunnarskär,1.3192283327263656,36.96639418710264
17610104,Mörmon,6.992226846187801,47.30538922155689
17610105,Klöverud,2.8866113137238685,34.06682966585167
17610106,Hammar,1.414980453776727,35.811423390752495
17610107,Lövnäs,2.3576248796971386,26.88087774294671
17610108,Hallersrud,1.6283266629539337,31.07843137254902
17610109,Östra Bärstad-Rud,1.8084451672353683,22.666666666666668
17620203,Munkfors Sydvästra,2.6827891845944296,36.35321100917431
17620205,Munkfors Centrala,4.5627366109123,48.19027921406411
17630101,Forshaga öst,3.4921458028090773,45.3125
17630102,Forshaga väst-Dyvelsten,3.7107427681565865,41.88861985472155
17630103,Grossbol,10.159443727465343,37.32809430255403
17630104,Skived öst,2.072231733853008,32.55494505494506
17630105,Skived väst,2.1292102425009363,36.203090507726266
17630212,Deje,4.2222739826978035,39.659803043867505
17630315,Dejefors,3.384376537908913,36.75464320625611
17640102,Grums Västra,6.5474368854831635,50.51020408163265
17640103,Grums Centrala,5.431154857534854,40.74074074074074
17640106,Grums Södra-Gamla Slottsbron,6.4544715059058495,43.524904214559385
17640107,Segmon-Slottsbron,3.8772780683386747,35.61643835616438
17640108,Värmskog-Grums Norra,1.0410834973300906,24.355300859598852
17650101,Årjäng N,10.946654309448173,32.19741480611046
17650102,Årjäng Ö,10.564712962340122,31.088082901554404
17650203,Sillerud,1.2857142697493376,17.24137931034483
17650307,Holmedal-Karlanda,1.4502762550650923,19.273743016759777
17650509,Årjäng V,6.383464415461729,29.71506105834464
17650711,Töcksfors,6.41221380508129,19.271948608137045
17660101,Klockaregården,9.283020885954965,29.302832244008716
17660102,Åmberg,3.3412061700065143,28.551532033426184
17660103,Leran,8.646139061610477,34.361702127659576
17660106,Södra Borgeby,2.3143139969587128,26.751592356687897
17660109,Rottneros,4.257113101343735,27.7992277992278
17660110,Stöpafors,0.8138351808321497,21.93158953722334
17660119,Gräsmark,1.1035654097826606,27.328244274809162
17660124,Brobyäng,8.208972518423423,38.62359550561798
17660215,Västra Ämtervik,1.2332439749034303,23.15950920245399
17660317,Östra Ämtervik,1.428391920606904,21.141975308641975
17660523,Lysvik,1.092896236717386,27.841634738186464
17800101,Tingvallastaden,7.780089849122645,32.590529247910865
17800102,Viken,5.719266527177658,43.037974683544306
17800103,Sommarro,6.245290876631404,31.141868512110726
17800104,Orrholmen söder,18.6870939282061,55.96026490066225
17800105,Kvarnberget,12.047244537371444,45.130183220829316
17800106,Tullholmen öst,7.708106636314539,32.66219239373602
17800107,Inre hamn,5.653736968682047,30.31496062992126
17800111,Tingvalla,10.685973122467297,34.226190476190474
17800112,Klara,6.939353828118669,33.95585738539898
17800113,Råtorp-Älvåker,2.152557694463836,29.555757026291932
17800114,Haga öst,4.72484449783434,38.15028901734104
17800115,Herrhagen 1,7.710124556902191,42.10045662100457
17800116,Herrhagen 2,6.084339278806621,36.31147540983606
17800117,Herrhagen 3,5.308312294179825,41.459369817578775
17800118,Tormestad-Lamberget,5.134633551848956,39.67032967032967
17800119,Råtorp söder,3.7434608695443576,32.34714003944773
17800120,Haga väst,5.044132839261692,33.402061855670105
17800123,Tullholmen väst,6.859234000361032,29.801324503311257
17800125,Orrholmen norr,9.591342476310107,40.67478912839738
17800126,Marieberg,7.082738416994458,38.17567567567568
17800230,Sundsta,4.311162302007106,30.24263431542461
17800231,Norrstrand centrum,5.460994680586651,42.690677966101696
17800232,Norrstrand norr,5.470854787212962,37.30569948186528
17800233,Norrstrand-Sjöstad,6.657112871642024,38.14852492370295
17800234,Norrstrand söder,4.894472236967958,44.35665914221219
17800235,Kroppkärr,3.622637810913877,34.960629921259844
17800236,Färjestad norr,5.997972840587245,34.65703971119134
17800238,Lorensberg,4.188110350604453,38.67768595041322
17800239,Rud norr,24.850930725565334,59.81794538361508
17800240,Rud söder,15.151661669240113,54.435483870967744
17800241,Kronoparken väst,22.71809750359358,39.51048951048951
17800242,Kronoparken söder,36.882055873356215,71.3091922005571
17800243,Stockfallet,6.280019533522908,36.199095022624434
17800244,Universitetet,16.3070971665184,49.69879518072289
17800245,Kronoparken öst,31.695809408259283,67.95048143053646
17800246,Kronoparken centrum,36.38750034573877,72.16916780354707
17800247,Alster söder,3.4838941219249437,35.10253317249698
17800249,Färjestad söder,6.29081283619022,37.93755912961211
17800250,Långtäppan-Rud,21.86165505439577,49.14529914529915
17800251,Kronoparken norr,23.25854818552985,57.01970443349754
17800350,Skattkärr,2.7892815254545456,32.65503875968992
17800351,Östra Fågelvik,2.1306171624840213,26.955475330926596
17800456,Väse,1.5196079021971718,27.77777777777778
17800665,Molkom,4.482505699303506,35.42210617928634
17800667,Nyed,2.3930837943488297,29.545454545454547
17800775,Alster norr,2.8030840983133625,29.592566118656183
17800880,Skåre,4.0095435592002255,39.973262032085564
17800881,Soldattorpet,1.5018215193449096,34.4206008583691
17800882,Grava,1.9908749545586522,23.167420814479637
17800883,Stodene,3.0390153086836205,36.70605612998523
17800990,Vålberg-Nor,6.033586707544474,33.051643192488264
17800991,Vålberg,7.025491217284837,40.72693383038211
17800992,Edsvalla,2.1704474095282067,31.85483870967742
17801106,Romstad-Strand,4.251711809087457,32.518955349620896
17801107,Gruvlyckan,28.617378093430034,62.1900826446281
17801108,Våxnäs söder,25.087626167261217,58.778625954198475
17801109,Hagalund,6.967954308891736,41.8167580266249
17801110,Våxnäs norr,29.535612634838998,64.17410714285714
17801119,Bergvik-Zakrisdal,5.417642086573765,26.422764227642276
17801120,Hultsberg,4.835434156564029,39.14373088685015
17801121,Björkås-Dingelsundet,4.579643725085605,31.206380857427718
17810101,Innerstaden,24.41009572992763,59.95717344753747
17810102,Södermalm,15.062382542549875,47.28213977566868
17810103,Enserud,12.724941937206204,46.09271523178808
17810104,Fältet,7.33958195014621,38.13459268004723
17810105,Djurgården,5.313695291821383,39.481268011527376
17810106,Kurlanda,6.847110670622653,34.47927199191102
17810107,Östra Vålösundet,5.961811417113304,33.164300202839755
17810108,Stenstaliden,6.6612343571533135,40.96484055600981
17810109,Strand,4.8202311313015676,36.564805057955745
17810110,Ölme,1.5915178335984126,27.637721755368815
17810111,Kristinehamn norra,4.880503736553006,36.50273224043716
17810112,Kristinehamn nord-östra,4.153201223458145,38.95348837209303
17810113,Kristinehamn östra,5.817300493325739,40.46164290563476
17810114,Björneborg,9.420166776581844,43.50547730829421
17810115,Kristinehamn södra,1.9013180612997975,26.177174780526737
17820101,Filipstads norra,6.514793250586258,34.76070528967254
17820102,Filipstads västra,16.972410757052764,45.99644128113879
17820103,Filipstads södra,7.121658071831281,38.92493049119555
17820104,Filipstads östra,6.680463290949175,38.60430586488493
17820712,Lesjöfors,2.881171878503611,44.71337579617835
17830101,Hagfors Centrum,8.62997119220161,53.99141630901288
17830105,Hagfors Östra,8.618053392928253,50.10288065843621
17830210,Ekshärad-Västanberg,1.3314968717562126,30.007855459544384
17830315,Hagfors Norra-Gustav Adolf,4.283599749825568,47.03668861712136
17830418,Råda-Höje,2.075731913324339,39.64059196617336
17830522,Sunnemo-Uddeholm,2.7635598873965317,38.403451995685
17840102,Haga,6.039048384460375,39.155920281359904
17840103,Minneberg,10.424848613149045,43.175853018372706
17840104,Solberga,8.32020112522603,47.27626459143969
17840105,Styckåsen,8.830673343002458,51.932367149758456
17840106,Degerängen,12.271363215494718,42.8743961352657
17840125,Rosendal,4.711163816566795,41.657579062159215
17840207,Dottevik,13.797713061493427,41.43920595533499
17840208,Solvik,5.412127781636637,33.403141361256544
17840209,Agneteberg,9.596282833387436,42.690677966101696
17840210,Jössefors,2.4873742395778833,31.85185185185185
17840228,Taserud,3.252998419252559,39.35828877005348
17840311,Stavnäs-Högerud,0.8596102765918637,31.294964028776977
17840514,Glava,1.6901002971439159,35.233160621761655
17840617,Gunnarskog-Bogen,1.4040521066603218,27.199281867145423
17840920,Älgå-Ny,1.3488737577130243,29.68236582694414
17841123,Edane,1.7926393023411131,32.70718232044199
17841124,Mangskog,1.7926703129003605,31.08108108108108
17850101,Tegnér,4.5961473374255135,32.5635103926097
17850102,Tingvalla,11.016216846537187,34.347181008902076
17850103,Trätälja,22.4240669088531,47.252747252747255
17850105,Värmlandsnäs Södra,0.8890245822252877,15.347334410339258
17850206,Höglunda,8.52880022682832,35.783365570599614
17850308,Värmlandsnäs Norra,2.5775779333224405,24.47257383966245
17851018,Annelund,4.3839015484748245,34.413309982486865
17851120,Svaneholm,1.706827321232722,24.328859060402685
17851223,Nysäter,1.4992503905468557,19.87012987012987
18140100,Lanna,2.4649568073056414,23.878923766816143
18140200,Hidinge,1.9150488054203725,25.609756097560975
18140301,Fjugesta Västra,4.306659117577163,30.232558139534884
18140302,Fjugesta Östra,6.658390263374688,29.28240740740741
18140400,Mullhyttan,2.8628359382754267,23.82075471698113
18140500,Kräcklinge m.fl.,1.0678263300256488,19.681456200227533
18600101,Laxå Centrala,14.188899153031702,39.756367663344406
18600103,Laxå-Kanalområdet,10.995754943565,34.14855072463768
18600205,Finnerödja,2.94334061154916,27.063106796116504
18600407,Skagershult,3.440621589510417,35.69230769230769
18610111,Hässleberg,28.554557736854594,59.57972805933251
18610113,Kårstahult,12.833636820367552,43.17948717948718
18610114,Vingen,15.62313162249217,43.323442136498514
18610115,Vadsbron,6.563444042585049,36.78598629093678
18610116,Långängen,4.80709419379874,44.342507645259936
18610221,Vretstorp,4.156170853345898,27.079107505070994
18610231,Östansjö,2.1848674939981385,30.078125
18610441,Sköllersta,3.069743132510528,30.328738069989395
18610451,Pålsboda,7.9380758699600795,33.88756927949327
18610671,Sottern,3.177042472787642,34.94208494208494
18620101,Jannelund,15.550994538287256,53.500522466039705
18620102,Bossåsen,6.205554518069701,36.67041619797525
18620103,Bruket,7.345110183593946,42.761692650334076
18620105,Stora Valla,12.391035092368893,48.902195608782435
18620108,Strömtorp,4.407525263259447,37.86793953858393
18620210,Åtorp,1.153838173515589,28.130081300813007
18620211,Svartå,2.3720349630585686,37.239583333333336
18630101,Gillershöjden,7.24565498923164,40.913415794481445
18630102,Centrum,15.771454931774763,52.90763968072976
18630104,Hjulsjö-Kronhagen,5.468367799671176,41.235813366960905
18630208,Grythyttan,1.919258767625544,31.77570093457944
18640101,Hörken-Ställdalen,3.585147305852011,28.249566724436743
18640103,Bångbro-Kyrkbacksskolan,4.532633376004969,33.04347826086956
18640105,"Tingshuset, Kopparberg",10.26010899930775,42.14876033057851
18800101,Örnsro,16.229134069855576,49.13557779799818
18800102,Näbbtorget,21.292336136470183,48.51104707012488
18800103,Våghustorget,10.728271139016755,40.57971014492754
18800104,Oskarsparken,5.613340956967087,34.791454730417094
18800105,Wadköping,5.2388806593014285,32.26837060702876
18800106,Sveaparken,8.8902579900758,33.20388349514563
18800107,Stadsparken,5.311728070742735,37.53694581280788
18800108,Krämartorget,14.782157815499481,45.684695051783656
18800109,Eklunda,7.26615609648634,27.645376549094376
18800110,Södermalm,13.57817243930023,45.98257502420135
18800111,Eyra,6.490047060395275,31.38401559454191
18800112,Gustavsvik,6.823049934020708,31.65644171779141
18800113,Ladugårdsängen västra,8.730456834392182,40.38461538461539
18800114,Ladugårdsängen östra,8.490403953155344,40.136830102622575
18800115,Olivplan,11.28671193890019,36.972193614830076
18800116,Sörbyängen,7.675078099290002,39.74630021141649
18800216,Bettorp,8.358454700997829,37.66816143497758
18800217,Olaus Petri,9.586619569190587,52.15782983970407
18800218,Åkullen,10.735447593343721,45.87352625937835
18800219,Längbrotorg,9.887172640527936,42.967884828349945
18800220,Hagaby-Ringstorp,11.346931165693771,33.72549019607843
18800221,Norrby,13.11650783991054,54.41696113074205
18800222,Bromsplan,11.87339613268755,43.16469321851453
18800223,Svampen,12.812943573324972,42.26988382484361
18800224,Rynningeåsen,10.04380188609548,37.54080522306855
18800225,Rynninge,6.709032454287863,32.826475849731665
18800226,Tegnér,11.36223280894577,39.58573072497123
18800227,Sofia,9.416395600033487,37.00440528634361
18800228,Nobel,15.573842267641504,47.50795334040297
18800229,Malmplan,12.05019603964708,46.17044228694714
18800230,Vasastan,7.960347090269575,39.90654205607477
18800231,Järntorget,9.121063721623694,43.614931237721024
18800232,Universitetssjukhuset,11.73819872991958,40.05819592628516
18800233,Slottet,8.26320707853619,36.76190476190476
18800234,Centrum,6.9930726860902706,33.02277432712215
18800235,Centralstationen,10.581509512954687,42.332065906210396
18800339,Heden,18.05147636407042,35.945945945945944
18800340,Mellringe,13.991216315152169,33.43023255813954
18800341,Björkhaga,4.842147596873539,43.481989708404804
18800342,Varberga västra,37.68697422330506,66.62068965517241
18800343,Varberga östra,54.31186240207027,70.6436420722135
18800344,Karlslund,9.689775639158555,39.78174603174603
18800345,Oxhagen,46.02752452909874,79.54048140043764
18800346,Solhaga,7.55452148672206,52.88248337028825
18800347,Västhaga,13.130977570582568,53.66108786610879
18800348,Rosta västra,11.795318394096526,46.29430719656283
18800349,Rosta östra,9.416353289988145,49.382716049382715
18800350,Hagastrand,9.487007002188152,38.58875413450937
18800479,Skebäck,5.319453200253265,34.70540758676352
18800480,Sörby norra,6.830273974895814,34.293948126801155
18800481,Sörby södra,7.504592195787868,34.5360824742268
18800482,Tybble,17.126320443835972,49.4750656167979
18800483,Ekeby Almby,5.0843752406391856,23.672367236723673
18800484,Almby,10.05740363481529,35.03772003352892
18800485,Brickeberg,16.664270906198098,38.430173292558614
18800486,Brickebacken norra,35.188249277641674,62.92749658002736
18800487,Brickebacken södra,27.648930903342016,64.91228070175438
18800488,Grönpepparparken,9.393043955498602,36.92307692307692
18800489,Näsby,5.244928571566028,32.09219858156028
18800490,Tybblelund,5.722378082373746,36.53671804170444
18800491,Universitetet,12.719159268942995,46.76165803108808
18800492,Ormesta,5.200999051069525,26.28032345013477
18800493,Norra Ormesta,4.614964509052271,33.58490566037736
18800494,Tybblekullen,12.140025810754096,46.33140972794724
18800501,Marieberg,3.9024845585110626,27.32919254658385
18800502,Mosås,5.8503012832955665,29.210526315789473
18800503,Täby,2.2078696967819473,21.327683615819208
18800701,Vintrosa,2.1840768304160534,30.20329138431752
18800801,Garphyttan,4.139693878429995,37.15341959334565
18800802,Latorp,2.0565580474528686,31.749049429657795
18801001,Kil,2.2083602049809072,23.819095477386934
18801101,Ervalla,2.236900494412926,24.2451967063129
18801201,Axberg,3.7045666382001294,29.321663019693656
18801301,Hovsta västra,4.226689632037552,34.21828908554572
18801302,Lillån västra,7.740523797958141,34.516129032258064
18801303,Lillån östra,6.920388835940937,32.011070110701105
18801304,Hovsta östra,5.694671037624155,39.689119170984455
18801401,Hampetorp,2.0206958751397734,27.52420470262794
18801501,Kilsmo-Brevens Bruk,2.3377976185032403,30.65326633165829
18801502,Asker,1.8389346068705543,20.6145966709347
18801503,Odensbacken,3.097604523262094,31.243576567317575
18801601,Stora Mellösa västra,2.1907100566191717,28.349282296650717
18801602,Stora Mellösa östra,2.1903873451628364,29.34609250398724
18801701,Norrbyås,2.803797173459727,26.358695652173914
18801801,Gällersta,4.880369147966906,26.00349040139616
18802601,Rinkaby,1.9132133384381969,25.229960578186596
18802701,Glanshammar,2.4433689229211524,26.75619834710744
18802901,Lillkyrka,1.4612824878346478,27.304550758459744
18803060,Lundby norra,17.374743045942264,51.53439153439153
18803061,Lundby södra,18.66453773862593,42.434988179669034
18803062,Vivalla västra,54.66221154019363,89.86013986013987
18803063,Vivalla norra,51.580766548385526,85.10882016036655
18803064,Vivalla östra,51.71119631998767,88.58988159311087
18803066,Nyponlunden,16.589378187136973,35.78313253012048
18803067,Nya Hjärsta,13.806976253844928,41.02316602316602
18803068,Baronbackarna,40.129187977271464,71.67868177136972
18803070,Gamla Hjärsta,8.453463638828863,36.74121405750799
18803071,Mikael,7.926087252399721,37.182203389830505
18803072,Karla,18.309601479806,43.728813559322035
18803073,Trängen,23.28398675009899,57.35632183908046
18803074,Markbacken,37.7003548875633,72.69417475728156
18803189,Brunnsgärdet,5.118122397716893,35.363247863247864
18803190,Nasta,5.398784479377143,29.97347480106101
18803191,Lindhult norra,4.748091587761683,32.694355697550584
18803192,Adolfsberg västra,4.211478198251807,28.205128205128204
18803193,Adolfsberg östra,3.2659844508874896,32.44444444444444
18803194,Ladugårdsängen södra,10.457064595184816,34.950071326676174
18803195,Ladugårdsängen Hagen,10.235668112503237,31.797235023041473
18803196,Lindhult södra,4.599489662786335,29.33597621407334
18810102,Hällabrottet,2.7122642340824403,32.21574344023323
18810104,Åbytorp-Hardemo,2.2598281296017175,23.28278322925959
18810105,Skogstorp,4.674590816541791,30.757097791798106
18810106,Malmen,15.615864075502468,50.526315789473685
18810107,Fylsta,20.376903818922486,47.9020979020979
18810108,Stadshuset,11.656836808418186,43.85245901639344
18810109,Åsen,6.877590162859986,36.25608907446068
18810112,Haga,6.933818011970129,34.02555910543131
18810114,Kumlaby,9.561228177467077,34.966777408637874
18810115,Sörby,4.854654760612815,26.052422557585384
18810116,Vialund,16.310224341869976,37.04761904761905
18810310,Ekeby-Kvarntorp,1.6392321225325623,23.439667128987516
18820101,Sjöängen,8.303682025601617,38.93805309734513
18820102,Närlunda,8.049784340811803,37.622950819672134
18820103,Klockarbacken-Olshammar,5.461691034798874,27.12962962962963
18820304,Åsbro,3.335035612707917,33.42723004694836
18820306,Rönneshytta-Mariedamm,2.2077796925566844,26.775956284153004
18820408,Snavlunda,0.9487775461647144,28.5472972972973
18820511,Hammar,2.1857383357888285,23.77892030848329
18820513,Åmmeberg-Zinkgruvan,1.4891759889398837,31.75
18830101,Aggerud,5.716912541794635,33.9080459770115
18830102,Stråningstorp,9.322128487060596,45.2020202020202
18830103,Landa,30.679054997663346,56.55021834061135
18830104,Skranta,17.064026248798243,39.83739837398374
18830105,Häsängen,10.087031012582313,30.666666666666668
18830106,Ekeby,10.795139798664016,42.31119199272066
18830107,Karlberg,6.175919610459096,35.881294964028775
18830108,Rävåsen,5.387704563678336,39.91111111111111
18830109,Sandmo,13.38988406496273,44.73924977127173
18830110,Karls-Åby,4.702809527991814,35.06711409395973
18830111,Bohult,5.837112841953968,41.803989592367735
18830112,Bregården,7.36785352352977,37.711522965350525
18830113,Bofors,5.189016512492985,43.66312346688471
18830114,Sandviken,11.118683432658568,46.10069101678184
18830115,Österleden,5.67085362850002,36.36363636363637
18830116,Bråten,2.718976847866999,35.801393728223
18830117,Granbergsdal,2.0406661078004413,24.719101123595507
18840306,Järnboås-Klacka-Lerberg,1.8575851568597594,21.31519274376417
18840401,Hagby-Esstorp,9.42659603525794,41.82857142857143
18840403,Karlsäng-Pershyttan,10.015056589011989,38.551099611901684
18840404,Gyttorp-Viker,4.337539514827545,31.375
18840405,Hitorp-Alntorp,4.016344434648747,33.4
18840407,Ås-Ringshyttan,5.040602244453997,32.64957264957265
18840409,Dalsta-Born,6.4942958324671025,33.07086614173228
18840410,Torget-Gunnarsberg,7.979942926129876,40.98360655737705
18850203,Gusselby,1.5624531409958007,21.70731707317073
18850204,Lindesbergs Norra,13.310712903705738,39.411764705882355
18850206,Linde,13.147779522967879,21.180189673340358
18850207,Lindesbergs Mellersta,9.767452538430943,38.06990881458967
18850209,Vedevåg,4.612978730687712,25.851393188854487
18850210,Lindesbergs Västra,6.8496658775565535,35.29874213836478
18850212,Lindesbergs Sydöstra,9.798001258433871,36.93901035673188
18850216,Lindesbergs Nordöstra,34.609826575099035,60.71817192600653
18850302,Guldsmedshyttan,3.702296944805499,31.126596980255517
18850305,Storå,3.3799270369164587,25.719267654751526
18850413,Frövi Västra,8.508093820601582,40.09942004971003
18850414,Frövi Östra,3.6213648895855353,31.948291782086795
18850518,Fellingsbro Västra,5.78092492450393,29.046242774566473
18850519,Fellingsbro Östra,6.01534886782385,29.937888198757765
18850522,Rockhammar,2.161263503952255,24.166666666666668
18850728,Ramshyttan,1.5071592192698713,23.582766439909296
19040201,Skinnskatteberg Södra,3.4599157293764753,31.550802139037433
19040202,Skinnskatteberg Norra,6.41074776466795,40.922844175491676
19070101,Bruket och Landsbygd,5.418622164781163,29.93951612903226
19070103,Stavtorpet,3.6399512226617787,35.02439024390244
19070104,Skogslund,7.125720553106934,36.163175303197356
19070105,Dalskogen,10.801419145221178,42.06642066420664
19070207,Ramnäs,5.9922354447984105,35.80246913580247
19070208,Virsbo,5.136688463187774,33.63994743758213
19600101,Runna - Granhammar,12.208403304231076,40.79933388842631
19600102,Centrum,20.48023456231683,43.69024856596558
19600103,Haga - Skillinge,5.97118755721446,32.46628131021195
19600104,Torpa - Malmberga,8.09297813480866,28.299492385786802
19600506,Valskog - Kungs-Barkarö,3.69348514659979,25.806451612903224
19610103,Nibble,11.754740535062218,44.54976303317535
19610104,Fredhem,5.695692321397035,41.287553648068666
19610105,Barnängen,7.612539610316585,47.577639751552795
19610106,Eldsboda,7.301985252949425,35.727969348659
19610107,Tuna,16.79465266456379,43.95085066162571
19610108,Näs,3.0534138495655254,36.019417475728154
19610109,Lövboås,19.30790869333346,54.83503981797497
19610310,Tunbo,3.4026390083653144,29.17093142272262
19610311,Kolbäcks Centrum,3.369060354828872,37.259923175416134
19610312,Strömsholm,1.9968840835197934,26.694915254237287
19620101,Kärrgruvan,3.815316487580025,37.865497076023395
19620103,Skallberget,4.504551880390418,40.19534184823441
19620104,Björkängen,11.934273342757786,44.022346368715084
19620205,Karbenning,2.102529810295052,27.331189710610932
19800101,101 Centrum,15.858785292618736,35.82089552238806
19800102,102 Kyrkbacken,10.062551707563852,28.914590747330962
19800103,103 Herrgärdet,11.492207293176493,38.020833333333336
19800104,104 Kopparlunden,26.77439150369264,44.70468431771894
19800105,105 Östermalm,18.745919934828414,33.333333333333336
19800106,106 Östra Hamnen/Slottsträdgården,9.284620657727205,20.0
19800107,107 Lillåudden,12.939114645613044,29.297205757832344
19800108,108 Norrmalm/Blåsbo,3.7290846860845783,25.897920604914933
19800109,109 Aroslund/Iggebygärdet,11.794438290470078,32.15211754537597
19800110,110 Kristiansborg/Karlsdal,14.71662081530744,33.86194029850746
19800111,111 Annedal/Stallhagen,6.441459205854958,21.94331983805668
19800112,112 Oxbacken C/Västermalm,11.067996910500113,36.30769230769231
19800113,113 Pettersberg Ö,23.80036861016974,37.86057692307692
19800114,114 Pettersberg V,56.06334120397512,84.01420959147424
19800115,115 Jakobsberg,7.343023284177725,26.12137203166227
19800116,116 Hammarby Stadshage,30.348622989177617,47.28601252609603
19800117,117 Vetterslund,28.495382558447677,51.1520737327189
19800118,118 Pettersberg S,27.38776601982401,50.08103727714749
19800119,119 Mälarporten/Ängsgärdet,16.702851778222517,37.35632183908046
19800201,201 Hammarby Ö,24.259194926148293,44.534412955465584
19800202,202 Hammarby V,38.399350522519576,66.01092896174863
19800203,203 Bäckby Ö,47.52901744100804,76.06659729448491
19800204,204 Bäckby N/Hälleborg,47.02751395700932,76.65094339622641
19800205,205 Bäckby V,31.872875405825248,49.646107178968656
19800206,206 Bäckby C,32.14038113662364,62.05250596658711
19800207,207 Bäckby S,34.88831296223061,53.46534653465346
19800208,208 Skälby V,18.57288855567974,40.31221303948577
19800209,209 Skälby Ö,21.52665867726183,49.705882352941174
19800210,210 Stohagen/Spantgatan,17.00376649002508,35.670103092783506
19800211,211 Enhagen-Ekbacken/Örtagården,5.939561043736889,22.65560165975104
19800212,212 Barkarö/Tidö-Lindö,4.271428258908032,20.219123505976096
19800213,213 Barkarö tätort,5.265469106391841,22.11302211302211
19800214,214 Dingtuna-Lillhärad landsbygd,6.685141680088434,20.144628099173552
19800215,215 Dingtuna tätort,5.908806826210005,26.826196473551637
19800216,216 Kvicksund/Rytterne,2.6216444981996205,20.44636429085673
19800301,301 Skallberget S,33.472305300375545,62.78447121820616
19800302,302 Skallberget N,29.906879969323395,48.043184885290145
19800303,303 Nordanby,26.60960931739924,45.182724252491695
19800304,304 Gryta NÖ,7.434956583733146,40.296052631578945
19800305,305 Gryta NV,9.99973932231254,42.453662842012356
19800306,306 Önsta,16.02585760470648,37.116279069767444
19800307,307 Gryta SÖ,21.388060780789555,45.248868778280546
19800308,308 Gryta SV,16.330596847573386,43.82222222222222
19800309,309 Tunby/Vega,13.862526543171132,38.07599029911075
19800310,310 Rönnby S,4.782256907789239,30.593978844589095
19800311,311 Rönnby N,6.128962905438659,34.112554112554115
19800312,312 Fredriksberg,44.53787644423284,67.17791411042944
19800313,313 Råby S,37.24811392013718,60.362400906002264
19800314,314 Råby N,39.264536149847444,69.83568075117371
19800315,315 Råby Ö,32.932432197507126,57.88712011577424
19800316,316 Vallby S,45.84925423632849,67.90865384615384
19800317,317 Eriksborg/Hagaberg,21.043297870226873,40.5703771849126
19800318,318 Brottberga/Vallby N,13.920137968211515,28.492239467849224
19800319,319 Vallby C/Bjärby/Skerike,23.08891164382572,24.42953020134228
19800320,320 Skultuna landsbygd,5.257076247288904,23.444976076555022
19800321,321 Skultuna Ö,13.609914246599194,43.187066974595844
19800322,322 Haraker Romfartuna,2.6339552167480096,25.127161749745678
19800323,323 Vallby C,49.17346038415581,70.94395280235989
19800324,324 Skultuna V,10.15800451722824,40.16506189821183
19800401,401 Emaus,17.390589781083325,40.22038567493113
19800402,402 Bergslagsparken,17.393506619556398,34.45783132530121
19800403,403 Gideonsberg,18.706391258929063,45.27720739219713
19800404,404 Skälängen,15.016909621047066,42.931937172774866
19800405,405 Nordanby gärde,16.090509555642264,42.63261296660118
19800406,406 Sandgärdet,12.19816127080759,37.3469387755102
19800407,407 Haga,14.214575536016554,39.363817097415506
19800408,408 Skjutbanegatan,17.107177631695087,41.40461215932914
19800409,409 Hemdal,11.781287704457817,35.26824978012313
19800410,410 Malmaberg S,18.113759198306717,43.24324324324324
19800411,411 Malmaberg N,14.125090247995367,41.65853658536585
19800412,412 Klockartorp,7.840283790307174,39.492119089316986
19800413,413 Skiljebo S,7.273970854134083,28.39173405211141
19800414,414 Skiljebo N,24.476502149410106,51.36921624173749
19800415,415 Odensviplatsen,17.97304244517391,46.96969696969697
19800416,416 Brandthovda,10.778422276682324,32.993197278911566
19800417,417 Bjurhovda SV,25.29534732589768,52.5735294117647
19800418,418 Bjurhovda SO,22.484517604198395,45.80873671782763
19800419,419 Bjurhovda N/Badelunda,6.880033562077487,31.53910849453322
19800420,420 Hökåsen/Tillberga landsbygd,2.973645534213764,21.95378151260504
19800421,421 Hökåsen tätort,5.8097561652708025,28.00982800982801
19800422,422 Tillberga tätort,3.473491765642312,31.945556445156125
19800423,423 Tortuna/Sevalla,1.965168276012216,20.786516853932586
19800501,501 Viksäng V/Ängsgärdet,27.813542581376034,59.09090909090909
19800502,502 Viksäng/Stenhagen,12.327259660674661,42.009132420091326
19800503,503 Viksäng Ö,21.23154277485803,39.17634635691658
19800504,504 Talltorp/Lillhamra,6.0569766420830735,27.425373134328357
19800505,505 Notudden,18.237860376551193,30.37280701754386
19800506,506 Mälarparken,10.299947505321791,33.8235294117647
19800507,507 Framnäs/Öster Mälarstrand,5.681714677901238,23.343527013251784
19800508,508 Berghamra/Hamre,11.0731266007765,23.33931777378815
19800509,509 Gäddeholm,2.629733493687647,22.845953002610965
19800510,510 Irsta S,2.8915498971104374,25.333333333333332
19800511,511 Irsta N,2.566079712248565,29.515938606847698
19800512,512 Björksta/Kungsåra/Ängsö,1.5605710038193539,24.692622950819672
19800513,513 Öster Mälarstrand V,25.457004302011892,32.59423503325942
19800514,514 Kärrbolandet,2.6718144693607395,21.163012392755004
19800515,515 Öster Mälarstrand Ö,19.20888794686177,31.60621761658031
19800516,516 Förseglet,21.964231517689655,35.74766355140187
19810101,Centrum,7.858878733027436,38.264462809917354
19810102,Åkra,33.318942163385984,61.66166166166166
19810103,"Jakobsberg, Bryggeriet, Turbo m.fl",19.574518648633756,50.10460251046025
19810104,Kungsängen-Valla-Vasastaden,7.558981915963485,38.96103896103896
19810105,Sala Norra,5.259589098689512,37.28191000918274
19810106,Sala Östra,6.005949488254083,28.20292347377472
19810107,Sala Södra,7.629484603302974,36.030534351145036
19810108,"Dalhem, Gärdesta, Hagaberg m.fl.",9.02262044022798,39.67906637490883
19810210,Västerfärnebo - Västerbykil,2.327837012018369,25.612848689771766
19810312,Kila - Fläckebo,1.6997593222025456,25.29940119760479
19810514,Kumla-Ransta-Tärna,1.9867812526013142,26.477732793522268
19810818,Möklinta,1.1538615344364749,20.58823529411765
19820101,Kolarbyn,35.80500310179118,61.18421052631579
19820102,Centrum,24.6577599570874,51.20213713268032
19820103,Risbron,20.12718922799047,47.30999146029035
19820104,Västanfors,4.383983929516069,36.25450180072029
19820106,Per Ols,12.345119617413788,40.34134988363072
19820108,Meling,7.293205781515298,37.44292237442922
19820207,Åvestbo-Västervåla,2.3654693758417147,26.052332195676904
19830101,Byjorden-Odensvi,11.267272573821723,40.831758034026464
19830102,Karlsdal,15.432090198378889,41.91489361702128
19830103,Tunadal,15.005663867587321,49.30139720558882
19830104,Karlberg,9.775334332312198,35.55798687089715
19830105,Skogsborg,19.459530475903183,47.4969474969475
19830106,Nyckelberget,17.139803710548183,42.12860310421286
19830107,Elund-Ållesta,4.663706046573058,31.345565749235472
19830108,Östanås,9.656322574500221,41.73913043478261
19830109,Ullvi,10.84852850521157,43.82151029748284
19830110,Nygård-Skogsbrynet,38.24994169027219,75.0
19830111,Hästhagen-Skogshöjden-Himmeta-Bro,5.013936188897437,33.990610328638496
19830422,Kolsva Ö,3.241488471433589,30.73394495412844
19830423,Kolsva V,2.4576996024166156,35.483870967741936
19830625,Munktorp,1.4861995718687433,23.275862068965516
19840101,Ladubacksgärdena-N Skogen,4.428368074185769,37.41935483870968
19840102,Prästgärdet,7.119855360309686,41.170212765957444
19840103,Sturestaden-Nästkvarn,9.451106388938975,42.12765957446808
19840104,Ringsborg-Strömsborg,15.178166156850049,45.320623916811094
19840106,Herrängen-Ekbacken-Södra Landsförsam,7.267636064751389,34.52078032230704
19840107,Brattberget-Strömsnäs,9.342884925897295,38.689048760991206
19840208,Norra Landsförsam-Vasastaden-Medåker,11.18739361682844,32.71739130434783
19840309,Götlunda,1.7624015315510893,27.406679764243616
20210101,Vansbro,10.1407534424881,34.609720176730484
20210103,Järna,1.8893615454078312,25.93726090283091
20210301,Nås,1.6000000206887506,34.57943925233645
20210401,Äppelbo,1.0721944211333425,28.347826086956523
20230203,Malung södra,3.5425071776570576,35.966149506346966
20230205,Malung västra,4.563205456084113,24.65897166841553
20230206,Malung norra,12.619972570764538,36.369551073519844
20230301,Lima,2.060528030204714,18.404907975460123
20230502,Transtrand,2.7598895967988324,22.408536585365855
20260105,Mockfjärd,3.91847853823371,29.5355587808418
20260201,Gagnef,2.112187618033034,29.248366013071895
20260202,Djurås,2.492228814943934,30.347054075867636
20260203,Bäsna,1.302481736368768,31.84796854521625
20260204,Djurmo,1.3313681875633898,29.557291666666668
20260301,Floda,3.5924617070127725,27.92207792207792
20260302,Björbo,3.5924617659642517,27.926078028747433
20290102,Edshult - Åkerö - Övermo mfl,2.9688112488676586,29.906542056074766
20290103,Häradsbygden - Heden - Djura mfl,0.8212138955075375,30.97345132743363
20290104,Leksandsnoret,10.71426358107166,40.49815498154982
20290106,Leksand Ö,7.093819276482924,34.387351778656125
20290108,Tällberg mfl,2.6896605330158194,26.953125
20290110,Leksand V,7.270881175402453,32.3961661341853
20290301,Insjön Ö,4.831273567400207,29.518072289156628
20290311,Insjön V - Ål-Kilen,8.34984607123859,29.35656836461126
20290401,Siljansnäs,2.44198077043877,29.945269741985925
20310101,Rättvik C,4.474212091640348,33.96656534954408
20310102,Rättvik S,1.314340185087411,26.092463584547183
20310104,Vikarbyn,1.3661770398966153,33.280632411067195
20310105,Boda-Gärdsjö,1.3759761980697325,26.016260162601625
20310106,Rättvik V,5.312739390688344,32.86071726438699
20310401,Ore,2.251407142127995,28.171091445427727
20340201,Orsa Mellersta,9.8810671886057,39.038031319910516
20340202,Skattungbyn-Kallmora,2.124430957744435,28.277153558052433
20340203,Orsa Södra,2.271185869757294,23.168498168498168
20340204,Orsa Västra,2.392335908539517,26.357827476038338
20340206,Orsa Östra,11.304397069813012,39.879759519038075
20390206,Kyrkbyn,7.3163839852385975,33.277870216306155
20390209,Rot,1.9293941536455494,26.38121546961326
20390210,Väster-Myckeläng,4.118866523829273,24.420677361853834
20390211,Åsen,1.3641133688436078,22.281167108753316
20390401,Särna,2.885682574916759,26.08695652173913
20390501,Idre,0.7874015768698205,30.672926447574334
20610101,Morgårdshammar-Gubbo,2.655595010292318,42.69949066213922
20610103,Hagge-Harnäs m.fl.,2.6098946424359672,31.255992329817833
20610105,Smedjebacken N,6.392734275696793,42.94813466787989
20610106,Smedjebacken S,5.484407424866422,41.04903078677309
20610108,Smedjebacken C,8.044279359973062,55.192532088681446
20610201,Söderbärke-Malingsbo,1.5102504783792157,29.861616897305172
20610205,Sörbo-Vad,1.2613047561051631,26.3681592039801
20620103,Färnäs-Nusnäs-Garsås,1.2891367377419947,25.965996908809892
20620107,Noret Norra-Bergkarlås,7.583658512584021,34.24657534246575
20620110,Stranden,6.782875181356662,36.78929765886288
20620111,Vika-Venjan-Selbäck,1.509547212190948,26.597131681877446
20620114,Morkarlby,4.245792113911441,33.11740890688259
20620115,Noret Södra,9.844174329468395,35.823582358235825
20620116,Öna-Kråkberg,2.937525362153882,28.637770897832816
20620117,Utmeland-Hånåkni,3.43469852285249,37.5796178343949
20620118,Klockarhagen,10.412850266683886,36.08736942070276
20620201,Våmhus-Bonäs,0.7987094467659142,23.91304347826087
20620202,Östnor-Hemus-Långlet-Oxberg,1.9723084070849493,28.768699654775602
20620301,Sollerö-Isunda,1.2108906541196824,31.623931623931625
20800101,Källviken och V Främby,5.264491771775636,31.996179560649473
20800102,Kvarnberget och Ö Främby,12.805340641472931,44.53978159126365
20800103,Elsborg,20.05000107646566,45.53941908713693
20800104,Hyttgården,4.076747315035501,34.19563459983832
20800105,Kämparvet,8.687093756394683,38.2851445663011
20800106,Nedre Norslund,21.40880752107138,52.613240418118465
20800107,Övre Norslund,7.115584603496262,41.28508124076809
20800109,Hälsingberg,8.68548905690131,38.2648401826484
20800110,Gruvriset,3.4476500102362144,33.666410453497306
20800111,Kristine,4.709148014964924,36.621454993834774
20800112,Pilbo-Samuelsdal,2.913706812360212,33.787731256085685
20800210,Grycksbo,3.8531964480254417,37.59213759213759
20800301,Gruvan,2.6597333496404474,33.924914675767916
20800303,Herrhagen,21.44420245346046,51.25376128385155
20800304,Ångbryggeriet,4.707926650042144,35.76732673267327
20800306,Bojsenburg,19.81003980800768,51.54536390827518
20800307,Kyrkbacken,3.840781791078737,30.715705765407556
20800308,Lugnet,3.6527984965825757,32.860040567951316
20800309,Slätta,4.255304616465969,45.776566757493185
20800311,Östanfors,4.529287974424795,36.90621193666261
20800401,Aspeboda,1.3199394359777745,25.260170293282876
20800501,Vika,1.6164993989988765,24.778046811945117
20800601,Hosjö Näs,4.284460632672918,34.409515717926936
20800602,Hosjö Sandviken,5.021074626752986,34.492753623188406
20800701,Sundbornsbyn,2.023965192733438,28.29313543599258
20800702,Danholn och Karlsbyheden,1.535828422992485,31.86813186813187
20800801,Linghed,1.513374701478436,21.331058020477816
20800802,Boda och Toftbyn,2.015049392419991,27.33408323959505
20800803,Borgärdet och Lumsheden,3.1229927028893103,28.507992895204264
20800935,Haraldsbo,6.206515760431424,37.020316027088036
20800980,Hälsinggården,6.166587377316844,36.612702366127024
20801001,Enviken,1.4211544755912906,22.65774378585086
20801060,Britsarvet,3.379638968971924,38.469601677148844
20801101,Bjursås Ö och Sågmyra,2.0652008186373023,32.145564821834725
20801102,Bjursås V,1.7588838433168907,29.122468659594986
20801138,Karlberg,5.0686580095678435,36.44251626898048
20801140,Stenslund,2.4248264689320536,34.314627414903406
20801154,Varpan,5.243415025489938,28.543876567020252
20810101,Bergslagsbyn,13.473592239877178,39.95711222301644
20810103,Bullermyren,37.43885560023054,63.73902132998745
20810105,Hagalund N,27.54288583396628,50.86655112651646
20810107,Hagalund V,11.127507240270132,45.61538461538461
20810109,Hagalund Ö - Ringen,15.621430734912625,49.20440636474908
20810111,Jakobsgårdarna,28.817086160214625,57.74647887323944
20810113,Kvarnsveden V,3.0924020364247333,37.892196299275945
20810114,Kvarnsveden Södra,4.62660886408004,42.326139088729015
20810115,Kvarnsveden Ö,4.1900895535252065,38.38604143947656
20810117,Mats Knuts - Nygårdarna,4.732956842667503,36.260408781226346
20810119,Norr Amsberg,7.358667785327874,31.22568093385214
20810121,Skräddarbacken,7.046703672980618,37.6599634369287
20810123,Tjärna Ängar - Paradiset,36.55052638628308,57.06214689265537
20810124,Tjärna Allé,49.65362976808289,80.87697929354445
20810125,Tjärna Ängar - Övre Tjärna,24.727034885267052,54.81209899175069
20810201,Centrum - Norra,13.56314252299455,40.74074074074074
20810202,Centrum - Mjälga,11.029479513995703,40.53475935828877
20810203,Domnarvet V,6.770449819511885,36.507936507936506
20810205,Domnarvet Ö,2.9609857139504854,40.01584786053883
20810207,Färjegårdarna - Årby - Hytting,4.659967996785314,36.62182361733931
20810209,Gylletäppan,7.252706933926783,37.74625689519306
20810211,Gylle-Åselby-Buskåker,4.644643055436233,31.292517006802722
20810213,Hushagen - Forssa,4.885293313344185,40.87779690189329
20810215,Kyrkbygden - Söder Tuna,3.938991592461973,25.26389866291344
20810217,Ornäs,1.4890015143278863,29.018961253091508
20810219,Torsång,1.6037987710606456,22.80130293159609
20810221,Väster Tuna - Idkerberget,1.943367503749504,22.44196044711952
20810223,Östermalm,16.550007212582184,40.51282051282051
20820101,Säter S,9.117617627217038,44.40723375753517
20820102,Säter N,9.445187900339734,41.85840707964602
20820103,Säter omland,3.510167758731636,33.333333333333336
20820207,Stora Skedvi,1.9064911013929113,21.59468438538206
20820304,Gustafs N,1.3386224646280036,26.16191904047976
20820406,Gustafs S,2.510357674325515,31.05076741440378
20830101,Hedemora SV,12.324283830471888,37.44460856720827
20830102,Hedemora NÖ,9.620650969639629,36.75762439807384
20830103,Hedemora NV,8.59078308181674,32.701111837802486
20830104,Hedemora SÖ,8.577438534135522,33.333333333333336
20830105,Vikmanshyttan,1.4201824299422667,31.41891891891892
20830307,Husby,2.4490804044646692,29.284649776453055
20830308,Långshyttan,3.343913020006762,41.20505344995141
20840101,Avesta norra-Högbo,10.359628798234398,42.847638057218894
20840102,Avesta centrum,18.756467870166624,48.7986743993372
20840103,Avesta västra,16.851905556166415,42.8027418126428
20840104,Avesta södra,20.98690615149648,49.509803921568626
20840301,Horndal,6.863656863361172,35.75063613231552
20840302,By,1.8067174192666353,26.021798365122617
20840401,Folkärna,6.092292924340778,27.323943661971832
20840402,Fors,1.6331191164478365,28.604382929642444
20840403,Krylbo,23.099062095906493,49.862763037511435
20840404,Karlbo,5.100703582665936,32.03240058910162
20840601,Skogsbo - Rutbo-Grytnäs,3.1141617334321046,31.775067750677508
20840602,Skogsbo - Grytnäs gärde,3.3453026366494782,37.214285714285715
20850101,Ludvika Ulrika,20.66845985044338,43.883792048929664
20850102,Marnäs,22.65560615464192,45.04716981132076
20850103,Magneten,26.850630042717942,43.116883116883116
20850104,Högberget,23.310606060399405,40.71925754060325
20850105,Sörvik-Håksberg,7.256500555365545,32.25341972642189
20850108,Blötberget-Gonäs,2.1291989232431314,30.417227456258413
20850110,Lorentsberga,11.89957151841883,38.433179723502306
20850111,Näset,36.09312334967326,55.39305301645338
20850113,Ludvika gård,26.755393274852935,45.357833655705996
20850114,Knutsbo,10.295683613617443,36.81898066783831
20850203,Björkås-Stallbacken,3.4117422963351904,35.720303285593936
20850204,Öraberget,5.171507226171099,36.723768736616705
20850307,Kyrkbyn-Nyhammar,3.230308857261371,37.697307335190345
20850311,Sunnansjö-Saxdalen,2.5778000462275092,28.30188679245283
20850401,Fredriksberg,3.851640480585103,55.79710144927536
21010201,Ockelbo Södra,8.582930044766712,40.657698056801195
21010203,Ockelbo Byar,2.00090990729219,27.487352445193928
21010205,Ockelbo Norra,11.574473144524744,35.706340378198
21040102,Hofors Norra,8.965957822416613,41.055456171735244
21040103,Hofors Södra,3.2075542966960824,38.37837837837838
21040104,Hofors Centrum,9.633675275077998,46.29812438302073
21040105,Hofors Västra,11.749588384905188,52.1551724137931
21040201,Torsåker,1.0220593220621619,28.459343794579173
21210105,Ovanåker N,2.3721929610573955,26.184032476319352
21210106,Edsbyn,6.815877265561121,40.836236933797906
21210201,Ovanåker V,6.194400931542643,35.31397704253882
21210301,Alfta S,1.988269829553073,29.614035087719298
21210303,Alfta N,9.54833801747531,34.192200557103064
21320201,Harmånger-Ilsbo,4.692387653164521,29.590948651000872
21320301,Jättendal-Stocka-Strömsbruk,2.6595744567677677,37.29468599033817
21320401,Gnarp,3.1293140883524897,36.48960739030023
21320501,Bergsjö,6.255507287469128,34.95702005730659
21320601,Hassela-Älgered,4.058440954023358,39.92042440318303
21610101,Ljusdal CV,3.364425068252261,33.22759714512292
21610102,Tallåsen-Ramsjö,1.5535698445059745,27.479182437547312
21610104,Ljusdal CÖ,26.659651650325593,44.742990654205606
21610105,Ljusdal CS,4.560655310885453,35.13513513513514
21610106,Ljusdal CN,6.335173912472021,36.38059701492537
21610107,Ljusdal C,11.289181011304919,42.45939675174014
21610301,Korskrogen-Los,2.3866074359995957,30.08595988538682
21610401,Färila,3.2776335075096736,29.24457741211668
21610701,Järvsö Ö,2.091160676358452,28.03129074315515
21610702,Järvsö V,2.296194711374326,29.71576227390181
21610703,Järvsö N,2.0145351523168222,32.23529411764706
21800101,Väster N,6.997332540144923,34.9338900487126
21800102,Villastaden,8.648867566347981,28.487084870848708
21800103,Väster S,10.71434715264651,37.31778425655977
21800105,Norr,9.900229762590298,37.409326424870464
21800106,Öster-Alderholmen,28.366980888949172,61.95752539242844
21800107,Söder V,11.31496510843087,40.49822064056939
21800108,Stigslund,5.2079780213192794,36.3573883161512
21800109,Strömsbro,2.5168442417053023,29.834254143646408
21800110,Norrlandet-Utvalnäs,2.2664761796316233,22.842261904761905
21800111,Vallbacken,8.402687265642228,38.062283737024224
21800112,Lindbacka,3.501956057167782,23.92894461859979
21800113,Nordost,43.058897102738236,69.30596285434996
21800114,Gävle Strand,22.035226784853695,33.94415357766143
21800201,Söder Ö,13.210577139513479,38.2442748091603
21800202,Brynäs V,18.531133453810853,52.19084712755599
21800203,Brynäs C,14.182164917900494,50.30075187969925
21800204,Brynäs Ö,23.59983524643746,53.4740545294635
21800206,Brynäs S,18.06806724732878,49.35794542536116
21800208,Hemsta,10.495819335729227,43.898916967509024
21800213,Furuvik-Ytterharnäs,2.7576188730735076,30.45793397231097
21800214,Hemlingby,4.525258315421552,26.60332541567696
21800301,Bergby-Axmar,2.706471301538272,32.52804141501294
21800302,Norrsundet-Hamrångefjärden,4.221024447559037,39.70452446906741
21800401,Hedesunda N,2.585706245392981,23.87878787878788
21800402,Hedesunda S,2.36813353147482,24.101479915433405
21800501,Hille,2.2068510799998444,31.449814126394052
21800502,Åbyggeby,3.2672529412994256,24.22145328719723
21800503,Björke-Trödje,1.9785390396843472,25.032594524119947
21800604,Valbo C,4.5402430773292,36.623963828183875
21800605,Valbo N,6.284215059912059,37.4203821656051
21800607,Valbo V,1.8169990505269662,31.039229181004817
21800608,Forsbacka,3.5026566100918624,36.8421052631579
21800609,Hagaström C,2.7345659051284077,33.91044776119403
21800701,Södertull,9.502255097206586,39.90267639902677
21800702,Olsbacka,5.388545997550498,33.74545454545454
21800703,Sörby,17.629907833938322,48.40244731475187
21800704,Fridhem,3.925044990982401,32.01754385964912
21800705,Andersberg C,54.351117850466515,81.65137614678899
21800706,Andersberg N,17.782098629552802,50.434153400868304
21800707,Andersberg S-Sälgsjön-Hästbo,8.08516780373831,37.07787732598208
21800801,Sätra C,23.426367974376245,56.529680365296805
21800802,Sätra NO,28.602630469411906,59.276018099547514
21800804,Sätra Ö-Gavlehov,43.33173188500255,59.84555984555985
21800805,Sätra V,16.596078796052705,47.751937984496124
21800806,Sätra NV,18.385692060973227,48.46938775510204
21800901,Bomhus V,12.885942584100864,41.26696832579186
21800902,Bomhus N,5.486533081388219,34.08679927667269
21800903,Bomhus Ö,3.3763749080430814,33.76036171816126
21800904,Bomhus C,6.66664347673612,39.78282329713721
21800906,Bomhus SV,9.184665364810494,40.326530612244895
21800907,Bomhus SO,6.216551699116961,43.08370044052864
21801002,Norrtull-Lexe,7.0099086649051365,37.13178294573643
21801003,Valbo Ö-Hagaström N,2.9279377020001145,29.707112970711297
21810101,Sandviken Norra,4.2312486425814395,36.22093023255814
21810102,Jäderfors-Norrsätra,29.873204138959327,51.042701092353525
21810103,Murgården,46.38479363544669,66.29327902240325
21810104,Sandbacka,10.278237436419902,37.32119635890767
21810105,Barrsätra,13.65281374700706,44.48430493273543
21810106,Sandviken Centrum,17.52026862589424,46.96853415195702
21810109,Jernvallen Norra,7.848441359118418,43.41085271317829
21810110,Jernvallen Södra,10.526977847028823,36.77852348993289
21810113,Björksätra,33.40680842422591,58.58895705521472
21810115,Vallhov,14.831829122545631,45.27896995708154
21810202,Kungsgården-Åshammar,2.9975637930542507,29.08745247148289
21810204,Säljan,5.176300972699921,35.34316869788326
21810205,Storvik Norra,2.9445424587308007,34.001743679163035
21810206,Gästrike-Hammarby-Storvik Södra,3.057342603699994,33.38607594936709
21810301,Järbo,2.5107854618692835,29.006703229737965
21810401,Årsunda,2.1071643375582982,31.555834378920952
21810501,Österfärnebo,2.8789160549352664,26.276463262764633
21810601,Stadsparken,15.17260704874739,52.92353823088456
21820101,Söderhamn Centrum-Väster,16.666662789184453,49.7907949790795
21820102,Söderhamn Norrtull-Granskär,19.89245835157381,49.44485566247224
21820103,Söderhamn Norrberget-Hägnan m fl,22.491438301746808,55.43278084714549
21820105,Söderhamn Klossdammen-Stormyran m fl,3.076080436001079,41.6289592760181
21820106,Söderhamn Öster-Broberg-Färssjön,3.3724920947113466,33.47150259067357
21820107,Stugsund,5.575088725877483,42.147806004618936
21820201,Sandarne,4.140568894271945,40.90202177293935
21820401,Ljusne,6.157941372425344,48.78863826232247
21820501,Söderala,4.051256057056073,31.905195989061074
21820502,Marma-Mo,2.7064479501987098,35.12544802867384
21820503,Bergvik – Skog,2.8820256757913603,33.21775312066574
21820901,Vågbro,2.6558587133503275,30.515297906602253
21820902,Norrala-Trönö,1.259542006976711,33.99311531841652
21830301,Bollnäs Centrum,6.054576781294017,43.347639484978544
21830302,Bollnäs-Sävsberg,8.651550676327139,37.213403880070544
21830303,Bollnäs-Granberg,4.284196825564515,35.79335793357934
21830304,Bollnäs-Gärdet,28.277098504663158,57.661927330173775
21830306,Bollnäs-Hamre,22.432301057603347,48.393574297188756
21830307,Bollnäs-Björktjära,7.647922988368204,36.726384364820845
21830308,Bollnäs-Lottefors,1.800049733056609,29.04820766378245
21830309,Bollnäs-Ren,6.391817320080028,44.66737064413939
21830310,Bollnäs-Söräng,1.3816961294282726,28.46153846153846
21830311,Bollnäs-Hå,1.4250755475698345,35.47904191616767
21830312,Bollnäs-Kilberg,5.26526541283258,41.48745519713262
21830401,Rengsjö,1.3578275042360344,27.590511860174782
21830501,Hanebo-Segersta,1.8425967133534236,30.02832861189802
21830602,Hanebo Centrum,3.2841631392325024,37.51187084520418
21830902,Arbrå Centrum,3.49709374120003,36.01190476190476
21830903,Arbrå-Undersvik,1.6009497406385267,30.39832285115304
21830904,Arbrå-Flästa,2.440340223894268,34.368070953436806
21840101,Öster,4.891359542250847,40.91639871382637
21840103,Kålhagen,5.003526444221331,40.135478408128705
21840104,Sandvalla-Kristineberg,5.231418247519378,46.3489623366641
21840105,Väster,6.2112960528779615,41.50627615062761
21840106,Centrum,5.464345070804054,37.72241992882562
21840107,Fridhem-Åvik,6.018485185423551,37.22741433021807
21840201,Idenor-Saltvik,6.2669236312237695,35.543964232488825
21840302,Björkberg-Maln-Lingarö,12.731039898913403,38.11659192825112
21840303,Håsta,22.33187524195534,58.26645264847512
21840401,Rogsta-Malsta,1.388475944452795,27.87878787878788
21840501,Njutånger,1.2923510527927722,32.2180916976456
21840503,Iggesund  Norra,11.005066938103068,48.38709677419355
21840504,Iggesund Södra,10.647936201220025,50.23474178403756
21840701,Enånger,1.9369120133323545,36.29782833505688
21840803,Bobygden-Kalvstigen-Långbacka,2.6426977706215244,31.514476614699333
21840804,Ava-Gåsbacka-Myra,4.178119347198928,38.484848484848484
21840805,Stömne-Smedsbo-Överälve,3.7033314104006942,37.246531483457844
21840901,Bjuråker-Norrbo,1.8456638739986966,31.677524429967427
21840902,Svågadalen,1.8479629338323638,32.69230769230769
21841101,Näsviken,2.567927383554978,31.47605083088954
21841102,Forsa,2.7505046406479936,38.74309392265194
21841201,Hög-Sanna,3.8957300435535234,31.6624895572264
22600201,Ånge,3.7626051633512896,41.935483870967744
22600202,Ånge centrum,6.870905913359509,49.8371335504886
22600205,Borgsjö-Erikslund-Hallsta,1.5728474063574462,32.27445997458704
22600306,Alby-Östavall-Överturingen,1.7041995885636685,38.54961832061068
22600409,Ljungaverk,3.1288216280432413,38.412017167381975
22600410,Fränsta,3.4792038047587894,39.350525310410696
22600412,Torpshammar-Naggen-Munkbysjön,1.30932916014546,30.12211668928087
22620106,Bergeforsen,2.136296502409069,35.35741737125288
22620107,Sörberge,3.2707612025724218,37.24662162162162
22620109,Centrum,8.565370436018439,55.912007332722276
22620110,Böle,11.599539381551592,41.23298638911129
22620114,Nyvivsta,9.132209139775092,52.32974910394265
22620116,Vivsta,12.21830545436678,48.76543209876543
22620117,Timrådalen,4.99198147006195,39.1269199676637
22620205,Ljustorp,2.3605149047228617,28.81646655231561
22620302,Söråker,2.7525276355474477,38.66471019809244
22620303,Ala,2.2905461531101134,32.06751054852321
22620401,Tynderö,1.7383641254202966,36.88073394495413
22800101,Centrum,11.654157692146674,42.60162601626016
22800102,Norrstaden,16.65358595509996,47.36842105263158
22800103,Norra Brännan,10.224599583187436,44.00699912510936
22800104,Hovsjorden,5.128807101831842,43.38433843384338
22800105,Geresta-Gånsvik,6.586363804907399,42.77602523659306
22800106,Rotudden-Gådeå,20.495495245097608,53.013278855975486
22800107,Änget-Murberget,19.431296031718567,52.10384959713518
22800108,Hälletorp-Framnäs,14.211065648362615,46.90721649484536
22800109,Kullen-Haga,10.324016577452715,38.24561403508772
22800226,Högsjö,2.4060150729832093,39.97555012224939
22800323,Häggdånger,1.805728575742445,31.93717277486911
22800424,Stigsjö-Viksjö,1.7871018189787413,29.27429274292743
22800620,Bondsjö-Säbrå,5.823033321216916,38.63837312113174
22800622,Älandsbro,3.918317039878113,31.227038941954444
22810106,Inre hamnen,6.733473619078358,37.99472295514512
22810107,Södermalm Ö,5.6140174712500555,35.732009925558316
22810108,Södermalm N,8.948413532585413,38.65336658354115
22810109,Södermalm V,6.039551035541136,37.64988009592326
22810110,Stenstaden,10.799853744096936,36.25285605483625
22810111,Norrliden,4.7986188443685185,36.502871729419276
22810112,Norrmalm,7.026231131103362,37.68115942028985
22810113,Västermalm N,15.061476512420997,41.60057678442682
22810114,Västermalm S,11.26146467153847,43.350604490500864
22810115,Sallyhill,15.512957372078924,44.54072790294627
22810116,Nacksta Ö,31.148347741348573,67.31813246471226
22810118,Nacksta V,28.568765957609997,60.081053698074975
22810119,Sidsjö-Böle,14.020250974460113,34.899328859060404
22810201,Kubikenborg,9.90701357466265,46.05769230769231
22810203,Skönsmon,6.632119507714154,43.386243386243386
22810204,Östermalm,4.732340242820384,37.93969849246231
22810330,Haga N,7.507026171779044,46.239554317548745
22810331,Haga S,9.766103530625735,36.37065637065637
22810333,Heffners,35.18343171877602,64.034151547492
22810334,Skönsberg,11.887678345439646,49.95102840352595
22810335,Korsta,10.849113376511925,40.68767908309456
22810336,Bydalen,6.3634259825789385,33.18250377073907
22810337,Bosvedjan,7.547532231028971,41.53333333333333
22810338,Bosvedjan C,9.324848519217008,52.94592413236481
22810339,Ljustadalen-Johannedal,14.166216519374428,45.09018036072144
22810340,Birsta,9.477202241624502,47.14003944773175
22810341,Finsta,12.24868142308228,44.39608269858542
22810420,Alnö S,2.2432335061906064,32.9803328290469
22810421,Alnö-Vi S,2.7680899349502677,44.06623735050598
22810422,Alnö-Vi N,6.261299122491478,39.736191261335534
22810423,Alnö N,2.830532274064735,33.73052245646196
22810424,Alnö Ö,2.250107149381537,34.188817598533454
22810545,Sättna,1.6090909232595787,29.643527204502814
22810624,Granloholm Ö,8.496779158160958,46.50967199327166
22810625,Bergsåker V,2.0307106942019635,34.82506102522376
22810626,Bergsåker Ö,7.491627169055261,41.21621621621622
22810627,Granlo S,3.4598834151193394,41.94092827004219
22810628,Granlo N,3.70381787233395,39.75409836065574
22810646,Granloholm mellersta,8.31615195532441,52.4390243902439
22810647,Granloholm V,6.1829789975708636,48.57703631010795
22810701,Stöde N,2.674328263565156,37.04710144927536
22810702,Stöde S,2.859216535073944,36.64021164021164
22810802,Vattjom-Ängom,1.616087258536028,36.65987780040733
22810803,Tuna V,1.7991614185896712,37.476979742173114
22810804,Allsta,2.2264122969949707,29.3007769145394
22810805,Matfors,2.018481320840262,43.1064572425829
22810901,Attmar,1.5230588081866219,28.60759493670886
22811002,Njurunda S,1.1692188640897123,30.76923076923077
22811003,Nolby,3.572262977176906,40.0
22811004,Skottsund,1.8066726065240566,35.12396694214876
22811006,Svartvik,11.733161597485804,37.9746835443038
22811007,Njurundabommen,2.185399937310747,33.1013916500994
22811008,Kvissleby,5.16110645172023,44.46601941747573
22811009,Bredsand,19.21434675936973,58.46153846153846
22811010,Essvik,2.017693502902039,33.22784810126582
22811103,Indal,1.995071999008697,26.74307545367717
22811301,Liden-Holm,1.372712687607719,31.155778894472363
22820101,Björsta,10.42524316102162,48.367593712212816
22820102,Gumås,5.924178161715744,47.99627213420317
22820103,Centrum,11.97939749816854,54.0625
22820105,Frånö-Lunde,6.360835957713681,41.201117318435756
22820109,Östby,14.166441753010497,50.0
22820211,Nora-Skog,3.130990334411893,36.51252408477842
22820415,Nordingrå,2.8044873860997908,37.286202964652226
22820517,Docksta,2.6212319687238588,28.037383177570092
22820618,Ullånger,4.456327936013159,35.43191800878477
22820719,Bjärtrå,2.4428868045487384,41.755634638196916
22821125,Bollsta,4.0482919619187445,38.20078226857888
22821128,Blästa,4.627790334507769,39.59183673469388
22821129,Nyland,2.5219230582228027,38.07390817469205
22830111,Skärvsta,9.959867888309093,35.38461538461539
22830112,Trästa,10.364840902907405,41.919686581782564
22830113,Hullsta,14.347068450720101,44.42013129102845
22830114,Önsta,13.959107275019875,42.10526315789474
22830115,Remsle,5.319764547783801,36.17619493908154
22830116,Prästbordet,3.06223276753445,36.73997412677878
22830308,Graninge,2.241715265300423,42.672413793103445
22830406,Österforse,3.3300562253413037,25.319693094629155
22830407,Långsele,8.420274421282798,40.021574973031285
22830505,Ed,1.6313213914999642,35.2112676056338
22830604,Resele,1.631321412540684,25.872093023255815
22830709,Helgum,1.4466548550324483,23.702031602708804
22830803,Ådalsliden,2.3607175779170606,39.440993788819874
22830901,Junsele,3.6878216060243196,34.69675599435825
22831121,Boteå,2.303522889814282,36.757990867579906
22831424,Edsele,1.4466546076859366,38.793103448275865
22831525,Ramsele,1.624695385456007,44.12955465587044
22840101,Centrum,4.745728210477112,37.78389538885065
22840102,Östra,16.66889052911489,51.41414141414141
22840103,Övre,11.977704409521149,44.73386183465459
22840105,Sjukhuset,7.876948039760652,45.75
22840106,Åsdalen,7.290381321033661,42.96066252587992
22840107,Skyttis,16.62379954509985,53.96163469557965
22840108,Valhalla,25.676870633762544,56.417910447761194
22840201,Arnäsvall,1.9283327130405388,28.519417475728154
22840202,Bonäset,1.7998283031032236,36.50920736589271
22840205,Gimåt-Högland,2.639754707476922,40.042149631190725
22840206,Järved,2.4416976853221417,39.908256880733944
22840207,Svartby-Brösta,3.197131223063474,38.06734992679356
22840208,Idbyn-Ovansjö,1.2110727833419173,30.050505050505052
22840401,Mellansel,5.6308653571183935,48.648648648648646
22840402,Bredbyn-Sörflärke,2.5909187762115096,39.354838709677416
22840403,Norrflärke-Solberg,1.4835165413651756,32.748538011695906
22840501,Sidensjö-Skorped,1.328480202963555,37.02213279678068
22840701,Bjästa,5.9421939069446,46.91358024691358
22840702,Nätra-Landsbygd,3.0050940104275368,37.76282590412111
22840704,Köpmanholmen,1.947558759680718,43.53281853281853
22840801,Billsta,1.2968265662099348,36.27049180327869
22840802,Domsjö Södra,5.975551381423792,45.60723514211886
22840803,Domsjö Västra,2.8525688196520482,39.92063492063492
22840804,Gene,11.401768083401398,47.884416924664606
22840806,Haffsta,3.119535673083745,35.922330097087375
22840807,Hörnett,3.5188280652512436,42.45939675174014
22840809,Kroksta,3.8979097519964814,41.6
22840812,Norrlungånger,15.918597990533588,52.569169960474305
22840813,Prästbordet,4.010356229498711,33.24697754749568
22840814,Sund,5.170606937479377,45.20734194425561
22840815,Gullänget,6.264142628558105,43.957968476357266
22840818,Översjäla,3.4992610097334165,41.142020497803806
22840901,Mo,1.112979419746691,33.6104513064133
22841001,Grundsunda Södra,1.8250949814857,34.216335540838855
22841002,Grundsunda Norra,4.957074182803498,38.19095477386934
22841003,Husum,8.202503935286364,46.408839779005525
22841101,Gideå,2.1718602003065577,35.196374622356494
22841201,Björna Södra,1.9707206897349545,35.57692307692308
22841202,Björna Norra-Trehörningsjö,1.9707207394338484,29.96742671009772
23030101,Döviken,1.1734029043614935,35.58897243107769
23030103,Hammaren,6.259442698079549,41.69960474308301
23030205,Fors,4.638715262513318,32.81786941580756
23030409,Stugubyn,1.7291066319793373,44.063647490820074
23050101,Bräcke-Bodsjö,9.53191503550928,41.48845166809239
23050404,Kälarne,1.596638694018789,39.61605584642234
23050612,Gällö-Sundsjö-Pilgrimstad,4.5981771190940215,37.56388415672913
23090101,Krokom,10.834535627904282,44.62320067739204
23090102,Rödöbygden,1.3139366984356335,26.679462571976966
23090103,Dvärsätt,1.6722999786995274,32.76059564719358
23090206,Nälden,4.681532926546628,33.108108108108105
23090305,Aspås,0.2752293557781332,27.325581395348838
23090408,Ås Södra,2.488450323670633,33.51588170865279
23090409,Ås Norra,2.0553039431675977,33.81674357284113
23090611,Föllingebygden,2.0969855948412395,31.60220994475138
23090815,Offerdalsbygden,2.761627893596764,28.92749244712991
23091017,Alsenbygden,1.7815301923586797,30.876747141041932
23130101,Östra Bredgård,2.2766958755519173,38.41229193341869
23130102,Strömsund,17.07143128288122,46.572361262241564
23130103,Västra Bredgård,5.459510903733054,40.53524804177545
23130418,Hammerdal,3.677891841621264,33.59046283309958
23130528,Gäddede,2.678655204005365,35.632183908045974
23130632,Backe-Rossön,2.4685138195120424,37.05722070844686
23130835,Hoting-Kyrktåsjö-Norråker,1.8272443831070115,36.755386565272495
23210101,Duved Tegefors,4.593615033878417,31.865284974093264
23210102,Duved Västra,4.302541728945412,27.81740370898716
23210106,Åre Östra,2.7825540166998097,29.76629766297663
23210107,Åre Västra,3.1589594727093853,26.741293532338307
23210207,Mattmar,9.056669960248696,28.9544235924933
23210308,Mörsil,9.228093999732485,39.123630672926446
23210410,Kall,3.2880629553034946,32.114882506527415
23210513,Järpen,15.027531518932387,42.13649851632047
23210514,Undersåker,3.5931101385793167,32.244897959183675
23210616,Hallen-Marby,1.286449658859199,26.785714285714285
23260102,Svenstavik-Vigge-Gillhov,10.266602509949088,38.67355727820844
23260207,Hackås,1.948409942578744,29.27536231884058
23260308,Oviksbygden,1.4092446586094305,30.89108910891089
23260614,Storsjö-Åsarna,1.853677881682298,29.61783439490446
23260817,Klövsjö-Rätan,2.805418506545347,28.462709284627092
23610101,Sveg-Glöte,7.589829860601608,35.53654743390358
23610102,Sveg-Ytterhogdal,5.560257994569245,43.61022364217252
23610119,Lillhärdal-Ängersjö,3.7515743054224955,32.11125158027813
23610509,Hede-Vemdalen,4.553478192062759,31.792717086834735
23610712,Funäsdalen,2.2524436946513653,25.069444444444443
23800101,Sjukhusområdet,7.163327913430531,44.31818181818182
23800102,Östersund övre centrum,13.582072106804562,36.04004449388209
23800103,Östersund nedre centrum,13.289398041859618,43.85408406026963
23800104,Universitetet,17.302014441694613,45.25745257452574
23800105,Norra Odenslund,11.790386721406211,40.69097888675624
23800106,Söder,7.686790061327367,43.26824254881809
23800107,Erikslund-Övre Blomängen,4.854173815298173,40.61054579093432
23800108,Karlslund,4.819312722314679,37.81512605042017
23800109,Eriksberg-Solliden-Fyrvalla,4.352615385636998,35.90381426202322
23800110,Brittsbo-Lugnviksstrand,3.0262949587171497,38.90641430073607
23800111,Körfältet,21.508168985186742,55.972696245733786
23800112,Nedre Blomängen,9.277430246016165,41.31736526946108
23800113,Södra Odenslund,4.828572893738668,42.58130081300813
23800114,Storsjöstrand-Odensvik-Fagervallen,6.81180400947913,39.40467753366407
23800115,Marielund-Odenskog,9.277483502099455,51.80555555555556
23800116,Odensala Tavelbäcken,5.9962447218743105,44.02407566638005
23800118,Odensala Övre,2.7956122727238815,45.31531531531532
23800119,Odensala Nedre,2.1273621282991773,40.42553191489362
23800120,Lugnviks Centrum,8.35944237555056,48.462255358807084
23800121,Norr,7.158078784486144,34.77321814254859
23800225,Hornsberg Nedre,5.82569205927659,40.02574002574003
23800226,Hornsberg Övre,5.810701110822661,40.518417462482944
23800227,Östberg,6.367921895164891,34.73451327433628
23800228,Frösödal,3.631660970175673,38.96103896103896
23800229,Norra Frösön-Lövsta,4.919290264186293,35.7421875
23800230,Västra Frösön,2.261525863866405,33.42884431709646
23800232,Södra Valla-Mjälle,7.60320818554365,40.20950846091861
23800538,Fåker-Tandsbyn med landsbygd,1.636808750773849,34.75462590506838
23800639,Marieby med landsbygd,1.8132271205077124,28.733624454148472
23800640,Orrviken med landsbygd,1.5235152681379616,29.746835443037973
23800740,Brunflo Södergård,4.961176309930445,42.37837837837838
23800741,Brunflo Storviken,2.857675151721482,40.01452432824982
23800743,Brunflo Änge,4.451798925951334,40.02242152466368
23800749,Torvalla Fjällmon,7.625564657968225,51.68170631665299
23800751,Torvalla Centrum,26.859420128120703,61.633663366336634
23800752,Torvalla Skogsmon,15.732633869704737,46.99140401146132
23800753,Torvalla Ängsmon,9.303129509522275,43.41463414634146
23800754,Torvalla By-Ope,8.613625291562592,38.15261044176707
23800945,Centrala Lit,4.653638758600737,41.1764705882353
23800946,Lit med landsbygd,1.8519219510762381,30.035335689045937
23801047,Häggenås med landsbygd,1.8502202481709347,34.10326086956522
24010206,Gräsmyr,1.118568307404073,28.471001757469246
24010208,Håknäs,1.9518542364359641,37.333333333333336
24010212,Levar,2.968037228401177,40.37626628075253
24010214,Lögdeå-Rundvik,2.973049729511238,37.44644387317909
24010216,Norrfors,1.1200622653021204,33.19327731092437
24010224,Vallen,11.632601097046994,46.06265876375953
24030104,Bjurholm,7.008733339432478,32.20466516177577
24040103,Vindelns västra,8.520349779789075,45.08566275924256
24040104,Vindelns östra,6.57959502634858,32.93333333333333
24040107,Hällnäs,2.072538828771807,40.931372549019606
24040120,Tvärålund,1.2957317389202863,27.16236722306525
24090101,Bygdeå,2.432638727028492,42.12730318257957
24090112,Överklinten,1.9108283684256755,38.061465721040186
24090306,Robertsfors,8.662922062506182,52.074074074074076
24090406,Nysätra-Ånäset,2.4246390196405962,32.868757259001164
24170204,Norsjö Norra,5.195527807304963,46.199407699901286
24170207,Norsjö Södra,5.257634107159274,42.224510813594236
24180102,Malå 1,4.200957859920486,42.693409742120345
24180103,Malå 2,8.794267333854275,49.12536443148688
24210122,Storuman Östra,3.2957583513603135,40.0396432111001
24210124,Storuman Luspen,6.808084958021171,39.416745061147694
24210314,Storuman Västra,4.979904902657087,31.293881644934803
24220100,Sorsele,3.7225043043423516,34.31542461005199
24250104,Dorotea,4.330357129324777,42.009132420091326
24601001,Västra byarna-Älvdala,5.1230068922400145,39.0625
24601002,Lägret-Nyby,8.498826128580584,44.86940298507463
24601003,Myran-Centrum,10.610250582930759,46.401354784081285
24601004,Vännäsby,2.1913461611762295,43.5969868173258
24601005,Östra byarna,1.5382585427093398,31.826741996233523
24620101,Baksjönäs,5.157077639957235,41.288782816229116
24620105,Dikanäs,0.941915296808166,35.80246913580247
24620110,Latikberg,1.2104282982400985,26.923076923076923
24620113,Lövliden,13.214109278368555,44.680851063829785
24620116,Nästansjö,0.9419151768790681,31.799163179916317
24620118,Vilhelmina-Saxnäs,0.9419151305357911,36.88212927756654
24620120,Skansholm,0.9419152000836225,32.44444444444444
24620126,Vilhelmina,5.185741442267212,43.20557491289198
24630121,Åsele C,5.188679222283398,42.83765347885402
24630123,Åsele omland,3.188927065400659,32.833333333333336
24800101,Berghem Norra,9.426972338634336,48.08664259927798
24800102,Berghem Södra,7.707588676892527,51.31428571428572
24800103,Sandabrånet,5.714528376360226,50.13623978201635
24800104,Sandbacka,5.766124069170273,50.801131008482564
24800105,Haga Norra,4.7382370722847575,48.65568083261058
24800106,Haga Södra,6.763462723955,47.29965156794425
24800107,Centrum Västra,6.756378552322643,48.63309352517986
24800108,Ytterhiske,5.52801331383925,48.51598173515982
24800109,Centrum,9.322166535359461,45.386766076421246
24800110,Centrum Östra,5.349447488287456,45.57485525227461
24800111,Östermalm - Fridhem,6.952434234651189,48.24175824175824
24800112,Västerslätt,5.989656954996233,49.71680302076778
24800114,Ersmark,7.662765270031274,40.0
24800115,Ersboda Östra,22.508699065890692,58.54014598540146
24800116,Ersboda Västra,13.010545915900254,56.22377622377623
24800117,Ersboda Mellan,18.948487137768076,61.53846153846154
24800119,Dragonfältet,5.52510870642094,46.02169981916818
24800120,Öbackastrand,8.17414175876114,47.64150943396226
24800121,Ersboda Norra,27.358672372643568,60.03344481605351
24800122,Haga Östra,5.179448649233572,44.329896907216494
24800123,Brinkvägen,5.55249585137298,43.79639448568399
24800124,Öbacka - Rosendal,7.596042570249176,52.65625
24800220,Grubbe Södra,3.6067449627028045,45.4484153742414
24800221,Grubbe Norra,4.102243179146183,43.79496402877698
24800222,Kronoparken,4.176911460830213,46.267361111111114
24800223,Backen,3.726481947228262,44.51073985680191
24800224,Umedalen Östra,11.141626817390994,53.68525896414343
24800225,Brännland,2.4157864868860566,37.004950495049506
24800226,Hissjö,2.8400912459582495,36.89538807649044
24800227,Umedalen Västra,8.051520472822736,46.74880219028063
24800228,Sandåkern,3.58049922983103,45.64198687910028
24800229,Brattby – Sörfors – Överboda,2.417363282323702,34.03019744483159
24800330,Tavelsjö Södra,1.138525154379002,36.14163614163614
24800331,Tavelsjö Norra,1.1407584731678695,29.9625468164794
24800440,Östteg,3.922437995301828,39.716902581182346
24800441,Västteg,5.340110649668117,43.37152209492635
24800442,Böleå,5.744920911659429,40.140845070422536
24800443,Böleäng Östra,5.412258110249281,43.82022471910113
24800444,Röbäck Östra - Klabböle,3.7385532130224997,37.62162162162162
24800445,Stöcke,2.0773106534889574,37.755102040816325
24800446,Böleäng Västra,6.970736434696069,49.78962131837307
24800447,Yttersjö,1.505040794245192,40.81255771006464
24800448,Södra Teg,5.7302635981088645,44.0466278101582
24800449,Röbäck Västra - Skravelsjö,3.3705964694640813,47.36842105263158
24800450,Stöcksjö - Degernäs,2.1335549891608356,33.36875664187035
24800535,Ålidhem Östra,34.58931371744808,61.15916955017301
24800536,Innertavle,3.2512719618616672,41.48527528809219
24800538,Tomtebo,12.447577024283339,56.19512195121951
24800549,Universitetsområdet,22.30983891444267,48.27875734676742
24800550,Sofiehem,9.28650929498182,48.4375
24800551,Ålidhem Västra,29.455778649626083,50.83194675540766
24800552,Ålidhem Södra,26.697776845607486,62.607040913415794
24800553,Carlshem Västra,9.440629759995582,50.15698587127159
24800554,Carlshem Östra,19.073377576051975,55.11240029006527
24800555,Universitetsområdet Östra,14.145672112324199,53.02073940486925
24800556,Tomtebo Södra,12.909452719680353,48.635477582846
24800557,Tomtebo Norra,10.35186755398734,45.253863134657834
24800558,Ålidbacken,19.96731243118323,58.047016274864376
24800559,Tavleliden – Tomtebo gård,7.784551372728799,46.500920810313076
24800660,Holmsund Östra,4.6600216487856745,44.87369985141159
24800661,Holmsund Västra,10.589138453598272,49.348392701998264
24800662,Holmsund Södra,3.073957825242515,45.85427135678392
24800663,Obbola Norra,2.352941203596733,54.959159859976666
24800664,Obbola Södra,2.373071571385502,44.01440144014401
24800770,Hörnefors Östra,1.4948430614771047,48.17432273262662
24800771,Hörnefors Västra,2.320633887033066,46.640926640926644
24800772,Sörmjöle - Norrmjöle,2.1782705571594896,39.48863636363637
24800990,Bullmark,2.182787556425249,36.975857687420586
24800991,Sävar Östra,1.7147814723101642,42.47076023391813
24800992,Sävar Västra,2.7851873955191166,45.90747330960854
24800993,Täfteå,0.8668630738092501,41.85832566697332
24801137,Nydalahöjd,14.583358367242711,55.53416746871992
24801155,Mariehem,14.528634073816866,53.39116719242902
24801157,Mariehemshöjd,27.5726896275717,64.98226950354609
24801158,Mariedal,6.631361734075219,52.372093023255815
24801159,Marieberg,9.524487803259012,53.13807531380753
24801160,Mariestrand,15.470416663218495,49.70703125
24801161,Olovsdal,15.032611737909898,46.35294117647059
24810101,Lycksele,17.286099780167465,45.93155893536122
24810102,Södermalm,12.60192840771551,50.925925925925924
24810103,Norrmalm,3.0192197090091923,41.935483870967744
24810104,Villaryd,7.989456420881177,45.34722222222222
24810105,Forsdala,5.2653798427641645,36.74752920035939
24810113,Kattisavan,1.0863942598119807,34.78260869565217
24810114,Knaften,2.11515865678175,40.045766590389015
24810305,Björksele,1.9685038724244135,34.306569343065696
24820101,Centrum Ö,10.554614477801813,49.72677595628415
24820102,Centrum S,9.606139052190056,48.079470198675494
24820103,Norrhammar,6.293393362953701,54.36363636363637
24820104,Erikslid,10.867886129727191,53.403141361256544
24820105,Älvsbacka V,10.13102344878291,50.168728908886386
24820106,Älvsbacka Ö,5.822877415568301,51.731601731601735
24820107,Getberget,9.471363195520206,50.26737967914438
24820108,Alhem-Norvalla,7.641110686292395,47.467438494934875
24820109,Morön-Hedensbyn,6.157705975518136,51.463644948064214
24820110,Moröhöjden,8.647351463629798,55.56946182728411
24820111,Morö backe V,5.648063576454113,50.0
24820112,Morö backe C,26.805151285285156,66.93440428380187
24820113,Morö backe Ö,8.971493433583886,52.199074074074076
24820114,Bergsbyn,4.6360222335214205,47.939068100358426
24820115,Centrum V,10.53170079506282,50.19267822736031
24820116,Klockarberget,11.683249481951853,52.309612983770286
24820201,Inre Ursviken,6.973828332175797,54.23728813559322
24820202,Yttre Ursviken,5.327415558803098,54.4973544973545
24820204,Skelleftehamn V,21.65086933822542,53.2675709001233
24820205,Skelleftehamn Ö,19.84552707244419,56.921373200442964
24820206,Furunäs,6.88060023043209,43.22981366459627
24820301,Bureå N,5.307178139095325,56.149732620320854
24820302,Bureå S,7.858848929497403,42.06642066420664
24820303,Hjoggböle,1.767360335611397,38.68986693961106
24820401,Prästbordet,9.007246949609714,54.93119266055046
24820402,Brännan-Mobacken,4.3318071093750445,48.771929824561404
24820403,Sjungande dalen,15.260082202288883,56.74460431654676
24820404,Sunnanå S,3.379611079792831,44.879898862199745
24820405,Sunnanå Ö,4.612599113486546,55.16372795969773
24820406,Sörböle,6.552283330697414,52.90628706998814
24820407,Anderstorp N,16.886434342499705,56.75977653631285
24820408,Anderstorp S,12.72978446176343,64.01345291479821
24820409,Anderstorp Ö,19.750387358001497,62.82287822878229
24820410,Stackgrönnan-Örviken,3.793582907220118,42.693409742120345
24820411,Skråmträsk-Klutmark,2.6122835497954666,35.38461538461539
24820412,Myckle-Medle,2.4231930226053024,41.26984126984127
24820413,Stämningsgården,9.253871951964914,47.44094488188976
24820414,Sunnanå V,4.481854098157586,46.838156484458736
24820501,Boliden,15.480634133045134,49.25962487660414
24820601,Kåge N,8.744611147185427,47.18526100307062
24820602,Kåge S,3.927903233545471,44.62222222222222
24820603,Kågedalen,2.275158161667002,40.27355623100304
24820701,Byske C,8.579344622157848,52.881976212259836
24820702,Byske-Fällfors,2.7163417261182006,43.78159757330637
24820703,Drängsmark-Ostvik,1.0952496952443398,44.66546112115732
24820901,Jörn,6.490368881035783,45.244565217391305
24821001,Lövånger,7.743403540570449,41.429731925264015
24821101,Burträsk C,10.055360545171848,51.99063231850117
24821102,Burträsk V,4.742961277665684,40.903225806451616
24821103,Burträsk Ö,3.05423938918922,36.31961259079903
25050001,Arvidsjaur Norra,5.062990398930652,42.833607907743
25050002,Arvidsjaur Östra,1.9962884120493571,39.525021204410514
25050003,Arvidsjaur Västra,3.283477900870209,47.3186119873817
25060203,Arjeplog,3.5811315216186084,38.853503184713375
25100202,Jokkmokks Östra,7.0756288556436475,40.64885496183206
25100217,Jokkmokks Västra,7.316436320940274,36.78646934460888
25100409,Porjus,4.013961533375444,41.08910891089109
25100516,Vuollerim,3.546099317606772,52.30460921843687
25130001,Överkalix övre,6.214401467909842,44.54277286135693
25130002,Överkalix nedre,10.230538630121744,43.567961165048544
25140103,Gammelgården-Morjärv,1.7061471478209635,44.33249370277078
25140105,Innanbäcken,2.13631466327632,38.31598864711447
25140106,Kalix V,6.5848520828829225,50.66793893129771
25140107,Näsbyn,10.87778469153386,48.932038834951456
25140108,Risön,3.7287731803355992,40.90909090909091
25140115,Sangis,2.331961593083681,41.96018376722818
25140118,Ytterbyn,1.810297567453376,40.91954022988506
25140123,Kalix C,9.521687436265456,55.30888030888031
25140125,Stenbäcken,2.4610356107089246,45.94039054470709
25140221,Töre,2.550579937758479,34.62109955423477
25180101,Hedenäset,1.5151516064390649,37.096774193548384
25180102,Kuivakangas,2.10395974950419,36.12334801762115
25180103,Svanstein,1.3440861219510845,49.88290398126464
25180104,Övertorneå,5.767177847922491,44.82338611449452
25210001,Pajala norra,5.195037515965458,49.3368700265252
25210002,Pajala södra,7.998033472387626,52.69953051643193
25210004,Junosuando - Tärendö,1.25305193479939,46.09756097560975
25210005,Korpilombolo,2.0466358453580193,35.714285714285715
25230001,Gällivare Södra,2.6313603584504297,39.0832328106152
25230002,Gällivare Norra,2.6852506362574236,46.94960212201592
25230003,Gällivare Västra,7.858739679392522,39.55321944809461
25230005,Heden,3.0422933815586455,42.244897959183675
25230006,Koskullskulle,3.5814027279689933,38.88324873096447
25230007,Maria,6.456111101883573,43.336127409891034
25230008,Mellanområdet,3.3424227763048253,41.28187456926258
25230009,Sjöparken,12.658505559353214,44.760357432981316
25230011,Dundret,9.183159066420536,37.333333333333336
25230012,Gällivare Centrum V,13.83357019718906,52.38095238095238
25230013,Gällivare Centrum Ö,13.581665905499676,48.7987987987988
25600209,Vidsel,2.042772663048253,46.50912996777659
25600211,Älvsbyns N,9.533235262419469,53.29052969502408
25600212,Älvsbyns Ö,3.7218764074454382,45.378787878787875
25600214,Älvsbyns V,4.339323553238943,46.32107023411371
25800101,Varvet,4.894518121212754,45.30567685589519
25800102,Stadsparken,6.2068584079223506,45.55735056542811
25800103,Kulturens hus,5.500593914881633,41.34453781512605
25800104,Gültzauudden-Norra hamn,3.8592883087186842,46.88940092165899
25800105,Östermalm,4.671630351088746,44.76940382452194
25800106,Bergviken,7.170993989605847,47.33581164807931
25800107,Kallkällan,10.070037933122213,46.701388888888886
25800108,Munkeberg,9.023257060422596,43.722627737226276
25800109,Mjölkudden,12.9615086385079,50.780532598714416
25800111,Notviken,17.413662159099175,50.33210332103321
25800112,Köpmantorget,5.0552022177896685,42.707340324118206
25800113,Södra hamn,4.87837777555391,43.76400298730396
25800212,Burströmska,7.353639453688528,50.0
25800213,Malmudden,8.516661296496261,51.72043010752688
25800214,Svartöstan-Lövskatan,5.033757811333781,45.61576354679803
25800215,Södra Örnäset,14.663740175821443,50.73710073710074
25800216,Skurholmen,6.086904359158446,47.12918660287081
25800217,Norra Örnäset,12.45386516210169,55.13513513513514
25800220,Klintbacken,5.580373584760171,40.705128205128204
25800221,Lulsundet,3.876688920442769,42.204301075268816
25800222,Kronan,7.793181099736384,39.436619718309856
25800223,Hällbacken,4.526436692102939,32.51928020565553
25800237,Hertsöcentrum,18.307640575634746,57.89473684210526
25800259,Hertsölund,16.283766440690364,53.78151260504202
25800260,Hertsöängar,14.031647956562187,47.5
25800267,Björkskatan norra,6.591501802291332,47.6664116296863
25800268,Björkskatan södra,7.806973066119653,47.72256728778468
25800270,Bredviken-Lerbäcken,6.95565121054514,48.75900720576461
25800323,Alvik-Ersnäs,1.7442379674578554,37.149028077753776
25800324,Antnäs-Måttsund,1.996979128790026,36.93910256410256
25800325,Avan-Bälinge-Klöverträsk,1.204081221373761,32.292682926829265
25800326,Bensbyn-Brändön,1.3168717494883455,32.78217109992811
25800327,G:a Bergnäset-Kallax-Gäddvik,8.361002191747286,33.87589013224822
25800328,Trollstaden,2.5490313144829084,33.181403828623516
25800335,Gammelstad,3.724016856020703,42.82722513089005
25800344,Persön,1.421771812980621,29.838709677419356
25800346,Rutvik,3.0542390529082586,33.673469387755105
25800349,Öhemmanet-Karlsvik,4.272462585150143,44.183773216031284
25800350,Hammaren,1.7562883939957907,48.075348075348074
25800355,Bergstaden,16.79933281602549,50.48543689320388
25800361,Stadsön,3.0717502545322777,47.294589178356716
25800362,Porsöudden,24.16955730643965,55.9349593495935
25800363,Porsöberget,13.946821835799629,43.78109452736319
25800364,Universitetet,25.278346710926556,38.945578231292515
25800365,Lillporsön,21.016560659868333,42.89719626168224
25800371,Sunderbyn,2.39715729911408,37.051406401551894
25800439,Jämtön-Vitå,1.8045113181113799,37.71043771043771
25800442,Niemisel-Prästholm,1.8045112818442786,30.74433656957929
25800447,Råneå,4.017369906630747,39.444850255661066
25810001,Roknäs Lillpite Markbygden,1.9149345772522928,40.61946902654867
25810002,Sjulsmark Alterdalen Sikfors,1.369081529862097,37.56660746003553
25810003,Sjulnäs Böle,0.8014018326151934,46.017699115044245
25810004,Svensbyn,1.0624443912795236,44.916540212443095
25810005,Porsnäs Östra,1.3165222314289846,44.54545454545455
25810006,Porsnäs Västra,3.108129647987728,44.55307262569833
25810007,Rosvik,2.9702329931144567,39.77695167286245
25810008,Bergsviken Västra,2.133460861002535,49.64102564102564
25810009,Bergsviken Östra,2.7387072982530274,50.97783572359844
25810010,Hortlax,1.4057004333444316,46.06151537884471
25810011,Öjebyn Centrala,9.440088502239638,55.63480741797432
25810012,Öjebyn Norra,10.895285322634113,52.48667850799289
25810013,Öjebyn Södra,6.360557120152747,54.8780487804878
25810014,Djupviken Norra,7.544140604506717,49.80237154150198
25810015,Djupviken Södra,3.618581351026363,47.160493827160494
25810016,Backen Annelund,6.176129440381127,52.502050861361774
25810017,Backen Källbo,6.019801970174673,52.659574468085104
25810018,Häggholmen Västra,5.505823043950509,59.36106983655275
25810019,Norrmalm,5.506410694435558,53.40557275541796
25810020,Häggholmen Östra,10.709905495566863,66.90140845070422
25810021,Strömnäs,5.891622051085261,43.81591562799616
25810022,Pitholm,3.7973374114842184,50.120096076861486
25810023,Klubbgärdet,3.5097326280420162,46.01861427094106
25810024,Munksund Norra,3.8280618782033313,53.104726598702506
25810025,Munksund Södra,4.053130781570904,47.73735581188998
25810026,Blåsmark Hemmingsmark,1.2531447909279434,48.776758409785934
25810027,Jävre,1.9915221845102937,46.486486486486484
25820101,Sveafältet,29.980567849303565,48.93854748603352
25820102,Björknäs,17.91545047842372,51.34818288393904
25820103,Centrum norra,7.860636557664305,52.22857142857143
25820104,Prästholmen,13.621155357589432,52.78969957081545
25820105,Erikslund- Fagernäs,4.547560187651887,41.02141680395387
25820113,Svartbjörsbyn-Skogså,2.9762601756904874,38.200589970501476
25820115,Heden - Södra Bredåker,2.211827074494646,34.886128364389236
25820116,Bodsvedjan - Unbyn,3.7026425019320706,39.716981132075475
25820117,Vittjärv - Norra Bredåker,2.555254238280169,34.43037974683544
25820124,Centrum södra,7.470348413205182,51.785714285714285
25820132,Torpgärdan,8.907219387456301,46.176911544227885
25820133,Sanden,9.65889612730414,46.794871794871796
25820136,Svartbyn,3.5598616550698807,43.95161290322581
25820139,Trångfors,2.7169444831852,42.68585131894484
25820220,Gunnarsbyn,2.012651001166915,42.10526315789474
25820328,Harads,4.855119754466578,42.556179775280896
25820409,Sävastön,3.578620223957495,36.230558096980786
25820440,Sävast,2.473518735652588,45.65587734241908
25830101,Haparanda Norra,10.457191642467539,39.900249376558605
25830102,Nikkala,1.5143605344708093,33.333333333333336
25830103,Seskarö,1.5143603795650238,43.644067796610166
25830114,Haparanda Södra,8.599203813747721,42.27129337539432
25830115,Marielund,1.853734220360642,39.18722786647315
25830116,Grankullen,2.4033928724060307,28.632478632478634
25830408,Karungi,1.7942518845364763,23.116883116883116
25840001,Tuolluvaara-Nya Centrum,6.469677640225937,42.833333333333336
25840002,Högalid och Sandstensberget,11.80001605139667,43.36349924585219
25840003,Övre Norrmalm-Gamla Centrum,10.575017897550696,48.220640569395016
25840004,Kiruna nordost,2.1698112766108157,24.20886075949367
25840005,Bolaget-Triangeln,6.919060033816429,45.67307692307692
25840006,Kurra – Jägarområdet – N Stråket,6.521506249500946,43.90243902439025
25840007,Östermalm,6.872949665377362,46.263345195729535
25840009,Lombolo västra,14.080334124136053,47.80426599749059
25840010,Jukkasjärvi,2.3551877769858764,30.803571428571427
25840011,Lombolo mellersta,2.826643220153867,45.6353591160221
25840012,Kiruna sydost,5.351906103426184,53.88471177944862
25840013,Luossavaara-Abisko,6.564475495225536,46.01686972820993
25840015,Lombolo östra-Nikkaluoktavägen,4.77977873119073,46.3768115942029
