district_id,district_name,rest_world_unknown_pct,selected_vote_pct
01140101,Övra Runby,15.01602949707253,29.837940896091517
01140102,Mälaren,10.520801104398519,29.069767441860463
01140120,Edssjön,19.406198114391383,32.71889400921659
01140121,Nedra Runby,17.68073716328589,26.36165577342048
01140126,Prästgårdsmarken,18.486492006732096,33.07860262008734
01140203,Folkparken,24.422196669071493,29.383429672447015
01140204,Fysingen,27.311428353256307,26.81081081081081
01140206,Sigma,40.53177644069971,40.10989010989011
01140207,Odenslunda Södra,16.8723704984287,23.908730158730158
01140209,Smedby Norra,34.132509124537584,36.134453781512605
01140210,Väsbyskogen Västra,32.46991552046551,34.41466854724965
01140211,Skälby,27.9723842323164,29.053318824809576
01140212,Smedby Södra,26.771572689165033,31.325301204819276
01140218,Korpkulla,29.10603262102454,33.4307992202729
01140219,Ekebo,32.83243706069617,39.507959479015916
01140223,Brunnby,19.785840197257563,25.95959595959596
01140224,Apoteksskogen,34.47246758075402,40.86021505376344
01140225,Väsbyskogen Östra,35.66594548778184,44.29882044560944
01140231,Vilunda,25.876839057962474,37.04994192799071
01140232,Fyrklövern Norra,35.61097418489291,38.73015873015873
01140233,Fyrklövern Södra,43.791427274421146,43.622920517560075
01140313,Odenslunda Norra,20.671675652811988,27.346938775510203
01140314,Norra Bollstanäs,8.145354842798563,21.01669195751138
01140315,Sjukyrkoberget,12.108385371944106,28.146679881070366
01140316,Grimstaby,12.173571821776989,25.806451612903224
01140317,Gamla Bollstanäs,10.533970329271591,22.910521140609635
01140318,Frestaby,10.39148450566812,22.473118279569892
01140327,Östra Frestaby-Ekeby,12.222541146583612,22.767497988736928
01150101,1 Vallentuna västra,6.1294187784283585,15.46134663341646
01150102,2 Markim-Orkesta,3.8170029741967206,19.338422391857506
01150103,3 Hammarbacken N,7.290763696559756,24.295506473724295
01150104,4 Hammarbacken S,11.703591421699917,24.823321554770317
01150105,5 Ormsta N,7.460085305449605,23.966309341500764
01150106,6 Vallentuna nordöstra,7.417234060689183,19.572261827608553
01150107,7 Norrgården-Sörgården,12.863691587758082,31.824234354194406
01150108,8 Vallentuna C,10.59731192995903,31.963845521774857
01150109,9 Ormsta S,17.79993977955522,28.48297213622291
01150110,10 Lovisedal,5.50452256357994,22.573687994248743
01150111,11 Karlberg,6.036401973654877,20.87248322147651
01150112,12 Vada-Angarn-Össeby,4.1998042488161245,17.445482866043612
01150113,13 Bällsta S,6.472501057600258,15.410107705053852
01150114,14 Bällsta V,7.318336966151034,21.8249075215783
01150115,15 Vallentuna sydöstra,5.190821116472271,20.73170731707317
01150116,16 Garn,4.397933976732509,19.790575916230367
01150117,17 Kårsta-Frösunda,4.4316990795396345,14.967637540453074
01170001,Berga NV,10.80528297451482,30.095403295750216
01170002,Berga SÖ,13.107057902660982,30.06724303554275
01170003,Björksättra-Högsättra,8.261137476908424,25.452812202097235
01170004,Brevik,4.185561144217917,17.660910518053374
01170005,Flaxenvik-Grindmossen,6.778807632254554,20.02129925452609
01170006,Fredsborg,7.032315479998537,17.93776693105552
01170007,Hacksta V,20.53069056593113,33.779264214046826
01170008,Hacksta Ö,13.602049384657464,30.834213305174234
01170009,Ljusterö,3.842675621015733,18.877551020408163
01170010,Margretelund,4.519240301716477,16.69407894736842
01170011,Roslagskulla-Åsättra,3.927383582535275,20.365535248041777
01170012,Runö,13.888424011215383,28.620689655172413
01170013,Rydbo,4.334151127071051,15.891472868217054
01170014,Skånsta,6.569266640061841,22.617987533392697
01170015,Skärgårdsstad,4.994814409888422,13.826940231935772
01170016,Smedby,6.230666808703736,24.469160768452983
01170017,Svinninge,4.516895994366813,13.36233685518956
01170018,Säby,5.497189843208861,18.502202643171806
01170019,Söra N,8.864954622694192,26.57967032967033
01170020,Söra S,12.750647220051865,30.365974282888228
01170021,Tråsättra,6.660107362060178,25.101214574898787
01170022,Tuna,8.013450010065151,26.280193236714975
01170023,Åkerstorp,7.335673841616615,26.62057044079516
01170024,Österskär V,4.769163601996418,16.924066924066924
01170025,Österskär Ö,2.9056390271232426,14.663461538461538
01200101,Värmdö 1 Saltarö,4.454529708331785,20.35123966942149
01200102,Värmdö 2 Strömma m.fl.,4.053102460108716,14.973821989528796
01200103,Värmdö 3 Ängsvik,3.6193797517140496,17.740232312565997
01200104,Värmdö 4 Hemmesta,8.349261751065963,29.75609756097561
01200105,Värmdö 5 Vik,3.452846932302125,20.767306088407008
01200106,Värmdö 6 Kopparmora,3.085550155158439,22.45098039215686
01200107,Värmdö 7 Haghulta Kolvik,3.5548145890574463,21.347248576850095
01200108,Värmdö 8 Herrviksnäs m.fl.,3.779690924547179,14.96196111580727
01200109,Värmdö 9 Torsby,6.118816865385868,17.71177117711771
01200301,Djurö 1 Vindö,4.567807531655198,22.54196642685851
01200302,Djurö 2 Björkås Barnvik,6.093570654850087,22.263681592039802
01200303,Djurö 3 Stavsnäs,8.514612731590903,20.13888888888889
01200501,Ingarö 1 Lillängsdal Fagerholm,5.1173804986853195,21.71945701357466
01200502,Ingarö 2 Säby Eknäs,4.063612170658739,18.838028169014084
01200503,Ingarö 3 Ingaröstrand,3.2589526835252647,17.07132018209408
01200504,Ingarö 4 Klacknäset,4.1397318196086115,22.52448313384113
01200505,Ingarö 5 Lämshaga Brunn,5.833326662697636,19.89071038251366
01200601,Gustavsberg 1 Lugnet,6.889557890344676,30.4093567251462
01200602,Gustavsberg 2 Tallåsen,5.881158369683979,27.864897466827504
01200603,Gustavsberg 3 Munkmora,15.303388950365061,33.43051506316812
01200604,Gustavsberg 4 Höjdhagen m.fl.,4.368888314371761,32.80590717299578
01200605,Gustavsberg 5 Ösbydalen m.fl.,5.7093204777381485,28.79330943847073
01200606,Gustavsberg 6 Ormingelandet,3.592022283255162,17.34806629834254
01200607,Gustavsberg 7 Farsta och Hamnområdet,5.530211464438251,26.991150442477878
01200608,Gustavsberg 8 Mörtnäs,4.296253204616943,17.79513888888889
01200609,Gustavsberg 9 Mölnvik m.fl.,4.801421145192243,27.262931034482758
01200610,Gustavsberg 10 Charlottendal m.fl.,6.695021527731538,29.59641255605381
01200611,Gustavsberg 11 Porslinskvarteren S,8.244868189836813,28.16568047337278
01200612,Gustavsberg 12 Porslinskvarteren N,8.416037883858047,27.272727272727273
01200613,Gustavsberg 13 Hästhagen,6.030081507248509,33.82749326145552
01230201,Norra Barkarby,23.584981726771247,36.88085676037483
01230202,Södra Barkarby,15.596751654220055,25.82972582972583
01230203,Skälby Gård Västra,14.763876444070608,29.35483870967742
01230204,Orgona,14.870227603312907,29.70106075216972
01230205,Neptuni,17.44790205574082,30.08595988538682
01230206,Skälby Gård Östra,15.320344311302046,20.33582089552239
01230207,Barkarbystaden,36.390878566879906,32.34421364985163
01230208,Kalvshälla,29.239666600546983,36.9431643625192
01230209,Karlslund,33.272934728856676,33.46560846560847
01230210,Dragonbacken,35.06784300688496,37.181409295352324
01230211,Ålsta,36.01067984531616,33.80281690140845
01230212,Kyrkbyn,28.236621343809706,26.470588235294116
01230213,Västra Barkarbystaden,32.879867004772805,33.333333333333336
01230306,Fjällen,10.445973447312,29.727272727272727
01230307,Sandvik,12.960239184362802,28.296067848882036
01230308,Hummelmora,15.184983252536439,27.225583405358687
01230309,Centrala Viksjö Södra,14.474890143079165,32.52569750367107
01230310,Lund,11.378010158128548,25.93340060544904
01230311,Fastebol,12.304176153284207,25.789473684210527
01230312,Centrala Viksjö Norra,21.299140651850422,31.502423263327948
01230313,Högby,16.542788801504397,29.623430962343097
01230413,Tallbohov,49.24417164969785,34.84848484848485
01230414,Olovslund,14.891741457911186,21.712538226299696
01230415,Norra Vibblaby,30.540252924068675,35.22083805209513
01230416,Västerby,27.097796666281166,29.339305711086226
01230417,Grönvreten,15.110749653990679,27.634408602150536
01230418,Snapphanen,46.5671675105488,37.263626251390434
01230419,Norra Nyberg,49.58496885192908,45.205479452054796
01230420,Hammaren,36.53961301901443,38.03888419273034
01230421,Dackevägen,46.06122596770292,39.43181818181818
01230422,Centrala Jakobsberg,44.25987990296435,35.14986376021798
01230423,Södra Aspnäs,43.46959609889024,41.92200557103064
01230424,Ekedal,39.44878752596696,38.05825242718446
01230425,Norra Aspnäs,37.4543887322849,36.8705035971223
01230426,Vattmyra,21.64545675367406,27.5
01230427,Berghem/Polhem,23.935500448804596,24.892395982783356
01230428,Södra Vibblaby,40.80407159279624,36.61710037174721
01230429,Södra Nyberg,43.5217440035091,39.16083916083916
01230430,Riddarparken,43.469574655444724,38.782051282051285
01230528,Lädersättra,24.11350300311395,36.80688336520077
01230529,Centrala Kallhäll,17.023160672658793,29.925925925925927
01230530,Emaljvägen/Kopparvägen,24.080234270364883,36.30030959752322
01230531,Ulvsättra/Skogstorp,23.342394714816184,27.903871829105473
01230532,Kolarängen/Villastaden,14.981626745858854,27.294303797468356
01230533,Stäket,10.848425892807803,21.11111111111111
01230534,Bolinder strand,9.848203526568131,25.178316690442227
01230535,Lilla Ulvsättra,33.66280209706284,40.11713030746706
01250101,Munsö,4.185176894642134,15.789473684210526
01250201,Adelsö,7.019703720061299,22.54335260115607
01250301,Ekerö 1 Ekebyhov-Gällstaö,6.632644414130816,18.15068493150685
01250302,Ekerö 2 Ekebyhov Västra,8.850433273341176,29.742612011439466
01250303,Ekerö 3 Ekerö-Väsby,4.854555979056619,26.52892561983471
01250304,Ekerö 4 Träkvista-Skärvik,2.9949012863723166,15.39179104477612
01250305,Ekerö 5 Närlunda,8.143787930873872,17.16417910447761
01250306,Ekerö 6 Älvnäs,5.6796142518622235,18.3710407239819
01250307,Ekerö 7 Sundby Helgö,4.319269071867898,16.441620333598095
01250308,Ekerö 8 Ekerö centrum,7.787984858753147,29.121725731895225
01250309,Ekerö 9 Träkvista,5.78104290494933,18.37037037037037
01250310,Ekerö 10 Sandudden,3.10951433104249,16.50692225772098
01250401,Lovö,3.9331655265177314,17.883755588673623
01250901,Färingsö 1 Färingsö Norra,5.233464329490312,18.156424581005588
01250902,Färingsö 2 Färentuna Hilleshög,5.8643662479260845,19.84978540772532
01250903,Färingsö 3 Svartsjö Sånga,4.695699342003568,16.38888888888889
01250904,Färingsö 4 Stenhamra Södra,3.961075563211439,24.088210347752334
01250905,Färingsö 5 Stenhamra Norra,4.893992778282386,22.393472348141433
01250906,Färingsö 6 Skå,5.103973524224728,15.562248995983936
01260103,Fridhem,5.824283947445347,26.573998364677024
01260105,Vistaberg,7.648660073088668,27.00361010830325
01260106,Stuvsta centrum,9.876090551980807,27.491408934707902
01260107,Myrängen-Högmora,10.499126488249825,26.08695652173913
01260108,Stuvsta gård,8.539392170891176,25.629791894852136
01260109,Kynäs,7.401115071552508,22.52906976744186
01260110,Kvarnbergsplan,14.08564220867964,35.75685339690107
01260116,Sörskogen,9.928039880871681,27.357237715803453
01260117,Balingsnäs,7.10590591239762,27.967625899280577
01260119,Segersminne,6.581338793390154,27.865168539325843
01260120,Stensängen,5.694799542245398,27.912341407151096
01260122,Gladökvarn-Lissma-Ådran,5.005348184012156,15.780445969125214
01260123,Vårdkasen-Rosenhill,11.768563652219447,24.461839530332682
01260124,Skogsäng,5.531456143944596,24.962406015037594
01260125,Milsten,6.140923531391939,25.0
01260126,Källbrink,7.361938701427634,23.506366307541626
01260127,Tomtberga norra,14.671611397124474,32.747933884297524
01260128,Tomtberga södra,16.59086271817154,33.743589743589745
01260129,Storängen,13.336756593939375,28.34549878345499
01260130,Huddinge centrum,15.471215729843868,33.76623376623377
01260131,Hörningsnäs,6.644259170806759,27.509293680297397
01260132,Paradisbacken,10.075979553507523,27.68472906403941
01260133,Solgård,11.34836846040326,24.177777777777777
01260134,Fullersta gård,6.9930211821581,25.513513513513512
01260135,Fullersta torg,9.161693064336376,29.82456140350877
01260136,Snättringe gård,6.397573407786649,23.00518134715026
01260201,Vidja-Mellansjö-Svartvik,8.861049850844289,21.399594320486816
01260202,Hammartorp,13.90583340192776,30.666666666666668
01260203,Trångsund centrum,19.017286162760534,33.03808680248007
01260204,Stortorp,7.774207255517885,25.738798856053386
01260205,Västra Skogås norra,26.860483806668768,38.38383838383838
01260206,Västra Skogås centrum,36.662167270885355,42.94187425860024
01260207,Västra Skogås västra,32.15407659712772,41.243862520458265
01260208,Västra Skogås södra,31.111417658125138,36.49906890130354
01260209,Östra Skogås centrala,15.945847767822949,34.83709273182957
01260210,Östra Skogås norra,12.895993904766375,29.162833486660535
01260211,Östra Skogås södra,10.732723516953053,29.872673849167484
01260212,Fållan-Nytorp,8.03995308460346,22.993827160493826
01260213,Sjöängen,6.105560632404698,18.40843720038351
01260214,Länna,14.241477863465626,24.372523117569354
01260301,Smista östra,13.435748512433998,25.043478260869566
01260302,Segeltorp centrum,6.49024250121789,27.001862197392924
01260303,Kråkvik-Kungens kurva,12.60384104122048,25.339366515837103
01260304,Vårby gård östra,41.41486770621761,47.18397997496871
01260305,Vårby gård centrum,29.8404255230484,43.14247669773635
01260306,Vårby gård,31.08963518068427,43.25657894736842
01260307,Haga,42.80503965266062,39.07380607814761
01260308,Myrstuguberget,29.891702006162497,38.504672897196265
01260309,Utsälje centrala,6.972399727363075,30.09027081243731
01260310,Utsälje,8.582779755069442,19.328956965718454
01260311,Juringe,12.787281716144445,22.902921771913288
01260312,Smista västra,14.763339713662827,28.43488649940263
01260313,Vårby gård västra,30.701347019048054,46.446280991735534
01260402,Grantorp norra,44.45965991358753,44.733044733044736
01260403,Grantorp östra,41.45325730044189,39.61038961038961
01260404,Flemingsberg norra,45.1064154019303,44.00921658986175
01260405,Visättra östra,40.83728097945994,40.0
01260406,Visättra västra,38.305572821448685,36.61800486618005
01260407,Visättra,30.235077060873756,30.62200956937799
01260408,Kästa,21.398312641879475,36.50075414781297
01260409,Flemingsberg södra,46.503402071646974,24.155193992490613
01260410,Visättra-Björnkulla,29.826969348199555,34.27947598253275
01260411,Glömsta södra,16.094684524924187,22.444183313748532
01260412,Glömsta norra,17.83201013250274,27.260981912144704
01270001,N Lanthem,12.136516950360795,20.46783625730994
01270002,Tullinge C,12.413102258053366,32.55240443896424
01270003,Ö Tullingeberg,14.99692919157101,32.33644859813084
01270004,Tullinge Parkhem,8.254033533645432,23.705501618122977
01270005,G:a Tullingeberg,11.01242645070869,31.149193548387096
01270006,Tullinge Gård,10.044681987355819,31.325301204819276
01270007,Banslätt/Römossen,10.774575374779605,32.87292817679558
01270008,Tullingeskog,7.930065860863789,26.605504587155963
01270009,Riksten N,14.478229923232139,23.765432098765434
01270010,S Lanthem,5.914025484035649,20.526315789473685
01270011,Tullinge Villastad N,9.215070104142098,25.068368277119415
01270012,Tullinge Villastad S,13.92860398486076,24.53580901856764
01270013,Riksten S,11.759353075805238,23.323615160349853
01270020,Segersjö,11.116470710125858,31.98324022346369
01270021,Kvarnsjön,16.78760864444499,24.031007751937985
01270022,Tumba C,24.081346345173596,32.52873563218391
01270023,Broängen,16.326970531642274,26.724137931034484
01270024,Uttran,10.177223427491782,22.041984732824428
01270025,Kassmyra,17.82997188833848,30.044843049327355
01270026,Skäcklinge,19.59847080089755,32.05128205128205
01270028,Storvreten V,35.400154907266135,37.546933667083856
01270029,Storvreten S,30.800131900890715,38.97389738973897
01270030,Storvreten Ö,31.388800234978046,39.5924308588064
01270031,Vretarna/Tumba bruk,16.6255983915046,32.68892794376099
01270032,Tuna,24.99051284267522,37.29456384323641
01270033,Nackdala/Solhöjden,20.552627619045357,35.412474849094565
01270034,Kulturen Tumba Park,19.895472611107245,32.31884057971015
01270035,Vårsta C/Bremora,9.810834193649713,29.022082018927446
01270036,Grödinge Landsbygd,6.974813079577511,16.20986687548943
01270037,Vårsta/Malmtorp/Slättmalm,9.459040188053532,17.474048442906575
01270041,Albydalen V Småhus S,38.79024059599228,50.61576354679803
01270042,Albydalen C/Rotemannen,41.32168835841748,47.638888888888886
01270043,Alby småhus Ö/Albygård,30.21646798688107,40.869565217391305
01270044,Albyberget V/Tingstorget,45.38038394959566,41.35429262394196
01270046,Albyberget Ö/Albygård,44.772440211352105,39.947780678851174
01270047,Albydalen Ö,41.273224021420816,53.52480417754569
01270051,Fittja småhusområde,37.39418503108264,41.10787172011662
01270052,Fittja Krögarvägen,41.6663465615181,44.984802431610944
01270053,Fittja Forvägen,41.5761366894337,47.36196319018405
01270054,Fittja Värdshusvägen,41.11696920676324,50.15527950310559
01270055,Slagsta strand,40.98637720802797,27.622377622377623
01270061,Slagsta N,24.580741385898904,35.04867872044506
01270062,Slagsta S,27.16174935598388,31.330472103004293
01270063,Hallunda/Brunna,35.66814588171501,38.00978792822186
01270064,Hallunda C,41.332040732956884,43.17111459968603
01270065,Hallunda/Norsborg låghus,32.55571506418621,37.72935779816514
01270066,Norsborg småhusområde,30.8768931380729,23.28767123287671
01270067,Norsborg Ö,41.52337199933158,45.223880597014926
01270068,Norsborg C,44.51625724104634,44.506726457399104
01270069,Norsborg V,43.35868506781269,45.35367545076283
01270070,Eriksberg Ö,34.86545508206274,39.18741808650066
01270071,Eriksberg V/G:a Norsborg,33.50007009135293,39.135959339263025
01280101,1 Rönninge norra,5.863530054706362,18.374558303886925
01280102,2 Rönninge sydöstra,5.679036357234883,22.786069651741293
01280103,3 Salem västra,16.341203244753853,25.89382448537378
01280104,4 Salems centrum med omnejd,16.385121451478305,29.886246122026886
01280105,5 Salem norra,21.639458480616817,26.98744769874477
01280106,6 Rönninge centrum med omnejd,12.181950313075534,24.568527918781726
01280107,7 Salem södra,22.281626809323605,31.16751269035533
01280108,8 Salem östra,14.90894133518622,23.011120615911036
01280109,9 Rönninge sydvästra,5.131372269167214,20.21276595744681
01360101,Haninge 1 Gudö m.fl.,5.009360832452091,19.309262166405023
01360102,Haninge 2 Vendelsö-Norrby m.m,3.8499215977159182,21.734234234234233
01360103,Haninge 3 Söderby,7.399720593518701,31.23953098827471
01360104,Haninge 4 Vega-Söderhagen,8.881649121537329,23.187311178247736
01360105,Haninge 5 Sågen-Lyckebyn m.fl.,7.862352413249617,25.443786982248522
01360106,Haninge 6 Källtorp,4.252872027610575,27.142857142857142
01360107,Haninge 7 Vendelsömalm N,6.02134692544583,27.494287890327495
01360108,Haninge 8 Vendelsömalm-Ramsdalen,5.522442727871366,27.616926503340757
01360109,Haninge 9 Svartbäcken m.fl,4.814332816074063,30.78358208955224
01360110,Haninge 10 Vendelsömalm,8.471864693071304,28.480340063761954
01360111,Haninge 11 Kolartorp-Hermanstorp m.m,9.699497530308628,27.014755959137343
01360112,Haninge 12 Vendelsömalm S m.fl.,12.95105248951902,33.303491495076095
01360113,Haninge 13 Brandbergen NÖ,26.73199647842793,39.955357142857146
01360114,Haninge 14 Brandbergen SÖ,25.662573414096002,41.41630901287554
01360115,Haninge 15 Vendelsö,4.820855496263711,23.11715481171548
01360116,Haninge 16 Brandbergen V,28.984527591837754,37.080536912751676
01360117,Haninge 17 Brandbergen N,32.46376842866401,36.56804733727811
01360118,Haninge 18 Brandbergen S,23.702610395027996,39.05723905723906
01360119,Haninge 19 Handen N,12.329732403065455,32.03883495145631
01360120,Haninge 20 Handen C,17.919830911287495,39.91304347826087
01360121,Haninge 21 Söderbymalm,15.946399129038797,34.6749226006192
01360123,Haninge 23 Poseidon,18.064995103611533,38.376891334250345
01360124,Haninge 24 Kvarntorp S,14.673632598583163,26.822682268226824
01360125,Haninge 25 Parkvägsområdet,12.325272712370424,40.22727272727273
01360126,Haninge 22 Vega S,18.451244687501763,26.73733804475854
01360131,Haninge 31 Jordbro NÖ,38.02223179757572,44.74576271186441
01360132,Haninge 32 Jordbro V,47.342315355643954,44.47174447174447
01360133,Haninge 33 Jordbro SV,36.64918277455621,44.53551912568306
01360134,Haninge 34 Jordbro SÖ,37.15469354704571,42.76315789473684
01360140,Haninge 40 Krogtäppan och Sommarbo,19.809778808009675,39.33975240715268
01360144,Haninge 44 Handen Central N,20.34287909068225,37.5796178343949
01360145,Haninge 45 Vallaområdet V,16.564413289392498,42.721518987341774
01360146,Haninge 46 Vallaområdet Ö,17.179613252541134,35.282051282051285
01360147,Haninge 47 Slätmossen m. fl.,10.038636001193808,37.09949409780776
01360148,Haninge 48 Jordbro N-Dåntorp-Öran,17.787996976544378,41.63658243080626
01360162,Haninge 62 Vendelsö-Dalen m.m,5.135137019301447,23.590333716915996
01360163,Haninge 63 Vega N,13.370087107627253,29.386590584878746
01360164,Haninge 64 Kvarntorp N,17.124509264654073,26.871938418474457
01360165,Haninge 65 Handen Central S,20.342110579890296,29.43327239488117
01360166,Haninge 66 Kolartorp-Rudan m.m,14.472984701761463,27.41046831955923
01360537,Haninge 37 Dalarö,2.6840098130785615,15.707620528771384
01360649,Haninge 49 Hammarängen-Hammarskogen,3.7559409884623953,23.04725168756027
01360650,Haninge 50 Tungelsta,5.481026646346694,21.73469387755102
01360651,Haninge 51 Jägartorp-Sågen m.fl.,9.692575137731481,26.652298850574713
01360652,Haninge 52 Skogs-Ekeby m.fl.,6.293918725183909,20.481927710843372
01360653,Haninge 53 Åbylund m.fl.,13.504848147747783,33.36388634280477
01360654,Haninge 54 Åby,20.27867116503997,31.475409836065573
01360655,Haninge 55 Västerhaninge,6.003597969835232,28.98820608317815
01360656,Haninge 56 Ribby-Öhaninge kyrkby m.m,24.012592011770064,17.23202170963365
01360657,Haninge 57 Ribbyberg m.fl.,8.510959233680104,27.7720207253886
01360658,Haninge 58 Västerhaninge SÖ-Skärgård,5.3813175041031815,22.45508982035928
01360659,Haninge 59 Tungelsta-Utlida-Häringe,4.41291204803224,21.39240506329114
01360660,Haninge 61 Västerhaninge Ö,14.154470723256951,27.203065134099617
01360760,Haninge 60 Muskö,2.5974026348831547,22.085889570552148
01380101,1 Björkbacken,13.068723414254503,31.221303948576676
01380102,2 Siken,10.725173222373707,36.77563150074294
01380103,3 Myggdalen,9.984326484214233,33.96694214876033
01380104,4 Nyboda,21.07387485880384,32.35294117647059
01380105,5 Fårdala,6.32772072148908,29.727272727272727
01380106,6 Krusboda N,5.673350450150158,30.649854510184287
01380107,7 Krusboda S,5.668013568394701,32.10727969348659
01380108,8 Öringe,4.374732234498747,29.335634167385678
01380109,9 Rotvik,4.553491500514061,21.181556195965417
01380110,10 Tyresö Strand,3.095236127762726,13.931523022432113
01380111,11 Tyresö Strand Centrum,3.617569057961302,26.845637583892618
01380112,12 Gimmersta - Nytorp - Raksta,3.225810482225094,16.735537190082646
01380113,13 Brevikshalvön,4.130768763385594,19.367588932806324
01380121,21 Fornudden,3.941616154911518,20.291970802919707
01380122,22 Sofieberg,5.411514815843106,25.307125307125308
01380123,23 Trollbäcken V,6.626485275654953,25.775022143489814
01380124,24 Skälsätra,5.922316416177957,22.542266750156543
01380125,25 Trollbäcken Ö,5.9861424097644,22.576271186440678
01380126,26 Hanviken,4.701653556842552,23.44296710986704
01380127,27 Lindalen,10.016318787818673,26.105810928013877
01380128,28 Bollmoraberg V,16.94503017161311,28.598665395614873
01380129,29 Granängsringen,36.0098705696948,36.970338983050844
01380130,30 Farmarstigen V,7.289194307058323,27.887788778877887
01380131,31 Farmarstigen Ö,10.817136149212715,30.09188361408882
01380132,32 Masten,10.017707431185874,29.707112970711297
01380133,33 Bollmoraberg Ö,16.944753644696632,31.09540636042403
01390101,Härnevi-Skällsta,25.512172771849173,34.441805225653205
01390102,Råby,35.63344787906046,33.856502242152466
01390103,Finnsta,37.46141295821843,41.80887372013652
01390104,Kockbacka-Lejondal,18.327334629897265,25.85513078470825
01390105,Låssa,13.085584484512367,24.29530201342282
01390106,Bro södra,36.90078166028958,26.19047619047619
01390107,Bro norra,31.8113558984676,36.37400228050171
01390108,Ådö-Rättarboda,38.741463551555185,23.989569752281618
01390305,Kungsängen södra-Stäksön södra,13.37140835965766,25.185185185185187
01390306,Sylta östra-Tibblehöjden,8.857520126892991,26.955201214882308
01390307,Lennartsnäs-Tibble S - Sylta V,17.67085732851349,26.287262872628727
01390308,Norrboda,18.743476358842518,24.904214559386972
01390309,Kungsängen norra-Stäksön norra,18.843438707036196,31.886345698500396
01390310,Brunna norra,13.174977351147756,26.361279170267935
01390311,Brunna södra,15.916529843578152,29.102447869446962
01390312,Tibble norra,21.079255300633264,39.15603532875368
01390313,Korsängen,22.338678050416053,32.88925895087427
01390512,Håtuna-Håbo-Tibble,3.9325617104139607,17.1280276816609
01400136,Turinge,3.931740679594934,20.86092715231788
01400137,Gammeltorp-Hökmossen,9.402457248489759,22.24622030237581
01400138,Stensborg-Brokvarn,10.148692697692143,21.110176619007568
01400139,Lillhaga-Sandtorp,4.675917687716343,20.27818448023426
01400140,Nykvarn centrum,8.50034508995472,28.101503759398497
01400234,Taxinge,2.986719466569497,15.952380952380953
01600101,1 Täby kyrkby,9.179392618797289,15.066079295154186
01600102,2 Runborg,7.157593378083674,18.06451612903226
01600103,3 Byle,7.4012803677648025,16.598079561042525
01600104,4 Midgård,8.533685470509681,21.398002853067048
01600105,5 Vallatorp södra,10.079341037055835,15.269461077844312
01600106,6 Vallatorp norra,7.663885174465064,18.790100824931255
01600107,7 Visinge,9.629818883757311,16.545265348595212
01600108,8 Erikslund m.fl.,9.13676328140845,18.790697674418606
01600109,9 Skarpäng norra,6.9319340970441585,14.884696016771489
01600110,10 Ella park,9.136670013997815,12.687813021702839
01600111,"11 Ensta, Kullagränd",11.213639523271274,16.957210776545168
01600112,12 Skarpäng södra,5.270302327341058,14.928425357873211
01600113,13 Ella gård västra,6.191278752127586,15.378006872852234
01600114,14 Ella gård norra,8.220529458618335,15.568862275449101
01600115,15 Roslags-Näsby norra,11.158047886728061,16.126601356443103
01600116,16 Storstugan,15.88368474182703,27.891156462585034
01600117,17 Åkerbyvägen,13.603366753913665,24.239864864864863
01600118,18 Marknadsvägen,18.16457008835027,25.123639960435213
01600119,19 Täby centrum,15.880699508984156,18.118466898954704
01600120,20 Näsbydal,14.53761307725239,23.446658851113718
01600121,21 Grindtorp södra,19.599091523764578,28.427672955974842
01600122,22 Roslags-Näsby södra,10.73211137760823,17.729393468118197
01600223,23 Löttingelund,12.412657959923033,15.435356200527705
01600224,"24 Arninge, Ullna norra",21.834391127320707,18.76606683804627
01600225,25 Gribbylund norra,8.872767389166214,15.32567049808429
01600226,"26 Arninge, Ullna södra",17.799289025776627,22.141560798548095
01600227,"27 Gribbylund västra, Myrängen",9.205769310012053,17.5284837861525
01600228,28 Gribbylunds centrum,25.71107509015964,29.49932341001353
01600229,29 Gribbylund södra,7.411731753033183,18.851132686084142
01600230,30 Grindtorp norra,14.402958245429007,23.93822393822394
01600231,"31 Täby park, Månstenen, m.fl.",16.552211403542447,16.26928471248247
01600232,"32 Täby park, Smaragden m.fl.",16.916910242290662,20.950965824665676
01600233,"33 Täby park, Bergskristallen, m.fl.",16.12645084531959,20.94662638469285
01600234,34 Viggbyholm västra,9.766763855619926,22.952710495963093
01600235,35 Viggbyholm norra,5.6773692454561235,13.5702746365105
01600236,36 Hägernäs norra,18.265830485126795,24.588815789473685
01600237,"37 Lahäll, Näsbygård",5.223381241282765,10.238095238095237
01600238,38 Norskogen m.fl.,20.492982482647893,19.221604447974585
01600239,39 Näsbyparks centrum,7.902575584439431,15.106215578284814
01600240,40 Näsbypark östra,7.4510417483462135,7.908163265306122
01600241,41 Viggbyholm sydväst,7.7131750273172175,12.457912457912458
01600242,42 Viggbyholm sydöst,9.124454887058677,15.598548972188633
01600243,43 Hägernäs södra,14.497836840084497,18.160377358490567
01600244,44 Näsbypark västra,4.379741639889274,10.607434270172257
01600245,45 Näsby slott,4.549811589485681,7.771535580524344
01620101,Gamla Enebyberg,5.543195663059758,9.93676603432701
01620102,Sätra Äng,8.301441175681921,11.867704280155642
01620103,Klingsta,7.592201375118177,9.956331877729257
01620104,Kevinge Strand-Charlottenberg,7.142964375425687,16.263237518910742
01620105,Kevinge-Mörbyskogen,12.036372857946036,18.181818181818183
01620106,Berga-Rinkeby,12.022605453910696,15.476190476190476
01620107,Mörby,11.493016170568373,17.16514954486346
01620108,Nora,5.701187883923922,8.125
01620109,Anneberg,7.649757792509203,11.625874125874127
01620110,Norra Djursholm,9.386674192859491,6.069651741293533
01620111,Mellersta Djursholm,4.347844794716225,4.861878453038674
01620112,Djursholms Ekeby,9.265873156455699,9.01639344262295
01620113,Långängen-Tranholmen,6.1111067238314005,7.887579329102448
01620114,Stocksund,7.474369078330258,8.62895493767977
01620115,Svalnäs,7.209002965837875,5.334728033472803
01620116,Södra Djursholm,4.188103926539758,4.004329004329004
01620117,Djursholms Ösby,5.599504313980048,5.836575875486381
01620118,Sikreno,5.601971536112867,7.678075855689177
01620119,Inverness,19.201973308748734,20.055197792088318
01620120,Västra Enebyberg,5.267357347283618,13.877207737594617
01630110,10 Mellersta Rotebro,12.829066826181846,26.767200754005653
01630111,11 Gillbo-Gillberga,7.299401647950065,22.58347978910369
01630112,12 Södra Rotebro,33.51826626580568,36.26220362622036
01630113,13 Rotsunda,35.90964628924064,32.42009132420091
01630114,14 Rotsunda gård,26.4008066915559,28.111888111888113
01630115,15 Rotsunda strand,21.192428544100107,31.710526315789473
01630121,21 Södra Viby,6.885919708913934,19.19104991394148
01630122,22 Norra Viby,8.304307166933198,25.90759075907591
01630123,23 Östra Viby,11.42028209065044,27.06237424547284
01630131,31 Norra Norrviken,13.016762337514399,28.631402183039462
01630132,32 Södra Norrviken,11.621116304492128,22.952295229522953
01630140,40 Norra Väsjön,13.874771349845057,22.916666666666668
01630141,41 Södra Väsjön,22.219193541834887,25.241545893719806
01630142,42 Edsängen-Solängen,16.756383202464416,23.368606701940035
01630143,43 Tunberget,17.715084205705686,22.639225181598064
01630151,51 Östra Häggvik,17.199507710910094,27.82782782782783
01630152,52 Västra Häggvik,24.254233083820676,32.481751824817515
01630153,53 Skälby-Edsbacka,18.436627457684576,24.369747899159663
01630154,54 Nytorp,12.748805858412,22.26680040120361
01630155,55 Södra Häggvik-Ängstorp,21.542040898385405,26.274065685164214
01630156,56 Hersby-Skansen,12.654017795209905,16.074600355239788
01630157,57 Sollentuna centrum,17.689190229417754,29.737903225806452
01630160,60 Östra Edsberg,38.458596743737054,41.993281075027994
01630161,61 Edsbergs centrum,30.52204785247003,33.95061728395062
01630162,62 Västra Edsberg,33.48722104164131,36.72654690618762
01630164,64 Norra Landsnora,27.226183728275256,31.99023199023199
01630165,65 Edsbacka-Edsängen,22.900276202743658,28.65497076023392
01630170,70 Södra Töjnan,21.2235567540981,25.55366269165247
01630171,71 Norra Töjnan,16.613978306145384,26.54320987654321
01630172,72 Knista,24.492745471148236,29.098805646036915
01630173,73 Östra Bagarby,47.20094438492927,37.65112262521589
01630174,74 Västra Bagarby,42.873533742818154,44.796954314720814
01630175,75 Fågelsången,14.168931037934865,22.59767687434002
01630178,78 Norra Bagarby,24.957927848004893,34.65739821251241
01630179,79 Mellersta Bagarby,46.807264153716176,41.65261382799326
01630180,80 Södra Landsnora Falkberget,15.841304165578265,16.634980988593156
01630181,81 Västra Sjöberg,11.95930868631097,19.95540691192865
01630182,82 Östra Sjöberg,16.774513451942298,18.784530386740332
01630183,83 Kärrdal,17.670153170292302,25.40192926045016
01630190,90 Tegelhagen,7.970533384906548,22.027134876296888
01630191,91 Eriksberg,16.972479924535435,21.834496510468593
01630192,92 Helenelunds centrum,34.26487365362396,33.22784810126582
01630193,93 Norra Silverdal,11.465380776038165,19.842829076620824
01630194,94 Edsviken,5.420926346049587,10.48573631457209
01630195,95 Södra Silverdal,13.615444278579716,20.020325203252032
01630196,96 Kummelby,13.128164655928062,19.48497854077253
01800101,Domkyrko 1 Gamla stan inre,5.533914645038375,22.35734331150608
01800102,Domkyrko 2 Gamla stan yttre,7.03766361947704,20.13170272812794
01800103,Domkyrko 3 Norrmalm nedre,13.640302640386567,20.93683463449255
01800401,Johannes 1 Johannes S,8.757752042749946,19.37799043062201
01800402,Johannes 2 Vanadislunden SÖ,7.655856039628725,19.892473118279568
01800403,Johannes 3 Norrmalm N,7.8939140079497285,19.223826714801444
01800404,Johannes 4 Vanadislunden SV,7.7773844967516625,18.740399385560675
01800405,Johannes 5 Monica Zetterlunds Park,6.915390976493496,14.881889763779528
01800406,Johannes 6 Vanadislunden Ö,8.76005061120157,16.068376068376068
01800407,Johannes 7 Vanadislunden N,18.00311569662781,16.88888888888889
01800408,Johannes 8 Karl Staafs Park,8.691071510979548,15.447154471544716
01800501,Adolf Fredrik 1 Tegnérlunden V,8.143527333469475,15.172413793103448
01800502,Adolf Fredrik 2 Rådmansgatan mfl,11.11771022721874,17.964601769911503
01800503,Adolf Fredrik 3 Kv Grönlandet mfl,10.392898690783749,16.949152542372882
01800504,Adolf Fredrik 4 Norra Bantorget,10.313666848614565,21.169354838709676
01800505,Adolf Fredrik 5 Spökparken,8.053196423175093,17.256637168141594
01800506,Adolf Fredrik 6 Tegnérlunden S,9.534460283292704,20.859538784067087
01800601,Gustav Vasa 1 Sabbatsberg,8.318091599894364,23.616845582163503
01800602,Gustav Vasa 2 Luntmakarg. N mfl,7.804574086461569,16.56441717791411
01800603,Gustav Vasa 3 Kv Riddarsporren mfl,8.318979402661794,22.17160212604404
01800604,Gustav Vasa 4 Observatorielunden,7.640894211296218,19.710669077757686
01800605,Gustav Vasa 5 Odenplan V,8.289076454845334,20.539033457249072
01800606,Gustav Vasa 6 Atlasområdet,5.766961091389355,20.471281296023562
01800607,Gustav Vasa 7 A. Lindgrens terrass,7.128866122814127,17.37918215613383
01800608,Gustav Vasa 8 Kv Nejlikan mfl,5.875107894470283,18.733960650128314
01800609,Gustav Vasa 9 Odenplan NV,6.867819251025546,17.339667458432302
01800701,Matteus 1 Vanadislunden V,8.064575863101936,18.475274725274726
01800702,Matteus 2 Enkehusparken,6.276009227949673,18.58823529411765
01800703,Matteus 3 Vanadisplan SÖ,6.0994715892342475,21.282798833819243
01800704,Matteus 4 Kv Sleipner-Midgård,5.725060971332258,16.071428571428573
01800705,Matteus 5 S:t Eriksparken,6.244524917397199,23.03473491773309
01800706,Matteus 6 Norra station V,15.443208712241862,22.287968441814595
01800707,Matteus 7 Röda bergen Ö,8.800352964256767,16.513761467889907
01800708,Matteus 8 Röda bergen V,8.06257222205555,21.31687242798354
01800709,Matteus 9 Gästrikegatan mfl,6.036852443390137,17.074877536738978
01800710,Matteus 10 Hälsingehöjden,7.293408968919718,15.843270868824531
01800711,Matteus 11 S:t Eriksplan,7.194761567949829,15.352697095435685
01800712,Matteus 12 Birkastan Ö,4.846487151008937,13.60601001669449
01800713,Matteus 13 Rörstrand,6.027397259523362,15.967153284671532
01800714,Matteus 14 Birkastan S,5.239617335526699,18.94463667820069
01800715,Matteus 15 Karlberg,5.483920701789473,17.203389830508474
01800716,Matteus 16 Birkastan V,5.225067437173452,18.405916187345934
01800717,Matteus 17 Norrbackatäppan,12.573391315576199,21.704658077304263
01800718,Matteus 18 Norrtull,6.671414545974524,19.747899159663866
01800719,Matteus 19 Gävlegatan mfl,7.398658254541368,20.46548956661316
01800720,Matteus 20 Torsplan,15.200500865597371,19.41838649155722
01800721,Matteus 21 Norra station N,12.430123965448395,20.877817319098458
01800901,Engelbrekt 1 Humlegården,6.4677810180678,9.761904761904763
01800902,Engelbrekt 2 Engelbrektsgatan mfl,5.418075411844141,10.25236593059937
01800903,Engelbrekt 3 Östra station,46.3692415805942,20.3125
01800904,Engelbrekt 4 Villastaden,6.423990827434724,9.246309246309247
01800905,Engelbrekt 5 Eriksberg,6.553426279081959,9.30232558139535
01800906,Engelbrekt 6 Lärkstan,6.669620682025844,8.620689655172415
01800907,Engelbrekt 7 Kv Trasten mfl,8.32541724633491,14.197530864197532
01800908,Engelbrekt 8 Roslagstull,15.135993912905821,22.524977293369663
01800909,Engelbrekt 9 Hjorthagen C,7.158408321308768,22.761904761904763
01800910,Engelbrekt 10 Hjorthagen V-Värtahamn,6.405856939578323,19.734904270986746
01800911,Engelbrekt 11 Lappkärrsberget V,47.572819665511666,23.201856148491878
01800912,Engelbrekt 12 Ekhagen-Frescati,24.5254021968989,22.899728997289973
01800913,Engelbrekt 13 Kv Beckasinen mfl,8.449590293692298,15.36388140161725
01800914,Engelbrekt 14 Husarviken,7.7369125421929255,14.35546875
01800915,Engelbrekt 15 Storängstorget,8.209162024547021,18.788410886742756
01800916,Engelbrekt 16 Stålklockan,6.999634681661436,19.55156950672646
01800917,Engelbrekt 17 Körsbärsvägen mfl,17.731864586365106,24.785591766723844
01800918,Engelbrekt 18 Gasklockorna,6.724153641031296,19.096509240246405
01800919,Engelbrekt 19 Lappkärrsberget Ö,48.362072645827,21.36986301369863
01801001,Hedvig Eleonora 1 Kv Rådjuret mfl,7.368417034945754,7.8719723183391
01801002,Hedvig Eleonora 2 Kv Bävern mfl,6.312290133597388,8.765315739868049
01801003,Hedvig Eleonora 3 Kv Ynglingen mfl,6.250010861951097,11.987704918032787
01801004,Hedvig Eleonora 4 Nybergsgatan mfl,5.317578209008426,7.958115183246074
01801005,Hedvig Eleonora 5 Östermalmstorg,9.394837585876672,8.764044943820224
01801006,Hedvig Eleonora 6 Nybroplan,6.597932286650325,10.396975425330814
01801007,Hedvig Eleonora 7 Tyskbagarområdet,5.560103114817653,10.366492146596858
01801008,Hedvig Eleonora 8 Kv Guldfisken mfl,6.671837669683646,10.895361380798274
01801101,Oscar 1 Djurgården,4.371722168840023,18.706293706293707
01801102,Oscar 2 Garnisionen-Diplomatstaden,5.67616704661876,4.715969989281886
01801103,Oscar 3 Strandvägen mellersta mfl,6.33911462021967,7.698675496688741
01801104,Oscar 4 Storgatan-Grevgatan mfl,5.011156900837033,9.309542280837858
01801105,Oscar 5 Strandvägen Ö mfl,7.352063500890945,7.741935483870968
01801106,Oscar 6 Karlaplan S,5.260218351492649,8.248232521602514
01801107,Oscar 7 Karlaplan V,6.7168367283952755,9.11925175370226
01801108,Oscar 8 Fältöversten mfl,5.396609928661441,11.284722222222221
01801109,Oscar 9 Gustav Adolfsparken,5.396474275366793,17.05069124423963
01801110,Oscar 10 Karlaplan N,4.679824228346658,5.072463768115942
01801111,Oscar 11 Starrängsringen S,6.72126938742847,15.165031222123105
01801112,Oscar 12 Tessinparken V,3.803435867092685,15.384615384615385
01801113,Oscar 13 Olaus Petris park mfl,4.927081047600765,16.463414634146343
01801114,Oscar 14 Tessinparken S,6.368770540051722,12.597741094700261
01801115,Oscar 15 Tessinparken N,6.441913954436893,17.195004803073967
01801116,Oscar 16 Rindögatan mfl,5.263219404670727,14.987298899237935
01801117,Oscar 17 Starrängsringen N,8.94943226480785,14.71631205673759
01801118,Oscar 18 Studentbacken mfl,14.941638814957365,15.471311475409836
01801119,Oscar 19 Sandhamnsgatan N mfl,11.893736184943632,26.952380952380953
01801120,Oscar 20 Smedsbacken,7.45687960252829,17.75862068965517
01801121,Oscar 21 Ladugårdsgärdet,7.045600674521787,13.26086956521739
01801122,Oscar 22 Kampementsbacken mfl,6.7491623570743124,18.181818181818183
01801123,Oscar 23 Tessinparken Ö,6.651656808937139,13.492063492063492
01801124,Oscar 24 Wittstocksgatan mfl,5.000002218196635,9.33448573898012
01801125,Oscar 25 Öregrundsgatan mfl,7.031801102463521,17.936802973977695
01801126,Oscar 26 Skeppargatan N mfl,4.91965206757361,12.810327706057597
01801301,Maria 1 Ivar Lo:s park mfl,6.329187608287853,22.54483347566183
01801302,Maria 2 Mariaberget V,5.906322558911952,27.89179104477612
01801303,Maria 3 Mariatorget V,8.529595100736238,28.370786516853933
01801304,Maria 4 Bergsgruvan,6.19750187476911,29.508196721311474
01801305,Maria 5 Mariatorget S,5.488542896061359,25.75881870385562
01801306,Maria 6 Mariatorget C,4.523854877745904,29.13978494623656
01801307,Maria 7 Skaraborgsgatan mfl,8.369081069947619,26.871401151631478
01801308,Maria 8 Södra station N,9.88295177291333,27.98507462686567
01801309,Maria 9 Södra station S,8.026918529261616,29.63362068965517
01801310,Maria 10 Södra station Ö,10.821293341234284,29.22564529558701
01801311,Maria 11 Södra station V,8.659735089816143,27.915869980879542
01801312,Maria 12 Fredmansgatan mfl,6.350183416146273,28.235294117647058
01801313,Maria 13 Mariaberget Ö,4.696602270466683,28.71900826446281
01801401,Högalid 1 Reimersholme N-Långholmen,4.7153885739462496,27.342747111681643
01801402,Högalid 2 Reimersholme S,4.680189916078988,30.815709969788518
01801403,Högalid 3 Pålsundsparken,6.241571042663474,25.85487906588824
01801404,Högalid 4 Högalidsgatan Ö mfl,5.474780272455307,26.050420168067227
01801405,Högalid 5 Bergsund S,5.889121916755296,25.533980582524272
01801406,Högalid 6 Tobakspinnargatan mfl,5.602251665879267,26.151930261519304
01801407,Högalid 7 Hornstull,8.659654022163506,26.15505090054816
01801408,Högalid 8 Bergsund N,6.529135408272078,26.22641509433962
01801409,Högalid 9 Högalidsparken,6.088384777799078,26.327272727272728
01801410,Högalid 10 Drakenberg,6.711328116482569,29.506314580941446
01801411,Högalid 11 Zinkensdamm N,10.126550284342029,28.227194492254732
01801412,Högalid 12 Skinnarviksparken,5.854838071317033,27.383367139959432
01801413,Högalid 13 Zinkensdamm Ö,6.9901820939938855,28.289473684210527
01801414,Högalid 14 Zinkensdamm V,5.904606979418326,30.08
01801415,Högalid 15 Rackarbergen,7.101693623512188,25.23474178403756
01801416,Högalid 16 Kv Svärdet-Skottet,10.730991958679592,33.13840155945419
01801417,Högalid 17 Zinkensdamms IP,6.449373222377143,26.73267326732673
01801418,Högalid 18 Lundagatan S mfl,8.14585860703624,29.60172228202368
01801419,Högalid 19 Heleneborg,4.996645087753396,26.484018264840184
01801420,Högalid 20 Folkskolegatan mfl,6.108583184172662,27.622014537902388
01801421,Högalid 21 Tanto,6.998548532015402,28.512396694214875
01801422,Högalid 22 Tobaksmonopolet,7.722647665742293,26.787330316742082
01801501,Katarina 1 Björns Trädgård,8.097526462895516,26.40625
01801502,Katarina 2 Mosebacke,7.4700572149698905,24.89660876757651
01801503,Katarina 3 Katarina N,5.9071819671182295,26.161790017211704
01801504,Katarina 4 Axel Landquists park,6.0192297563049895,28.713692946058092
01801505,Katarina 5 Bondegatan V mfl,8.347192661852445,24.21242124212421
01801506,Katarina 6 Nytorgsg-Bondeg mfl,5.564484130157741,28.582554517133957
01801507,Katarina 7 Kv Linjalen mfl,16.013286074897085,33.20079522862823
01801508,Katarina 8 Medborgarplatsen-Skrapan,8.429661310692927,26.196928635953025
01801509,Katarina 9 Helgalunden,7.2266828981070095,26.582278481012658
01801510,Katarina 10 Kv Ingenjören-Ritaren,8.189186045302222,29.626687847498015
01801511,Katarina 11 Hallandsgatan mfl,5.584064649047194,27.990617670054732
01801512,Katarina 12 Eriksdal Ö,7.662235838605685,30.271565495207668
01801513,Katarina 13 Rosenlund,9.130474482231318,30.31423290203327
01801514,Katarina 14 Bjurholmsplan mfl,6.257344530992795,26.16600790513834
01801515,Katarina 15 Ölandsgatan mfl,12.4682678662508,25.263157894736842
01801516,Katarina 16 Blekingegatan Ö mfl,6.0157097806914805,28.450106157112526
01801517,Katarina 17 Gotlandsgatan Ö mfl,6.385124296149456,28.020565552699228
01801518,Katarina 18 Nytorget,5.49030353656825,28.596491228070175
01801519,Katarina 19 Nackas hörna,5.456537609811719,26.233183856502244
01801520,Katarina 20 Ringen,9.412178901546628,32.42087254063302
01801521,Katarina 21 Fatburen S,10.84416691866954,26.06177606177606
01801701,Sofia 1 Mandelparken,6.087481810459417,30.446927374301676
01801702,Sofia 2 Åsöberget,7.062163510365048,26.462395543175486
01801703,Sofia 3 Vita berget,7.6532476516499,29.529616724738677
01801704,Sofia 4 Stigbergsparken,5.126547973600613,26.419965576592084
01801705,Sofia 5 Sågargatan mfl,6.504483424269178,27.502175805047866
01801706,Sofia 6 Luma,7.628058408132278,27.75330396475771
01801707,Sofia 7 Kv Vitbetan,6.356251867608413,26.630920464700626
01801708,Sofia 8 Hammarby Allé Ö,6.940919945339803,25.649622799664712
01801709,Sofia 9 Skanstull,6.405168361563546,28.71794871794872
01801710,Sofia 10 Vintertullen,5.341690122605407,29.40761636107193
01801711,Sofia 11 Barnängen N,6.535043926483715,28.038194444444443
01801712,Sofia 12 Danviksklippan mfl,8.606819607105805,26.152398871119473
01801713,Sofia 13 Sickla udde,7.366594139812433,24.794144556267156
01801714,Sofia 14 Sickla kanal,5.876342027464234,24.489795918367346
01801715,Sofia 15 Mårtensdal,10.433750966359947,24.588880187940486
01801716,Sofia 16 Sickla Park,7.760679451099254,22.443181818181817
01801717,Sofia 17 Lugnet,7.831580288935146,27.327935222672064
01801718,Sofia 18 Rutger Fuchsgatan mfl,6.814585842011901,28.647497337593183
01801719,Sofia 19 Blecktornsområdet,5.13033546651985,24.976700838769805
01801720,Sofia 20 Klippgatan mfl,5.428233684543185,26.071741032370955
01801721,Sofia 21 Lumabryggan,7.705376946659862,25.045703839122485
01801722,Sofia 22 Hammarbyterrassen,9.674624382053937,27.941176470588236
01801723,Sofia 23 Henriksdalshamnen,7.87515820534627,22.940655447298493
01801724,Sofia 24 Virkesvägen mfl,9.669899509732808,26.00767754318618
01801725,Sofia 25 Barnängen mellersta,6.517388877124249,28.88117953165655
01801726,Sofia 26 Barnängen S,6.2041338817760705,28.032345013477087
01801801,Kungsholm 1 Ture Nermans gränd mfl,7.178289709565769,21.17437722419929
01801802,Kungsholm 2 Pontonjärparken,6.889353574712108,17.415730337078653
01801803,Kungsholm 3 Celsiusgatan mfl,6.562710619633293,21.274763135228252
01801804,Kungsholm 4 S:t Eriksområdet,5.9968520620425325,20.353982300884955
01801805,Kungsholm 5 Kronoberg,7.2662755645926955,19.282945736434108
01801806,Kungsholm 6 Kungsholmstorg V,5.596138686582071,20.281124497991968
01801807,Kungsholm 7 Kungsholmstorg Ö,6.576995816727603,15.846456692913385
01801808,Kungsholm 8 Piperska muren,7.0940624802739345,16.690240452616692
01801809,Kungsholm 9 Kungsklippan mfl,9.656403279138702,17.56647864625302
01801810,Kungsholm 10 Ragnar Östbergs plan,5.701589828790197,21.71814671814672
01801811,Kungsholm 11 Barnhusviken,8.274766772545636,22.21189591078067
01801812,Kungsholm 12 Justitiabrunnen,6.518727568304108,17.270194986072422
01801813,Kungsholm 13 John Ericssonsgatan mfl,6.7879634414776495,18.039895923677363
01801901,S:t Göran 1 Fredhäll S,6.464162343145127,25.39840637450199
01801902,S:t Göran 2 Fredhäll N,7.582810829458152,24.644549763033176
01801903,S:t Göran 3 Fredhäll V,4.033134693291351,24.408703878902553
01801904,S:t Göran 4 Kristinebergsparken,10.398545219359022,24.425531914893618
01801905,S:t Göran 5 Kristinebergs strand,9.152702921466735,17.94145420207743
01801906,S:t Göran 6 Geijersvägen mfl,14.123195185467488,28.910463861920174
01801907,S:t Göran 7 Marieberg S,8.598704276683439,20.104895104895103
01801908,S:t Göran 8 Rålambshov,8.53965423561011,22.316384180790962
01801909,S:t Göran 9 Stadshagen N,14.95580418460003,23.44213649851632
01801910,S:t Göran 10 Svarvargatan V mfl,7.606428427530591,18.966908797417272
01801911,S:t Göran 11 Industrigatan mfl,9.830489625510323,21.540880503144653
01801912,S:t Göran 12 Kv Dykaren-Färjan,6.641252840023562,24.24547283702213
01801913,S:t Göran 13 Fridhemsplan V,8.77367872944643,23.347398030942333
01801914,S:t Göran 14 Kronobergsgatan N mfl,9.201966255186427,20.060331825037707
01801915,S:t Göran 15 Fridhemsplan S,7.111960117164649,22.75862068965517
01801916,S:t Göran 16 Lilla Västerbron,7.94658346677018,20.263591433278417
01801917,S:t Göran 17 Kv Karlsvik mfl,5.38253981453803,17.395727365208547
01801918,S:t Göran 18 Fridhemsplan Ö,9.747686173873813,22.852512155591572
01801919,S:t Göran 19 S:t Göransområdet,14.410206348874489,22.40618101545254
01801920,S:t Göran 20 Kv Trossen mfl,8.291134500515458,21.143847487001732
01801921,S:t Göran 21 Fredhäll mellersta,6.200323547228008,22.50242483026188
01801922,S:t Göran 22 Thorildsplan,8.985149255261435,23.361034164358266
01801923,S:t Göran 23 Nelly Sachs Park,13.106381216669192,25.68093385214008
01801924,S:t Göran 24 Kristineberg S,7.790552323669347,25.571177504393674
01801925,S:t Göran 25 Hornsbergs strand,10.883625943861455,22.692633361558002
01801926,S:t Göran 26 Stadshagen V,15.22527212460895,22.345803842264914
01801927,S:t Göran 27 Stadshagen Ö,14.899522864778701,27.25450901803607
01802101,Brännkyrka 1 Västertorp Ö,7.957608095050714,30.17241379310345
01802102,Brännkyrka 2 Västertorpsparken,11.218246472678292,31.65098374679213
01802103,Brännkyrka 3 Västertorp C,11.501659503724264,32.113144758735444
01802104,Brännkyrka 4 Västertorp V,19.750676481920404,31.756756756756758
01802105,Brännkyrka 5 Fruängen Ö,10.346608380096988,32.88020390824129
01802106,Brännkyrka 6 Fruängen mellersta,10.259397421001243,30.790697674418606
01802107,Brännkyrka 7 Fruängen N,9.927586371206766,32.972972972972975
01802108,Brännkyrka 8 Fruängen S,12.922241693898744,37.27560718057022
01802109,Brännkyrka 9 Herrängen V,3.8419383443107935,20.31379025598679
01802110,Brännkyrka 10 Långbroparken,5.622561342792947,34.76394849785408
01802111,Brännkyrka 11 Långsjö S,4.474828744394159,20.45231071779744
01802112,Brännkyrka 12 Älvsjö S,22.346144060531024,36.29112662013958
01802113,Brännkyrka 13 Långbrogårdsparken,5.137885558855624,24.401544401544403
01802114,Brännkyrka 14 Långbro V,5.138055599897939,26.104100946372238
01802115,Brännkyrka 15 Långbro Ö,11.317915520284037,26.52542372881356
01802116,Brännkyrka 16 Herr Stens väg mfl,20.538708071216114,26.438188494492046
01802117,Brännkyrka 17 Solberga V,14.934103693385085,28.73980054397099
01802118,Brännkyrka 18 Solberga Ö,15.601426655203761,36.21730382293762
01802119,Brännkyrka 19 Solberga mellersta,16.29707705446173,33.51120597652081
01802120,Brännkyrka 20 Liseberg,6.3301447683462095,33.50151362260343
01802121,Brännkyrka 21 Örby slott,10.751676725878552,27.704280155642024
01802122,Brännkyrka 22 Östbergahöjden,32.553807510530724,38.40304182509506
01802123,Brännkyrka 23 Gamla Östberga,17.525825522599305,33.302919708029194
01802124,Brännkyrka 24 Östbergabackarna,32.60950591466762,38.200934579439256
01802125,Brännkyrka 25 Herrängen Ö,3.216255379717736,26.311667971808927
01802126,Brännkyrka 26 Långsjö N,5.427334516143309,24.735729386892178
01802127,Brännkyrka 27 Fruängen V,13.903736631926437,29.183266932270918
01802128,Brännkyrka 28 Kristalltorget mfl,16.79463587850164,29.61904761904762
01802129,Brännkyrka 29 Älvsjö Ö,25.41821618895555,35.72170301142264
01802130,Brännkyrka 30 Gyllene Ratten,13.104391290806516,27.89351851851852
01802131,Brännkyrka 31 Älvsjö N,20.733404236074872,33.3033303330333
01802132,Brännkyrka 32 Älvsjö V,20.474022549580983,35.321100917431195
01802301,Vantör 1 Stureby N,7.50092598050553,27.448979591836736
01802302,Vantör 2 Sturebyhöjden,8.857764201428825,25.463917525773194
01802303,Vantör 3 Stureby C,5.966127100482735,24.959612277867528
01802304,Vantör 4 Stureby S,6.751168686808643,24.895920066611158
01802305,Vantör 5 Bandhagen Ö,16.451742501040076,29.52029520295203
01802306,Vantör 6 Bandhagen S,21.382442131708057,32.016210739615
01802307,Vantör 7 Bäckahagen,14.579816969099511,31.67420814479638
01802308,Vantör 8 Högdalen Ö,21.804787409013713,33.82899628252788
01802309,Vantör 9 Högdalen mellersta,21.65263093652969,30.08595988538682
01802310,Vantör 10 Högdalen V,14.789187491051072,32.79839518555667
01802311,Vantör 11 Skebokvarnsvägen Ö mfl,18.597137310619388,35.26510480887793
01802312,Vantör 12 Skebokvarnsvägen N,14.848245635444208,28.106852497096398
01802313,Vantör 13 Örby V,11.260587275279192,24.77291494632535
01802314,Vantör 14 Örby S,6.893007102834784,25.419847328244273
01802315,Vantör 15 Örby N,8.121861134046986,24.315068493150687
01802316,Vantör 16 Snösätrahöjden,42.887790236737004,35.76732673267327
01802317,Vantör 17 Gillerbacken mfl,36.70798057929361,31.049723756906076
01802318,Vantör 18 Rågsved N,40.615302200098284,37.96875
01802319,Vantör 19 Rågsved V,33.01402230682835,35.476190476190474
01802320,Vantör 20 Rågsved Ö,34.31037670474035,34.41981747066493
01802321,Vantör 21 Hagsätra Ö,29.426545392672313,33.715925394548066
01802322,Vantör 22 Hagsätra C,27.30726721831181,33.51063829787234
01802323,Vantör 23 Hagsätra V,36.40026800229856,38.81019830028329
01802324,Vantör 24 Ormkärr N,17.787079015237328,35.209713024282564
01802325,Vantör 25 Hagsätra N,33.59230362622191,34.51910408432148
01802326,Vantör 26 Rågsved C,41.78414266081795,40.104166666666664
01802327,Vantör 27 Bandhagen C,15.655518516923042,28.977871443624867
01802328,Vantör 28 Rågsved S,30.24342923745264,34.005037783375315
01802329,Vantör 29 Högdalen S,22.150585631110633,30.218068535825545
01802330,Vantör 30 Ormkärr S,29.442086952588873,34.74452554744526
01802331,Vantör 31 Högdalen C,21.398551874684365,30.108695652173914
01802332,Vantör 32 Bäckaskiftsvägen mfl,10.201622297446177,33.94683026584867
01802333,Vantör 33 Bandhagen N,16.223784298766052,29.849246231155778
01802501,Farsta 1 Svedmyra N,7.548139886644959,29.365700861393893
01802502,Farsta 2 Svedmyra S,11.510743159642606,29.921259842519685
01802503,Farsta 3 Tallkrogen N,10.82401677659008,32.2198275862069
01802504,Farsta 4 Olympiaområdet,5.479470879574982,26.28205128205128
01802505,Farsta 5 Gubbängen Ö,8.17373127528331,31.801470588235293
01802506,Farsta 6 Gubbängen S,9.342244216865586,31.540084388185655
01802507,Farsta 7 Gubbängen V,9.987172505518917,30.01107419712071
01802508,Farsta 8 Skönstaholm,11.598817641399618,30.8300395256917
01802509,Farsta 9 Lingvägen S,15.72326359138121,30.357142857142858
01802510,Farsta 10 Kryddhyllan,13.414653767474338,28.237791932059448
01802511,Farsta 11 Fagerlid,12.409021266173417,30.21505376344086
01802512,Farsta 12 Hökarängen V,14.178360637561422,28.99884925201381
01802513,Farsta 13 Fagersjö yttre,27.37206945144628,33.24022346368715
01802514,Farsta 14 Tallkrogen V,9.023719450948883,30.709342560553633
01802515,Farsta 15 Farsta Strand V,10.173904551823965,34.33685923515053
01802516,Farsta 16 Farsta Strand C,26.448392602425656,39.2675483214649
01802517,Farsta 17 Farsta Strand Ö,27.420277446215795,39.86742424242424
01802518,Farsta 18 Larsboda,14.139802530717244,26.544021024967147
01802519,Farsta 19 Hästhagen,21.630744815842586,36.14303959131545
01802520,Farsta 20 Ekebergabacken mfl,18.898568291080966,30.637488106565176
01802521,Farsta 21 Farsta C,17.437579581760485,36.94690265486726
01802522,Farsta 22 Farstaängen,22.75831534444302,34.863701578192256
01802523,Farsta 23 Nykroppagatan mfl,29.07122564053527,41.3391557496361
01802524,Farsta 24 Värmlandsvägen mfl,10.206021285658567,30.564263322884013
01802525,Farsta 25 Sköndal V,6.36161582898907,27.868852459016395
01802526,Farsta 26 Norra Sköndal,8.31279450945292,32.2202166064982
01802527,Farsta 27 Dalbrobranten mfl,6.924169377810656,32.16957605985037
01802528,Farsta 28 Stora Sköndal,12.125958197975272,32.72357723577236
01802529,Farsta 29 Sköndal C,11.487817567670746,33.49146110056926
01802530,Farsta 30 Torsbygatan mfl,24.487347236019772,33.22185061315496
01802531,Farsta 31 Fagersjö inre,32.100485814436915,39.823008849557525
01802532,Farsta 32 Västboda,25.508994827067696,35.13203214695752
01802533,Farsta 33 Ågesta Broväg mfl,14.435295806117248,29.265873015873016
01802534,Farsta 34 Kristinehamnsgatan S mfl,21.18642169393602,35.12623490669594
01802535,Farsta 35 Russinvägen mfl,14.336676745477096,28.836251287332647
01802536,Farsta 36 Karin Larssons väg mfl,9.683555990203017,29.839704069050555
01802537,Farsta 37 Hökarängen N,14.609354620459317,31.383577052868393
01802538,Farsta 38 Gubbängen N,9.489235655758415,25.806451612903224
01802539,Farsta 39 Östmarksgatan mfl,17.840147198000647,37.54993342210386
01802701,Bromma 1 Abrahamsberg S,9.45063990283457,22.746781115879827
01802702,Bromma 2 Abrahamsberg N,8.300186971618203,26.153846153846153
01802703,Bromma 3 Åkeslund mellersta,9.761568475714272,26.208651399491096
01802704,Bromma 4 Riksby N,13.567814576529251,24.56896551724138
01802705,Bromma 5 Åkeshov,14.863776188979585,24.119718309859156
01802706,Bromma 6 Riksby V-Brommaplan,14.863743172840131,26.0
01802707,Bromma 7 Riksby Ö,10.608792756987908,23.406374501992033
01802708,Bromma 8 Bromma kyrka S,5.373525969007655,13.223140495867769
01802709,Bromma 9 Bromma kyrka N,5.9176671221336585,13.68421052631579
01802710,Bromma 10 Beckomberga S,10.449690054789027,29.242569511025888
01802711,Bromma 11 Bällstavägen S mfl,4.343175698268681,19.399538106235564
01802712,Bromma 12 Norra Ängby Ö,7.39868894503417,19.810326659641728
01802713,Bromma 13 Norra Ängby V,8.20505920741327,26.331360946745562
01802714,Bromma 14 Blackeberg V,17.681483189839984,31.68831168831169
01802715,Bromma 15 Blackeberg mellersta,13.138531790837769,30.49147442326981
01802716,Bromma 16 Blackeberg gård,10.73171244584478,30.484330484330485
01802717,Bromma 17 Blackeberg Ö,17.001928273727497,29.405405405405407
01802718,Bromma 18 Södra Ängby,2.442032730137275,9.843205574912892
01802719,Bromma 19 Johannesfred Ö,11.146498368416626,31.051344743276285
01802720,Bromma 20 Johannesfred V,13.130915584038826,28.541448058761805
01802721,Bromma 21 Bällsta,7.913202235955365,21.388367729831145
01802722,Bromma 22 Beckomberga N,17.567624392630634,24.97808939526731
01802723,Bromma 23 Mariehäll S,9.442719726049019,24.71169686985173
01802724,Bromma 24 Blackeberg N,14.693431892490395,28.048780487804876
01802725,Bromma 25 Karsvikshage,4.8233758269130105,18.0
01802726,Bromma 26 Åkeslund V,11.197130573253569,27.471116816431323
01802727,Bromma 27 Eneby,5.923305125083777,18.6046511627907
01802728,Bromma 28 Annedalsparken,12.636834484426522,29.463500439753737
01802729,Bromma 29 Linaberg,12.038024940692825,27.12623097582811
01802730,Bromma 30 Beckomberga mellersta,16.25395457092668,30.422794117647058
01802731,Bromma 31 Blackeberg S,11.905171967990992,29.698857736240914
01802732,Bromma 32 Lönnebergaparken,12.656850828875205,26.96817420435511
01802733,Bromma 33 Mariehäll V,11.169733998818836,24.2603550295858
01802734,Bromma 34 Åkeslund Ö,8.171219555667761,23.87332521315469
01802735,Bromma 35 Mariehäll N,11.856804728922757,25.465313028764804
01802801,Essinge 1 Lilla Essingen mellersta,7.493541001160771,22.49560632688928
01802802,Essinge 2 Lilla Essingen N,8.256703279412566,25.587467362924283
01802803,Essinge 3 Stora Essingen S,6.2323588560587995,19.13774973711882
01802804,Essinge 4 Stora Essingen N,7.164170180071748,21.517857142857142
01802805,Essinge 5 Stora Essingen Ö,5.961765741514253,23.59192348565356
01802806,Essinge 6 Luxområdet,5.878939318115546,18.124507486209612
01802901,Västerled 1 Smedslätten V,3.9537700606191644,7.798165137614679
01802902,Västerled 2 Äppelviken,4.423723236462279,11.800302571860817
01802903,Västerled 3 Stora Mossen,4.596926464936,10.867659947414548
01802904,Västerled 4 Alvik,7.868181700211348,20.60353798126951
01802905,Västerled 5 Johannelund,9.768767923564418,25.513196480938415
01802906,Västerled 6 Traneberg S,7.392196934372204,25.844594594594593
01802907,Västerled 7 Traneberg Ö,6.973615499870794,23.964497041420117
01802908,Västerled 8 Minneberg,6.249122912213615,28.86178861788618
01802909,Västerled 9 Ulvsunda trädgårdsstad,9.109470788829315,17.670157068062828
01802910,Västerled 10 Nockebyhov V,6.420401551485926,17.611683848797252
01802911,Västerled 11 Nockebyhov Ö,3.2376554951772047,16.592724046140194
01802912,Västerled 12 Nockeby S,3.2010733827764923,10.799319727891156
01802913,Västerled 13 Nockeby N,3.7385605431258933,16.126350789692435
01802914,Västerled 14 Höglandet-Olovslund,4.18185633814271,8.739365815931942
01802915,Västerled 15 Ålsten S,1.8305251018973616,6.4935064935064934
01802916,Västerled 16 Ålsten N,2.441865426526185,10.498687664041995
01802917,Västerled 17 Traneberg mellersta,7.755353546334984,26.140684410646386
01802918,Västerled 18 Ulvsunda N,8.190310304186617,24.523809523809526
01802919,Västerled 19 Smedslätten Ö,3.9191955364652316,12.911084043848964
01803101,Vällingby 1 Vällingby N,8.993729834242394,30.238970588235293
01803102,Vällingby 2 Vällingby V,23.229111108887025,30.512514898688917
01803103,Vällingby 3 Vällingby Ö,24.371858138058908,31.01673101673102
01803104,Vällingby 4 Vällingby C,26.21904096883555,39.82737361282368
01803105,Vällingby 5 Grimsta V,31.341399869697312,41.210374639769455
01803106,Vällingby 6 Grimsta Ö,32.98742374130832,34.125636672325975
01803107,Vällingby 7 Råcksta Ö,23.46964491630726,31.644260599793174
01803108,Vällingby 8 Råcksta V,24.18821677890806,35.64453125
01803109,Vällingby 9 Råcksta N,22.869563216867434,31.647058823529413
01803110,Vällingby 10 Nälsta Ö,11.992146783852503,26.25
01803111,Vällingby 11 Nälsta V,10.826363786980586,27.256637168141594
01803112,Vällingby 12 Grimsta mellersta,37.77640337043645,41.64345403899721
01803113,Vällingby 13 Kälvesta V,13.032115681328241,30.563514804202484
01803114,Vällingby 14 Kälvesta S,19.29582720178655,36.11793611793612
01803115,Vällingby 15 Vinsta V,19.371193016616328,32.27459016393443
01803116,Vällingby 16 Vinsta Ö,22.87518559750248,32.33287858117326
01803117,Vällingby 17 Råcksta S,36.45066648105055,30.35264483627204
01803118,Vällingby 18 Nälsta gård,22.08876920587252,27.52075919335706
01803119,Vällingby 19 Vällingby mellersta,29.903776191469348,38.325471698113205
01803120,Vällingby 20 Johannelund trädg.stad,22.596652635363,35.56701030927835
01803121,Vällingby 21 Vällingby Parkstad,36.04037757888077,28.571428571428573
01803122,Vällingby 22 Kälvesta Ö,15.959836368259538,29.17139614074915
01803401,Enskede 1 Årstaberg,7.4402674833110725,30.681818181818183
01803402,Enskede 2 Sköntorpsvägen V,6.617099763716256,29.741019214703424
01803403,Enskede 3 Siljansvägen V,8.403498980659865,29.32330827067669
01803404,Enskede 4 Årsta Centrum,9.294438358457958,28.257328990228014
01803405,Enskede 5 Valla torg V,12.733302901852529,33.392070484581495
01803406,Enskede 6 Valla torg Ö,12.637595374969395,32.504288164665525
01803407,Enskede 7 Långhalsvägen mfl,6.851240406991783,29.063250600480384
01803408,Enskede 8 Årstaskogen,6.284459842196915,31.992149165848872
01803409,Enskede 9 Sköntorpsvägen Ö,6.436551417897591,29.342934293429344
01803410,Enskede 10 Bolmensvägen mfl,8.596072396266088,28.54700854700855
01803411,Enskede 11 Gullmarsplan,11.427796029163387,30.152027027027028
01803412,Enskede 12 Skärmarbrink,11.494998020127404,28.281938325991188
01803413,Enskede 13 Blåsut,10.162835506256243,29.368709972552608
01803414,Enskede 14 Globen,8.881628816904284,25.8266309204647
01803415,Enskede 15 Enskede Gård N,9.383179124112555,27.917026793431287
01803416,Enskede 16 Enskede Gård S,7.944546903034344,28.095238095238095
01803417,Enskede 17 Enskedefältet,5.858357739852634,24.697580645161292
01803418,Enskede 18 Gamla Enskede S,3.7207048112471455,25.559380378657487
01803419,Enskede 19 Gamla Enskede N,3.9496398495021454,25.519031141868513
01803420,Enskede 20 Skogskyrkogården,6.034596326017129,27.70199370409234
01803421,Enskede 21 Dalen N,20.183967187381892,32.95838020247469
01803422,Enskede 22 Dalen S,18.065094558845455,36.93693693693694
01803423,Enskede 23 Enskede IP,11.928255233185029,30.47735618115055
01803424,Enskede 24 Dalen V,21.099849652598376,36.67953667953668
01803425,Enskede 25 Ottsjövägen mfl,6.612975837379408,30.830388692579504
01803426,Enskede 26 Årstavägen Ö,7.7902193860509525,32.68722466960352
01803601,Skarpnäck 1 Bagarmossen S,8.904346858517023,26.547842401500937
01803602,Skarpnäck 2 Brotorp,6.413570062492981,26.730310262529834
01803603,Skarpnäck 3 Ljusnevägen mfl,12.01924798223557,29.327902240325866
01803604,Skarpnäck 4 Bergsrådsvägen mfl,9.08866277413925,26.80221811460259
01803605,Skarpnäck 5 Bagarmossen N,27.134350907961437,41.85750636132315
01803606,Skarpnäck 6 Bagarmossen C,11.783894294911597,23.70689655172414
01803607,Skarpnäck 7 Skarpnäcks trädgårdsstad,3.168953944305685,25.783348254252463
01803608,Skarpnäck 8 Enskededalen Ö,3.9215867026243503,25.078043704474506
01803609,Skarpnäck 9 Kärrtorp S,7.635286885089274,31.66311300639659
01803610,Skarpnäck 10 Kärrtorp V,6.247251865304778,31.46067415730337
01803611,Skarpnäck 11 Björkhagen Ö,7.383861573508814,26.690712353471596
01803612,Skarpnäck 12 Björkhagen V,6.607411655469818,29.013377926421406
01803613,Skarpnäck 13 Björkhagen N,5.6642385231992485,27.193744569939184
01803614,Skarpnäck 14 Hammarbyhöjden S,6.685133162263043,29.866117404737384
01803615,Skarpnäck 15 Hammarbyhöjden N,5.589783517638843,29.70106075216972
01803616,Skarpnäck 16 Hammarbyhöjden Ö,6.959475609177294,27.97055730809674
01803617,Skarpnäck 17 Hammarbyhöjden NV,7.399746650485524,27.794263105835807
01803618,Skarpnäck 18 Skarpnäck Ö,16.981506343389324,33.83793410507569
01803619,Skarpnäck 19 Skarpnäck S-Orhem,16.7073401303447,31.783681214421254
01803620,Skarpnäck 20 Skarpnäck V,24.691313424372893,31.475748194014447
01803621,Skarpnäck 21 Pungpinan mfl,14.004830394078398,30.68875326939843
01803622,Skarpnäck 22 Hammarbyhöjden NÖ,6.223815635320638,29.455909943714822
01803623,Skarpnäck 23 Skarpnäck C,22.81801712039521,33.333333333333336
01803624,Skarpnäck 24 Bagarmossen V,10.852109316707722,31.545064377682404
01803625,Skarpnäck 25 Enskededalen V,4.433892001024704,28.452380952380953
01803626,Skarpnäck 26 Kärrtorp mellersta,7.143483951294221,29.87012987012987
01803627,Skarpnäck 27 Björkhagen mellersta,6.916315565959745,27.209302325581394
01803628,Skarpnäck 28 Hammarbyhöjden mellan,6.473931277535627,31.38888888888889
01803629,Skarpnäck 29 Blåsut Ö,11.636646746304407,28.584729981378025
01803630,Skarpnäck 30 Kärrtorp N,6.9262604773169585,27.292576419213972
01803801,Hässelby 1 Hässelby Strand V,29.772472592950198,34.20752565564424
01803802,Hässelby 2 Hässelby Strand S,24.734339097001897,30.434782608695652
01803803,Hässelby 3 Hässelby Strand N,30.088891083902087,35.94164456233422
01803804,Hässelby 4 Hässelby Strand Ö,34.14623805161757,37.06467661691542
01803805,Hässelby 5 Hässelby slott,33.61137208679155,39.1566265060241
01803806,Hässelby 6 Hässelby Gård Ö,35.369418247074286,38.43888070692194
01803807,Hässelby 7 Hässelby Gård mellersta,30.57182754985221,35.0
01803808,Hässelby 8 Hässelby Gård S,39.388331568257136,36.32286995515695
01803809,Hässelby 9 Hässelby Gård V,29.876728692670703,33.73205741626794
01803810,Hässelby 10 Hässelby Villast. mellan,12.46511327135379,22.894985808893093
01803811,Hässelby 11 Hässelby Villastad V,8.057692513977283,20.32520325203252
01803812,Hässelby 12 Hässelby Villastad Ö,14.63306487570358,25.050709939148074
01803813,Hässelby 13 Hässelby Villastad NV,15.528782030550381,28.855250709555346
01803814,Hässelby 14 Lövsta,13.04768227722062,25.306122448979593
01803815,Hässelby 15 Backlura N,14.85500184570315,24.664429530201343
01803816,Hässelby 16 Backlura S,20.38335742826044,27.752081406105457
01803817,Hässelby 17 Hässelby Villastad NÖ,28.09404871420559,33.125
01803818,Hässelby 18 Smedshagen,27.09359246714199,35.54735547355474
01803819,Hässelby 19 Hässelby Villastad S,12.253169800766637,18.140382862351867
01803820,Hässelby 20 Hässelby Gård N,29.991243753294608,30.33112582781457
01803821,Hässelby 21 Hässelby Strand mellan,32.17266926730298,38.86397608370702
01803822,Hässelby 22 Ormängsgatan m fl,34.195495327610715,37.54863813229572
01803901,Hägersten 1 Nybohov V,19.23614318771447,34.850455136540965
01803902,Hägersten 2 Nybohov Ö,19.129161931251723,28.263795423956932
01803903,Hägersten 3 Stora Fågelsången,4.876429354442258,30.106571936056838
01803904,Hägersten 4 Gröndal C,4.813431819313798,25.70048309178744
01803905,Hägersten 5 Gröndal V,8.278425198247684,26.72112018669778
01803906,Hägersten 6 Ekensberg,7.1752867733562145,29.957356076759062
01803907,Hägersten 7 Gröndal N,5.47820183382383,27.33433734939759
01803908,Hägersten 8 Aspudden Ö,9.474143166224225,28.25219473264166
01803909,Hägersten 9 Aspudden C,6.14495550475827,27.83842794759825
01803910,Hägersten 10 Örnsberg,11.103592383826106,30.297029702970296
01803911,Hägersten 11 Vinterviken,10.209082391519473,32.22477064220183
01803912,Hägersten 12 Midsommarkransen N,5.874400225007544,27.95341098169717
01803913,Hägersten 13 Telefonplan V,9.762037152745403,26.829268292682926
01803914,Hägersten 14 Midsommarkransen S,7.3258995742039605,27.43207712532866
01803915,Hägersten 15 Svandammen,7.416921456051778,28.66293034427542
01803916,Hägersten 16 Midsommarkransen C,6.600030228764507,28.79484820607176
01803917,Hägersten 17 Korpmossen,8.853316444181264,27.16297786720322
01803918,Hägersten 18 Radiusparken,11.398411239497362,28.51782363977486
01803919,Hägersten 19 Hägerstensåsen S,12.941726599169623,26.454033771106943
01803920,Hägersten 20 Hägerstensåsen Ö,7.1046100785938355,27.158273381294965
01803921,Hägersten 21 Hägerstensåsen V,7.942388326605317,30.570409982174688
01803922,Hägersten 22 Hägerstensåsen N,7.343016022651755,25.996204933586338
01803923,Hägersten 23 Hägerstenshamnen,5.948482202026693,30.846153846153847
01803924,Hägersten 24 Axelsberg,7.168765055982011,27.910958904109588
01803925,Hägersten 25 Mälarhöjden Ö,5.847969318611074,24.953445065176908
01803926,Hägersten 26 Mälarhöjden mellersta,5.486299276173035,23.120837297811608
01803927,Hägersten 27 Mälarhöjden N,5.445265365593398,22.15099715099715
01803928,Hägersten 28 Mälarhöjden S,9.69552224968784,25.82496413199426
01803929,Hägersten 29 Nybodahöjden,10.217927572003308,27.559055118110237
01803930,Hägersten 30 Trekanten,11.919067219358237,27.76255707762557
01803931,Hägersten 31 Marievik,12.478104921615545,26.203208556149733
01803932,Hägersten 32 Liljeholmskajen V,9.544194398052328,29.401561144839548
01803933,Hägersten 33 Aspudden N,8.407399029647628,29.920364050056882
01803934,Hägersten 34 Klubbacken mfl,6.298536902517155,27.434842249657063
01803935,Hägersten 35 Midsommarkransen Ö,10.803198254485238,28.980322003577818
01803936,Hägersten 36 Västberga Ö,16.841685224528923,29.29184549356223
01803937,Hägersten 37 Årstadal,13.402648817296557,29.483814523184602
01803938,Hägersten 38 Gösta Ekmans väg mfl,8.276370948715433,29.42942942942943
01803939,Hägersten 39 Liljeholmstorget,13.276480397085855,28.311057108140947
01803940,Hägersten 40 Hökmossen mfl,11.810933402826784,27.342995169082126
01803941,Hägersten 41 Aspudden mellersta,6.207326889623029,27.661431064572426
01803942,Hägersten 42 Liljeholmskajen Ö,13.070825903099022,23.455684870188005
01803943,Hägersten 43 Hägerstensåsen mellan,7.117664475706557,29.488291413703383
01803944,Hägersten 44 Sjövikshöjden,10.75066397269856,28.84297520661157
01803945,Hägersten 45 Telefonplan Ö,9.55147663530506,27.88038698328936
01803946,Hägersten 46 Ekensbergskajen,8.42911137707577,26.18796198521647
01803947,Hägersten 47 Tellusborgsvägen S,11.75081340465122,26.977248104008666
01803948,Hägersten 48 Sjöviksbacken S,16.573457629959837,29.234527687296417
01804001,Skärholmen 1 Bredäng NÖ,28.233410844409097,36.024844720496894
01804002,Skärholmen 2 Bredäng NV,32.660085684757306,34.32245301681503
01804003,Skärholmen 3 Bredäng V,34.11431234974671,36.86087990487515
01804004,Skärholmen 4 Bredäng Ö,23.25462887265578,33.00090661831369
01804005,Skärholmen 5 Bredäng S,31.865433145592455,36.24401913875598
01804006,Skärholmen 6 Sätra N,37.88723722167445,38.6968085106383
01804007,Skärholmen 7 Sätra V,32.583861661980826,37.76978417266187
01804008,Skärholmen 8 Sätra S,35.44998083041271,41.475095785440615
01804009,Skärholmen 9 Vårberg N,31.507930260597544,35.31976744186046
01804010,Skärholmen 10 Portholmsgången mfl,43.275794872976014,44.77401129943503
01804011,Skärholmen 11 Ekholmshöjden,44.05397682026568,43.31288343558282
01804012,Skärholmen 12 Skärholmen S,37.161360227274336,40.93655589123867
01804013,Skärholmen 13 Skärholmens gård,38.50768660373848,39.596602972399154
01804014,Skärholmen 14 Stångholmsbacken mfl,40.20317074242007,37.71626297577855
01804015,Skärholmen 15 Vårberg S,45.68994352645792,40.18348623853211
01804016,Skärholmen 16 Vårbergs IP,42.47019498942559,41.15384615384615
01804017,Skärholmen 17 Vårberg V,29.290140328435132,34.052993130520115
01804018,Skärholmen 18 Sätra gård,22.829855181966177,34.41048034934498
01804019,Skärholmen 19 Skärholmen C,41.83800207756927,44.28104575163399
01804020,Skärholmen 20 Bredäng mellersta,32.750263880718975,38.21752265861027
01804021,Skärholmen 21 Vårberg C,39.90373372037239,43.993993993993996
01804101,Spånga 1 Sundby S,9.619133539399405,19.343986543313708
01804102,Spånga 2 Flysta,8.179104015548864,19.38846421125782
01804103,Spånga 3 Solhem Ö,8.138083888546435,23.014440433212997
01804104,Spånga 4 Solhem S,8.34153808367882,24.03697996918336
01804105,Spånga 5 Solhem V,6.114619053476472,23.06477093206951
01804106,Spånga 6 Solhem N,27.52935316516787,35.11008111239861
01804107,Spånga 7 Bromsten N,21.4074097102051,26.795895096921324
01804108,Spånga 8 Bromsten mellersta,22.260141790891776,26.8760907504363
01804109,Spånga 9 Bromsten S,27.279582968779096,26.785714285714285
01804110,Spånga 10 Hjulsta V,54.0973334501356,38.305941845764856
01804111,Spånga 11 Erikslund,47.734033909033926,34.18803418803419
01804112,Spånga 12 Nydal,54.44545998460151,40.893470790378004
01804113,Spånga 13 Tensta C,54.45133761250789,36.757425742574256
01804114,Spånga 14 Gullinge,56.72567685603224,37.95871559633027
01804115,Spånga 15 Risingeplan mfl,52.46100224162864,36.77510608203678
01804116,Spånga 16 Glömminge,52.028981912473405,33.942558746736296
01804117,Spånga 17 Rinkebysvängen N,40.24834034667532,34.87394957983193
01804118,Spånga 18 Rinkebystråket,53.39237372920525,35.549872122762146
01804119,Spånga 19 Rinkebysvängen V,49.46666572128953,37.978142076502735
01804120,Spånga 20 Kvarnbyvägen mfl,48.78660319124743,33.171324422843256
01804121,Spånga 21 Rinkeby C,51.64022313469857,39.702233250620345
01804122,Spånga 22 Rinkebysvängen Ö,62.36612389345456,47.5
01804123,Spånga 23 Rinkebysvängen S,52.08525325781981,32.446134347275034
01804124,Spånga 24 Spånga by,49.277008133887755,40.050377833753146
01804125,Spånga 25 Hjulsta Ö,47.24098626577799,32.82172373081464
01804126,Spånga 26 Spånga torg-Lunda,18.44304619124914,34.86033519553072
01804127,Spånga 27 Rinkeby mellersta,48.448928451598455,33.41067285382831
01804128,Spånga 28 Bromsten C,22.29859676182612,31.57262905162065
01804129,Spånga 29 Sundby N,37.93575523278715,23.58974358974359
01804130,Spånga 30 Bromsten V,21.019990585412796,32.57965056526208
01804201,Kista 1 Akalla C,56.29491374226788,42.55952380952381
01804202,Kista 2 Akalla Ö,56.02304932870272,47.24770642201835
01804203,Kista 3 Akalla N,57.239238585323875,47.47320061255743
01804204,Kista 4 Akalla V,40.88872081648789,46.72330097087379
01804205,Kista 5 Akalla S,42.51805000932123,40.220048899755504
01804206,Kista 6 Lofotenparken,53.64449031909652,45.878693623639194
01804207,Kista 7 Oslogatan,50.559590210971535,39.002267573696145
01804208,Kista 8 Nidarosgatan,53.390956012828624,40.27303754266212
01804209,Kista 9 Bergensgatan,51.09665274375272,40.45346062052506
01804210,Kista 10 Nordkapsgatan,47.10743735855194,38.70967741935484
01804211,Kista 11 Trondheimsgatan,51.783510118765626,42.33378561736771
01804212,Kista 12 Kista mellersta,43.99424426683983,41.854636591478695
01804213,Kista 13 Helsingörsgatan mfl,42.881669350642696,35.85526315789474
01804214,Kista 14 Kista V,45.07944609769202,37.464387464387464
01804215,Kista 15 Ärvinge S,46.16855437122304,33.82533825338253
01804216,Kista 16 Kista Gård,46.08814578846409,36.005434782608695
01804217,Kista 17 Ärvinge N,41.31488244192276,39.130434782608695
01804218,Kista 18 Kista S,37.95129605258332,40.41811846689895
01804219,Kista 19 Kista Ö,54.3801553038556,33.01204819277108
01804220,Kista 20 Husby C,52.58257134717342,44.44444444444444
01804221,Kista 21 Kista N,45.87296512817879,30.405405405405407
01810101,Södertälje 1 Södra-Värdsholmen,26.90841673647455,30.306345733041574
01810102,Södertälje 2 Saltskog östra,34.74845034611818,32.382310984308134
01810103,Södertälje 3 Saltskog västra,38.949042220326426,29.573170731707318
01810104,Södertälje 4 Västergård-Vibergen,29.620492806514054,31.037924151696608
01810105,Södertälje 5 Mariekälla södra,26.945725995613433,30.751445086705203
01810106,Södertälje 6 Västergård-Högmohöjden,41.37897984457188,32.02247191011236
01810107,Södertälje 7 Mariekälla norra,20.673131794737333,32.121212121212125
01810108,Södertälje 8 Centrum södra,26.200616850838294,28.401191658391262
01810109,Södertälje 9 Västra Blombacka,49.33667028182802,42.4
01810110,Södertälje 10 Tälje,25.256746286167786,27.79552715654952
01810111,Södertälje 11 Centrum norra,28.65975567560169,30.047694753577108
01810112,Södertälje 12 V. Bårsta - Blombacka,27.698534633830597,31.895573212258796
01810113,Södertälje 13 Bårstabergen östra,31.96640069764474,32.64758497316637
01810114,Södertälje 14 Snäckviken,43.661217575894405,39.83606557377049
01810152,Södertälje 52 Bårstafältet,51.92845535023049,33.984375
01810215,Södertälje 15 Glasberga,30.06920541434677,18.932443703085905
01810216,Södertälje 16 Östertälje,21.455496737247433,23.055028462998102
01810217,Södertälje 17 Fornbacka,45.557422838597205,36.85419058553387
01810218,Södertälje 18 Hagaberg-Majtorp,11.19567298083448,25.419240953221536
01810219,Södertälje 19 Rosenlund västra,23.476688387192123,28.04597701149425
01810220,Södertälje 20 Rosenlund östra,22.674091034839478,30.855855855855857
01810221,Södertälje 21 Grusåsen västra,23.514159476430606,27.527612574341546
01810222,Södertälje 22 Grusåsen östra,30.283734006891926,30.303030303030305
01810223,Södertälje 23 Brunnsäng östra,29.762294958814792,27.6273022751896
01810224,Södertälje 24 Brunnsäng västra,49.11545335128666,36.48854961832061
01810225,Södertälje 25 Bergvik,22.258921957147514,29.458917835671343
01810226,Södertälje 26 Fornhöjden,43.143968872868214,38.59060402684564
01810227,Södertälje 27 Viksberg,18.78592034713204,17.118093174431202
01810228,Södertälje 28 Ritorp,18.372223780938793,18.766999093381685
01810229,Södertälje 29 Ragnhildsborg,20.409148474332916,26.383526383526384
01810330,Södertälje 30 Pershagen,11.33220028458548,20.866141732283463
01810331,Södertälje 31 Hovsjö norra,62.80074528648562,51.282051282051285
01810332,Södertälje 32 Hovsjö södra,49.94580769624374,38.490566037735846
01810333,Södertälje 33 Hovsjö-Tveta,42.90712982284603,34.437751004016064
01810435,Södertälje 35 Enhörna-Ekeby,12.231765298123689,21.598272138228943
01810436,Södertälje 36 Enhörna västra,2.7888663965325255,23.204419889502763
01810640,Södertälje 40 Vårdinge,5.276433252865821,22.97077922077922
01810741,Södertälje 41 Järna centrum,7.176643376405087,24.53917050691244
01810742,Södertälje 42 Järna norra,13.693111823742356,27.180067950169875
01810743,Södertälje 43 Järna västra,5.245570945357696,26.534296028880867
01810744,Södertälje 44 Järna-Kallfors,6.960953747287031,20.87912087912088
01810745,Södertälje 45 Järna landsbygd,5.152844425880927,16.870876531573987
01810746,Södertälje 46 Järna östra,6.118261204798205,22.42152466367713
01810848,Södertälje 48 Hölö-Mörkö,3.61992156415486,20.113544201135444
01811047,Södertälje 47 Hölö västra,5.224294809783568,22.22222222222222
01811250,Södertälje 50 Geneta södra,34.89033183436419,24.555555555555557
01811251,Södertälje 51 Geneta norra,51.73492400914669,33.16326530612245
01811253,Södertälje 53 Ronna södra,54.90571132603037,32.78879813302217
01811254,Södertälje 54 Ronna västra,48.488830900393985,33.25153374233129
01811255,Södertälje 55 Ronna norra,58.65067618834402,47.43589743589744
01811256,Södertälje 56 Ronna-Karlhov,46.014195824763846,32.27222832052689
01811257,Södertälje 57 Lina västra,42.991641021701014,31.86558516801854
01811258,Södertälje 58 Lina östra,26.654281459125976,21.468926553672315
01811259,Södertälje 59 Glasberga V-Gärtuna,22.750402794758312,22.749273959341725
01820101,"Danviken, Saltsjöqvarn",5.163255387619169,22.403258655804482
01820102,Henriksdal,17.713147868946123,32.0
01820103,Finnboda,7.219515160361343,25.530179445350733
01820104,"Finnberget, Kvarnholmen V",8.580421866638277,22.722029988465973
01820106,Kvarnholmen NÖ,9.100124889288528,14.392244593586875
01820107,Kvarnholmen SÖ,10.463219736113961,20.075282308657467
01820110,Sickla V,6.632528271251238,25.657298277425205
01820111,Alphyddan,9.032658687684187,28.379772961816304
01820112,"Sickla Ö, Tallbacken",5.803666884725788,28.02249297094658
01820113,"Nysätra, Hästhagen, Ekudden",6.910762607567023,22.894021739130434
01820114,Järla sjö,4.647489458600497,22.698072805139187
01820115,Finntorp S,8.593047742431096,28.443649373881932
01820116,"Finntorp N, Marinstaden, Birka",8.454037855173857,24.489795918367346
01820117,"Järlahöjden, Nya gatan",13.43619687249359,23.169398907103826
01820118,"Lillängen, Storängen",5.332908278825442,16.837209302325583
01820119,"Nacka strand, Vikdalen",7.764299598883156,18.372093023255815
01820121,Jarlaberg N,12.367230848289692,31.027857829010568
01820122,Jarlaberg S,10.108374784080176,25.32418001525553
01820123,Nacka Centrum,18.930708781820886,29.92194275802255
01820124,Skogalund,10.07144869715261,25.110132158590307
01820125,"Ekängen, Saltängen V",5.818676437495434,17.484177215189874
01820126,"Saltsjö-Duvnäs, Saltängen Ö",3.732859427452805,15.254237288135593
01820127,Ektorp,10.327476559972741,25.748031496062993
01820128,Skuru,8.61713907206567,17.763157894736842
01820129,Duvnäs Utskog,4.616081669598161,25.06787330316742
01820132,Fisksätra V,33.58908042086838,38.34808259587021
01820133,Fisksätra Ö,38.46731048716264,37.48473748473749
01820134,Fisksätra S,36.22869057927309,29.967069154774972
01820135,Fisksätra N,43.10990259134577,38.14713896457766
01820161,Kolarängen,4.079740722435908,21.941272430668842
01820162,Älta gård,3.2446454417504365,25.325172149961745
01820163,Stensö N,17.409923369366656,35.282457879088206
01820165,Stensö S,22.993617464735326,33.5678391959799
01820166,Hedvigslund,5.077530085273457,27.06422018348624
01820167,Sigfridsborg,4.475765634545555,26.22047244094488
01820168,"Ältadalen, Södra Hedvigslund",5.019782643046297,25.52415679124886
01820201,"Skogsö, Baggensudden, Neglinge N",4.3181950682976264,11.570247933884298
01820202,"Igelboda, Neglinge S",3.84454813961755,10.08849557522124
01820203,"Igelbodaplatån, Ljuskärrsberget",7.962355988847244,23.560673162090346
01820204,"Tattby, Solsidan N",4.640247281270696,7.62970498474059
01820205,Rösunda,2.625350456778193,8.021806853582554
01820206,"Solsidan S, Älgö",4.390465021539215,8.392156862745098
01820301,"Lilla Björknäs, Björknäs N",5.387266976790333,17.13520749665328
01820302,Björknäs S,9.698826448717735,25.24671052631579
01820303,"Eknäs Ö, Hjortängen, Lännersta V",5.567785963884184,14.855072463768115
01820304,Lännersta N,2.413713656845779,16.38311279143037
01820305,Lännersta S,4.654685170201421,13.388429752066116
01820306,Källvägsområdet,5.372180421467445,19.728292971057297
01820307,Krokhöjden,9.038637562782068,34.102755026061054
01820308,Orminge C,18.434245262395134,28.26086956521739
01820309,Orminge S,18.578801169328163,37.79443254817987
01820310,Orminge N,17.612186005918556,35.11450381679389
01820311,Orminge Ö,5.296265804978071,27.80269058295964
01820312,"Hasseludden, Kummelnäs V",7.498257515693559,17.841409691629956
01820314,"Gustavsvik, Insjön, Velamsund",4.034115266449933,18.141980718667835
01820315,"Mensättra, Eriksvik",6.525779341394895,16.70682730923695
01820316,"Eknäs V, Tollare V",6.14107957814389,19.845857418111752
01820317,Tollare Ö,7.543241785545267,17.31066460587326
01820318,Kummelnäs Ö,4.4817773451963,18.960802187784868
01820319,Vikingshill,4.3109998345675145,14.556962025316455
01830101,Lilla Alby Östra,12.763651958030765,29.256594724220623
01830102,Lilla Alby Mellan,9.880336395143495,28.82262996941896
01830103,Lilla Alby Signalfabriken,11.993675869197583,28.612716763005782
01830104,Centrala SBG Kyrkparken,10.344009264867497,28.64030858244937
01830105,Centrala SBG Östra,10.423167185934043,26.125511596180083
01830106,Centrala SBG Mellersta,10.033981301806243,23.921085080147964
01830107,Centrala SBG Esplanaden,9.241204625551596,31.079717457114025
01830108,Centrala SBG Västra,6.974256123486097,27.975460122699385
01830109,Centrala SBG Norra,7.356861011795265,27.647534357316086
01830110,Tulemarken,9.646516278636295,28.058169375534646
01830111,Storskogen Västra,12.425759666695097,30.009496676163344
01830112,Storskogen Östra,11.768989464235798,34.66933867735471
01830113,Ör,23.873870977161047,35.76271186440678
01830114,Hallonbergen Norra,42.259297504648785,30.363036303630363
01830115,Hallonbergen Östra,42.11882371796728,38.265306122448976
01830116,Hallonbergen Västra,49.217686150585735,42.0
01830117,Duvbo Södra,10.95797056685593,20.89041095890411
01830118,Duvbo Norra,8.318423674505832,20.809248554913296
01830119,Rissne Sydvästra,33.61285989297239,42.357642357642355
01830120,Rissne Nordvästra,38.4808469407013,40.168878166465625
01830121,Rissne Nordöstra,38.76926086751601,44.95005549389567
01830122,Rissne kv. Skvadronen m.fl.,30.631982944571185,34.346846846846844
01830123,Stora Ursvik Milot,20.276211170028176,26.008492569002122
01830124,Brotorp/Kymlinge,15.81036991351313,26.666666666666668
01830125,Centrala SBG Tornparken,8.57947203383481,28.522039757994815
01830126,Stora Ursvik Kvarnkullen,33.30663855991821,37.85425101214575
01830127,Stora Ursviks Gård,31.467474140303686,36.30952380952381
01830128,Lilla Alby Bällstaviken,10.398683529743456,26.379794200187092
01830129,Stora Ursvik Forskningsringen,26.23448843031776,36.30952380952381
01830130,Lilla Ursvik,15.449147526163834,26.100151745068285
01830131,Hallonbergen Mellan,47.756483503326585,49.93757802746567
01830132,Rissne kv. Batteriet m.fl.,34.831318948834344,35.794743429286605
01830133,Stora Ursvik Västra,33.112531159654075,32.49651324965132
01840101,1 Järvastaden S,19.824493359497108,26.908023483365948
01840102,2 Ritorp-Nya Ulriksdal,27.999520945903722,27.06645056726094
01840103,3 Kungshamra,33.510335460614186,19.69465648854962
01840104,4 Bergshamra Ö,15.278952811373411,26.673326673326674
01840105,5 Haga,24.63717421643692,26.0019550342131
01840106,6 Huvudsta Ingenting,30.362289696439316,27.239819004524886
01840107,7 Huvudsta SO - Västraskogen,20.185448860343744,32.993512511584804
01840108,8 Huvudsta S,20.324883758017407,32.29252259654889
01840109,9 Huvudsta Centrum Ö,22.156942555565983,30.77634011090573
01840110,10 Huvudsta N,14.82431897064518,27.54901960784314
01840111,11 Huvudsta V,32.27471814436215,35.09316770186335
01840112,12 Huvudsta SV,25.57922780010989,28.083491461100568
01840129,29 Frösunda N,17.268985843706048,23.93574297188755
01840131,31 Frösunda Centrum,16.44893307103966,21.720613287904598
01840132,32 Bergshamra N,21.76858548205555,29.25170068027211
01840133,33 Bergshamra S,10.754511074667677,27.6707530647986
01840134,34 Ulriksdal- Bergshamra,19.1286047475195,29.324699352451432
01840135,35 Huvudsta Ö,40.576144590482976,25.45757071547421
01840137,37 Agnesberg,20.895890387855044,32.28744939271255
01840138,38 Bagartorp,27.917088027734945,32.357247437774525
01840139,39 Huvudsta Centrum V,21.299471634898023,30.685203574975173
01840142,42 Järvastaden N,17.480247963046494,23.67109634551495
01840143,43 Ritorp S-Frösunda,18.9861732961609,26.036644165863066
01840144,44 Huvudsta pampasparken,32.93329875555659,29.333333333333332
01840146,46 Järvastaden V,24.771587333727915,29.70106075216972
01840213,13 Skytteholm SO,21.934856203292494,31.668331668331668
01840214,14 Skytteholm S,17.535631896073834,29.381879762912785
01840215,15 Solna Centrum,20.79421241275025,28.467741935483872
01840216,16 Skytteholm SV,18.07148880079522,29.900332225913623
01840217,17 Råsunda SV,15.021577681409635,28.594122319301032
01840218,18 Råsunda Centrum,12.907463760077256,25.235404896421844
01840219,19 Råsunda V,12.626141115462705,27.76957163958641
01840220,20 Råsunda Filmstaden,10.793219457563698,25.36231884057971
01840221,21 Råsunda N,12.53081298294485,24.72885032537961
01840222,22 Arenastaden,22.600291494682338,24.537037037037038
01840223,23 Råsunda SO,12.193397645355525,26.771004942339374
01840224,24 Råsunda Ö,17.029048481127845,27.36
01840225,25 Haga Norra,12.474269730394075,24.831568816169394
01840226,26 Hagalund NV,29.039925627570067,34.1948310139165
01840227,27 Rudviken Västravägen,23.81996962639462,29.6094459582198
01840228,28 Hagalund S,29.547988925553277,37.6536312849162
01840230,30 Frösunda S,20.554689109535342,31.462585034013607
01840236,36 Råsunda NV - Näckrosen,9.536023874361339,23.335883703136954
01840240,40 Skytteholm N,12.720228570188233,25.47673531655225
01840241,41 Råsunda NO,12.051965971530882,22.22222222222222
01840245,45 Hagalund N,23.755332662770666,34.49222323879231
01860101,Sticklinge N,4.316197180088361,7.613469985358711
01860102,Sticklinge S - Islinge,3.468751435860105,9.870317002881844
01860103,Näset V,7.618994428088821,23.832684824902724
01860104,Näset Ö,6.559925620399951,16.6270783847981
01860105,Bo - Björnbo,3.3888727758017003,7.8903654485049834
01860106,Rudboda V - Bosön,4.698847797951583,14.08987052551409
01860107,Rudboda Ö - Yttringe - Elfvik,3.681379101084809,11.329588014981274
01860108,Torsvik N - Hersby N,4.083170178324763,9.367493995196156
01860109,Torsvik S - centrum,7.932807433497565,14.478918058870326
01860110,Herserud,4.788043553168471,11.256354393609296
01860111,Hersby S,5.019690752167739,9.881129271916791
01860112,Baggeby,10.481336008548427,22.77882797731569
01860113,Bodal,6.948113436661431,20.734126984126984
01860114,Hersby SÖ - Mosstorp,5.349835229684546,14.673157162726008
01860115,Gångsätra V,27.7883509772123,33.898305084745765
01860116,Larsberg N,19.806949000465753,29.489164086687307
01860117,Larsberg S,17.7957741863166,30.318602261048305
01860118,Gångsätra Ö,5.106723609076591,13.163636363636364
01860119,Skärsätra,7.917458031493827,19.148936170212767
01860120,Stockby - Mölna V - Fjäderholmarna,4.272180996916995,11.547619047619047
01860121,Mölna Ö - Brevik V,5.594073639783064,11.322188449848024
01860122,Brevik Ö - Käppala S,5.089916377516605,7.6923076923076925
01860123,Gåshaga,5.365301911047635,6.354249404289118
01860124,Ekholmsnäs - Killinge,6.822423961193557,13.405088062622308
01860125,Käppala N,22.700701649911917,24.278846153846153
01860126,Dalénum,6.943596390766363,13.137254901960784
01870101,Vaxön Öst-Tynningö,3.308067341269285,17.657497781721386
01870102,Vaxön Mitt,4.114180024066927,25.15527950310559
01870103,Vaxön Väst-Karlsudd,7.999494552144259,23.977164605137965
01870104,Resarö Väst,3.1752896089604223,14.170854271356784
01870105,Resarö Öst,2.638495000007321,13.75609756097561
01870106,Rindö-Skarpö,3.062361097455785,15.254237288135593
01870107,Kullö-Eriksö-Bogesund,7.679059816063056,19.91031390134529
01880101,Norrtälje - Kvisthamra,2.8714943039423075,25.320786997433704
01880102,Norrtälje - Flygfältet,8.88073697928241,33.96017699115044
01880103,Norrtälje - Grossgärdet - Nordrona,13.783054798190628,28.846153846153847
01880104,Norrtälje - Bryggården,7.661484256109,32.7178729689808
01880105,Norrtälje - Övre Bryggårdsgärdet,15.307455282072059,29.923980649619903
01880106,Norrtälje - Gransäter,6.890669835329928,26.903553299492387
01880107,Norrtälje - Grind,4.920048479111339,31.938514090520922
01880108,Norrtälje - Solbacka - Fågelsången,4.0841710723882265,32.76792598303778
01880110,Norrtälje - Vigelsjö,12.108629501829332,34.729878721058434
01880111,Norrtälje - Stadskärnan,3.8909830709724877,27.422680412371133
01880112,Norrtälje - Bältartorp,6.02327668482127,28.869286287089015
01880113,Norrtälje - Norra,4.9747954348177865,31.782065834279226
01880114,Norrtälje - Norrtälje hamn,7.227222646349622,22.97142857142857
01880115,Norrtälje - Östra,3.8249155772384786,22.62857142857143
01880201,Väddö Södra,4.179213672840463,22.706422018348626
01880301,Väddö Norra,1.9610930754815783,23.80396732788798
01880302,Älmsta,6.012194329869714,25.641025641025642
01880501,Hallsta - Centrum,15.092235632809565,38.51132686084142
01880502,Hallsta - Norra,16.401911955729776,36.4461738002594
01880503,Herräng,2.56540680863375,28.160919540229884
01880504,Edebo och Häverö,3.4261138052725877,28.49702380952381
01880801,Edsbro och Ununge,2.88749766834155,23.675762439807382
01880901,Fasterna,4.017319705853528,19.886363636363637
01881001,Rimbo - Bålbro-Västertorp,15.398739011777685,28.15715622076707
01881002,Rimbo - Centrum - Långsjö,8.34714287189027,27.48414376321353
01881003,Rimbo - Östra & Rö,5.356513787739994,20.30825022665458
01881004,Rimbo - Håsta-Vallby,10.681317834915637,32.97350343473994
01881101,Skederid och Husby-Sjuhundra,3.2337289712564905,21.278625954198475
01881401,Gottröra och Närtuna,3.3877803620273217,17.458777885548013
01881601,Lohärad - Malsta,1.3624943745772609,21.279373368146214
01881801,Estuna,3.9904737713965086,23.179611650485437
01881901,Söderbykarl,3.445333081072619,21.070615034168565
01882001,Roslags-Bro,2.608103769334798,19.533275713050994
01882101,Vätö,2.4807528397930736,24.84774665042631
01882201,Rådmansö - Västra,2.577818954520473,21.253985122210416
01882202,Rådmansö - Östra,2.6079136396635656,19.43502824858757
01882301,Frötuna - Östra,2.1172173072738327,23.059185242121444
01882302,Frötuna - Västra,7.0438547040502195,23.863636363636363
01882401,Blidö,1.1461371346058933,24.441687344913152
01882501,Bergshamra,2.7976105237235034,20.571010248901903
01882502,Hysingsvik,2.0312346592055004,20.390243902439025
01882601,Riala,2.3422637008313507,18.712871287128714
01910101,Sjudargården-S:t Per,6.677464328937881,15.841584158415841
01910102,Centrala Sigtuna-Utsikten-Viken,6.345556320864643,19.732205778717407
01910103,Brännbo-Klockbacken,15.30920242706179,18.926296633303004
01910122,Norra Sigtuna-Prästängen,9.142509008035788,17.42489270386266
01910125,Stadsängarna-Ragvaldsbo,14.52387929186032,25.619834710743802
01910204,Munkholmen,8.393374237419511,15.115005476451259
01910205,Björkbacka-Charlottenberg-Til,12.898659610003973,17.554240631163708
01910226,Rävsta-Steningehöjden,21.578808805708558,24.017467248908297
01910605,Arenberga,25.500949295335914,27.935533384497315
01910606,Östra Norrbacka-Rolsta,38.88658879951415,35.61290322580645
01910607,Gamla Märsta,29.98161591855655,34.994337485843715
01910608,Sätuna,30.04407797588773,34.11513859275053
01910609,Norra Ekilla,18.302591313410897,28.005115089514067
01910610,Centrala Märsta,33.85529626132864,33.942558746736296
01910611,Sundveda-Södra Ekilla,29.775382522682705,31.25
01910612,Tingvalla,53.44306934442596,43.93939393939394
01910617,Odensala,7.363768613420516,15.766262403528115
01910624,Nymärsta,36.304336566507665,39.083969465648856
01910819,Norra Rosersberg-Skånela,9.489675715428808,17.678958785249456
01910820,Södra Rosersberg,16.989605760929972,25.691244239631338
01910918,Lunda-Skepptuna-Vidbo,3.855371738028033,21.341463414634145
01911213,Östra Valsta,50.60728800247132,42.35924932975871
01911214,Norra Valsta,46.81183733603671,40.11220196353436
01911215,Valsta Centrum,52.04522283343359,43.86666666666667
01911216,Östra Steninge,31.414114160091916,32.58983890954151
01911221,Västra Steninge,24.035279834586518,31.7016317016317
01911223,Södra Valsta,48.62039046915811,42.47787610619469
01911224,Steninge slottsby,25.475039263910986,24.958540630182423
01920101,Nynäshamn  1 Sandhamn,5.677733893002789,29.81366459627329
01920102,Nynäshamn  2 Estö Ö,8.27439345428954,26.666666666666668
01920103,Nynäshamn  3 Estö V,8.238169385563635,29.3048128342246
01920104,Nynäshamn  4 Centrala Nynäs,7.496390229739932,33.77374071015689
01920105,Nynäshamn  5 Gröndal,12.995832656915338,34.44976076555024
01920107,Nynäshamn  7 Via,4.271441318212856,32.930756843800324
01920108,Nynäshamn  8 Kullsta,7.104913953366941,30.813287514318443
01920109,Nynäshamn  9 Nicksta,28.391749170012794,37.817796610169495
01920110,Nynäshamn 10 Vaktberget,18.185226633736267,28.989139515455307
01920111,Nynäshamn 11 Hacktorp,5.997791529035286,30.273972602739725
01920218,Nynäshamn 18 Sorunda S,3.445413077263813,23.50877192982456
01920219,Nynäshamn 19 Mellersta Sorunda,3.4526700198119826,21.868978805394992
01920220,Nynäshamn 20 Sorunda N,3.5614699067690267,19.574175824175825
01920317,Nynäshamn 17 Torö,3.5367941830016307,21.462264150943398
01920413,Nynäshamn 13 Ösmo V,13.486223051149944,29.891304347826086
01920414,Nynäshamn 14 Ösmo Ö,12.860080573487334,31.86372745490982
01920415,Nynäshamn 15 Ösmo S,7.530229039019559,24.29816069699903
01920416,Nynäshamn 16 Ösmo N,2.8421296694065954,17.884615384615383
03050101,Mansängen - Draget,22.625176471915793,27.2524199553239
03050102,Skörby - Gillmarken,6.214296187778929,21.40468227424749
03050103,Västerängen - Åkerby,5.916036500922114,24.363636363636363
03050104,Råby - Frösunda,3.1373159148723286,17.50619322873658
03050106,Väppeby äng - Kalmarsand,5.950391186720639,22.561492790500424
03050107,Väppebyberget - Viby äng,4.91433227329374,20.99406528189911
03050206,Gamla Bålsta - Pomona,7.174799403672701,27.733333333333334
03050207,Åsenområdet,5.952581643758255,25.241016652059596
03050309,Häggeby - Övergran,4.66504633427722,16.292134831460675
03050310,Krägga - Graneberg,6.274105781347047,19.650986342943856
03050410,Skokloster,5.0906024073477205,17.734447539461467
03190106,Gårdskär,4.193459049225049,30.71253071253071
03190107,Östanån,3.7712891987555683,31.428571428571427
03190108,Älvkarleö bruk - Marma,3.987253412956336,27.382753403933435
03190202,Jungfruholmen,8.873750439530102,30.507131537242472
03190204,Skutskärs Centrum,18.234075765107203,35.06300963676798
03190205,Boda,5.02453462716474,34.77460901563938
03303259,Lagga - Östuna,2.948144588997077,17.897271268057786
03303363,Vassunda,3.706568688538899,18.4346035015448
03303364,Norra Alsike,8.552908605859205,22.52922422954304
03303365,Vrå,7.967010914749339,21.658206429780034
03303366,Boängen,7.050586356635251,18.91891891891892
03303369,Sågen,15.366169380686273,24.69470827679783
03303566,Tallbacken,18.364255667393543,28.03030303030303
03303567,Östra Knivsta,4.479768853767229,22.33169129720854
03303568,Södra Knivsta,18.17930989943293,23.994452149791954
03303570,Västra Knivsta,13.446915171927774,27.792732166890982
03303571,Gredelby,10.12054484899484,27.5049115913556
03303775,Husby - Långhundra,2.345059117194008,15.384615384615385
03310101,Västerlövsta Västra - Enåker,8.986039507044074,30.452397029034437
03310102,Västerlövsta Östra - Huddunge,7.160979017808665,25.662376987130962
03310405,Morgongåva,10.94594724611322,26.670910248249523
03310508,Tärnsjö,3.045452302812492,22.2
03310609,Östervåla,4.147439152175885,27.046694966646452
03310711,Harbo,3.134818021320565,21.903199343724364
03600101,Vallskoga,5.01033655025607,29.743164871582437
03600102,Tierps köping södra,17.73487940523534,44.44444444444444
03600103,Tierps köping norra,8.141641368763343,32.388663967611336
03600104,Svanby,14.77617753883283,35.350624399615754
03600302,Örbyhus Sydväst,5.557867892065923,31.01673101673102
03600303,Örbyhus Nordost,5.629149798809631,28.39080459770115
03600305,Vendel,2.494323505336686,19.72027972027972
03600406,Tobo,6.636829795230856,25.87719298245614
03600508,Kyrkbyn,8.419784442602738,20.659062103929024
03600510,Månkarbo,2.6138910939848325,21.993127147766323
03600611,Söderfors,11.600913735170687,35.24590163934426
03600713,Västland - Karlholm,4.621668288241064,34.146341463414636
03600817,Skärplinge,1.3601418039496143,29.30743243243243
03600918,Hållnäs,1.3029319426902146,29.27191679049034
03800001,Fjärdingen-Vasaparken,4.88345545313274,18.86993603411514
03800002,Fjärdingen-Sankt Johannes,10.06084050546381,20.361560418648907
03800003,Fjärdingen-Odinslund,7.334709124679762,21.71361502347418
03800004,Luthagen östra,8.88163408546274,22.87425149700599
03800005,Fjärdingen-Orphei Drängars plats,6.718377992571566,18.86574074074074
03800006,Centrum-Linnéträdgården-Mikaelsplan,10.215641439294407,26.21199671322925
03800008,Centrum-Stora torget,25.672942080693133,24.611032531824613
03800009,Centrum södra,11.04808176062176,27.419354838709676
03800010,Centrum-Samariterhemmet,13.21304610878041,26.889848812095032
03800011,Höganäs västra,9.52335925377264,23.166023166023166
03800012,Centrum-Höganäs-Kvarnen,10.431893894670585,28.18489289740699
03800013,Fålhagen-Östra station,8.849925157147633,23.72047244094488
03800014,Kungsängen mellersta,8.579919814389715,29.533678756476682
03800015,Kungsängen södra,19.37389518355696,27.782805429864254
03800016,Kungsängen-Hovstallängen,12.7211076010527,27.7992277992278
03800017,Kungsängen västra,9.305668630788352,26.043405676126877
03800018,Kungsängen nordöstra,14.50952382427381,30.037735849056602
03800042,Svartbäcken södra,11.661741096321744,28.548387096774192
03800043,Svartbäcken-Fyrishov,6.585579585842222,33.46560846560847
03800044,Tuna backar,8.012348586593747,35.82263710618437
03800045,Bärby hage-Tunaberg,5.065562923525144,31.10181311018131
03800048,Svartbäcken norra,5.449543011433237,26.534788540245565
03800049,Kapellgärdet-Tornet,10.915428170975096,30.66115702479339
03800050,Kapellgärdet norra,13.19131883381992,31.493745401030168
03800051,Kapellgärdet-Djäknegatan,19.638838164804106,27.64158918005072
03800052,Kapellgärdet-Väktargatan,23.209936954302474,30.454545454545453
03800053,Kapellgärdet-Kantorsgatan,29.22212965613447,26.232558139534884
03800055,Höganäs östra,11.136671083311642,26.862745098039216
03800056,Kvarngärdet södra,36.224928627484225,42.01183431952663
03800057,Kvarngärdet norra,31.040521543290073,31.196172248803826
03800058,Gränby södra,36.451904414676505,36.689254598257506
03800059,Gränby norra-Brillinge,26.634896729820372,34.23667570009034
03800060,Gränby sydvästra,49.42631787831569,41.07142857142857
03800061,Gränby nordvästra,49.410811853261386,36.09406952965235
03800063,Löten östra,27.350620534082033,43.005780346820806
03800064,Löten norra,36.8217275470396,36.01583113456464
03800065,Löten västra,21.224018463031857,40.33864541832669
03800066,Nyby gård,15.446769991742723,34.29951690821256
03800067,Gamla Uppsala-Yrsaparken,14.361709749549878,24.583866837387966
03800068,Nyby södra,20.71492810428143,36.36363636363637
03800069,Nyby norra,24.891481060839332,39.53488372093023
03800070,Gamla Uppsala,8.299873382534766,24.764890282131663
03800091,Luthagen norra,6.786514612767029,21.826280623608017
03800092,Luthagen mellersta,3.4103094482733627,22.962962962962962
03800093,Studentstaden-Observatoriet,8.920181062864016,23.892893923789906
03800094,Studentstaden-Rackarberget,10.693344133532593,22.350472193074502
03800095,Studentstaden-Studentvägen,11.375436465073768,21.49046793760832
03800096,Luthagen sydvästra,6.9533421005707545,24.75442043222004
03800097,Luthagen-Tiundaskolan,6.612086700314355,26.58008658008658
03800098,Rickomberga,8.773331580584005,28.716904276985744
03800100,Luthagen-Seminariet,11.483597775482465,30.176899063475545
03800101,Luthagen-Eriksdal,4.8721761721512795,26.89295039164491
03800102,Luthagen-Prästgårdsgatan,5.846714915054162,26.88995215311005
03800103,Husbyborg-Börjetull,11.69216488997205,27.56892230576441
03800104,Luthagen-Mimmi Ekholms plats-Hällby,15.253533945212215,30.11006289308176
03800105,Stenhagen norra,25.594502450091568,34.57446808510638
03800106,Stenhagen västra-Kvarnbo,29.361572648778857,33.73362445414847
03800108,Stenhagen södra,30.696610977065525,39.54326923076923
03800131,Fålhagen-S:t Göransplan,9.249502818070757,28.571428571428573
03800132,Fålhagen-Almtuna,3.5027977939667974,22.4390243902439
03800133,Fålhagen norra,8.494067289164624,30.379746835443036
03800135,Fålhagen södra-Boländerna,6.606502640265889,23.93822393822394
03800138,Sala backe västra,18.3584496244616,33.375156838143035
03800139,Sala backe-Byggmästaren,6.6820483829862125,30.34330011074197
03800140,Sala backe södra,7.756307099083973,26.603575184016826
03800141,Sala backe-Skomakarberget,14.491753451882644,35.39944903581267
03800142,Sala backe norra,13.121517696215102,32.591768631813125
03800143,Sala backe-Källparken,24.39312684745899,31.5096251266464
03800144,Sala backe-Östra Sala backe,18.167206352011398,31.42361111111111
03800145,Sala backe-Byggmästarparken,20.37061030579726,29.620661824051655
03800146,Årsta norra,10.63015067947031,31.37651821862348
03800147,Årsta mellersta,10.750616842032628,32.48663101604278
03800149,Årsta-Körveln,11.20791472365674,34.3042071197411
03800150,Årsta östra,10.093887886580138,31.346153846153847
03800151,Slavsta-Fyrislund,12.614369386811273,28.492136910268272
03800181,Ekeby,18.492636482075888,33.77135348226018
03800182,Berthåga-Flogsta Flogstavallen,10.4464111040851,26.21902478017586
03800183,Flogsta södra-Ekeby södra,6.5061427383971155,28.032619775739043
03800184,Flogsta-Sernanders väg,53.16957711635824,30.453257790368273
03800186,Flogsta västra,16.89072488511779,17.790055248618785
03800187,Kåbo östra,14.000307600945561,24.961948249619482
03800188,Kåbo västra-Kungsgärdet,10.227062911650485,19.68430826369545
03800190,Eriksberg-Sommarro,6.451273490040444,22.969187675070028
03800191,Eriksberg-Västertorg,17.07407286760872,25.76419213973799
03800192,Eriksberg östra,15.294528197039707,25.02463054187192
03800193,Eriksberg-Marmorvägen,34.38552110368966,32.03883495145631
03800195,Norby östra,4.341622317771794,21.70731707317073
03800196,Norby västra,6.151152335266074,26.30117973629424
03800197,Eriksberg-Håga,9.038085122422626,26.13981762917933
03800221,Kungsängens gård-Vilan-Bergsbrunna,6.627531465869923,23.46594740391099
03800222,Nåntuna,7.843396666200699,26.747720364741642
03800225,Sävja nordvästra,20.708251403574938,32.460732984293195
03800226,Sävja nordöstra,25.90771685241602,36.191335740072205
03800228,Sävja södra,27.786224473783758,38.373424971363114
03800241,Rosendal västra,12.663910367382218,28.8135593220339
03800243,Rosendal nordvästra,13.782801856568707,25.026399155227033
03800244,Rosendal nordöstra,13.274158133992822,23.91304347826087
03800245,Rosendal mellersta,14.667238187094718,21.416234887737478
03800246,Rosendal sydöstra,13.270084465426814,25.446428571428573
03800250,Ultuna-Ulleråker-Polacksbacken,14.376387283229043,16.367265469061877
03800251,Ulleråker södra,14.161786604890153,29.577464788732396
03800253,Bäcklösa norra,25.65891850061552,28.47682119205298
03800254,Bäcklösa södra,46.225635989922544,30.03731343283582
03800262,Valsätra norra,11.913698968207873,26.350851221317544
03800265,Valsätra-Spinnrocksvägen,36.97774643078074,31.891025641025642
03800266,Valsätra sydvästra,63.42830440632213,40.86021505376344
03800267,Gamla Gottsunda-Vårdsätra,7.724094709516048,22.272727272727273
03800268,Gottsunda norra,54.111020465269306,38.53211009174312
03800269,Gottsunda-Stenhammarsparken,53.49914520943431,38.94039735099338
03800270,Gottsunda Centrum,37.634591989550195,37.85103785103785
03800271,Gottsunda mellersta,45.615634514642565,40.719424460431654
03800272,Gottsunda östra,34.33708166212295,35.68376068376068
03800274,Sunnersta östra,6.889233376723849,21.65242165242165
03800275,Sunnersta norra,27.836735608027087,20.32742155525239
03800276,Sunnersta mellersta,7.384080612157915,21.324245374878288
03800277,Sunnersta södra,4.84482963880125,19.2102454642476
03800301,Björklinge västra,4.712202064533035,25.043630017452006
03800302,Björklinge östra,2.0467932230157024,28.065395095367847
03800305,Björklinge glesbygd-Viksta västra,3.3352483661455277,17.658168083097262
03800310,Tensta södra-Viksta östra,3.8213234083903185,20.855614973262032
03800311,Skyttorp-Tensta norra-Lena norra,3.3092624238887227,26.631853785900784
03800312,Vattholma tätort,2.0803443854404082,29.96777658431794
03800321,Storvreta-Lyckebo,10.518433395311844,29.80972515856237
03800325,Storvretabygden-Fullerö hage,7.395911952887286,23.082386363636363
03800328,Storvreta norra,6.056241960207866,32.25296442687747
03800329,Storvreta mellersta,4.0433396678914235,27.059611520428668
03800340,Börje-Vänge östra,10.317372383419617,22.32323232323232
03800342,Lövstalöt,8.975385467071824,29.00473933649289
03800343,Jumkil-Åkerby,2.413344564224647,21.023359288097886
03800344,Bälinge västra tätort,4.073840632882609,28.02030456852792
03800348,Bälinge glesbygd och östra tätort,4.37208673428333,24.321133412042503
03800349,Skuttunge-Åkerlänna,3.104290263347471,19.73929236499069
03800360,Lindbacken,12.489009622511283,27.662721893491124
03800361,Vaksala-Jälla-Skölsta,9.051296667737192,24.322230828814874
03800363,Gåvsta,3.755968298176945,25.1604621309371
03800367,Rasbokil-Södra Rasbobygden,3.32601041315866,16.00877192982456
03800368,Stavby-Tuna,2.2483090665682224,19.133858267716537
03800381,Danmark-Kumla,14.923041908069953,19.291338582677167
03800382,Gunsta tätort,8.702449213861952,24.0
03800383,Funbo-Marielund,5.2103932868351635,20.294117647058822
03800384,Länna,3.257182404672918,22.0125786163522
03800385,Almunge,4.037375935320993,22.041763341067284
03800389,Knutby-Faringe-Bladåker,2.597268340807071,19.166666666666668
03800401,Vreta Ytternäs-Bodarna-Uppsala Näs Ö,3.7608182287920897,15.558194774346793
03800402,Dalby-Uppsala Näs västra-Västeråker,4.390050211401062,19.642857142857142
03800403,Balingsta-Ramsta-Hagby,3.2070147516317995,23.04015296367113
03800404,Vänge tätort,7.274119365297792,31.123139377537214
03800408,Vänge västra-Skogstibble,4.951209774281339,20.613614573346116
03800409,Järlåsa-Skyttstennäs,6.527773130824314,21.401151631477926
03810105,Kryddgården,6.833286095810705,28.172205438066467
03810106,Munksundet,5.741766405185706,26.988265971316817
03810107,Västerleden S,31.85985056287908,42.07171314741036
03810108,S:t Ilian S,11.056993776655032,31.75735950044603
03810109,Bergvreten,10.156355872815983,27.742392073602264
03810110,Korsängen,14.991446366855776,37.709251101321584
03810111,Gånsta,4.312681931337762,24.885145482388975
03810112,Fanna,10.509747005890397,27.86675208199872
03810113,Åkersberg,8.958270639634232,24.793388429752067
03810114,Bredsand,3.7009885726850467,19.733750978856694
03810120,S:t Ilian N,16.820762614093987,28.333333333333332
03810122,Enögla,26.413891861573028,33.89529724933452
03810123,Västerleden N,22.088028026650708,34.60246360582307
03810124,Romberga,33.95222746155331,42.36286919831224
03810127,Sparrsätra,3.205079770098379,17.986314760508307
03810225,Svinnegarn,2.765072979765646,20.99009900990099
03810526,Hummelsta,4.3001134940183965,23.29317269076305
03810901,Lillkyrka,2.654756416697796,19.66996699669967
03811703,Grillby,4.067691278930912,19.369038884812912
03811804,Skolsta,3.3550015151772197,15.644654088050315
03812128,Örsundsbro Ö,3.3012589871278837,23.514043109079033
03812629,Örsundsbro V,2.8334181905187115,17.963224893917964
03813132,Fjärdhundra,3.5785975155436596,21.3511259382819
03813331,Torstuna,1.7222056525849743,16.49122807017544
03820101,Östhammars centrum,4.204942470748385,35.11450381679389
03820118,Kristinelund - Boda,8.506766790846141,32.31850117096019
03820208,Norrskedika - Valö - Forsmark,2.3981400727009214,22.52448313384113
03820403,Öregrund norra - Gräsö,1.694344465744194,29.538763493621197
03820404,Öregrund södra - Söderön,1.8548972543972022,28.48249027237354
03820405,Ed,4.782020936481595,29.563492063492063
03820606,Hargshamn - Boda,4.9070908523218115,29.276315789473685
03820910,Alunda tätort,3.5410702063890924,25.816582914572866
03820911,Alunda - Ekeby,2.292819369913153,19.15654038598999
03821113,Gimo Västra,14.737994738044494,34.16988416988417
03821114,Gimo - Hökhuvud - Vattensta,3.557205717010118,33.366533864541836
03821315,Österbybruk - Morkarla,3.0040034369655624,27.84926470588235
03821316,Österbybruk - Dannemora - Film,3.5970924018211687,29.082426127527217
04280101,Centrum,22.24223827606649,36.40836408364083
04280102,Norra,9.043560605241296,34.04977375565611
04280104,Södra,12.789389287240235,31.87006145741879
04280105,Högsjö,4.079334612222115,27.82782782782783
04280106,Baggetorp-Marmorbyn,3.71544882264729,30.878859857482187
04280201,Österåker,3.021100016579256,22.737819025522043
04610101,Freja,7.060187910257618,26.25
04610102,Dansut,4.7692201886599515,22.459016393442624
04610103,Gnesta Centralt,11.959145413083489,36.147757255936675
04610104,Frönäs,4.065407471544004,26.2015503875969
04610305,Gåsinge-Dillnäs,1.7521903544185087,19.327731092436974
04610406,Björnlunda,3.176895236950828,24.94199535962877
04610506,Gryt,6.779660546538368,22.22222222222222
04800001,Centrum,10.02785255056065,31.9811320754717
04800002,Väster,6.753774652772843,32.28346456692913
04800003,Nicolai,7.483771650468762,31.614654002713703
04800004,Stadsfjärden,11.76036324188616,29.86603624901497
04800005,Högbrunn,7.014385038510852,28.42105263157895
04800006,Arnö Långsätter,8.470940155689238,34.60282916213275
04800007,Arnö Herrhagen,15.585692191650416,41.78321678321678
04800008,Rosenhill,7.289818950573326,26.827242524916944
04800009,Oppeby,5.832958567872285,34.73170731707317
04800010,Oppeby gård,8.65372202991365,33.46036585365854
04800011,Alla Helgona,12.276472258166043,29.66903073286052
04800012,Öster,8.484073043969333,31.889469753547424
04800013,Isaksdal,14.744265696292873,35.547240411599624
04800014,Östra Brandkärr,39.95003673744419,47.39696312364425
04800015,Ekensberg,24.49578608470298,38.60182370820669
04800016,Västra Brandkärr,40.50663024350565,47.32673267326733
04800017,Östra Bergen,5.832987172651847,31.24456048738033
04800018,Stenkulla,19.944846405100602,35.801393728223
04800019,Rosenkälla,11.247137215146232,39.249492900608516
04800020,Brandholmen,7.312435722764039,30.581478822684854
04800021,Bryngelstorp,3.7583500985231124,31.25
04800022,Ängstugan,5.253593565922483,41.04761904761905
04800023,Helgona,4.825686501536119,26.04284103720406
04800024,Hagalund,4.813764563673284,35.18728717366629
04800025,Svärta,2.7475370874646363,23.915139826422372
04800026,Tystberga,3.8888822980997846,23.533724340175954
04800027,Koppartorp,1.410258009854107,30.8
04800028,Nävekvarn,2.710780638345743,29.97159090909091
04800029,Bergshammar,5.393078406777045,26.16822429906542
04800030,Tuna,4.220715496931065,30.43071161048689
04800031,Lunda,1.4718616271059277,22.733077905491697
04800032,Kila,2.782070912952174,21.428571428571427
04800033,Stigtomta Centrum,1.7667844183303483,31.088664421997755
04800034,Stigtomta Ytterområde,1.4130795281312467,24.094025465230168
04800035,Vrena,3.3645885427034337,23.673997412677878
04800036,Råby-Ripsa,3.364582577196761,23.799582463465555
04800037,Runtuna,2.3174157529243127,20.863309352517987
04800038,Folkungavägen,12.276545456579159,25.995316159250585
04800039,Bränn-Ekeby,6.949078382267526,28.372739916550763
04810101,Norra innerstaden,24.32937558523186,44.95073891625616
04810102,Södra innerstaden,19.855795652504057,40.12184508268059
04810103,Dalgången,4.91214443851453,34.5360824742268
04810104,Frösäng,17.35534136695567,42.604298356510746
04810105,Sunda,3.8706070214515234,36.78260869565217
04810106,Peterslund,5.7979653736070595,37.60932944606414
04810107,Danvik,2.551872726034646,28.268551236749115
04820101,Flens västra,16.140538495343606,36.64233576642336
04820102,Flens norra,7.622900064085074,34.25925925925926
04820103,Flens östra,13.302530890416731,31.25
04820104,Flens södra,39.79932955488024,41.15107913669065
04820105,Flens centrum,26.231721729751804,40.52924791086351
04820209,Helgesta-Hyltinge,1.8147615705111084,28.897715988083416
04820507,Malmköping västra,8.955185954497795,23.46698113207547
04820508,Malmköping östra,8.261232441651064,28.531073446327685
04820705,Mellösa,3.0790077075762414,22.35576923076923
04820706,Hälleforsnäs,10.035616635392541,32.79258400926999
04820810,Bettna,2.189817325714527,18.05416248746239
04830001,Gamla vattentornet,24.080674635570904,40.29511918274688
04830002,Norr city,24.66425347083026,41.01123595505618
04830003,Lövåsen,17.46887238550718,37.485311398354874
04830004,Lokstallarna,23.61130331312251,36.80659670164918
04830005,Öster,12.321623463101927,39.5963813500348
04830006,Centrum,21.352680551699375,46.48972602739726
04830007,Oppunda,12.52068433510029,40.49429657794677
04830008,Skogsborg,8.540359275135962,37.12255772646537
04830009,Duveholm,7.569204782607659,33.30658105939005
04830010,Laggarhult,6.415027749156637,35.4012137559002
04830011,Nyhem,25.978846345265183,48.56860809476802
04830012,Nävertorp,23.958669838575307,41.73669467787115
04830013,Värmbol,8.874171333574413,33.84728340675477
04830014,Bie,2.620135335766569,22.094508301404854
04830015,Julita,0.7402033396811057,27.719298245614034
04830016,Sköldinge-Floda,3.41756801095451,25.074626865671643
04830017,Valla,6.255286005355486,28.099838969404185
04830018,Forssjö,2.3275254959527025,25.673249551166965
04830019,Björkvik,0.7607843778677419,23.94655704008222
04840101,Eskilstuna Centrum Norra,24.57557611605683,30.49828178694158
04840102,Nyfors Centrum Västra,40.623227365579474,40.65469904963041
04840103,Nyfors Centrum Östra,46.135811890858854,45.86776859504132
04840104,Nyfors Östra,27.9129638181698,33.17120622568093
04840106,Övre Nyfors,32.62114102255464,39.75799481417459
04840107,Västermalm - Brunnsbacken,47.27795715975439,44.10596026490066
04840108,Västermalm - Myrtorp,26.354837885789546,38.30065359477124
04840109,Fröslunda-Tallåsparken,50.92450856642338,44.13145539906103
04840110,Fröslunda-Björkhultsvägen,56.04907197582911,46.1744966442953
04840111,Råbergstorp - Lagersberg,59.0494007324537,45.19450800915332
04840112,Tunavallen,15.208422730210186,33.86411889596603
04840113,Lundby - Gredby,16.478416491702397,36.55913978494624
04840114,Ekeby - Brottsta,10.94848257387364,32.31017770597738
04840115,Stenby,29.019214684375967,39.01437371663244
04840116,Mesta,15.037961438906853,37.45733788395904
04840117,Gamla Staden,11.268536878508788,33.01642178046672
04840118,Slottsbacken,17.42684176574496,30.18223234624146
04840119,Stadsparken Östra,20.255383708066113,34.84848484848485
04840120,Ekbacken,18.474019081102064,28.081556997219646
04840121,Eskilshem - Röksta,25.326342384715854,38.44515441959531
04840122,Årby,46.719678428882645,44.935972060535505
04840124,Munktellstaden - Valhalla,14.000945590641203,28.98193760262726
04840125,Ärna,14.178082015099948,32.868020304568525
04840126,Måsta - Helgestahill,13.637900687442949,32.10161662817552
04840127,Slagsta,14.071640476657707,34.07155025553663
04840128,Ärsta - Sal - Skiftinge Norra,35.458448226045086,39.671564390665516
04840129,Skiftinge Södra,32.3504922164376,43.73737373737374
04840130,Östermalm,18.56703476552716,34.09282700421941
04840131,Hisingsbacke,16.165723432798288,26.23400365630713
04840132,Sveaplan - Sjukhusområdet,15.24712087807514,28.31389183457052
04840134,Eskilsparken,9.004575632403197,26.43312101910828
04840135,Söderängsparken,14.438771114222224,31.305449936628644
04840136,Lustigbacke,15.077156695923698,36.271186440677965
04840137,Snopptorp - Skogsängen Västra,16.51005346338575,32.114882506527415
04840138,Viptorp - Skogsängen Östra,30.498556306574336,41.696969696969695
04840139,Odlaren - Hagnestahill,8.118640484420613,27.73972602739726
04840140,Solvik - Kogne - Roxnäs,6.530574998803104,28.30385015608741
04840141,Krusgården,16.800393552411617,34.90427098674521
04840142,Göksten,12.700978939084827,37.254901960784316
04840143,Torshälla Centrum och Gamla staden,5.736983920867357,28.957528957528957
04840144,Edvardslund - Haga,7.3122145084260755,35.089285714285715
04840145,Kjula,2.9470973906327016,21.66199813258637
04840146,Barva - Jäder,1.9383524895474444,15.92039800995025
04840147,Hammarby - Vallby,6.161197094375729,18.91625615763547
04840148,Hällbybrunn Södra - Råby-Rekarne,8.218504380611899,29.765625
04840149,Hällbybrunn Norra,9.126289224014286,32.70750988142292
04840150,Kvicksund,3.132561172285549,18.181818181818183
04840151,Gillberga - Lista,2.8155934701314216,20.24756852343059
04840152,Öja - Västermo,2.3331171188092927,20.766129032258064
04840153,Näshulta,1.9888127830959748,21.906116642958747
04840154,Skogstorp Norra,5.275007002444283,29.422718808193668
04840155,Skogstorp Södra,7.515169781795408,30.375114364135406
04840156,Hållsta,5.607887825840859,27.172827172827173
04840157,Hällberga,4.589554839304771,21.8863361547763
04840158,Ärla,2.8079699742165873,24.875267284390592
04840159,Borsökna Västra,8.60313122564077,28.239608801955992
04840160,Eskilstuna Centrum Södra och Väster,32.108707285714424,35.03521126760563
04840161,Sundbyholm,2.628719469761909,25.876662636033856
04840162,Mälarbaden - Mälby - Ängsholmen,5.72754725097071,16.967509025270758
04840164,Borsökna Östra,8.707767177108984,28.498074454428753
04840165,Stadsparken Västra,18.236764931322984,33.82961124896609
04860101,Eldsund-Tingstuhöjden,17.903259303967722,27.497062279670974
04860102,Ulvhäll-Långberget,9.179485746942733,29.391424619640386
04860103,Tallåsen-Sörgärdet,6.8145604347872215,28.95791583166333
04860104,Kyrkberget-Kvarnbacken,5.597023460363715,21.58590308370044
04860105,Stadsskogen,23.986059984467065,32.95165394402036
04860106,Finninge,10.366216380568433,32.916972814107275
04860107,Dammen-Malmby-Löt,9.171392726920972,26.109936575052853
04860108,Strängnäs centrum,7.701042526380311,31.1864406779661
04860109,Stavlund -Södra Tosterö,9.732915153176254,23.037323037323038
04860110,Norra Tosterö - Aspö,3.6838488970247028,19.27710843373494
04860111,Storgärdet-Sidöparken,16.004360599679405,26.13277133825079
04860112,Abborrberget - Sundby,5.638728452279036,24.892703862660944
04860401,Mariefred C,3.030203175687987,24.181818181818183
04860402,Öster-Ekhov-Kalkudden,4.912608190938142,23.21951219512195
04860403,Slottsbrinken-Viggeby,2.70981178391083,19.943555973659453
04860404,Marielund-Hedlandet,4.3417427618781925,18.859315589353614
04860501,Länna,3.1814632620967687,20.496894409937887
04860601,Åker S,10.204452322897257,27.23449001051525
04860602,Åker N,6.693485337945212,24.101665205959684
04860701,Toresund,3.335621689888401,20.81863091037403
04860801,Ytterselö-Överselö,3.0849706074683043,20.140105078809107
04861301,Härad,3.7780937308972056,22.714285714285715
04861401,Vårfruberga,2.5968864310347675,18.69158878504673
04880101,Trosa sydost,6.426269956690004,23.80514705882353
04880102,Trosa sydväst,2.2682214111782133,22.544951590594746
04880103,Trosa södra,3.4035634256175853,20.326864147088866
04880104,Trosa centrum,3.3759363641291644,24.444444444444443
04880105,Trosa nordväst,2.1715408070496958,25.908558030480656
04880106,Trosa norra,4.756730701105522,23.33607230895645
04880201,Vagnhärad norra,6.42746447347902,24.931129476584022
04880202,Vagnhärad södra,3.7468453784374502,26.227795193312435
04880203,Vagnhärad västra,10.93300019382757,27.060439560439562
04880204,Vagnhärad östra,8.538229178540742,31.345353675450763
04880301,Västerljung,2.304601029185563,20.78103207810321
05090401,Alvastra,3.4550223544340506,19.754464285714285
05090501,Ödeshög,7.667174876860566,32.111436950146626
05090601,Holaveden,1.857211782846887,16.0
05120501,Österbymo-Norra Vi-Rydsnäs-Svinhult,4.946081421849161,21.410146173688737
05120601,Hestra-Asby,1.4445174358369757,23.143164693218516
05130201,Kisa samhälle,5.891364476782085,31.378600823045268
05130202,Kisa västra,10.182765209093928,28.335170893054023
05130203,Kisa sydöstra,11.515940150394025,26.95109261186264
05130401,Horn-Hycklinge-Björkfors,1.2168933215618538,18.763102725366878
05130901,Rimforsa S,1.3411077214893738,25.942549371633753
05130902,Rimforsa N,2.0210783207105583,25.918762088974855
05600201,Boxholm Östra-Malexander-Blåvik,5.076916611962629,33.44398340248963
05600202,Boxholm Västra m fl,6.811730418465786,32.674050632911396
05600401,Strålsnäs-Åsbo-Ekeby-Rinna,1.4076726450116281,20.18348623853211
05610301,Åtvidabergs centrum 1,4.880317300164868,34.5427059712774
05610302,Åtvidabergs centrum 2,3.867043816268612,34.66579292267366
05610303,Åtvidaberg syd,3.4813180375802313,29.00703674745895
05610304,Åtvidaberg öst,8.517304684112814,34.54706927175844
05610305,Åtvidaberg nord,0.976277922822153,25.545996029119788
05620101,Centrum,8.870122291383067,36.398963730569946
05620102,Bergska,6.472696053855433,34.50064850843061
05620103,Svälthagen,7.636834857710269,34.935064935064936
05620105,Viggestorp,3.055005271114734,30.738119312436805
05620106,Östermalm,11.048626538898416,37.14001986097319
05620108,Storängen,17.89068311633018,36.239495798319325
05620109,Grosvad,12.368251480130064,37.029501525940994
05620110,Lotorp,4.717621505404995,24.16555407209613
05620111,Hårstorp Södra,15.637804936093035,33.9304531085353
05620112,Hårstorp Norra,12.058925023172135,32.686980609418285
05620113,Nyhem,19.24621850803867,38.20224719101124
05620205,Grytgöl-Ljusfallshammar,1.6597509960227967,28.81619937694704
05620206,Hällestad-Sonstorp,1.3331009598352097,28.022875816993466
05620301,Regna,1.9963703215397028,22.10796915167095
05620402,Rejmyre,2.0763563631402024,28.761061946902654
05620404,Hävla,2.0334921792960166,23.665223665223664
05630101,Valdemarsvik 1,10.052128898485476,33.364750235626765
05630102,Valdemarsvik 2,8.737454784000878,32.669322709163346
05630201,Ringarum,1.07181145778491,20.550847457627118
05630202,Gusum,5.4579079894045535,31.014492753623188
05630401,Gryt,0.8947288677106147,20.404721753794266
05630501,Tryserum-Östra Ed,1.7489094102302032,15.59792027729636
05800101,Domkyrko 1 (Nedre Vasastaden V),7.76147819910871,26.75438596491228
05800102,Domkyrko 2 (Hunneberg),4.663352127442252,25.660377358490567
05800103,Domkyrko 3 (Övre Vasastaden Ö),8.927422301744405,27.842720510095642
05800104,Domkyrko 4 (Övre Vasastaden V),18.5215783594109,32.29491173416407
05800105,Domkyrko 5 (Nedre Vasastaden Ö),8.858650821366721,22.702205882352942
05800106,Domkyrko 6 (Kanberget mfl),6.978294749665926,26.204564666103128
05800107,Domkyrko 7 (Innerstaden S),10.391053150299989,26.615384615384617
05800108,Domkyrko 8 (Ekkällan-Stolplyckan),10.981634205548039,32.2866344605475
05800109,Domkyrko 9 (Gottfridsberg NO),14.782773872961439,31.48831488314883
05800110,Domkyrko 10 (Gottfridsberg SO),8.479550607222812,26.12931798051373
05800111,Domkyrko 11 (Fridhem),5.839687289995125,25.918570009930487
05800112,Domkyrko 12 (Barhäll-Tornhagen),6.626418153794308,30.55045871559633
05800113,Domkyrko 13 (Åbylund),12.70923609249285,33.61256544502618
05800114,Domkyrko 14 (Valla),5.871924333241442,22.837370242214533
05800115,Domkyrko 15 (T1 N),8.213206998975702,26.248671625929862
05800116,Domkyrko 16 (T1 S),7.849061633756092,28.3657917019475
05800117,Domkyrko 17 (Innerstaden N),10.941082661451805,24.494949494949495
05800118,Domkyrko 18 (Övre Vasastaden N),10.391747146192296,25.77639751552795
05800119,Domkyrko 19 (Folkets Park),6.183065733492495,25.79034941763727
05800120,Domkyrko 20 (Vallastaden N),10.650872114778164,21.772151898734176
05800121,Domkyrko 21 (Vallastaden S),11.78485801689344,20.680628272251308
05800122,Domkyrko 22 (Ebbe Park),8.21181119507581,25.898692810457515
05800201,S:t Lars 1 (Innerstaden NO),15.938577622038192,28.08695652173913
05800202,S:t Lars 2 (Innerstaden Ö),10.107410335143477,24.371859296482413
05800203,S:t Lars 3 (Hejdegården),8.08781076540286,24.93438320209974
05800204,S:t Lars 4 (Kungsberget V mfl),5.792325906046811,22.68211920529801
05800205,S:t Lars 5 (Kungsberget-Tannefors N),10.860562818879002,25.139146567717997
05800206,S:t Lars 6 (Råberga-Tannefors S),10.754901776623306,25.91549295774648
05800207,S:t Lars 7 (Innerstaden SO),8.547275157567901,24.940898345153663
05800208,S:t Lars 8 (Stångån V),12.938320274963827,30.318091451292247
05800301,Landeryd 1 (Hackefors mfl),3.0684275232513736,23.53413654618474
05800302,Landeryd 2 (Ekholmen NO mfl),15.484500000223033,34.53658536585366
05800303,Landeryd 3 (Kvinneby mfl),4.891187059725972,26.497277676950997
05800304,Landeryd 4 (Ekholmen NV),11.311549477063654,38.0352644836272
05800305,Landeryd 5 (Ekholmen SO),9.886591185668113,36.36363636363637
05800306,Landeryd 6 (Hjulsbro mellersta),5.0857079759203,20.46613255644574
05800307,Landeryd 7 (Ekholmen SV),7.065366732986833,34.44244604316547
05800308,Landeryd 8 (Ullstämma),4.945798888078158,26.863572433192687
05800309,Landeryd 9 (Möjetorp-Holmen),4.807613375319441,22.632794457274827
05800401,Slaka 1 (Lambohov C),22.84285136553908,30.327868852459016
05800402,Slaka 2 (Lambohov Ö),17.163546355796935,30.454545454545453
05800403,Slaka 3 (Slaka-Lilla Mjärdevi),11.855420421681652,26.861313868613138
05800404,Slaka 4 (Lambohov S),15.996282905405556,34.56464379947229
05800405,Slaka 5 (Lambohov N),23.241022570206766,33.56504468718967
05800501,Kärna 1 (Malmslätt SO mfl),13.236626760302512,25.033112582781456
05800502,Kärna 2 (Malmslätt mellersta),5.634012466507035,27.725118483412324
05800503,Kärna 3 (Tokarp),10.103773688266873,31.469298245614034
05800504,Kärna 4 (Malmslätt V),7.467205727919664,35.80613254203759
05800601,Kaga-Ledberg,4.597491207417441,17.79788838612368
05800801,Vist 1 (Vist-Sturefors S),2.347935700668563,26.81660899653979
05800802,Vist 2 (Sturefors N),3.445372247516256,26.936744847192607
05800901,Vårdnäs,1.512195133468175,22.855181880576527
05801001,Skeda,2.1824319705353235,22.027716994894238
05801101,Nykil-Gammalkil,2.3763894499380513,21.12676056338028
05801201,Ulrika,2.376389330220971,23.77952755905512
05801401,Sjögestad,2.8646633684253544,19.68810916179337
05801501,Västerlösa-Björkeberg,2.230483150369044,17.1875
05801701,Rappestad (Rappestad-Vikingstad N),2.5235578638518654,27.86729857819905
05801801,Vikingstad (Vikingstad S),5.473115696825301,23.74005305039788
05801901,Vreta Kloster 1 Berg-Vreta Kloster S,2.6124955690365423,20.648078372268273
05801902,Vreta Kloster 2 Ljungsbro-Vreta Kl N,2.4775520731053478,26.20050547598989
05801903,Vreta Kloster 3 (Ljungsbro Ö),4.123995620732204,28.89908256880734
05801904,Vreta Kloster 4 (Ljungsbro S),4.4640330700248025,32.041343669250644
05801905,Vreta Kloster 5 (Ljungsbro V),5.566183262783883,31.70028818443804
05802001,Flistad-Ljung,1.7850593417559744,24.313326551373347
05802201,Stjärnorp,0.9922822996951353,21.61687170474517
05802401,Östra Harg-Rystad 1 (Ö Harg-Rystad),5.151320427796864,17.140468227424748
05802402,Rystad 2 (Tallboda V),8.456363547609463,22.84527518172378
05802403,Rystad 3 (Tallboda Ö),8.194692752293715,29.25445705024311
05802404,Rystad 4 (Ekängen),5.5948249193353705,18.61626248216833
05802501,Törnevalla (Linghem Ö),2.3726421085694414,21.483180428134556
05802701,Lillkyrka-Gistad-Ö Skrukeby,2.3533309480783586,17.712691771269178
05802901,Örtomta-Askeby,2.681159321991176,21.61572052401747
05803101,Bankekind,2.113459421885043,22.547770700636942
05803201,Vårdsberg (Linghem S),1.9841426299700922,25.51622418879056
05803301,Berga 1 (Ramshäll),20.34572249567163,26.056338028169016
05803302,Berga 2 (Berga NO),38.22286929907887,34.43649373881932
05803303,Berga 3 (Berga NV),44.2513603022591,38.67403314917127
05803304,Berga 4 (Berga SO),9.289088808991627,30.031612223393044
05803305,Berga 5 (Vidingsjö N),4.155290012230242,23.46723044397463
05803306,Berga 6 (Berga SV),22.763895090246645,33.01343570057582
05803307,Berga 7 (Vidingsjö S),4.903684538698871,37.38414006179197
05803308,Berga 8 (Haninge mfl),6.240094797566251,34.160090191657275
05803309,Berga 9 (Hagaberg),7.68861509479691,31.266375545851528
05803310,Berga 10 (Södra Ekkällan N),9.638459579160497,26.146419951729687
05803311,Berga 11 (Södra Ekkällan S),7.777187760850772,29.19954904171364
05803401,Johannelund 1 (Vimanshäll),12.214489264673352,27.876984126984127
05803402,Johannelund 2 (Johannelund NV),15.154754100824546,34.0956340956341
05803403,Johannelund 3 (Johannelund NO),10.89638847946038,36.40256959314775
05803404,Johannelund 4 (Ånestad),3.894515918325718,27.389078498293514
05803405,Johannelund 5 (Johannelund SV),7.4221654736266105,29.356060606060606
05803406,Johannelund 6 (Johannelund SO),11.346998850997682,29.754601226993866
05803501,Skäggetorp 1 (Skäggetorp C),51.11750591973444,49.479166666666664
05803502,Skäggetorp 2 (Nygård),43.409883334383245,43.75757575757576
05803503,Skäggetorp 3 (Skäggetorp SV),48.212730700050926,37.15976331360947
05803504,Skäggetorp 4 (Skäggetorp V),52.1674758833909,43.42313787638669
05803505,Skäggetorp 5 (Tornby-Skäggetorp N),42.52309453526066,43.10099573257468
05803601,Ryd 1 (Ryd N),16.561627034034593,27.862595419847327
05803602,Ryd 2 (Ryd SO),28.301717951862894,27.902790279027904
05803603,Ryd 3 (Ryd SV),42.63459314491494,37.94117647058823
05803604,Ryd 4 (Ryd NO),35.55876963754394,35.12820512820513
05803605,Ryd 5 (Ryd mellersta),24.717705659282228,26.02436323366556
05810104,Hultdalen-Skriketorp,3.406335937680498,26.228143213988343
05810105,Jursla,3.477659134988363,23.462414578587698
05810106,Åbymo,8.825519733763155,28.701180744777474
05810107,Åby Östra,2.7729756228373277,27.642276422764226
05810108,Torshag-Simonstorp,2.2091258585188323,22.318611987381704
05810111,Hallberga-Fyrby,6.905250194000102,27.145522388059703
05810112,Pryssgården,5.3620211253971775,28.571428571428573
05810113,Eneby Centrum,8.136576534534724,36.89320388349515
05810114,Karlshov-Sandbyhov,8.972912394270606,29.41176470588235
05810115,Taborsberg,8.845082055999882,28.167539267015705
05810123,Saltängen-Nya torget,11.810075936663786,23.706176961602672
05810124,Lagerlunda-Herstadberg,10.226621950051095,32.570806100217865
05810125,Strömparken-G:a Rådstugugatan,14.375061034082778,26.760563380281692
05810126,Rosen-Gamla staden,18.31720189112009,32.1701199563795
05810129,Djäknepark,15.271140436769667,34.981905910735826
05810131,Söder Tull,22.22711687368452,31.763417305585982
05810134,Såpkullen,12.201889788880917,29.676787463271303
05810201,Kvarnberget-Tingstad,28.822709033350375,27.01271186440678
05810203,Mamre,32.98195947023326,37.106017191977074
05810204,Vrinnevi-Klingsborg,34.93701868223796,37.62811127379209
05810205,Portlåset,49.44187262300277,38.0466472303207
05810206,Hageby Centrum,43.02503361363055,36.34453781512605
05810207,Smedby,4.606195427600309,27.219917012448132
05810208,Brånnestad,9.413251658353296,24.25978987583572
05810211,Ljunga,3.0164311563608655,19.295774647887324
05810212,Kuddby,1.567653788784503,16.59021406727829
05810213,Östra Husby,2.1528746899698463,19.900849858356942
05810214,Kättinge,0.615070654074328,18.2916307161346
05810217,Berga-Långtorp,5.132444841384022,18.107667210440457
05810218,Ljura,28.37452722222505,35.00570125427594
05810219,Sankt Johannes,13.36866876099637,33.06852035749752
05810220,Klingsberg,11.850814637615434,33.15217391304348
05810223,Kneippen,4.026846898724493,20.56872037914692
05810224,Skarphagen,10.664260943325127,28.97196261682243
05810225,Björkalund-Kårtorp,8.848664485444736,21.50706436420722
05810231,Borg,13.620170666054234,23.09344790547798
05810232,Kullerstad-Vickelby,3.0775652107885203,32.08895949166005
05810233,Mosstorp,2.8942892877200195,27.046548956661315
05810234,Vånga,1.2493590583715624,20.730671197960916
05810235,Kimstad,2.7328556351413065,24.596774193548388
05810236,Norsholm-Skärkind,1.4440695465483417,19.779116465863453
05810237,Kärrhagen-Kättsätter,5.704796242965984,25.396825396825395
05810238,Atriumhusen,32.261130855408936,34.105534105534105
05810239,Ringdansen,30.335528281962866,40.333333333333336
05810240,Vasaparken-Ljurafältet,16.268139748129656,33.333333333333336
05810241,Vidablick,9.293199149749396,34.8302300109529
05810242,Söderporten,53.58082522123792,36.981757877280266
05810243,Porten,48.151404871577704,40.3041825095057
05810301,Kolmården Västra,2.023945521753858,22.98076923076923
05810302,Kolmården Östra,1.9124180305024219,23.776223776223777
05810401,Krokek Södra,1.8502376040039539,26.483613817537645
05810402,Krokek Norra,1.9993089897571856,26.568627450980394
05810501,Svärtinge Mellersta,3.4471154802132435,25.78062449959968
05810502,Svärtinge Västra,3.941097903307458,19.88095238095238
05810503,Svärtinge Östra,3.8974918110628414,18.94353369763206
05810601,Haga Södra,11.901112266349093,32.47767857142857
05810602,Haga Norra,11.602755980118065,36.56343656343656
05810701,Marielund Mellersta,23.256650771500723,30.48048048048048
05810702,Marielund Västra,10.712162294624196,31.214689265536723
05810703,Marielund Södra,26.30967529900032,29.57345971563981
05810801,Nordantill Nordväst,20.518033983877327,31.23393316195373
05810802,Nordantill Nordost,14.546782668387475,34.9906191369606
05810803,Nordantill Sydväst,14.749273895635987,33.10734463276836
05810804,Nordantill Sydost,13.520201974766469,27.045908183632733
05810901,Östantill Östra,29.43009702259591,33.76018626309662
05810902,Östantill Västra,26.813632348423912,40.21447721179624
05811001,Oxelbergen Norra,6.062899884923837,27.992799279927993
05811002,Oxelbergen Södra,12.873436511367949,28.937007874015748
05811101,Söderstaden Östra,11.426156170600342,24.954627949183305
05811102,Söderstaden Västra,11.808481635834744,33.22649572649573
05811201,Berget Norra,18.33810677158443,25.746268656716417
05811202,Berget Västra,23.49835915951213,32.83582089552239
05811203,Berget Östra,12.734105994753122,29.448621553884713
05811301,Rambodal Södra,6.975645045347567,28.85304659498208
05811302,Rambodal Norra,5.898955962228292,26.837060702875398
05811401,Lindö Östra,5.103453000153218,19.57713390759593
05811402,Lindö Västra,6.224897962119261,18.307426597582037
05811501,Ektorp Södra,9.773732327368123,38.583333333333336
05811502,Strömbacken-Ektorp,19.355539485723902,32.264736297828335
05811503,Ektorp Centrum,27.837089179479978,37.3806275579809
05811601,Vilbergen Norra,6.8730002493923195,35.1380042462845
05811602,Vilbergen Södra,9.701305420283637,36.86770428015564
05811603,Vilbergen Västra,10.59745601019076,36.76171079429735
05811701,Klockaretorpet Östra,11.603989909268172,35.0177304964539
05811702,Klockaretorpet Norra,24.074666027338683,34.56904541241891
05811703,Klockaretorpet Södra,21.840708574521084,31.42272262026612
05820101,S:t Laurentii,5.61801501390142,23.859649122807017
05820102,Bossgård,3.1204613869307205,28.951747088186355
05820103,Alboga,7.448779352334755,27.193932827735644
05820201,Drothem,2.300523850548053,20.60647829083391
05820301,Skönberga,3.959490844842816,23.923444976076556
05820401,Västra Husby-Gårdeby,1.2237797067886076,21.21433796634967
05820601,Östra Ryd,1.2924071361275447,20.62780269058296
05820701,Skällvik-Mogata,1.6313935335354768,19.980787704130645
05820801,Sankt Anna-Börrum,1.6313932247663523,15.579710144927537
05830101,Bispmotala,14.61021042404592,40.76305220883534
05830102,Centrum,7.891214626787377,35.82222222222222
05830103,Hyddmarken,20.192235401021655,33.26867119301649
05830104,Marieberg -Västra,7.990430469033085,33.11867525298988
05830105,Östermalm,6.532246188939015,32.28980322003578
05830106,Bergsätter,12.195447998876038,38.85448916408669
05830107,Borenshult,2.2340316857833904,29.806362378976488
05830108,Bråstorp,4.076916173891097,33.30855018587361
05830109,Söder,3.267501323922376,31.337047353760447
05830110,Ekenäs,19.029432813577372,39.00325027085591
05830111,Charlottenborg,19.90576889558782,43.17140238313474
05830112,Holm,4.564674278991101,27.279812938425565
05830113,Mossen,9.187587711065854,32.38546603475513
05830114,Samuelsberg,9.438743658203004,29.07563025210084
05830115,Ekön,31.423813610661764,46.261089987325725
05830116,Brunnsvik,4.539833082147893,33.097595473833096
05830117,Marieberg-Östra,24.366985559000046,39.354838709677416
05830301,Nykyrka,1.555464327769174,26.3681592039801
05830401,Godegård,1.8303836784186125,22.298850574712645
05830601,Borensberg Västra - Kristberg,1.4982862593865196,28.020240354206198
05830602,Borensberg Östra,2.257360418641313,26.154891304347824
05830801,Fornåsa - Österstad,1.6843922915906715,20.855978260869566
05832201,Tjällmo,1.804328588943143,24.931129476584022
05832301,Fågelsta,2.22565146340894,18.583042973286876
05840101,Innerstaden,2.3535620300596376,26.01010101010101
05840102,"Kvissberg, Borgmästarområdet mfl",9.170406340925872,32.22222222222222
05840103,Gamla Söder-Nya Söder-Hertigen mfl,4.14731142285482,31.27147766323024
05840105,"Birgitta, Haga, Hagebyhöga, Hov mfl",1.5584758934616998,25.17921146953405
05840301,"Borghamn, Skedet, Rogslösa mfl",1.020337602898469,20.33613445378151
05860101,Dacke-Egebybacken,9.182371491884266,35.025380710659896
05860102,Västra Lundby,18.67976900319068,38.71345029239766
05860103,Slomarp-Egeby-Prästgårdsliden,20.974639613577747,33.04431599229287
05860104,Östra Lundby mfl,14.309313877399667,26.61628883291352
05860105,Norrgården-Albacken mfl,10.976735555575406,34.92894540014959
05860106,Vasastaden,3.9676446864741655,31.512071156289707
05860107,Eldslösa,4.216247063899852,29.396984924623116
05860108,Lagman,12.322238482047512,27.64127764127764
05860201,Högby,15.048615516329027,29.840142095914743
05860301,Västra Lund-Trojenborg,3.8611336038297353,30.484988452655887
05860302,Skänninge landsbygd,2.754135273574299,21.303258145363408
05860303,Skänninge centrum-Hattorp,6.642115790876743,30.136986301369863
05860701,Normlösa mfl,1.0714391584598328,16.98389458272328
05861001,Väderstad-Appuna-Hogstad-Kumla,1.792826608177874,21.380632790028763
05861401,Sya-Västra Harg-Östra Tollstad,1.794919977166095,19.29170549860205
05861701,Viby,4.07841304856381,25.77247191011236
05861801,Veta,2.6591921729828876,26.514285714285716
05861901,Mantorps centrum mfl,4.142509106428964,32.314410480349345
06040103,Aneby Västra,3.208743329944424,15.774155995343422
06040202,Aneby Södra,12.851456849980245,29.701596113809853
06040301,Aneby Östra,3.6715365758262632,22.548197820620285
06170202,Åsenhöga-Källeryd,2.0833730677154962,17.704517704517706
06170303,Kävsjö,11.107660558508577,22.307692307692307
06170404,Kulltorp,5.410345331183301,12.988826815642458
06170501,Gnosjö Norra,15.072748196717152,29.638009049773757
06170502,Gnosjö Östra,12.456809615929572,24.372759856630825
06170503,Gnosjö Västra,25.224616116407795,29.61992136304063
06420103,Sandhem-Utvängstorp,3.0469220145286227,18.956743002544528
06420301,Mullsjö västra,4.953092153385028,27.272727272727273
06420302,Mullsjö östra,6.436766365401058,24.13509060955519
06420304,Mullsjö södra-Bjurbäck,5.1932426351683745,22.676579925650557
06430101,Bränninge,6.1349299171415455,25.806451612903224
06430102,Centrum-Gunnarsbo,7.655029014272603,27.920962199312715
06430104,Kyrkbyn-Furusjö,1.8249519650080432,17.008196721311474
06430105,Gustav Adolf-Brandstorp,1.4450321481423078,17.52021563342318
06430107,Kärr,4.286980760870895,28.1496062992126
06430108,Kråkeryd-Mölekullen,4.969589408742655,27.978339350180505
06430110,Kärnekulla-Sjogarp,3.5361380975830445,17.438692098092645
06620101,Gislaved  C,22.811074585508283,37.42203742203742
06620102,Gullvivan,37.67058981242759,46.37883008356546
06620103,Lundåker,13.901213372036604,34.12127440904419
06620104,Sörgården,7.12487082442206,29.02638762511374
06620105,Henja,13.18889467868246,36.07520564042303
06620106,Gyllenfors-Hult,13.857582947113025,31.79972936400541
06620107,Våthult-Bosebo-Båraryd,10.114732829564296,19.257950530035334
06620408,Anderstorp C,7.058212187158866,24.147727272727273
06620409,Anderstorp N,13.487642487900017,25.737265415549597
06620410,Anderstorp S,18.443716522590794,25.698924731182796
06620913,Smålandsstenar C,9.529484014658102,25.241157556270096
06620914,Smålandsstenar V,8.224092935738767,23.74278647980214
06620915,Smålandsstenar Ö,13.73774832430365,22.850412249705535
06621017,Burseryd-Sandvik,4.994319796840158,20.8078335373317
06621218,Gryteryd-Södra Hestra,1.3689915296613344,13.345521023765997
06621419,Ås-Kållerstad,0.8464543668809826,11.942446043165468
06621620,Reftele,6.494822189711704,15.564853556485355
06621621,Norra Hestra,5.217555766435872,20.77922077922078
06650101,Vaggeryd västra,3.6384269599207846,28.197381671701912
06650102,Vaggeryd norra,8.771928387094261,32.69537480063796
06650103,Vaggeryd östra,9.806834584467309,32.596291012838805
06650104,Byarum-Bondstorp,2.3996003034834925,16.2134944612286
06650305,Västra Skillingaryd-Tofteryd,6.4108204428378395,22.264631043256998
06650306,Skillingaryd östra,18.842222169137344,35.026943802925324
06650509,Åker-Hagshult,2.093211851864167,15.42483660130719
06650610,Hok-Svenarum,3.0221336384756388,16.24548736462094
06800120,Samset-Sveahäll,10.973655944264369,24.02376910016978
06800121,Sofia,10.932103774519069,29.742612011439466
06800125,Mariebo,5.077389744173847,24.52415812591508
06800126,Centrum V,11.658134767380645,26.0343087790111
06800127,Söder,6.548558619890357,27.583749109052032
06800128,Västra Torget,10.170482070079787,28.49576271186441
06800129,Friaredalen,10.554394685221009,27.094017094017094
06800130,Munksjö,12.498078623816646,28.101644245142005
06800131,Torpa Ö,8.044301635880243,26.126126126126128
06800132,Torpa V,6.527183613544722,31.788079470198674
06800133,Tokarp,5.033263781524628,35.31951640759931
06800134,Gräshagen-Torpa,8.831091193473076,25.21514629948365
06800135,Bäckalyckan,6.933390470395418,25.963808025177027
06800136,Hisingstorp-Dalvik,11.08368422512644,23.970037453183522
06800137,Skänkeberg-Dalvik,8.964337433847719,26.319758672699848
06800138,Bymarken,5.620209082533108,18.275607958732497
06800139,Vätterslund - Åbolid,8.491790915516264,18.43003412969283
06800140,Munksjöstaden,9.824374493220137,20.74468085106383
06800141,Dunkehalla,7.620750002997456,20.77230359520639
06800142,Kortebo-Strandängen,8.229474207232096,27.364185110663986
06800200,Kålgården Ö,8.386316571268447,28.270412642669008
06800201,Centrum Ö,11.026978559187992,27.424242424242426
06800202,Erik Dahlberg,15.875079422601786,28.823058446757408
06800203,Kålgården V,9.817911479540422,29.327354260089685
06800204,Liljeholmsparken,14.822382977779718,27.574468085106382
06800205,Ekhagen S,21.753576509706253,34.49048152295633
06800206,Ekhagen N,25.83283964394647,36.24338624338624
06800207,Bondberget,14.399231796057375,34.57497612225406
06800211,Rosenlund S,14.86953899927258,33.29938900203666
06800212,Rosenlund N,16.844823971205496,25.21847690387016
06800213,Vättersnäs,12.301969153829523,28.649138712601996
06800214,Österängen V,52.23044479995932,42.83995186522262
06800215,Österängen Ö,46.661147327055524,41.04903078677309
06800216,Liljeholmen,15.03210010020662,33.650190114068444
06800318,Kättilstorp-Haga-Gamla Råslätt,7.150096640772284,28.994938539407087
06800319,Skeppsbron-Fridhem,7.773401391554784,25.224071702944943
06800320,Råslätt-Lockebo,31.901123710656655,46.88
06800321,Ljungarum,6.82826262501168,30.925666199158485
06800322,Råslätt V,48.21878631982345,45.0
06800324,Råslätt Ö,43.140248480163265,47.03433922996878
06800522,Huskvarna Smedbyn,24.09298904719951,33.889602053915276
06800542,Öxnehaga S,36.673037258293014,43.55400696864111
06800543,Öxnehaga C,47.3889545629323,47.586980920314254
06800544,Öxnehaga N,35.234697077506375,38.1651376146789
06800545,Norrängen-Brunstorp,10.246443680581729,22.03994293865906
06800547,Rosendala,17.577286030790674,28.653846153846153
06800548,Huskvarna C,20.802229398143066,37.751371115173676
06800549,Huskvarna Gråbo,18.96464980790468,33.54603463992707
06800551,Huskvarna Tormenås,17.72021389917238,32.730560578661844
06800553,Huskvarna Bråneryd,27.321878622972605,40.12903225806452
06800654,Stensholm-Jöransberg,7.705735823536378,24.46043165467626
06800655,Egnahem-Fagerslätt,5.530303642431699,23.08707124010554
06800656,Petersberg-Jutaholm,10.643982732094583,23.91523713420787
06800657,Kungsängen-Ekhagen Ö,20.83005629832622,32.29070837166513
06800760,Gränna S,3.986583383224386,21.214511041009462
06800761,Gränna N,5.363784291853039,22.603833865814696
06800863,Norrahammar C-Flahult,12.65769737513392,27.78730703259005
06800864,Norrahammar S,15.990965748889808,32.09663503019845
06800865,Hovslätt,11.627174428212255,21.0412147505423
06800896,Hovslätt N,5.586103642415401,34.16
06800897,Hovslätt S-Norrahammar N,12.127037411892111,30.03003003003003
06800967,Visingsö,1.6417909788040679,32.72727272727273
06801068,Skärstad,3.4687439401394675,17.97752808988764
06801069,Kaxholmen,3.405850833263052,19.78537894030852
06801170,Ölmstad,2.305313909131681,17.971014492753625
06801473,Lekeryd-Järsnäs-Svarttorp,2.002948415966054,17.632450331125828
06801474,Lekeryd,1.1992729187482882,18.034447821681866
06801574,Tenhult N-Öggestorp,7.933409262389042,18.023255813953487
06801575,Tenhult S-Ödestugu,2.899804450068087,18.9873417721519
06801576,Tenhult C,4.629903730450531,22.887323943661972
06801676,Barnarp C,11.231631134476629,30.586080586080588
06801689,Barnarp,10.606470685016921,26.07232968881413
06801979,Månsarp,4.290564521201484,26.27599243856333
06801980,Taberg V,4.419319219933393,23.95498392282958
06801988,Taberg Ö,6.073287269775046,25.80392156862745
06802081,Attarp-Sjöåkra,10.228073301173392,33.07888040712468
06802082,Backamo,3.4019269224072697,20.967741935483872
06802083,Trånghalla-Järstorp,5.646780252447393,17.985611510791365
06802085,Torp,4.2289968187666,26.368876080691642
06802086,Nyarp,4.936088701206838,24.517087667161963
06802184,Bottnaryd,7.812291454210612,18.852459016393443
06802285,Angerdshestra-Mulseryd-N Unnaryd,2.1136140811390605,15.082382762991127
06820101,Nässjö centrum,19.817195912901916,33.80884450784593
06820103,Nässjö landsbygd,9.875242655039692,18.6046511627907
06820104,Handskeryd,14.768904913666344,29.4238683127572
06820105,Ingsberg,8.65682097123279,31.790123456790123
06820106,Nyhem,13.256984532638873,31.098986749805142
06820107,Runneryd,36.78505766709528,49.12
06820108,Norrboda,25.121440996799944,36.53007846556233
06820109,Åker,9.443337068753054,27.397260273972602
06820110,Södergården,15.667407760501058,30.703789636504254
06820315,Bodafors,11.934754129199542,25.641025641025642
06820317,Grimstorp/Sandsjöfors,2.5801851845299604,15.481481481481481
06820519,Anneberg,3.961338228454873,21.244209133024487
06820724,Forserum,7.656152709070742,25.408496732026144
06820726,Barkeryd/Äng,3.416711860086108,14.973821989528796
06820929,Malmbäck,5.0487613510349165,20.338983050847457
06830101,Västhorja,4.878388703134026,22.6123595505618
06830102,Trälleborg,19.033683873998505,34.302908726178536
06830103,Norregård,12.746589982865926,29.31873479318735
06830104,Pilagården,12.613407390855938,31.814119749776587
06830105,Skogsfållen,21.784718785506804,43.61001317523057
06830106,Rörstorp,13.329311038200952,31.905298759864714
06830107,Apladalen,8.662431586712332,27.44510978043912
06830108,Mossle,22.09748154467046,36.9212962962963
06830109,Lillegård,12.79989447209872,26.390532544378697
06830111,Gröndal,3.9647156359133766,27.28937728937729
06830123,Nylund,8.50282400161225,29.474708171206224
06830124,Hornaryd,7.339046555768199,35.68807339449541
06830125,Vråen,12.824537151047043,41.71301446051168
06830209,Bredaryd,4.6067524266636735,20.775805391190005
06830512,Hånger,1.8908430446743512,18.055555555555557
06830613,Forsheda,6.013291038321449,23.774689100219458
06830916,Nöbbele,2.0214894504976133,17.830423940149625
06831017,Bor,4.023990885960864,22.04515272244356
06831220,Rydaholm,7.6896708770351,22.88021534320323
06831321,Fryele,2.1835298209762843,17.88617886178862
06840101,Sävsjö stad,16.38760867898771,25.50744248985115
06840102,Sävsjö Ljunga,12.19531974812521,23.539518900343644
06840103,Sävsjö Vallsjö,16.410364392829116,23.828125
06840304,Vrigstad,5.799057117842565,12.950819672131148
06840605,Rörvik,3.7819802586820863,13.448735019973368
06840706,Stockaryd,9.647554360411393,16.51186790505676
06850101,Mellangården,11.461764035934113,29.967637540453076
06850102,Brunnsgård,12.515658727445949,27.498063516653758
06850103,Vetlanda Flugeby-Näsby,22.398008122892044,24.390243902439025
06850104,Pukaregården,13.824529464425222,31.204379562043794
06850105,Tomaslunden,11.057990011514287,31.569664902998237
06850106,Karlslund,9.165917313909544,29.13533834586466
06850107,Ekenässjön-Björköby,9.177435205378497,26.360655737704917
06850309,Bäckseda,4.030330112447807,25.482233502538072
06850511,Bäckaby-Ramkvilla,1.085486702809409,13.689700130378096
06850816,Korsberga,3.5635150298749645,15.863689776733255
06851320,Nye-Näshult,2.2373978350535584,13.494809688581315
06851522,Holsbybrunn,5.311259780525367,21.10091743119266
06851623,Kvillsfors-Pauliström,4.466934559987533,21.84873949579832
06851926,Landsbro-Myresjö,6.686379296757509,23.875
06860101,Sjöängen/Prästängen m.fl.,6.086420748670926,22.682926829268293
06860102,Norrtull med landsbygd,4.816112901456106,28.859649122807017
06860103,Gamla Stan m.fl.,18.10049654074676,32.88135593220339
06860104,Grevhagen med landsbygd,6.41681679293478,26.484018264840184
06860105,Blåsippan-Kaffekullen,16.99769603283411,31.351869606903165
06860106,Kvarnarp,7.66202088367836,31.35678391959799
06860207,Mariannelund-Hässleby-Kråkshult,9.31355882348465,30.036630036630036
06860514,Ingatorp-Hjältevad-Bellö,4.410256363489933,21.727395411605936
06860615,Hult-Bruzaholm,3.3324494084220944,20.197585071350165
06860820,Höreda-Mellby,1.8976731261941886,14.370664023785926
06870101,Tranås Norra-Sommen,15.932527748154072,28.360797918473548
06870102,Tranås Kvarn,7.213108341702374,28.78200155159038
06870103,Ängaryd,11.072025798822283,32.96296296296296
06870104,Centrum,18.884688045427367,37.96296296296296
06870105,Ekmarksberg,13.936573498774514,36.483739837398375
06870106,Junkaremålen,3.2983107208810565,32.610267534345624
06870107,Fröafall,3.0800603464589913,25.816582914572866
06870108,Tranås Södra,10.27987124393153,32.74050121261116
06870109,Tranås Västra,1.8047993588874767,19.20583468395462
07600101,Åseda N,14.966560537082856,23.523622047244096
07600102,Åseda S,12.264241152095714,22.043010752688172
07600305,Lenhovda,8.50336226482885,25.624082232011748
07600407,Nottebäck,4.23153958572147,27.06843718079673
07600511,Älghult,7.220364590537092,23.06830907054871
07610101,Lessebo N,25.482370462138345,39.354838709677416
07610102,Lessebo S,24.768212183831636,31.440443213296398
07610203,Hovmantorp Ö,10.349240434678252,30.419268510258696
07610206,Hovmantorp V,6.659249329769128,32.34126984126984
07610304,Ekeberga,9.648245498363409,42.07746478873239
07610405,Ljuder,3.941549041903193,24.513618677042803
07630101,Tingsryd 1,16.378572512359003,31.92982456140351
07630102,Tingsryd 2,7.744353776455294,28.88888888888889
07630204,Almundsryd,8.298969351073442,23.524150268336314
07630309,Älmeboda-Linneryd,2.7214513262327036,17.678100263852244
07630511,S Sandsjö,3.5087718648473043,24.56445993031359
07630612,Väckelsång,3.784569167623218,25.975359342915812
07630716,Urshult,5.819809263257709,25.181159420289855
07640101,Alvesta N,27.37471299118698,38.58267716535433
07640102,Alvesta S-Blädinge,14.823428210368895,32.774518021793796
07640103,Aringsås,5.0733375143907065,28.411214953271028
07640104,Alvesta V,21.035313741114017,41.84782608695652
07640105,Lekaryd-Härlöv-Prästängen,5.692559164606492,26.096822995461423
07640408,Hjortsberga,2.7089849443793894,14.964028776978417
07640509,Slätthög-Mistelås-Moheda V,2.1513817212624096,21.274900398406373
07640510,Moheda Ö,2.580352370190972,21.26899016979446
07640914,Vislanda,6.5059954952675865,21.643433602347763
07641017,Skatelöv,1.627392908343741,20.232766338406446
07641119,Västra Torsås,1.9114393917886772,17.052023121387283
07650101,Gemön-Möckeln,21.06835905498419,33.67451381780962
07650103,Klöxhult,11.6276718884442,31.51680290644868
07650115,Norregård,11.071916854411416,25.29510961214165
07650116,Froafälle,14.324219832569817,30.45977011494253
07650117,Haganäs,45.835036322973245,40.69478908188586
07650118,Centrum,14.108487676261754,33.42857142857143
07650204,Häradsbäck-Bråthult,3.676936194034361,17.897371714643302
07650305,Virestad-Eneryda,3.8330953894782698,26.181102362204726
07650408,Diö-Stenbrohult,3.800326172891614,23.655913978494624
07650511,Göteryd,2.2963604548340895,20.647773279352226
07670101,Markaryd 1 V,13.473806393129232,25.94142259414226
07670103,Timsfors-Råstorp,5.59319595170086,18.916857360793287
07670104,Markaryd 1 Ö,7.17998018480151,24.978317432784042
07670205,Traryd-Hinneryd,5.558552054525419,18.157543391188252
07670308,Strömsnäsbruk,16.54504275754091,26.06112054329372
07800115,Centrum,9.605199618983915,24.37673130193906
07800116,Bäckaslöv,7.044673131079418,27.898209236569276
07800117,Söder,7.3267291812219435,27.12
07800118,Öster,10.080679795661334,25.80952380952381
07800119,Kvarnhagen,15.734761476828195,27.39463601532567
07800120,Högstorp-Hollstorp,4.370778758545411,28.244274809160306
07800121,Väster,8.341362517328548,25.26964560862866
07800171,Museet,7.0288869505053375,26.753048780487806
07800225,Furuby,1.4790200463051681,24.008350730688935
07800326,Braås,11.261374678568469,29.103885804916732
07800630,Dädesjö,5.3243336283893985,21.35678391959799
07800731,Åryd,3.4497876518991304,21.926605504587155
07800833,Ingelstad,4.110365673576333,30.963154492566257
07800934,Värends Nöbbele,1.4196984169583218,23.110151187904968
07801338,Tävelsås-Uråsa,2.3598575828935404,21.782178217821784
07801439,Vederslöv,1.6669599676669427,19.65105601469238
07801641,Gemla,3.2041738611098296,25.28735632183908
07801742,Bergunda-Bredvik,5.497212416789147,23.561643835616437
07801853,Öjaby norra,3.272094994758657,18.91304347826087
07801854,Öjaby södra-Räppe,5.610149913851099,23.508522727272727
07801944,Åby,1.295198569363347,22.47557003257329
07802045,Sandsbro östra,2.6826934795804616,25.968992248062015
07802062,Sandsbro västra,5.106278329524992,28.453453453453452
07802154,Rottne södra,6.075513175750666,25.383828045035823
07802155,Rottne norra,8.208639781447962,27.346938775510203
07802449,Lammhult,10.77192599490943,22.00772200772201
07802551,Asa-Berg-Tolg,2.11989872810083,16.40625
07802855,Kungsmad,22.509091625712923,27.868852459016395
07802865,Ringsberg,8.674637684641576,28.993536472760848
07802866,Norrelid,11.192716337172099,30.126849894291755
07802868,Fagrabäck,7.4024751702358955,34.07335907335907
07802869,Norr,3.5666268638244607,29.98046875
07802870,Teknikum,11.378008140871197,42.442563482466745
07802960,Östra Lugnet,6.314910784399971,26.666666666666668
07802974,Pilbäcken,25.519804530629017,42.797055730809674
07802975,Hov,7.132592450158257,34.46808510638298
07802976,Dalbo centrum,45.17220901043158,41.6289592760181
07802977,Araby,52.313809580153865,44.17879417879418
07802978,Nydala,44.22152285550529,40.605296343001264
07802979,Danneborg-Östra Hovshaga,9.618925738811887,32.576350822239625
07802980,Arenastaden,18.335534726854696,33.29608938547486
07802981,Gustavslund,7.180147643433626,35.11338697878566
07802982,Ulriksberg,8.33085507507592,24.109173616376044
07802988,Hovshaga centrum,8.023345437863371,32.53833049403748
07802989,Norra Hovshaga-Evedal,4.943201820703503,25.269203158650395
07802990,Liedbergsgatan,30.804299483688308,36.70411985018727
07803082,Kampen-Sigfrid,9.945868010058309,31.559633027522935
07803083,Ljungfälle,19.251923139166582,34.970857618651124
07803085,Torparängen,11.206649378648395,37.93103448275862
07803086,Furutå,14.48378857798039,31.61648177496038
07803087,Universitetet södra,17.062460974861935,24.447031431897557
07803088,Teleborg södra-Telestad,8.849975687935917,32.33724653148346
07803089,Teleborg centrum,27.337310446179718,39.033816425120776
07803090,Universitetet västra,29.539169669860048,25.20808561236623
07803091,Vikaholm,9.353349940975248,35.129604365620736
07803092,Universitetet norra,17.25992212647448,25.990853658536587
07810103,Astrad,9.659141121071695,28.023032629558543
07810104,Ljungsätra,5.786223611640252,27.959413754227732
07810105,Ekebacken,5.756337481038744,30.15267175572519
07810106,Stensberg,5.507115623632127,27.24550898203593
07810107,Hammaren,14.589777926925423,27.4364406779661
07810108,Hjortsberg Väst,12.219960125165043,34.82587064676617
07810109,Hjortsberg Öst,16.978094380686308,31.80327868852459
07810110,Kungshög Väst,8.435638777134239,25.402298850574713
07810111,Kungshög Öst,17.231101982175627,29.094827586206897
07810112,Sunnerbo,6.17289908649026,27.50210260723297
07810310,Ryssby,2.960671412310453,21.566731141199227
07810311,Agunnaryd,2.4291641484235904,13.938618925831202
07810715,Hamneda,2.76163300732127,17.77777777777778
07810815,Berga Väst,5.0152374785572436,23.978919631093543
07810816,Berga Öst,5.355778344301803,22.497055359246172
07810817,Vittaryd-Bolmsö,2.3124346787139776,17.391304347826086
07811119,Angelstad,1.5781925209754148,20.935175345377257
07811624,Lidhult,4.309874035655607,26.100151745068285
07811625,Torpa,3.6706855094269533,13.394919168591224
08210101,Fågelfors,3.0563523230590928,36.40552995391705
08210201,Högsby,14.418613158486176,34.475374732334046
08210202,Berga,6.616256405904942,23.49514563106796
08210301,Ruda,7.705626913363676,24.02826855123675
08210401,Fagerhult,3.056417022151302,15.359477124183007
08340101,Gullabo,1.6307512855081274,20.380434782608695
08340201,Torsås landsbygd,2.6523749996229316,18.96551724137931
08340202,Torsås samhälle,4.299153474352254,26.114081996434937
08340401,Söderåkra,5.149403702010762,24.552160168598526
08340402,Bergkvara,4.098545363776406,26.149684400360684
08400105,Vickleby-Resmo,1.8008072407961888,20.52469135802469
08400303,Mörbylånga-Kastlösa,8.268061250053126,28.282122905027933
08400401,Gårdby,1.8842727954092222,18.24196597353497
08400811,Sydöland,4.431808646806008,24.667651403249632
08401304,Glömminge,2.0662249460328224,21.487603305785125
08401406,Algutsrum,2.2527410389753277,24.517212426532325
08401501,Snäckstrand,2.2110799082081347,25.851393188854487
08401502,Talludden,8.901448298584134,29.005235602094242
08401503,Runsbäck,3.5459820165977773,29.130434782608695
08401504,Skogsby,1.953530080606804,25.199645075421472
08401505,Färjestaden Östra,3.443554939099918,30.14354066985646
08600101,Ekeberg,16.394367314151108,39.41048034934498
08600102,Hultsfred S,22.300720667687653,34.19155509783728
08600103,Hultsfred N,9.538495135210285,35.72037510656436
08600201,Lönneberga,4.527023083824318,26.691042047531994
08600301,Målilla,5.015706188158183,30.064655172413794
08600401,Järeda,1.8472086474281664,27.009646302250804
08600501,Virserum,7.951405969298433,24.23963133640553
08600601,Vena,0.7352947648234366,18.47649918962723
08600801,Mörlunda,3.4885234082284478,23.599523241954707
08610101,Mönsterås Centrum S,11.11869580118898,38.427947598253276
08610102,Mönsterås Centrum N,13.479618587614084,34.19847328244275
08610103,Mönsterås Landsbygd S,11.164254423746307,35.43400713436385
08610104,Mönsterås Landsbygd N,6.919011949979948,24.309978768577494
08610105,Mönsterås Ljungnäs,2.1992355174439515,30.58823529411765
08610201,Fliseryd,2.1754554034873506,21.03174603174603
08610301,Blomstermåla,7.944708493946514,30.418943533697632
08610302,Ålem,2.469456950142975,24.274406332453825
08610303,Timmernabben,2.311660109172866,30.089374379344587
08620101,Emmaboda södra,21.661988342651036,36.23762376237624
08620102,Emmaboda norra,10.995394928916467,37.29626078619367
08620201,Lindås,6.709134806164601,31.094257854821237
08620202,Vissefjärda,1.9583070712334392,29.907773386034254
08620301,Algutsboda,3.868702309261915,25.0
08620401,Långasjö,1.5402845825565443,26.3671875
08800101,Kvarnholmen,5.010123664465124,26.936496859734824
08800107,Malmen V,9.095501229580053,30.745580322828594
08800108,Malmen Ö-Norrgårdsgärdet Ö,5.512775999314209,29.885057471264368
08800122,Malmen S,10.740421814717886,31.090174966352624
08800124,Ängö-Varvsholmen,3.4470809968354277,24.049707602339183
08800201,Lindsdal NV-Förlösa,3.599491980022423,23.873441994247365
08800202,Lindsdal NO,5.287091346303321,36.38275499474238
08800203,Lindsdal SV-Kläckeberga,8.009261306602257,32.07150368033649
08800204,Lindsdal SO-Fjölebro,5.749306855998401,32.48259860788863
08800205,Vimpeltorpet,12.19847517899535,30.881332408049964
08800206,Snurrom,12.406062481061515,28.26086956521739
08800301,Smedby Ö,11.547866370407958,33.72898120672601
08800302,Smedby V,19.495267788567617,37.15651135005974
08800303,Smedby S-Rinkabyholm N-Boholmarna,4.426005481464716,25.378450578806767
08800401,Rinkabyholm S-Hossmo,1.7457613191736427,24.04692082111437
08800501,Rockneby,2.2696296080490845,24.335812964930923
08800502,Drag-Revsudden,2.26964778074369,23.814328960645813
08800601,Läckeby,3.449925044933461,23.32185886402754
08800801,Trekanten,3.247529610895046,19.83240223463687
08800802,Ljungbyholm-Vassmolösa N,3.6574279473320055,29.278996865203762
08800901,Hagby Vassmolösa S,1.9906168788886365,26.80722891566265
08801001,Halltorp-Voxtorp,2.0333391190868637,20.96069868995633
08801301,Tvärskog,1.65253556627555,22.42503259452412
08801401,Påryd,2.2598869628778395,24.470134874759154
08801502,Gamla stan,4.7264204547620166,29.66168371361133
08801503,Kalmarsundsparken-Stensö,2.297729920691207,21.796071094480823
08801504,Sandås-Stensberg,6.436140075504354,26.622418879056045
08801505,Falkenberg,15.03872417399166,32.540983606557376
08801506,Tegelviken-Johannesborg,6.036651158655764,29.626253418413857
08801609,Norrgårdsgärdet V,7.814453318157621,32.08020050125313
08801610,Oxhagen,26.897279822521742,36.729663105998355
08801611,Getingen-Tallhagen,6.8510696462575815,27.832699619771862
08801621,Skälby,10.398550111961077,34.619883040935676
08801712,Funkabo,23.424354787042386,34.40320962888666
08801713,Djurängen V,14.439551704817848,37.47553816046967
08801714,Djurängen Ö,12.608644731437831,34.443746071653045
08801715,Berga Centrum,15.884820883584101,36.6750208855472
08801716,Berga,2.8034011970644457,28.76516773733048
08801817,Norrliden V,36.53529760864437,45.61003420752566
08801818,Norrliden Ö,41.49922012857895,43.439911797133405
08801820,Bergavik,4.840091886620478,28.14538676607642
08801823,Björkenäs mfl,5.775375528917488,30.303030303030305
08810101,Nybro Centrum,13.356774913826534,35.53008595988538
08810102,Myrdalen,12.844092988085729,35.30751708428246
08810103,Kungshall,42.918322603207756,35.79387186629526
08810104,Paradiset,10.978523330338735,28.556806550665303
08810105,Hanemåla Norra,8.707830012946145,32.05004812319538
08810106,Västeräng,5.445860351614035,32.622798887859126
08810107,Hanemåla Södra,5.784962841845768,32.18916857360793
08810201,Alsterbro,2.492211946447097,24.56575682382134
08810301,Bäckebo,2.4922119173574857,21.19815668202765
08810401,Kristvallabrunn,2.0956719267102124,20.705882352941178
08810501,Madesjö Södra,3.682262013578836,26.90695725062867
08810502,Madesjö Norra,7.2280329226667055,19.06614785992218
08810601,Örsjö-Alsjöholm,1.708542965278647,19.654088050314467
08810901,Orrefors,6.8686784838163035,27.315914489311165
08820101,Saltvik-Mockebo,2.7810748339981406,22.491349480968857
08820102,Kolberga-Humlekärrshult,7.604244739261884,27.320605661619485
08820103,Norrtorn,11.806778092949731,35.547240411599624
08820104,Orrängen-Tratten,7.247868119292097,28.491096532333646
08820105,Centrum,16.54253828441679,31.51458137347131
08820106,Kikebo-Åsa,13.0462092528352,37.55656108597285
08820107,Södertorn,19.295756351416884,43.18181818181818
08820108,Gröndal,8.264293744508768,33.70786516853933
08820109,Kristineberg-Stångehamn-Mysingsö,16.498703842064707,33.25740318906606
08820110,Kristineberg Västra,14.278840278520809,38.829787234042556
08820319,Fårbo-Misterhult,1.5344495947121413,22.383419689119172
08820321,Figeholm,2.176846181852096,24.262734584450403
08820411,Kristdala-Bråbo-Ishult,1.7854341468886954,19.455252918287936
08820513,Svalliden-Bockara,4.664061786534942,22.723962126729788
08820514,Rödsle-Norrby-Björnhult,3.166543115479691,23.377529658060013
08820517,Påskallavik,2.4267075501955175,26.17220801364024
08830101,Centrum,4.162048468953918,30.15753938484621
08830102,Västralund-Stenhagen,2.8250642056909525,33.80281690140845
08830103,Marieborg,5.73176346664416,36.390827517447654
08830104,Peru,10.273538317899067,34.285714285714285
08830105,Brevik,3.7698656847801355,33.19672131147541
08830106,Skogshaga,9.378023086735968,39.119601328903656
08830107,Jenny-Kvännaren,2.6386791293300225,33.2703213610586
08830108,Karstorp,13.702249965571912,40.829015544041454
08830109,Piperskärr-Gränsö,2.959578070041502,22.551092318534177
08830112,Johannesdal,8.493370056602293,37.16887417218543
08830113,Ludvigsdal-Hornslandet,4.006995575504228,35.52425665101721
08830115,Östermalm,6.624112114669697,35.61497326203209
08830118,Södermalm,16.199935166016537,38.84976525821596
08830209,Djurgården-Törnsfall,2.728030131915361,23.88535031847134
08830310,Gladhammar-Västrum,8.332999344451952,30.801248699271593
08830514,Ukna-Västra Ed,3.1096561781951704,24.31077694235589
08830720,Överum,6.073160250587128,34.48275862068966
08830922,Loftahammar,2.4802127848222257,21.0431654676259
08831124,Gamleby 1,7.885274746470304,29.324699352451432
08831126,Gamleby 2-Lofta,5.785740383942337,29.781420765027324
08831430,Blackstad-Odensvi,0.7287451118359611,18.204182041820417
08831431,Ankarsrum,3.89080301439219,41.45728643216081
08831532,Hjorted,1.7531788141151203,33.374536464771325
08840101,Vimmerby 1,7.034864612867527,28.688524590163933
08840102,Vimmerby 2,20.542813489208797,39.94053518334985
08840103,Vimmerby 3,3.321301847959792,28.239499553172475
08840104,Vimmerby 4,19.091603148476526,31.573033707865168
08840105,Vimmerby 5,3.717308239353168,33.673469387755105
08840106,Storebro,7.91534503752638,26.53958944281525
08840301,Rumskulla-Pelarne,1.2768429293143164,16.6270783847981
08840501,Frödinge,2.019068938075434,22.11690363349131
08840601,Locknevi,1.30804438008348,18.587360594795538
08840701,Djursdala,1.3080446553515312,17.578125
08840801,Gullringen,1.3080444632852724,25.471698113207548
08840802,Södra Vi,4.312291321940072,28.87029288702929
08840901,Tuna,2.019068875784487,24.942263279445726
08850101,Borgholms 1,7.761732799962685,27.589285714285715
08850102,Borgholms 2,7.9096040748354834,31.238095238095237
08850203,Alböke-Föra-Bredsättra-Egby-Löt,1.6591252244549457,21.025641025641026
08850707,Köping,5.985557343261407,21.436716077537056
08850808,Räpplinge-Högsrum,3.3561802953440365,21.86192468619247
08851010,Gärdslösa-Långlöt-Runsten,1.7738359301740572,19.409761634506243
08851313,Böda,2.5629886483316136,26.284584980237153
08851415,Högby,2.5629886681772076,23.842917251051894
08851516,Källa-Persnäs,2.5629887018450686,22.317596566523605
09800101,Visby Innerstaden,5.181508202646905,25.139146567717997
09800102,Visby Norr,9.021739231288027,34.391143911439116
09800103,Visby Öster,6.693438545528999,29.009193054136876
09800104,Visby Skarphäll/Östra Vi,3.4406777345181214,37.40157480314961
09800105,Visby Länna,4.592100455962685,35.154565061107114
09800106,Visby Visborgsst/Halsjärnet,6.564652671347238,34.69945355191257
09800107,Visby A7/Östra Vi,8.072911773149043,36.85983827493261
09800108,Visby Djuplunda/Södervärn,4.656696172813752,34.485407066052225
09800109,Visby Furulund,13.043460980210337,38.54545454545455
09800110,Visby Bingeby,15.8071440121115,40.95904095904096
09800111,Visby Pilhagen/Gråbo,4.527743195236654,42.87280701754386
09800112,Visby Yttre Furulund,13.373494652808725,39.47128532360985
09800113,Visby Terra Nova,7.127617888992592,35.714285714285715
09800114,Visby Galgberget/Snäck,3.2539662830895737,27.662037037037038
09800115,Visby Söder,11.087964761418782,31.166150670794632
09800201,Slite Othem/Hellvi,4.111880592435459,31.054977711738484
09800202,Slite Othem/Boge,5.7895424471820265,37.765205091937766
09800401,Fårö,3.126879105767361,24.55242966751918
09800501,Fårösund,3.1268791166012706,30.445544554455445
09801001,Lärbro,2.217936345458538,29.661016949152543
09801401,Tingstäde,2.2209566723398777,26.507018992568124
09801801,Väskinde,1.8174333834179435,30.214830214830215
09802401,Vallstena,1.533979603045654,26.914660831509845
09802901,Dalhem,2.1132075078675667,23.792697290930505
09803101,Endre,4.073234389682924,28.0
09803501,Roma,2.30895092500005,33.51007423117709
09804001,Vänge,1.5446195327034313,25.34504391468005
09804401,Kräklingbo,1.8220792964644013,27.031019202363368
09804801,Västerhejde,2.430147801933328,29.641485275288094
09805301,Stenkumla,2.4474526226886457,27.815206929740135
09805501,Eskelhem,1.7082571770847392,25.948406676783005
09805701,Sanda,1.336956554203629,23.98843930635838
09806101,Klinte,4.457129109175981,37.61726078799249
09806301,Eksta,1.2812826995600983,22.146892655367232
09806701,Garde,1.364670067842658,25.646551724137932
09807301,Stånga,0.7219187207795533,23.106796116504853
09807601,Hemse/Alva,7.170571041069504,35.550181378476424
09807602,Hemse/Rone,4.9130794681155185,27.590673575129532
09808401,Havdhem,1.9573039139730195,26.548672566371682
09809101,Burgsvik,2.3633287850326306,24.444444444444443
10600101,Vilboken,8.653916612571143,30.785123966942148
10600102,Kyrkhult-Hemsjö,3.172520826839544,25.395430579964852
10600103,Jämshög,4.139163033226989,30.223880597014926
10600104,Brännaregården,12.039173220962894,29.156908665105387
10600105,Ekeryd-Gränum,9.431278059631236,26.187419768934532
10600106,Oredslund,10.965973530586552,33.537832310838446
10600107,Olofström-Vilshult,8.657772692601958,30.223880597014926
10600108,Olofström C,11.103562664586052,36.97674418604651
10800127,Långö-Gräsvik,11.987390253838152,24.087591240875913
10800128,Saltö-Björkholmen,5.470106755794127,27.81791907514451
10800131,Västerudd,4.322099340232618,28.35583796664019
10800132,Rosenfeldt m.fl.,5.275653877366888,29.496951219512194
10800133,Trossö Ö,6.3292065116463245,27.939590075512406
10800134,Möllebacken m.fl.,6.551593040555283,26.805465191932335
10800135,Wachtmeister m.fl.,5.289421962309794,28.431372549019606
10800136,Hogland m.fl.,9.044101303119387,31.006160164271048
10800137,Pantarholmen,8.694460622227288,33.49906774394034
10800138,Galgamarken,23.726739542289273,29.81859410430839
10800139,Bergåsa m.fl.,11.42048442034758,26.470588235294116
10800140,Hästö,2.1046831554572396,26.29521016617791
10800141,Marieberg m.fl.,34.70657971045857,39.51701427003293
10800142,Kungsmarken,47.687933566565704,48.82860665844636
10800143,Mariedal-Backabo-Torskors,9.738173086440616,39.185953711093376
10800430,Aspö,0.7309476181991593,38.388625592417064
10800508,Kronotorp m.fl.,17.071696721064555,36.48498331479421
10800509,Verkö m.fl.,7.164598737958118,23.676612127045235
10800510,Lyckeby V,6.755090698670093,41.40480591497227
10800606,Kättilsmåla,2.7413018553323676,25.20242914979757
10800611,Lyckeby Ö,7.758875672126626,29.014308426073132
10800612,Spandelstorp m.fl.,6.37214478015216,35.043988269794724
10800613,Hässlegården,3.938301529867239,33.56697819314642
10800801,Kristianopel,1.4132546814195879,21.7
10800903,Jämjö N,1.8759372158560497,32.03732503888025
10800904,Jämjö S,2.801338872699251,34.65634075508228
10801002,Torhamn,1.4101778396855102,23.388581952117864
10801107,Sturkö,0.9697363289338136,28.821656050955415
10801205,Ramdala,2.070485283772106,25.538160469667318
10801214,Trummenäs,2.0725388118451633,24.20185375901133
10801421,Strömsberg,1.5938925829333912,23.08584686774942
10801422,Rödeby N,3.2731283008136978,30.007283321194464
10801423,Rödeby S,3.1498279790810075,33.18815331010453
10801518,Fridlevstad,2.156431670781571,25.101626016260163
10801616,Sillhövda,2.5486503231315485,18.65222623345367
10801720,Tving,1.9931876765652188,23.241206030150753
10801824,Nättraby V,3.5431503387688053,33.99405351833499
10801825,Nättraby Ö,1.7761324960491354,25.10974539069359
10801844,Nättraby S,1.7998401280308738,23.371104815864022
10801926,Hasslö,1.578476343547706,32.21859706362153
10810101,Centrum,17.36471677680955,35.27093596059113
10810102,Fredriksberg,10.769174648595714,25.689819219790675
10810103,Hulta,4.636535024173376,29.761904761904763
10810104,Blekan,14.841789125162624,31.38401559454191
10810105,Lugnet,7.672575583474601,28.48893166506256
10810106,Espedalen,34.76756183654883,36.12750885478158
10810107,Älgbacken,41.87696975745507,46.35678391959799
10810108,Persborg,7.764574754438676,25.67829457364341
10810109,Varan,3.5617526278804763,23.214285714285715
10810110,Hasselstad-Eringsboda,1.2731269652023598,15.384615384615385
10810111,Häggatorp,9.598385764347,27.633069082672705
10810112,Kalleberga,6.840932966772916,28.220858895705522
10810113,Kallinge,16.316291425856367,31.562819203268642
10810314,Backaryd-Öljehult,2.134755955736198,17.792068595927116
10810617,Förkärla-Listerby N,1.677163723144071,24.056603773584907
10810718,Listerby S,1.8925281567640808,22.023809523809526
10810920,Hjortsberga-Edestad,1.8668836493806888,24.206708975521305
10811021,Bräkne-Hoby Landsbygd,1.469579590203073,18.13627254509018
10811022,Bräkne-Hoby Samhälle,4.237215699700166,32.35563703024748
10820101,Högadal,17.977717288219367,32.504780114722756
10820102,Prästslätten,6.984425626169103,32.200357781753134
10820103,Stadsporten,10.883855200995914,31.398667935299713
10820104,Torget,11.00190564782442,27.08133971291866
10820105,Österslätt,17.116490486053983,31.303418803418804
10820106,Tubbaryd,14.684708671207554,31.428571428571427
10820107,Skogsborg,4.078349313137114,30.835734870317
10820108,Vägga,3.074608762281943,27.78187177597642
10820310,Hällaryd,2.840675615550542,22.693997071742313
10820512,Horsaryd,7.360503263444623,29.73925299506695
10820513,Korpadalen,4.982910539400222,28.960817717206133
10820514,Froarp,3.0755354190945496,26.617250673854446
10820515,Centrala Asarum,11.903976131570857,36.34165995165189
10820517,Svängsta nordöst,6.337538834077738,28.432240921169175
10820518,Svängsta sydväst,7.35953417460097,23.95964691046658
10820619,Mörrum västra,7.093530638276807,29.989440337909187
10820620,Mörrum östra,6.387361180669735,31.58371040723982
10820621,Gustavstorp,6.020599069025394,28.10810810810811
10830101,Furulund,12.959487838877846,32.34587670136109
10830102,Möllebacken,3.430231972973806,24.912280701754387
10830103,Falkvik,6.875009118673442,25.55984555984556
10830104,Hjortakroken,7.320829918903406,30.603448275862068
10830105,Norje m fl,2.4542183913059366,23.768939393939394
10830106,Gammalstorp m fl,1.956271079103087,18.052256532066508
10830107,Mjällby m fl,2.333919939621032,27.469135802469136
10830108,Hörvik m fl,1.9859433905332173,16.565040650406505
10830109,Hällevik m fl,1.1456081064964605,17.73049645390071
10830110,Siretorp m fl,4.879335473425288,20.38216560509554
12140101,Svalöv Östra,8.830759611088949,25.91587516960651
12140201,Svalöv Norra,10.104576001362574,27.1
12140301,Svalöv Västra,8.569183304727675,24.92522432701894
12140501,Kågeröd - Stenestad,2.727704241496598,18.917066483893077
12140601,Billeberga - Tågarp,3.8328159785303133,19.151943462897528
12140801,Teckomatorp Norra,7.6101363389821275,21.023513139695712
12140901,Teckomatorp Södra,6.726724442760596,26.361386138613863
12141401,Röstånga - Konga-Ask,3.4059178535042363,19.363395225464192
12300101,Kyrkheddinge,6.798443209279455,15.24822695035461
12300409,Uppåkra,8.91847826869462,21.76278563656148
12300702,Borggård,7.416121052599838,21.119324181626187
12300703,Central Södra,6.768753594561656,23.719376391982184
12300704,Bråhög,13.164345329260051,29.954954954954953
12300705,Aspvägen,7.794347187880546,20.9020902090209
12300706,Stanstorp,8.4222607871595,24.935064935064936
12300707,Mellanvången,6.362184438555134,26.72147995889003
12300708,Annero,5.99841542168956,24.42817932296432
12300709,Central Norra,8.452036371605095,23.963730569948186
12300710,Kyrkbyn,7.056858349977092,26.83142100617829
12300711,Vikhem,8.136026576574118,25.650035137034433
12300712,Hagalid,8.491274091878324,28.934010152284262
12300713,Jakriborg,6.5697139430661045,21.08294930875576
12300714,Hjärup Norra,4.754397857493686,21.949509116409537
12300715,Hjärup  Södra,3.165727479090357,24.906367041198504
12300911,Tottarp,7.05438966583716,17.315573770491802
12310101,Karstorp-Svanetorp,6.6050940800916145,26.636225266362253
12310102,Gamla Åkarp-Dalslund-Kockumsområdet,7.833691197041191,27.337615988579586
12310103,Harakärrsområdet-Mossvägen-Lyckö äng,6.206593818286342,26.846153846153847
12310104,Tågarp Ö.,19.66591970269362,33.146067415730336
12310105,Centrala Arlöv,18.715834846215166,32.48663101604278
12310106,Elisetorp V.,20.47293490291093,43.75876577840112
12310107,Elisetorp Ö.,22.870198362974023,46.074074074074076
12310108,Svenshög,28.196829967994425,45.10250569476082
12310109,Kronetorp-Burlövs egna hem m.fl.,22.864274676638075,33.92645314353499
12310110,Tågarp V.,13.804911924173982,33.9622641509434
12310111,Lillevång,23.151093729826915,38.56749311294766
12330201,Vellinge Eskilstorp,2.457836248409052,14.263920671243326
12330301,Hököpinge-Gessie,3.7090200240317435,12.012987012987013
12330302,Hököpinge-Bruksparken,3.922867417958954,16.113744075829384
12330401,Vellinge södra,2.3581873321944116,11.185682326621924
12330402,Vellinge väster,3.558016137280549,16.124260355029588
12330403,Vellinge centrum,4.751670788466257,17.78975741239892
12330404,Vellinge Herrestorp,4.700391695150979,19.509345794392523
12330501,Skanör västra,2.518071901035441,11.440107671601615
12330502,Skanör östra,2.7952040371515463,12.109375
12330503,Ljunghusen västra,2.5462043320521937,5.639476334340383
12330504,Ljunghusen östra,2.945828588656961,6.549707602339181
12330505,Skanör centrum,1.9623524542334114,11.635220125786164
12330601,Falsterbo södra,4.507476731755571,6.195652173913044
12330602,Falsterbo norra,2.472279310297245,8.268733850129198
12330801,Höllviken norra,2.551006105081449,11.927582534611288
12330802,Höllviken västra-centrum,2.608760593796727,10.304449648711945
12330803,Höllviken östra-centrum,2.343958412164785,9.191919191919192
12330804,Kronodal-Granviks,2.6247602234708083,10.945709281961472
12330805,Höllviken Gya,2.2478027772464184,10.29045643153527
12330901,Höllviken-Kämpinge,3.059223822978921,7.54985754985755
12330902,Höllviken-Höllviksstrand,1.6926398938795135,6.825153374233129
12330903,Räng,2.4197360970684296,10.905349794238683
12331201,Östra Grevie,3.3829551087854655,16.3265306122449
12331301,Västra Ingelstad,3.9458191073662947,16.573033707865168
12560103,Knislinge Öster,11.056864390817081,22.883064516129032
12560104,Knislinge Väster,5.7713857568819735,25.1005631536605
12560301,Hanaskog,12.134194237239473,27.4234693877551
12560401,Hjärsås,1.8186241646780987,20.746268656716417
12560402,Sibbhult,9.237881484397313,32.857142857142854
12560601,Broby Väster,9.208733940934705,22.750865051903116
12560603,Broby Öster,19.28320684170656,23.646209386281587
12560701,Glimåkra,7.095011104975582,20.43176561295297
12570102,Åsljunga,2.5966900229128456,13.233923578751165
12570103,Örkelljunga Centrum,8.538926100355363,22.14765100671141
12570104,Örkelljunga Norra,8.934777618881629,22.834645669291337
12570105,Örkelljunga Mellan,7.558993594531794,19.26765475152572
12570206,Rya,2.4535806741808064,17.026683608640408
12570307,Skånes Fagerhult,2.9993048709713697,16.831683168316832
12600101,Bjuv 1,9.039979928635173,31.795386158475427
12600102,Bjuv 2,12.05628188317127,26.99619771863118
12600103,Bjuv 3,15.792130941360679,31.95876288659794
12600104,Bjuv 4,18.04216448407217,35.95505617977528
12600105,Bjuv 5,14.413948467268204,37.185929648241206
12600106,Billesholm 3,8.281600693390182,31.412894375857338
12600201,Billesholm 1,10.869560770524746,26.079734219269103
12600302,Billesholm 2,5.510095105876209,22.44143033292232
12600401,Ekeby 1,4.176218566879874,21.788617886178862
12600402,Ekeby 2,4.794860860739344,21.769662921348313
12600403,Ekeby 3,4.321561095719061,21.703296703296704
12610102,Kävlinge Söder,7.908794514475339,26.436781609195403
12610103,Södervidinge/Gryet,3.9798104633984903,20.92476489028213
12610104,Kävlinge Väster,10.311539837058513,28.65916069600819
12610301,Karaby/Dösjebro,3.1788053760666823,18.410041841004183
12610302,Ålstorp,2.893977828482607,12.5
12610401,Lackalänga,2.2308730608270353,23.204994797086368
12610402,Furulund Centrum,10.36699057144816,27.674190382728163
12610403,Stävie,3.906511707140933,21.440677966101696
12610504,Sandskogen,3.9129760183042612,21.00418410041841
12610505,Löddeköpinge Norr,5.08955562403003,21.16788321167883
12610506,Stationsstaden,9.373153035879028,26.125244618395303
12610507,Kävlinge Centrum/Korsbacka,15.912274142288458,33.9080459770115
12610901,Harrie,4.042150733237378,23.565416985462893
12610902,Rinnebäck,4.36006805922689,27.792436235708003
12611001,Hofterup,2.4948612475909613,15.576781778104335
12611201,Barsebäck/Järavallen,2.151400797720287,13.958810068649885
12611203,Vikhög/Lyckorna,2.931580292275748,19.74921630094044
12611204,Tolvåker,4.401474634467384,17.74675972083749
12611205,Löddeköpinge Centrum,4.273726842678983,27.321237993596586
12620101,Lilla Lomma - Lomma Ö - Alnarp,6.201526912113023,16.149068322981368
12620102,Lomma Hamn,3.2596889336417796,18.432510885341074
12620103,Båt- och Fågelgatorna,2.0668602253146324,18.324197337509787
12620104,Piläng,4.315116030657019,23.7417943107221
12620105,Karstorp,8.313075396437263,17.44312026002167
12620106,Lervik,6.95965661809136,22.075637642919965
12620107,Lomma Centrum,3.9996083070650306,27.466666666666665
12620108,Lomma Strand - Habo Ljung,3.9699023252319376,14.814814814814815
12620109,Vinstorp,5.05825469439351,23.276723276723278
12620201,Bjärred N - Borgeby,4.036360553199942,18.255908720456397
12620202,Löddesnäs,4.112740183463915,21.973466003316748
12620301,Bjärred S,2.872901343305332,12.761904761904763
12620302,Bjärehov,2.913964305766333,17.660818713450293
12620303,Flädie-Fjelie,4.288696293060806,18.697829716193656
12620304,Bjärred V,2.7190294729983515,10.38961038961039
12620305,Bjärred Ö,4.552119606580881,20.479041916167663
12630101,Svedala centrum,6.21773969044439,24.695369618196587
12630102,Svedala stadsparken-Sjödiken,7.626090293035904,23.096885813148788
12630103,Svedala kyrka,4.551302878491166,23.632993512511586
12630104,Svedala väster–Skabersjö,3.1184092239750614,19.391947411668035
12630105,Svedala norr,4.291538561595702,20.386100386100384
12630106,Svedala öster-Börringe,3.0881106809785632,16.16062683643487
12630107,Svedala söder,4.076625650705489,18.28793774319066
12630108,Svedala gamla Sockerbruket,8.442447852663312,24.538893344025663
12630703,Bara centrum,5.75341344317729,27.517447657028914
12630704,Bara Torup,5.176717786893899,22.536687631027252
12630705,Bara Bjärshög,4.934170031209058,19.960474308300395
12630801,"Klågerup, Hyby, Holmeja",4.142297910533228,17.707362534948743
12630802,Klågerup Centrum,4.804045567533091,21.44578313253012
12640101,Skurup NV,6.635296333047522,24.496877168632892
12640102,Skurup NO,10.171871788733194,25.061830173124484
12640103,Skurup SV,5.556221215327382,24.43019943019943
12640104,Skurup SO,5.911969695011399,21.279290690310322
12640601,Skivarp N,3.036750418750776,15.490673154906732
12640602,Skivarp S - Abbekås,3.142028057530103,16.93548387096774
12641001,Rydsgård,3.5790404227215027,19.722901385493074
12641101,Slimminge,3.730535865455185,17.12511091393079
12650101,Sjöbo Sandbäck,3.5767101798224687,15.412186379928315
12650301,Sjöbo Emanuel,4.2630933959402375,19.29824561403509
12650302,Sjöbo Centrum,4.007343456407998,26.372315035799524
12650303,Sjöbo Färsinga,4.86488434195627,17.756183745583037
12650304,Sjöbo Linné,2.7994082281822337,16.796267496111977
12650401,Sövde,1.6904641185953144,16.631130063965884
12650501,Blentarp,2.6969154110229727,15.231316725978647
12650601,Everlöv,2.144740217540059,15.654520917678813
12650901,Vanstad,1.76883154145617,11.992071357779981
12651001,Lövestad,3.064274712608994,15.045395590142672
12651101,Fränninge,2.248404569170721,11.627906976744185
12651201,Vollsjö,2.9123152524003215,13.363533408833522
12651501,Östra Kärrstorp,3.912647151835812,16.949152542372882
12660201,Hörby väst,3.3616044440473085,24.965986394557824
12660202,Hörby norr,7.855852389372814,24.65277777777778
12660203,Hörby sydväst,3.913967401312261,22.083639031548056
12660204,Hörby öst,7.2769716790551096,24.655172413793103
12660301,Långaröd,3.5421961046989527,14.627659574468085
12660501,Ludvigsborg,2.321543973187406,17.81864299302473
12660701,Östraby-Västerstad,1.6847182453885927,13.776944704779757
12660801,Svensköp,3.232207016775467,15.881883479648844
12670201,Höör/Bokeslund,3.3879385282328633,21.920135938827528
12670202,Höör/Ormanäs,5.593823086850694,22.395326192794546
12670203,Höör/Veterinärsområdet,3.4645654771671253,27.352682497801233
12670204,Höör/Centrum,5.4219216836548565,25.73789846517119
12670205,Höör/Åkersberg,3.038804501795623,21.857142857142858
12670206,Höör/Stanstorp,5.362696608590281,20.19138755980861
12670301,Höör/Snogeröd,2.8402392518051154,13.307984790874524
12670401,Höör/Orup,2.7231859275781223,21.5
12670601,Höör/Frostavallen,2.4819861578196627,16.80244399185336
12670801,Höör/Tjörnarp,4.007582378080269,17.687074829931973
12700510,Tomelilla S,7.245133931435828,24.091919940696812
12700511,Tomelilla tätort SV,13.262224777222409,28.586171310629513
12700512,Tomelilla Ö,9.683199126985464,22.261484098939928
12700513,Tomelilla V och Tryde,4.4782418813233935,23.064113238967526
12700607,Onslunda,1.6584771461917676,14.576802507836991
12700910,Smedstorp,2.7157234428389456,16.826003824091778
12701113,Brösarp,1.7807610823752524,18.335901386748844
12720101,Ivetofta,3.4140318180440685,24.366812227074234
12720102,Bromölla Västra,11.39967583356075,26.720183486238533
12720103,Bromölla Östra,7.287820337296024,25.53191489361702
12720104,Bromölla Centrala,13.324560244843033,26.73076923076923
12720105,Bromölla Södra,13.339215520403018,30.42226487523992
12720201,Nymölla-Gualöv-Valje,5.684179547653533,24.21812349639134
12720301,Näsum,2.7882632866950097,17.842323651452283
12730101,Osby Sydväst,6.973841452841275,28.39632277834525
12730102,Osby Nordväst,12.365633851039197,25.63667232597623
12730103,Osby Norra,10.356993682456729,27.437858508604208
12730104,Osby Nordöst,9.821278134447455,25.052854122621564
12730105,Osby Södra,5.840120344817758,22.427440633245382
12730201,Örkened Centralt,8.33333331476846,28.38002436053593
12730202,Örkened,5.540721449709187,21.201814058956916
12730301,Loshult/Killeberg,5.70610457194139,23.011363636363637
12750101,Södra,14.755045234915288,28.55263157894737
12750102,Västra,19.09812281183656,30.594900849858355
12750103,Östra,13.534729129528788,25.868725868725868
12750104,Centrum och Norra,18.176458338807596,30.889235569422777
12750105,Oderljunga,5.333620934186423,11.934156378600823
12760101,Klippan N-Gråmanstorp mfl,11.025153019384208,25.11574074074074
12760102,Klippan NÖ-Solslätt,6.2965099302610374,26.76200204290092
12760103,Klippan V,11.560689790368201,29.389312977099237
12760106,Klippan SÖ-Nyslätt-Elfdalen,6.523988655921292,25.309150865622424
12760204,Storäng-Vedby mfl,2.3723428408778173,17.925247902364607
12760305,Krika-Bonnarp-Nybygget,3.1919543985324896,15.487804878048781
12760410,Riseberga-Färingtofta mfl,2.0097224071161226,14.037267080745341
12760507,Ljungbyhed N,4.411546614671283,19.708029197080293
12760508,Ljungbyhed S,4.2910197653176265,15.701415701415701
12760711,Östra Ljungby,2.6542504937433375,18.181818181818183
12760712,Stidsvig,2.825270461671164,20.28985507246377
12770101,Åstorp  Centrum,13.682508742541925,30.905695611577965
12770102,Åstorp  Björnekulla,7.945093347454803,24.025974025974026
12770105,Åstorp  Bjärshög,25.66169595010358,34.67261904761905
12770106,Åstorp  Dala,15.492769990653011,29.98678996036988
12770107,Åstorp  Öster,5.460681891686904,24.116743471582183
12770110,Åstorp Norr,13.971257395369156,33.3716915995397
12770203,Nyvång,14.010647612610382,27.804878048780488
12770204,Hyllinge,11.668680339530333,26.0840108401084
12770308,Kvidinge tätort,4.384236463260672,21.39830508474576
12770309,Kvidinge landsbygd,3.4685269154097362,14.551083591331269
12780101,Båstad Västra,6.873960409763389,12.53012048192771
12780102,Båstad Östra,6.94544167602261,20.16021361815754
12780202,Förslöv Västra,5.276607118252246,23.390151515151516
12780203,Förslöv Östra,5.039912087876899,25.203989120580236
12780303,Grevie,5.121047993196356,19.84732824427481
12780404,Västra Karup,3.2429333143843224,11.934156378600823
12780607,Torekov-Hov,2.971435125028249,13.10763888888889
12780703,Östra Karup,4.32691523988505,16.666666666666668
12780704,Hemmeslöv-Riviera,3.167931161536316,18.806384455239417
12800101,Gamla staden V,8.096424628935813,23.663453111305873
12800102,Gamla staden-Stortorget,11.549387473333137,18.66859623733719
12800103,Gamla staden-Caroli,14.796416880260503,23.4746639089969
12800104,Gamla staden-Ö Tullgatan,13.2692106595082,24.81132075471698
12800105,Gamla staden-Österport,16.66562193607379,29.26553672316384
12800106,Davidshall,8.85085195457416,22.319474835886215
12800107,Davidshall-Lugnet,11.786257118148399,24.85256950294861
12800108,Västra hamnen,8.346482651251327,22.20508866615266
12800109,Västra hamnen-Flaggskeppet,13.100649427151165,21.54280338664158
12800110,Västra hamnen-Dockplatsen,7.142829227844935,17.69352290679305
12800111,Slussen-Ö Förstadsg,14.330558793158392,25.39159109645507
12800112,Slussen,15.83858882897622,28.96969696969697
12800113,Östervärn-Fredsgatan,27.686520501860123,30.528586839266453
12800114,Östervärn-Nobelv,13.962942281016943,23.14730100640439
12800115,Ellstorp,10.915948109852879,26.357267950963223
12800116,N Sorgenfri,29.556538568958967,31.93717277486911
12800117,Värnhem,24.555690360985437,29.09090909090909
12800118,Rörsjöstaden-Rörsjöparken,9.38395147632331,23.132036847492323
12800119,Rörsjöstaden-Kungsgatan,9.497352274235366,22.85012285012285
12800120,V Sorgenfri-Betania,11.385568730146186,25.134264232008594
12800121,V Sorgenfri-Rörsjö,20.76474565608555,29.807692307692307
12800122,Lugnet-Rörsjö,13.90432086823881,22.860492379835872
12800123,Lugnet,19.894615114687426,28.06282722513089
12800124,Rådmansvången-Triangeln,13.99678491783258,25.122749590834697
12800125,Rådmansvången-Stadshuset,14.537968672487906,29.07530981887512
12800126,Rådmansvången-S Förstadsgatan,15.183079226268106,22.41537053979872
12800127,Rådmansvången-Tandläkarhögskolan,18.19567670809783,26.463700234192036
12800128,Västra hamnen-Fullriggaren,14.70092571696918,23.353819139596137
12800129,Gamla staden-S Promenaden,13.457146930330769,24.437299035369776
12800130,Rörsjöstaden-Föreningsgatan,6.446067442781421,22.86282306163022
12800131,Västra hamnen-Kockum fritid,12.778736677401247,24.076281287246722
12800132,Katrinelund-Värnhem,20.967621127961994,25.798101811906815
12800133,Västra hamnen-Isbergs gata,10.042044585987323,22.89855072463768
12800134,Västra hamnen-Bassängkajen,11.424493860481595,21.840759678597518
12800135,Västra hamnen-Bomgatan,13.318019195784322,25.835866261398177
12800136,Västra hamnen-Varvsparken,14.014853162573162,23.380566801619434
12800137,Värnhem-Rörsjö,21.10650658958186,28.460038986354775
12800201,Möllevången-Bergsgatan,24.281674771866708,26.519337016574585
12800202,V Sorgenfri-Mariagatan,6.552807325287715,24.228395061728396
12800203,V Sorgenfri-Nobelv,14.321485183185906,20.54154995331466
12800204,Möllevångstorget N,19.06427444801736,25.851063829787233
12800205,Möllevången-Folkets park,11.588150982594444,20.84623323013416
12800206,Möllevången-Karlskronaplan,12.0746131261146,22.62008733624454
12800207,Möllevången-Bangatan,33.374554363106306,34.36241610738255
12800208,Möllevången-Södervärnsplan,19.904510901246482,29.37853107344633
12800209,Södervärn,19.418812255944815,25.0
12800210,Flensburg-Allm sjukhuset,24.584089860054007,29.419354838709676
12800211,S Sofielund-Seved,32.29811417964763,26.58385093167702
12800212,N Sofielund-Sofielundsskolan,22.042035289314565,24.361158432708688
12800213,S Sofielund-Bryggeriet,32.10275525620385,30.878859857482187
12800214,N Sofielund-Nobelv,15.33853724223866,23.251417769376182
12800215,N Sofielund-Nobeltorget,12.380584661735238,22.961104140526977
12800216,Ö Sorgenfri-Kiviksgatan,10.873761629427756,21.800165152766308
12800217,Ö Sorgenfri-Nobelv,16.910854342215874,25.502645502645503
12800218,Ö Sorgenfri-Sorgenfrivägen,30.21790168816722,30.984455958549223
12800219,Ö Sorgenfri-Brantevik,12.059255876331818,30.450669914738125
12800220,Annelund,24.991881625773352,30.830489192263936
12800221,Lönngården,23.2003694959988,26.580645161290324
12800222,Möllevångstorget S,18.288434155015107,20.96597145993414
12800301,Hästhagen,4.1376915700939625,20.0
12800302,Fågelbacken N,8.498067275864294,27.686703096539162
12800303,Kronprinsen,12.251930405219964,27.170236753100337
12800304,Fågelbacken S,10.744995640703097,23.454157782515992
12800305,Kronborg-Teatern,9.962354091960584,25.60553633217993
12800306,Rönneholm SO,9.744484569262518,24.562937062937063
12800307,Rönneholm-Mariedalsv,5.730046565373314,24.7
12800308,Rönneholm NV,5.468259914951217,25.22603978300181
12800309,Rönneholm NO,5.4707198712174785,20.486985726280437
12800310,Rönneholmsparken,6.253480615342788,22.463768115942027
12800311,Ribersborg SO,4.9965167247432705,23.34004024144869
12800312,Ribersborg NO,4.834186987618085,23.197903014416777
12800313,Ribersborgsskolan,3.7285127393002044,22.580645161290324
12800314,Ribersborg-Limhamnsvägen,4.928969583801279,21.666666666666668
12800315,Ribersborg-Nicoloviusg,3.9400980301783157,22.11320754716981
12800316,Ribersborg-Regementsg,4.284970630179342,21.016949152542374
12800317,Fridhem,6.742700255833192,15.177713736791546
12800318,Västervång-Fridhem,3.9541909040466634,15.034168564920273
12800319,Mellanheden,12.951510732119454,27.820186598812555
12800320,Dammfri-Köpenhamnsvägen,11.177344411342135,24.193548387096776
12800321,Dammfri-Korsörvägen,8.936664263674338,24.85549132947977
12800322,Solbacken,11.538015014451824,22.75449101796407
12800323,Dammfri-John Ericssons väg,13.177988850596256,22.96476306196841
12800324,Kronborg,15.746049575597613,30.7103825136612
12800401,Bellevue-Nya Bellevue,5.068402905899401,9.23913043478261
12800402,Rosenvång,4.657738270955242,15.467625899280575
12800403,Gamla Limhamn-Bellevue,7.338980872636707,15.067178502879079
12800404,"Limhamn, Ön",8.3504011537439,20.25691699604743
12800405,Gamla Limhamn-Tegnérgatan,6.862360819681223,18.06640625
12800406,Gamla Limhamn-Linnéskolan,6.769878283563142,23.221343873517785
12800407,Sibbarp N,9.848344314588301,23.14901593252109
12800408,Annetorp N,8.280431521561841,19.88527724665392
12800409,Djupadal N,2.8281701369743386,18.052057094878254
12800410,Annetorp S,10.626767803372712,29.887410440122824
12800411,Sibbarp S,6.6712576662641965,13.503649635036496
12800412,Sibbarp-Hammars Park,7.437061461130069,21.474358974358974
12800413,Djupadal-Ö Rosenvång,3.7510998496824794,21.59090909090909
12800414,Djupadal-Broddaparken,6.820317945635037,21.18834080717489
12800415,Hyllieby,7.197998473728615,18.364928909952607
12800416,Bunkeflostrand N,9.595155490048619,17.938553022794846
12800417,Bunkeflostrand-Fjärilsg,5.385397995839288,21.160042964554243
12800418,Bunkeflostrand-Ängslätt,8.754356447873613,21.905476369092273
12800419,Bunkeflostrand-Strandhem,9.69175612334801,19.623461259956553
12800420,Annestad N,23.46818236821288,30.49095607235142
12800421,Bunkeflo-Vintrie,11.450509114801891,21.221374045801525
12800422,Klagshamn N,6.3904490249226,19.87704918032787
12800423,Tygelsjö Ö,5.548935437927026,21.55237377543331
12800424,V Klagstorp-Tygelsjö V,6.024774655087625,20.76045627376426
12800425,Limhamn-Dragörkajen,9.015354274644055,18.23821339950372
12800426,Kalkbrottet,17.26097999088232,24.342663273960984
12800427,Annestad S,19.784418288886517,24.316682375117814
12800428,Elinelund N,17.785781616653264,27.63496143958869
12800429,Limhamn-Cementparken,20.326802376133895,27.19298245614035
12800430,Limhamn-Fendertorget,27.247148974552644,30.224719101123597
12800431,Limhamn-Fernissagatan,18.238397391801964,23.138832997987926
12800432,Limhamn-Formgatan,14.735622657718,27.597061909758658
12800433,Limhamn-Rosengrens gata,14.224227668207995,19.151036525172753
12800434,Klagshamn S-Tygelsjö vång,7.150122671652047,24.216524216524217
12800435,Elinelund S,17.89926968218203,22.564102564102566
12800436,Gamla Limhamn-Valborgsgatan,7.080962166923178,20.29850746268657
12800501,Lorensborg N,23.257694898538148,26.998689384010486
12800502,Lorensborg V,41.04886866334408,33.44748858447488
12800503,Lorensborg SO,29.31272656245567,33.04597701149425
12800504,Bellevuegården V,27.199230880867837,33.22884012539185
12800505,Bellevuegården Ö,45.58906494906642,40.20100502512563
12800506,Kroksbäck N,21.068271297565254,37.056504599211564
12800507,Kroksbäck V,6.5088286570923595,20.32355915065723
12800508,Kroksbäck S,47.841869015206065,44.00377714825307
12800509,Borgmästaregården S,12.773400400534213,35.922330097087375
12800510,Borgmästaregården N,9.017313017481804,35.932203389830505
12800511,Södertorp,13.20003014035545,38.257173219978746
12800512,Gröndal,16.674420350653104,39.955357142857146
12800513,Kulladal N,17.593100316946717,29.19254658385093
12800514,Kulladal-Per Albin Hanssons väg,11.484015849831318,32.14890016920474
12800515,Kulladal-Kulladalsgatan,15.097443584350213,37.52808988764045
12800516,Holma N,36.16641939950612,43.02325581395349
12800517,Holma S,48.48058418493594,45.23809523809524
12800518,Lindeborg-Axel Danielssons väg,20.76173303837146,36.656596173212485
12800519,Lindeborg Centrum,21.168070017397536,36.42645607107601
12800520,Lindeborg-Stolpalösaparken,21.27275595241396,34.72222222222222
12800521,Hyllievång-Tennisgränd,35.91276969232132,30.759162303664922
12800522,Hyllievång-Allétorget,29.562200515522477,28.79746835443038
12800523,Hyllievång-Dagvattenparken,31.16753347182621,31.643625192012287
12800524,Hyllievång-Sagas gränd,27.83468064068466,29.61783439490446
12800525,Hyllievång-Skrivaregatan,28.296606091043284,31.32295719844358
12800526,Bellevuegården-Hålsjön,27.202066547594693,34.36482084690554
12800601,Heleneholm,33.611378600230644,38.23529411764706
12800602,Eriksfält,20.36859118390266,32.27146814404432
12800603,Almhög V,31.630817082253078,41.344956413449566
12800604,Almhög Ö,40.704786167566645,42.764227642276424
12800605,Augustenborg N,40.72600115856357,36.97857948139797
12800606,Augustenborg S,40.88453457040956,41.666666666666664
12800607,Hindby,19.086317304785574,35.361552028218696
12800608,Nydala NV,37.757319307298744,48.309859154929576
12800609,Nydala NO,40.8928296581814,50.332005312084995
12800610,Nydala SO,36.706938326378925,46.74418604651163
12800611,Gullviksborg,45.058488186562485,42.637362637362635
12800612,Gullvik,26.574752680354536,38.94324853228963
12800613,Ö Söderkulla,20.34426325518968,41.44736842105263
12800614,Hermodsdal,45.92004140494112,40.695915279878975
12800615,Hermodsdal-Gullviksborg,36.965475008534135,41.44645340751043
12800616,V Söderkulla-Söderkullagatan,18.424688790739527,43.141852286049236
12800617,V Söderkulla Centrum,21.846870167057794,50.91743119266055
12800618,V Söderkulla-Fosietorp,22.307765459909795,46.391752577319586
12800619,Lindängen N,29.948438872836185,45.29667149059334
12800620,Lindängen Centrum,39.143239729623104,41.06508875739645
12800621,Almvik,31.95774256119461,39.58620689655172
12800622,Lindängen Ö,38.414903382853424,42.67425320056899
12800623,Lindängen-Almvik,37.75900537385625,44.236311239193085
12800624,Lindängen-Kastanjegården,33.104176250352914,43.291995490417136
12800625,Lindängen-Vårsången,47.182976485413924,50.20746887966805
12800701,Oxie Kyrkby N,16.5020694378455,34.68507333908542
12800702,Oxie Kyrkby Ö,16.32303339113662,32.650972364380756
12800703,Oxie Kyrkby-Toarp,13.338510097336929,29.102564102564102
12800704,Kristineberg,25.891837893947073,34.01471790678659
12800705,Käglinge,13.241553242482455,31.95785776997366
12800706,Oxievång Ö,18.834232527317237,37.62945914844649
12800707,Oxievång V,24.16524902889853,36.68341708542714
12800708,Käglinge-Lockarp,12.391490576916963,26.846846846846848
12800801,Törnrosen,47.957572180877186,48.27160493827161
12800802,Örtagården V,44.97701396596341,51.03626943005181
12800803,Persborg,38.47330034336637,48.00995024875622
12800804,V Kattarp,20.817421269993265,36.177474402730375
12800805,Rosengård centrum,51.931158647729646,54.03800475059382
12800806,Apelgården S,29.294924602330255,53.76955903271693
12800807,Apelgården N,24.5254487101468,51.29032258064516
12800808,Kryddgården S,26.10983733050783,52.63157894736842
12800809,Herrgården,56.44884101160089,49.666666666666664
12800810,Kryddgården N,52.099869496410506,40.13333333333333
12800811,Törnrosen-Örtagården,50.30018192626466,47.010550996483
12800812,Örtagården Ö,45.76114554522652,52.280701754385966
12800901,Riseberga-Storhällagatan,8.745426972887902,25.14718250630782
12800902,Riseberga-Ringbergagatan,10.884404695551801,28.46441947565543
12800903,Videdal N,18.470988920599073,34.03093721565059
12800904,Videdal S,12.769916760890013,36.210762331838566
12800905,Virentofta V,13.45944101116984,31.785063752276866
12800906,Virentofta Ö,11.613239097981596,35.02824858757062
12800907,Höja,13.320538675874879,43.019296254256524
12800908,Stenkällan-Höja,13.758912053045842,39.494949494949495
12800909,Stenkällan-Jägersro Villastad,24.72563760096674,35.282457879088206
12800910,Ö Skrävlinge-Kvarnby,11.223985261539177,30.94170403587444
12800911,S Sallerup,10.164480627362963,26.155268022181147
12800912,Almgården,20.774917039747294,34.42622950819672
12800913,Ö Skrävlinge-Gyllins,10.747414511418295,33.1583552055993
12800914,Riseberga-Elsa Anderssons gata,10.884952281797021,38.91891891891892
12801001,Kirsebergsstaden-Rostorp,14.133409366036338,25.964912280701753
12801002,Kirsebergsstaden-Solgatan,13.910166254887423,24.436936936936938
12801003,Kirsebergsstaden-Kirsebergstornet,19.05684839222284,28.238341968911918
12801004,Johanneslust,7.944023897754829,27.6885043263288
12801005,Kirsebergsstaden-Beijers park,13.871943531213793,26.730310262529834
12801006,Segevång Ö,31.949633647663013,32.27931488801054
12801007,Segevång V,26.721888089420737,31.835205992509362
12801008,Segevång N,24.620099942273423,32.758620689655174
12801009,Håkanstorp,11.82401125657823,32.926829268292686
12801010,Bulltofta-Valdemarsro,13.247457206863482,30.230125523012553
12801011,Segevång S,24.03082225874579,26.666666666666668
12810101,"Centrum, Krafts rote",6.700775306715531,17.995910020449898
12810102,"Centrum, Clemens rote",7.679471612321433,22.874493927125506
12810103,"Centrum, Vårfru rote",7.840438782509889,19.23419412288513
12810104,Mårtenslund,6.794883100618178,26.007326007326007
12810105,Nöden,7.523946117267527,23.434535104364326
12810106,Revingelyckan-Margretedal,6.210280580488733,21.207430340557277
12810107,Stampelyckan-Planetstaden,7.097709998471,23.848515864892526
12810108,"Centrum,  Drottens rote-Svanelyckan",9.223941480772615,23.240033927056828
12810109,Ulrikedal,10.03147818216316,22.950819672131146
12810110,Gylleholm,8.089038396513152,15.80188679245283
12810111,"Centrum, Färgaren",8.45662492261953,23.547717842323653
12810201,Kobjer-Sliparelyckan,10.730072457327903,27.434377646062657
12810202,Pilelyckan-Rådmansvången,16.574301497880132,28.48167539267016
12810203,Papegojelyckan Ö,8.20031708866575,27.452667814113596
12810204,Väster,9.743586948556205,27.603640040444894
12810205,Spoletorp V,4.987254435606391,24.022346368715084
12810206,Papegojelyckan V,15.47122456862321,32.288698955365625
12810207,Värpinge - Klosters Fälad,12.98296413881309,28.006872852233677
12810208,Värpinge gård,17.82224025249361,36.003683241252304
12810209,Vildanden,24.60412845092505,25.343320848938827
12810210,Måsen,15.53099374829132,25.735294117647058
12810211,Klosterhusen,5.673904570182024,22.699386503067483
12810301,Råbylund Öster,16.88581959752742,24.81520591341077
12810302,"Linero, Vikingaparken",35.90141892820835,36.54970760233918
12810303,"Linero, Tre högars park",25.734871045169616,31.838975297346753
12810304,"Linero, Gårdarike",20.57646203335795,32.51953125
12810305,Norränga,17.730663101833358,37.94076163610719
12810306,Råbylund Väster,20.1434578660748,27.614213197969544
12810401,Olshög-Professorsstaden,7.972775295568041,18.40542832909245
12810402,Spoletorp Ö,17.5111822973113,21.523809523809526
12810403,Tuna Öster,20.161290289576257,20.91254752851711
12810404,Galjevången,9.974507613311651,19.80046047582502
12810405,Möllevången Ö,12.369389991136357,18.826739427012278
12810406,Möllevången V,14.45179317654696,23.364485981308412
12810407,Plantagelyckan,8.170178485883573,24.084177708495712
12810408,Tuna Väster,19.530069403278976,18.758256274768826
12810501,Nöbbelövs centrum,19.42913641640595,33.20790216368768
12810502,Nöbbelöv-Oscarshem,9.919803380545627,26.150474799123447
12810503,Gunnesboparken,19.039779385996,33.98804440649018
12810504,"Gunnesbo, Fornängen",11.65613342576502,33.36275375110326
12811301,"Sandby, Västervång-Hardeberga",9.222430462849585,22.833843017329254
12811302,"Sandby, Kyrkovång",7.2759232685296595,27.884615384615383
12811303,"Sandby, Fågelsång-Assarhusa",6.38033649160406,30.24162120031177
12811304,"Sandby, Östervång-Revinge",5.635525046342177,23.760818253343825
12811305,Sandby Centrum,6.930292544363233,31.374853113983548
12811601,"Dalby, Centrum-Nyvång",6.416696629451746,25.234619395203335
12811602,"Dalby, Norrevång",4.59435309803596,22.348484848484848
12811603,"Dalby, Stationen-Påskagänget",8.892475090261028,22.948870392390013
12811604,"Dalby, Pinnmöllan-Rökepipan",4.4100757069255625,30.439952437574316
12811605,Torna Hällestad,2.5181392691895295,16.842105263157894
12811606,Dalby Kolonin,7.243607675421192,25.746652935118433
12812001,"Genarp, Slätterna",8.904891660500134,23.557692307692307
12812002,"Genarp, Ekesvång",3.1522802875466316,20.36231884057971
12812101,"Veberöd, Björkhaga-Trulsbo",4.017472463656405,18.94934333958724
12812102,"Veberöd, Gamla byn",4.862831470823148,24.95446265938069
12812103,"Veberöd, Idala",4.334836494409169,17.33203505355404
12812104,Veberöd Raggeborg,4.422553711527333,24.863088718510404
12812401,Hospitalsgården-Järnåkra,12.40596586995461,28.091603053435115
12812402,Nilstorp,5.662432266634375,22.8125
12812403,Klostergården SV,13.330054409914236,30.327868852459016
12812404,Klostergården N,28.77466930358232,25.18796992481203
12812405,Sankt Lars,16.491457713678088,26.333059885151762
12812406,Klostergården SÖ,23.091373484274925,35.48951048951049
12812407,Klostergården Centrum,22.6853436102315,31.0099573257468
12812501,"N Fäladen, Kämnärsrätten SÖ",11.614892436531397,22.857142857142858
12812502,Sankt Hans park,26.891999638012962,36.348684210526315
12812503,Fäladstorget,26.06511179306449,33.56258596973865
12812504,"N Fäladen, Borgareparken",12.038949243060246,25.328554360812426
12812505,Ladugårdsmarken,23.002502917857736,31.801692865779927
12812506,Annehem,10.519938254977852,21.624087591240876
12812507,Delfi,24.66823828897676,20.62937062937063
12812508,"N Fäladen, Kämnärsrätten NV",11.614856990018618,19.085714285714285
12812509,"N Fäladen, Rådhusrätten",29.75796505867591,35.362014690451204
12812510,Offerkällan,26.182955840119217,33.0166270783848
12812511,Brunnshög,23.00724265299964,22.634508348794064
12812512,"Brunnshög, Solbjer",19.69658317196471,26.288117770767613
12812601,"Östra Torn, Spexaren",13.099450185422278,25.890279114533204
12812602,Vipelyckan,8.503265684720994,28.987993138936535
12812603,"Östra Torn, Gåsatoften",14.76815168021459,29.272151898734176
12812604,"Östra Torn, Vänortsparken",22.641036008201123,26.680244399185337
12812605,"Östra Torn, Orkesterparken",14.034499664891944,27.272727272727273
12812606,Mårtens Fälad,10.82620891702274,24.880763116057235
12812701,Vallkärra,7.513975433591175,26.200162733930025
12812702,Torn,7.898794035307771,24.939073923639317
12820101,Citadellstaden,7.267244287852356,27.802294792586054
12820102,Fröjdenborg,12.332815334145868,29.97275204359673
12820103,Norra Förstaden,19.72735985967486,38.148148148148145
12820104,Centrum,18.142975691069452,32.86467486818981
12820105,Dammhagen,24.467491393335823,43.44978165938865
12820106,Gustav Adolf,18.899585811903467,40.43607532210109
12820107,S:t Olov,14.083222809998663,30.952380952380953
12820108,Albano,11.70649307676906,37.522935779816514
12820109,Larvi,8.027083386876743,31.55473781048758
12820110,Sandvången,6.807724389393054,34.862385321100916
12820111,Helgebröten,4.283247375693267,45.22727272727273
12820112,Norrestad,22.910372075110853,46.49484536082474
12820113,Karlslund,20.42830683134832,40.882917466410746
12820114,Västra Fäladen,4.026823216533625,40.24590163934426
12820115,Drottningen,2.627729771173131,30.774907749077492
12820116,Svaneholm,2.346034974345895,18.837675350701403
12820117,Norra Borstahusen,2.9516183442974007,22.799575821845174
12820118,Weibullsholm,22.74601322089066,36.9060773480663
12820201,Ven,4.670433036753417,17.391304347826086
12820301,Annelöv,3.281590303240202,15.804066543438077
12820401,Häljarp Norra,3.4412718143740944,21.45377558221595
12820402,Häljarp Södra,3.8159173896232272,24.04881550610194
12820501,Asmundtorp,4.922427966223642,21.037463976945244
12820801,Härslöv,6.667381667374414,23.93483709273183
12820802,Glumslöv Norra,2.95408826148255,21.037735849056602
12820803,Glumslöv Södra,3.3493563747296444,19.377162629757784
12830101,Olympia,15.811676809130368,26.379794200187092
12830102,Centrum S,9.907584708589955,22.80701754385965
12830103,Centrum V,5.731893016918066,17.145200984413453
12830104,Slottshöjden S,7.697512263833111,25.86054721977052
12830105,Slottshöjden N,15.568455829814381,26.896551724137932
12830106,Stattena,14.994546719170497,29.16256157635468
12830107,Centrum Ö,7.0343387352016435,17.67676767676768
12830108,Tågaborg Ö,9.97909604402364,24.448367166813767
12830109,Tågaborg S,7.138994895939078,22.59983007646559
12830110,St Jörgens plats,4.3313595204750674,16.798592788038697
12830111,Tågaborg M,8.096330425682243,21.076233183856502
12830112,Tågaborg N,5.537985258864083,12.852112676056338
12830113,Pålsjöbaden,3.5391149058671947,12.318840579710145
12830114,Pålsjö Ö,11.29374442470938,30.358785648574056
12830115,Ringstorp C,10.647827787588387,28.205128205128204
12830116,Berga,15.048123348138908,32.602739726027394
12830117,Mariastaden N,14.059906258335266,21.47293700088731
12830118,Mariastaden V,6.831787280051588,21.93548387096774
12830119,Mariastaden Ö,19.47592050927293,28.891820580474935
12830120,Ringstorp Ö,10.918952143362695,27.31614135625597
12830121,Tågaborg C,6.8670289010294105,22.315592903828197
12830122,Margaretaplatsen,3.7194948468147144,18.770581778265644
12830123,Ringstorp N,9.647346885539832,23.866790009250693
12830124,Mariastaden S,10.207558600431113,23.64810330912026
12830201,Furutorp,32.5978864274391,39.27986906710311
12830202,Stadsparken,37.69234957609472,35.89041095890411
12830203,Högaborg V,38.74735403797049,37.3109243697479
12830204,Eneborg V,37.171906394989314,34.84848484848485
12830205,Wilson park,10.067547032562704,22.201138519924097
12830206,Eneborg M,29.88544774216207,32.23570190641248
12830207,Högaborg Ö,33.88911510821756,40.7557354925776
12830208,Viskängen,13.547017684308358,29.68299711815562
12830209,Närlunda,35.88321407586715,44.0
12830210,Eskilsminne,14.311948153345545,25.073457394711067
12830211,Ragnvalla,26.201383746406695,38.38748495788207
12830212,Adolfsberg-Västergård S,21.216470520938827,41.78712220762155
12830213,Sofieberg,8.002807925857576,28.31505483549352
12830214,Husensjö,5.519881523001531,26.634382566585955
12830215,Rosengården Ö,18.725324452462793,48.03921568627451
12830216,Rosengården V,17.5980106789393,35.55093555093555
12830217,Västergård N,19.802355711762374,37.3806275579809
12830218,Gustavslund Ö,10.195606881741565,27.332089552238806
12830219,Söder,37.96532950466723,38.58156028368794
12830220,Gustav Adolf,41.29906928982687,40.38155802861685
12830221,Oceanhamnen,26.71034626770662,27.615062761506277
12830222,Eneborg Ö,28.165306625119985,28.32369942196532
12830223,Rosengården C,19.088594092680886,33.14794215795328
12830224,Gustavslund V,9.768719183170278,25.603864734299517
12830301,Råå S,1.8132420492207884,19.902120717781404
12830302,Råå N,2.2332731762723212,21.804511278195488
12830303,Högasten,14.28399936059154,28.83895131086142
12830304,Lussebäcken,17.36449786464465,29.418742586002374
12830305,Planteringen S,29.234996633448564,34.13231064237775
12830306,Planteringen N,42.11784774399393,39.9284862932062
12830307,Elineberg,32.23861804098732,33.01178992497321
12830308,Ramlösabrunn,10.378494638535969,28.71362940275651
12830309,Ramlösa N,5.860266122516247,23.481414324569357
12830310,Humlegården,5.7036866638755175,23.732057416267942
12830311,Ättekulla N,14.030667805079364,36.97674418604651
12830312,Raus S,10.254230132853612,27.25225225225225
12830313,Ramlösa Ö,7.4695481083884125,20.07366482504604
12830314,Ättekulla Ö,10.55145490298174,34.23772609819122
12830401,Kattarp N,5.6517817311231875,17.453347969264545
12830501,Kattarp S,7.971725900701005,19.047619047619047
12830601,Allerum,5.657785854361732,12.258687258687258
12830602,Hittarp-Domsten,3.3233824225948863,10.707803992740471
12830603,Laröd V,3.321240807488505,15.750615258408532
12830604,Laröd Ö,4.351269707915698,19.006309148264986
12830701,Ödåkra V,12.670880539919198,31.175934366453966
12830702,Ödåkra Ö,12.434743976523576,30.201342281879196
12830703,Björka-Väla,20.472626121315884,39.42992874109264
12830901,Påarp V,9.047241870600235,24.342105263157894
12830902,Påarp Ö,4.190936192912571,23.92055267702936
12831201,Mörarp V,4.751780252185432,17.625458996328028
12831202,Mörarp Ö,5.805285473382144,19.337016574585636
12831301,Bårslöv Ö,9.477626647967027,25.41720154043646
12831302,Bårslöv V,16.567251425396933,31.782945736434108
12831601,Rydebäck N,3.081876613479407,17.56633119853614
12831602,Rydebäck S,1.909833702745474,17.1455938697318
12831603,Gantofta,2.8861213904703678,19.16376306620209
12831604,Vallåkra-Ottarp,2.9360078461996486,17.575187969924812
12831605,Rydebäck Ö,2.9271102838677843,21.477079796264857
12831606,Rydebäck M,2.6713239660743953,21.928327645051194
12831701,Fredriksdal V,31.588791598708738,44.522968197879855
12831702,Fredriksdal M,34.85066541091954,42.83965728274174
12831703,Drottninghög Ö,37.35676259577409,43.259803921568626
12831704,Drottninghög V,32.85711034439771,37.82857142857143
12831705,Dalhem-Källstorp,23.014606856303303,39.130434782608695
12831706,Dalhem S,31.640840337085372,41.33771929824562
12831707,Brohult,19.807007789805162,39.59131545338442
12831708,Lundsbäck,38.82414438101536,33.672172808132146
12831709,Fredriksdal Ö,40.56322692599991,41.09347442680776
12840001,Nyhamn V,2.9575422086611294,16.783216783216783
12840002,Nyhamn Ö - Brunnby,2.7819139897874847,18.167456556082147
12840003,Jonstorp V - Ingelsträde,3.0579182586055635,17.696629213483146
12840004,Jonstorp Ö,1.6884789218143832,15.79643093192333
12840005,Höganäs NV,5.234543813962899,26.273062730627306
12840006,Höganäs NÖ - Väsby,4.234694772884087,29.58833619210978
12840007,Höganäs C,8.586305678366347,30.237580993520517
12840008,Höganäs S,13.054167885370699,26.08012568735271
12840009,Höganäs SÖ,11.807567127630492,32.71028037383178
12840010,Höganäs Ö,9.090880398022547,28.937728937728938
12840011,Lerberget N,2.9030414677965117,20.043572984749456
12840012,Lerberget S,3.896721958430035,20.54945054945055
12840013,Viken N,1.5340992653604655,13.676588897827836
12840014,Viken Ö,2.9856209097122535,17.055296469020654
12840015,Viken S,2.19376117799198,9.023941068139964
12850101,Centrum Sydost,15.883985683861388,31.804878048780488
12850102,Centrum Väster,16.50766650485995,32.38255033557047
12850103,Karlsro,7.824058346558206,30.522765598650928
12850104,Norr,16.995866771724973,30.97667638483965
12850105,Rönneberga,20.436523187865664,34.36293436293436
12850106,Solkullen,7.078451136047762,29.857142857142858
12850107,Väster,4.283155735485338,26.38266068759342
12850108,Sallerup,12.979094021546269,32.02080237741456
12850109,Berga,15.913787268346967,31.887456037514653
12850110,Örtofta,7.770644988099542,21.914893617021278
12850111,Centrum,18.750742973867744,33.333333333333336
12850201,Stehag,2.5578985543380854,20.94017094017094
12850401,Västra Strö,10.390440605820347,17.48148148148148
12850801,Billinge,4.595401540323043,16.747967479674795
12850901,Skarhult,3.2107256620638105,16.742081447963802
12851101,Marieholm,9.511958743475217,23.854796888504755
12851301,Löberöd,5.172906700107524,17.111315547378105
12851401,Harlösa,2.8999067527962255,15.779092702169626
12851601,Flyinge,5.071316123042386,19.48160535117057
12860101,Edvinshem SÖ-Gjuteriet,7.24952274062079,29.366438356164384
12860102,Edvinshem N,3.629665218651693,30.927835051546392
12860103,Bellevue S,6.012810445015336,26.381909547738694
12860104,Bellevue N,6.209382076611001,26.36457260556128
12860105,Solbacken N,4.776673183049984,28.753680078508342
12860106,Hälsobacken,3.8037701898133727,28.80475129918337
12860107,Egna hem-Solbacken SÖ,3.913443681467096,23.65063788027478
12860108,Surbrunnen-Östra förstaden N,5.67010741859257,28.767123287671232
12860109,Ö förstaden S-Regementet-Sandskogen,8.984749294986536,24.867724867724867
12860110,Gamla staden V,8.756369099153295,30.67632850241546
12860111,Västra Sjöstaden-Åkesholm,4.316875833629815,24.753363228699552
12860112,Gamla staden Ö,9.506726367536967,27.583333333333332
12860401,Svarte-Snårestad-Bjäresjö-Sjörup mfl,2.38398033398115,18.6046511627907
12860701,StHerrestad-Hedeskoga-Bussjö-Källesj,2.7793807061153015,19.16842847075405
12861101,Nybrostrand-St Köpinge-Svenstorp,1.5592261269407885,15.962777380100215
12861102,Köpingebro,3.5248622714891487,26.481257557436518
12861201,Sövestad-Baldringe-Högestad m fl,1.9181388157783732,17.184035476718403
12861601,Löderup m fl,4.452054452347988,18.229166666666668
12861801,Glemmingebro-Ingelstorp-Kåseberga,4.2604499961875,20.076726342710998
12870101,Fuglie-Hammarlöv-Alstad,3.0422894658276354,15.594059405940595
12870102,Skegrie,2.9626313748461817,15.445232466509061
12870103,Skåre-Maglarp-Västra Tommarp,3.8775629281714936,18.128654970760234
12870104,Tågarp-Västervång,4.1946954704891795,26.038062283737023
12870105,Högalid-Lundhög,4.26587497892928,25.634725634725633
12870106,Granlunda-Söderslättshallen,5.3893855367822905,28.40073529411765
12870107,Barnängen-Liljeskolan,5.944020800690183,28.316610925306577
12870108,Parken-Trelleborg Övre,7.823026674420642,28.557114228456914
12870109,Vannhög-Bastionen,6.199539650623784,30.035026269702275
12870110,Söderslättsgymnasiet-Hamngatan,10.60384940351983,33.25581395348837
12870111,Trelleborgen-S:t Nicolai,9.871721009681096,34.732824427480914
12870112,Friheden,8.420923706298675,31.876861966236344
12870113,Flaningen,4.742183399287741,33.52326685660019
12870201,Centralstationen-Hamnen,9.380131420321861,30.895196506550217
12870202,Wemmenhögsgatan-S:ta Gertruds väg,8.864458901643602,27.706057596822244
12870203,Klockaregatan-Österlid,12.955642639122292,32.8719723183391
12870204,Flintedal-Kyrkoköpinge-Malörten,10.482153579554183,35.0210970464135
12870205,Pilevall-Dalköpinge kyrka,13.808068081529663,40.98557692307692
12870206,Fagerängen-Östra stranden,14.49293353600451,35.06366307541626
12870207,Dalköpinge-Svartesjö,3.2410027448073215,21.513217866909756
12870208,Gislövs läge-Gylle-Bösarp,2.8512241477557083,16.652286453839515
12870209,Norra Åby-Böste,2.106864767793971,16.476345840130506
12870210,Stora Isie-Äspö-Smygehamn,2.3864787108223524,19.952305246422892
12870211,Beddingestrand,1.9885289866183589,15.828524319868096
12870212,Jordberga-Klagstorp-Önnarp,2.2171555109874643,16.01769911504425
12870213,Anderslöv östra-Grönby-Näsbyholm,2.4162327815489926,15.572390572390573
12870214,Anderslöv västra-Lilla Alstad,2.7119424922305533,16.097560975609756
12900101,Centrum,23.131425166687507,27.687548337200308
12900102,Söder-Udden,18.14567763180205,31.555555555555557
12900103,Söder,16.74621440386165,25.663082437275985
12900104,Östermalm,13.422662044765417,24.14965986394558
12900105,Egna Hem - Parkstaden,12.54812326446233,21.28
12900106,Lyckans Höjd,20.65642775381603,32.51231527093596
12900107,Östra Fäladen,25.326491815790288,34.899328859060404
12900108,Gamlegården1,56.110208844175894,45.25205158264947
12900109,Gamlegården2,52.50444656897576,47.023809523809526
12900111,Kulltorp,14.465305893463974,27.642980935875215
12900112,Näsby norra,24.968354245519805,40.104166666666664
12900113,Näsby södra,22.79884405912164,34.10696266397578
12900114,Österäng,29.02628436997644,42.093023255813954
12900115,Öllsjö,5.151751867011901,23.323076923076922
12900116,Sommarlust,22.603831577443483,29.53451043338684
12900209,Charlottesborg - Härlöv,18.286348374143813,40.27055150884495
12900210,Hedentorp - Åsum,7.888297009300928,29.91329479768786
12900216,Vilan-Långebro,18.681761905626292,32.8448275862069
12900402,Träne - Djurröd - Skepparslöv,4.233633713918308,14.08987052551409
12900702,Vä,4.694343619972926,22.126816380449142
12900803,Köpinge - Nöbbelöv,2.3856986043723794,18.956521739130434
12900901,Hammar,8.521426829071983,27.73109243697479
12900902,Nosaby,11.93429167541011,29.754601226993866
12900903,Hammarslund-Gamla Hammar och Araslöv,10.684705171119367,24.900872323552736
12901103,Österslöv - Balsby - Fjälkestad,18.100632253870973,18.957771787960468
12901303,Önnestad-Norra Strö,3.4731538617556383,20.20979020979021
12901401,Färlöv,5.135554958471982,26.967095851216023
12901501,Åhus centrum,2.986503079708389,16.574585635359117
12901502,Åhus-Täppet,1.505072840143825,17.183570829840736
12901503,Åhus Transval-Sånna,1.9851413395222768,24.316682375117814
12901505,Åhus Vattentornet-Ripa,1.6189322217811177,18.36469824789098
12901506,Åhus Äspet,1.5928105696103056,11.207519884309471
12901507,Åhus Vanneberga - Östra Sand,1.7163834325780227,16.739766081871345
12901701,Everöd - Östra Sönnarslöv - Huaröd,3.10818547404886,17.851739788199698
12902301,Bäckaskog,2.2359746834215546,17.865429234338748
12902401,Fjälkinge - Nymö,4.119710870817234,20.960365853658537
12902501,Gustav Adolf - Rinkaby,4.9109033716798836,21.518987341772153
12902901,Degeberga - Hörröd,2.3421898603771423,19.85588470776621
12903001,Yngsjö - Vittskövle - Maglehem,2.079525309015135,19.394292370413513
12903103,Tollarp-Linderöd-Äsphult,3.335268184843508,14.017929910350448
12903201,Tollarp centrum södra,4.800730458215777,22.431865828092242
12903202,Tollarp centrum norra,4.713794946429081,24.55395072217502
12903501,Oppmanna - Vånga - Arkelstorp,2.6797615556836822,18.930041152263374
12910101,Simrishamn N,5.786773447358618,27.669172932330827
12910102,Simrishamn C,15.173061529273049,28.529121421520237
12910103,Simrishamn S,11.55164719693083,31.18452860596293
12910204,Simris,6.662837522523457,23.508137432188065
12910408,Gladsax,3.987285653696164,18.424242424242426
12910609,Skillinge,2.1291859324347246,20.024875621890548
12910710,Borrby,3.3526174076955355,21.389793702497286
12911114,Gärsnäs,4.196863472421475,19.677996422182467
12911316,Hammenhög,4.809591456843483,17.262512768130744
12911720,S:t Olof,2.950638949831874,18.484650555192683
12911922,Kivik,2.453323278136174,17.221770917952885
12920101,Ausås-Strövelstorp,3.9647651919731404,18.059490084985836
12920102,Höja-Starby,3.3875712158627223,12.087912087912088
12920103,Skörpinge,4.902297959672586,24.2
12920104,Södra Utmarken,3.269576574564679,26.477683956574186
12920105,Willan,17.13813679044412,31.27208480565371
12920106,Ängavången,10.534047532104626,26.962209302325583
12920107,Centrum S,5.227008054903965,25.587467362924283
12920108,Nya Torg,9.01829492201816,26.462395543175486
12920109,Sockerbruket,5.410120764986618,32.516703786191535
12920110,Danielslund,4.602133577732861,20.424403183023873
12920111,Centrum N,8.080299566360255,21.162790697674417
12920201,Kungsgården,12.786218445605487,36.44927536231884
12920202,Munka Ljungby S,5.686221234499798,22.800844475721323
12920203,Tåssjö-Össjö,1.817491300034706,15.836526181353767
12920204,Munka Ljungby N,2.9026771115760335,20.046439628482972
12920205,Rebbelberga,3.8546059869855127,24.472295514511874
12920206,Pomona,2.9378296968054656,20.491174213353798
12920207,Skälderviken,2.7110049611636535,16.59111514052584
12920208,Magnarp,1.2400842304924375,17.727272727272727
12920209,Vejbystrand,2.8495394133592353,25.280898876404493
12920210,Hjärnarp S,2.854869654199227,20.89227421109902
12920211,Hjärnarp N,2.1534880790239295,20.574606116774792
12930101,T4-området,14.48142982900759,27.674190382728163
12930102,Gäddastorp,11.464399232269287,23.178016726403822
12930103,Bokeberg,10.170621178863023,33.36933045356371
12930104,Stattena,10.98074892106906,25.0
12930105,Hässleholm C,16.957324688519915,26.59313725490196
12930106,Djupadal,17.329179435731465,25.657071339173967
12930107,Haga,15.388263054408034,26.28205128205128
12930108,Kristinehem-Ekedal,11.889385791592384,28.677248677248677
12930109,Sjörröd,3.625971111635107,21.626617375231053
12930110,Östervärn-Röinge,13.573289301273173,27.902946273830157
12930111,Läreda,40.545786236937715,37.72378516624041
12930112,Ljungdala,10.405632884141177,34.30725730442978
12930113,Fredentorp,7.838259579951794,27.0042194092827
12930114,Bokalyckan,11.37965449865796,27.616926503340757
12930301,Stoby-Ignaberga,4.53829471399303,18.13426329555362
12930302,Ballingslöv,3.449709547618364,14.583333333333334
12930501,Vinslöv C,2.222222911570056,25.0
12930502,Vinslöv N,2.5711865015727837,20.994940978077572
12930503,Vinslöv S,2.167795430909533,17.430441898527004
12930901,Hästveda V,3.4067034828187808,17.361894024802705
12931002,Hästveda Ö,5.975025355591282,19.975932611311674
12931203,Vittsjö utom tätorten,4.027638971750224,14.097496706192358
12931204,Vittsjö tätort,9.480686803030027,20.52980132450331
12931301,Bjärnum S,5.9811589160552865,21.699196326061998
12931302,Bjärnum N,5.390833297703476,18.426294820717132
12931402,Vankiva,7.3885843702213645,15.712383488681757
12931503,Sösdala Ö,4.962750822320426,14.775725593667547
12931504,Sösdala V,6.847331404809345,21.15171650055371
12931704,Tormestorp,3.6146565209245716,20.490928495197437
12931901,Tyringe N,10.24743114617142,21.34078212290503
12931902,Tyringe V,7.403198825499077,22.0231822971549
12931903,Finja,3.826771841054234,20.90909090909091
12931904,Tyringe S,3.089905448750374,19.047619047619047
12932005,Röke-Hörja,1.2299665700722033,13.915857605177994
13150101,Torup,9.587444044851683,31.637843336724313
13150102,Rydöbruk-Femsjö,4.899938896203288,22.88329519450801
13150201,Kinnared-Drängsered,3.635252615668206,18.66913123844732
13150401,Landeryd-Långaryd,2.0095772111454826,20.28985507246377
13150501,Hyltebruk,15.900872841675703,32.17391304347826
13150502,Örnabäckshult,21.2258495726222,32.241813602015114
13150503,Staffansbo,13.9028681128233,28.081321473951714
13150701,Unnaryd-Jälluntofta,4.483089812144341,21.13095238095238
13800101,Centrum norra,8.209741866230027,27.83278327832783
13800102,Centrum västra,7.86572380686203,29.33884297520661
13800103,Centrum södra,8.035947729827328,28.353326063249728
13800104,Galgberget västra,7.124361816343973,20.73170731707317
13800105,Galgberget östra,7.619493819893645,30.61023622047244
13800106,Kärleken-Sofieberg västra och södra,5.160585116830326,31.57894736842105
13800107,Kärleken-Sofieberg östra,5.279670813204855,26.954492415402566
13800108,Mickedala,4.9609671020257515,25.9391771019678
13800109,Rotorp norra,9.460583750867466,30.108588351431393
13800110,Rotorp södra-Alet,6.315501430955803,29.718456725755996
13800111,Kattegatt,6.136145685149734,28.163265306122447
13800112,Slottsjord,5.9148549406744975,26.869806094182824
13800201,Centrum östra-Gamletull södra,13.55140461634563,31.827731092436974
13800202,Gamletull västra,5.646183273904449,27.85315243415802
13800203,Gamletull norra och östra,9.61821466743912,31.54639175257732
13800204,Furet,6.556604952941141,28.37967401725791
13800205,Frennarp,3.5462008148394815,32.50497017892644
13800206,Nyatorp norra,18.108463582744523,32.28699551569507
13800207,Nyatorp södra,15.809007601123675,31.818181818181817
13800208,Nyhem västra,23.961187309077793,32.244897959183675
13800209,Nyhem norra och östra,22.173835489067923,36.0655737704918
13800210,Nyhem södra,24.94322145272061,33.156216790648244
13800211,Engelbrekt västra och södra,12.966735204956194,31.288343558282207
13800212,Östra Förstaden-Engelbrekt norra,10.370495619657198,25.87719298245614
13800213,Engelbrekt östra-Östra Stranden,25.792922303543147,31.34715025906736
13800214,Linehed södra,25.7601971943089,44.827586206896555
13800215,Linehed norra,23.148970070211476,43.743427970557306
13800216,Gustavsfält norra,28.778424356312406,48.167539267015705
13800217,Gustavsfält södra,32.18898957209296,43.12865497076023
13800218,Andersberg norra,47.141580340304834,45.73732718894009
13800219,Andersberg södra,43.840659204784934,49.164208456243855
13800301,Vallås västra,23.2307124974257,46.25935162094763
13800302,Vallås norra,16.010058449352357,45.923632610939116
13800303,Vallås östra,11.925520379870951,40.66147859922179
13800304,Vallås södra,14.690542538699106,44.34876210979548
13800305,Snöstorp östra-Brogård,4.581578841386223,32.635585156993336
13800306,Snöstorp västra,5.347199651131989,31.84873949579832
13800307,Fyllinge norra,9.052321298875661,44.67391304347826
13800308,Fyllinge södra,11.048385029642125,43.541488451668094
13800309,Skedala-Marbäck,2.9932241864037095,19.942748091603054
13800401,Simlångsdalen,2.0985506902538233,20.79482439926063
13800501,Oskarström västra och södra,6.898135280798388,34.03205918618989
13800502,Oskarström norra,6.409748763506028,32.6530612244898
13800503,Oskarström östra,4.536762159649126,29.23766816143498
13800701,Eldsberga-Tönnersjö,1.8650764640764528,24.24916573971079
13800702,Gullbranna-Laxvik,2.744729249350535,23.185265438786566
13800801,Trönninge,5.466500654014218,26.884422110552762
13800901,Söndrum södra,2.7016922919338886,20.964360587002098
13800902,Eketånga-Stenhuggeriet östra,3.452535678826061,20.80536912751678
13800903,Söndrum norra-Vapnö,2.615360916483454,20.01675041876047
13800904,Bäckagård-Pålsbo norra,5.760835688045965,29.690721649484537
13800905,Bäckagård-Pålsbo södra,5.086080215328252,29.702970297029704
13800906,Bäckagård-Trottaberg västra,3.0949720668669674,20.70393374741201
13800907,Frösakull östra,1.9389603394848014,19.8292220113852
13800908,Frösakull västra-Tylösand,3.3386224008499235,10.130391173520561
13800909,Eketånga-Stenhuggeriet västra,2.7209439993402986,18.76267748478702
13800910,Bäckagård-Trottaberg östra,5.704229877962671,21.314741035856574
13801001,Kärleken-Sofieberg norra-Holm,3.175762958717257,23.852183650615903
13801101,Gullbrandstorp södra-Villshärad,1.7179306126393368,26.735459662288932
13801102,Gullbrandstorp norra-Onsjö-Ågarp,1.8651952283737712,23.248730964467004
13801103,Haverdal,2.3050271290178164,22.717913520933426
13801104,Harplinge,1.7493186334235449,25.789860396767082
13801201,Steninge-Särdal,1.9040205277505364,18.493150684931507
13801401,Getinge södra-Rävinge,5.0997681787867535,29.37219730941704
13801402,Getinge norra,5.963695588036909,24.639580602883356
13801701,Kvibille-Slättåkra,1.2610420939624158,21.391752577319586
13801901,Åled västra,3.4036579034720496,26.082130965593784
13801902,Åled östra-Sennan,3.463615432367275,25.485714285714284
13810101,Laholm Centrum,11.278795450210248,32.520325203252035
13810102,Laholm Östra,13.722280220364961,34.074074074074076
13810103,Laholm Västra,6.1984676753616785,26.749271137026238
13810104,Laholm Norra,6.896736337440804,24.056999161777032
13810105,Laholm Södra,12.343527546288533,30.711206896551722
13810106,Mellbystrand Södra,1.8520586377666537,19.846491228070175
13810107,Mellbystrand Norra,1.850531455419878,19.895833333333332
13810301,Våxtorp,4.439559170512722,18.55095541401274
13810501,Hasslöv-Skottorp,4.6184629817601515,17.51740139211137
13810502,Skummeslöv,2.123215778964197,19.542362399505258
13810601,Hishult,2.202365905879206,16.20253164556962
13810701,Ränneslöv,1.143352727086931,16.0188457008245
13810801,Vallberga-Ysby,4.1864585933330165,22.727272727272727
13810901,Knäred,7.90926518615577,21.407624633431084
13811101,Veinge,3.0197184319337844,20.105355575065847
13811102,Tjärby,7.934193448560758,24.5385450597177
13820101,FBG 1 V Gärdet-Hamnen-Gamla stan,12.409295930225639,29.64196502914238
13820102,FBG 2 Arvidstorp,11.196328101206474,36.36363636363637
13820103,FBG 3 Herting,15.662817218762605,28.926353149955634
13820104,FBG 4 V Gärdet-Smedjeholm,9.3398234983408,37.236731255265376
13820105,FBG 5 Centrum,14.026255800961348,33.82461311717023
13820106,FBG 6 Ö Gärdet-Vindilen-Fajans,9.067091423080967,37.159676232523914
13820107,FBG 7 N Skrea Strand,5.387599668717325,22.667829119442022
13820108,FBG 8 Hjortsberg,4.37073703355041,35.97922848664688
13820109,FBG 9 Tånga-Sloalyckan-V Tröinge,16.299212594440462,35.21912350597609
13820110,FBG 10 Falkagård-Stafsinge,12.141339248877793,33.22091062394604
13820112,FBG 12 S Skrea Strand-Ringsegård,3.0458066760732945,21.416083916083917
13820201,Skrea Samhälle-Ringsegård,2.3253107032983635,24.029451137884873
13820202,FBG 11 Slätten,5.235286871003374,39.92125984251968
13820301,Årstad,4.870066098646509,18.379446640316207
13820601,Slöinge,8.003920807931545,26.832460732984295
13820701,Ugglarp-Långasand,2.001537206522391,19.861431870669747
13820801,Skogstorp,7.716646515887033,36.13620569840167
13820901,Glommen-Olofsbo,2.4857812030836945,24.28454619787408
13820902,Långås-Morup,4.400626997456297,18.624641833810887
13821001,Ljungby,2.1858325705600383,17.685305591677505
13821101,Tröingeberg,6.278822730645772,31.07307439104674
13821102,Vinbergs Samhälle och kyrkby,6.16586109553331,22.989807474518685
13821201,Vessigebro,4.09149293240763,21.522556390977442
13821501,Köinge-Okome,4.7249985347066845,18.493150684931507
13821901,Ätran-Fegen,3.1381001796479047,19.550858652575958
13822301,Ullared,8.189476707916286,21.30242825607064
13822401,Älvsered,3.2477432529541304,17.59036144578313
13830121,Värö,3.3145356518953504,21.16585704371964
13830122,Stråvalla,3.523921727568402,21.754807692307693
13830123,Veddige V,3.6380450651753353,27.917026793431287
13830124,Veddige Ö,5.202058271908011,23.252858958068614
13830126,Bua,5.257348978441431,27.467811158798284
13830129,Tångaberg-Kärra-Åskloster,2.223346193909946,23.73572593800979
13830130,Bläshammar-Trönningenäs,2.6959013537201484,26.919682259488084
13830131,Lindberg-Tofta-Torpa,2.649823230878381,21.794871794871796
13830132,Valinge-Stamnared,2.1069621558989287,18.57764876632801
13830135,Brunnsberg-Norrdal,8.951177612278215,34.36395759717315
13830136,Stenåsa-Äckregården,9.46613343638255,38.888888888888886
13830137,Gamleby,6.971913385194293,27.5626423690205
13830138,Trädlyckan,6.190555899345892,36.78887484197219
13830139,Håsten,13.047283435115636,41.41315014720314
13830140,Karlberg,8.166716961646951,37.370892018779344
13830151,Kungsäter-Karl Gustav-Gunnarsjö,1.9541668296252543,17.640047675804528
13830152,Derome-Sällstorp-Grimmared,2.1139842880549855,22.392344497607656
13830153,Getterön-Lugnet-Göingegården Ö,7.060340206165012,35.63958165728077
13830154,Trönninge-Göingegården V,3.221808232823683,28.435672514619885
13830221,Skällinge-Nösslinge,1.2763197344325217,21.67630057803468
13830222,Rolfstorp,2.6591706848237595,22.145804676753784
13830223,Träslöv N,2.890735919671294,31.005291005291006
13830224,Grimeton-Gödestad-Hunnestad,1.3388718405379414,21.258503401360546
13830225,Varberg centrum S,4.09985637759114,28.671875
13830226,Varberg centrum N,8.320880371236491,33.42391304347826
13830227,Lorensberg-Tranelyckan,5.337251823023206,27.36263736263736
13830228,Lilla Träslöv,3.600744147169744,27.848101265822784
13830229,Hästhaga-Rosenfred,3.474119265245694,30.176026823134954
13830230,Mariedal,6.242998788641591,31.11668757841907
13830231,Sörse-Apelvikshöjd,11.920246127948364,42.26890756302521
13830232,Sörse-Ranelid,14.48807133763581,39.82102908277405
13830235,Apelviken-Nygård,3.4318494766780563,24.484052532833022
13830237,Träslövsläge NV,2.0299040071627545,26.630007855459546
13830238,Träslövsläge SÖ,3.0388281981226197,25.06714413607878
13830239,Tvååker V,3.712701922936708,26.47907647907648
13830240,Tvååker Ö,3.6002944845546834,29.372937293729372
13830251,Breared,3.877189721225215,30.111524163568774
13830252,Träslöv S,3.3509421566878954,30.254041570438797
13830253,Spannarp-Sibbarp-Dagsås,2.015731454792668,19.97971602434077
13840101,Innerstaden,9.05922368190885,19.634263715110684
13840102,Västra Villastaden,4.825413356787183,22.633744855967077
13840103,Ö Villastaden/Signeskulle/Gårdskulla,4.612577019816576,20.17391304347826
13840104,Hålabäck,9.72693439826803,24.137931034482758
13840105,Hammerö,12.412588605593273,23.954372623574145
13840106,Hammerö Södra/Västra,8.03538084355983,21.743589743589745
13840107,Tingberget,10.926138925567443,21.53846153846154
13840201,Varla Södra,14.573493144323908,29.91765782250686
13840202,Varla Norra,5.807720805510532,22.46553122465531
13840203,Tölö,4.165816016039194,20.276497695852534
13840204,Fors,2.744919469097306,23.65482233502538
13840205,Hede,3.101845194267262,25.933609958506224
13840206,Björkris,5.788852555660093,19.81205951448708
13840301,Anneberg,6.47880705357653,21.92374350086655
13840302,Älvsåker,3.0434490323543764,20.32450896669513
13840401,Vallda Sandö,3.061227593211667,17.42738589211618
13840402,Vallda Lerkil,2.1841467833865638,15.971675845790715
13840403,Vallda Bröndome,5.803757834891111,14.721919302071974
13840404,Vallda Backa,3.0180829992327745,19.49579831932773
13840501,Kyvik,2.5528382648567978,7.178750897343862
13840502,Kullavik Centrum,4.50498115828063,12.820512820512821
13840503,Släps Kullen,2.7240564737842177,7.165913492575855
13840504,Malevik/Släps Inland,4.287297841443777,14.381520119225037
13840505,Bukärrs Centrum,2.64607785281243,10.234113712374581
13840506,Särö,2.9877883397861034,8.928571428571429
13840601,Frillesås Landsbygd,3.3277953710642847,21.06096595407759
13840602,Frillesås Kust,5.066411939064752,22.2568093385214
13840801,Ölmevalla Östra,4.488425110189522,21.012416427889207
13840802,Ölmanäs,1.560311097496835,18.280467445742904
13840803,Åsa Centrum,4.635150927674429,23.993288590604028
13840901,Gällinge/Idala/Förlanda,2.7159182538458904,16.878980891719745
13841201,Fjärås Norra,3.571251781868284,19.695872556118754
13841202,Fjärås/Må,5.9634130674233745,24.261168384879724
13841203,Fjärås Södra,3.0448237908315847,15.730337078651685
13841301,Hanhals,5.259826570536297,15.90643274853801
13841401,Forsbäck/Oskarsberg,3.9292856157935936,14.53524641297567
13841402,Presse/Skällared,2.4930609752688473,17.149390243902438
13841403,Onsala Kyrka,3.2196898839664088,17.238627294493217
13841404,Onsala Rydet,2.078130713496188,13.538205980066445
13841405,Gottskär,3.2555317271935476,12.192723697148477
13841406,Vässingö/Röda Holme,2.3040366123496883,14.352720450281426
13841407,Onsala Västra,2.1558370180191786,18.134715025906736
13841408,Kolla Norra,5.303676828244626,22.332233223322334
13841409,Kolla Södra,5.54707462420543,19.562043795620436
13841411,Onsala Södra,2.8258468255622238,12.666666666666666
13841412,Åsa kust,4.304336633532764,16.31130063965885
14010101,Härryda,4.802113412136663,22.111913357400724
14010201,Backa-Eskilsby m.fl.,5.001365250633358,21.06741573033708
14010202,Landvetter centrum V-Skårtorp m.fl.,9.791079978304031,26.53696498054475
14010203,Landvetter centrum Ö-Snåkered m.fl.,4.30369192325651,21.76330420969023
14010204,Önneröd-Salmered,2.807987186996099,24.63768115942029
14010205,Tahult-Byvägen m.fl.,4.158861599881442,23.35456475583864
14010301,Kindbogården-Solsten m.fl.,5.3078432003797085,24.036850921273032
14010302,Säteriet-Bråta m.fl.,20.086540169104662,35.64078578110384
14010303,Mölnlycke centrum m.fl.,6.133973137339899,24.244897959183675
14010304,Pixbo m.fl.,3.9119383614214662,22.773044151820294
14010305,Högadal-Övre Skogen m.fl.,8.41637858533067,27.647714604236345
14010306,Djupedalsäng m.fl.,6.088147591232504,23.741007194244606
14010307,Nedre Skogen-Skinnefjäll m.fl.,9.888176908264471,28.506787330316744
14010308,Orrekullen-Långetjärnshöjd,3.629781250459056,21.026156941649898
14010309,Båtsmanstorpet m.fl.,4.547770598209192,20.90909090909091
14010310,Nysäter-Benareby m.fl.,4.37392602846006,17.701575532900833
14010311,Mölnlycke fabriker m.fl.,8.148958001013144,23.216783216783217
14010401,Älmhult-Bocköhalvön m.fl.,3.4779299450323804,20.530451866404714
14010402,Rävlanda,6.5095727747949175,25.898692810457515
14010403,Hällingsjö,4.286130330290031,23.8929889298893
14010404,Hindås centrum-Ingelse m.fl.,4.79803953971442,22.956521739130434
14020101,Brattåskärr S–Fröjasten–Soldatängen,6.317635711267819,23.468634686346864
14020102,Oxled–Soldatheden,12.589790692379346,30.18348623853211
14020103,Kullegården S–Puketorp,6.361948564785239,23.748103186646436
14020104,Vallhamra C–Ljungkullen,14.541322153500323,31.542461005199307
14020105,Brattåskärr N–Sotenäs S,7.377286131558252,21.01720269259536
14020106,Bethala-Sotenäs N,7.543398501509995,20.726172465960666
14020107,Kullegården N-Finngösa,11.655805457949622,24.212812160694895
14020108,Övre Björndammen-Björndammsterassen,17.35473707109986,33.96704689480355
14020109,Östra Centrum-Brodalen-Lexby Ö,16.24759295519066,33.41772151898734
14020110,Oluf Nilssons väg,28.529410308529215,36.239103362391035
14020111,Partille Centrum,24.51615917958696,34.3328335832084
14020112,Mellby-Paradiset,14.825144143482241,26.445497630331754
14020113,Lexbydal-Lexby V-Kåhög,7.908742655515209,24.01129943502825
14020114,Jonsered-Uddared,7.336949687496904,29.16256157635468
14020115,Skulltorp-Kåbäcken,15.834840152798598,30.471204188481675
14020116,Nedre Björndammen-Furuskog,23.469014275020413,29.830148619957537
14020117,Furulund,6.953617269761189,28.911253430924063
14020118,Timmerslätt,7.268096030828284,30.320366132723112
14020119,Björndammens Torg-Stenliden,17.022452975368914,31.876861966236344
14020120,Hålsjöområdet-Öjersjö S,5.0178124003100795,17.761989342806395
14020121,Kåsjöområdet-Öjersjö N,6.008763942124311,19.062901155327342
14020122,Öjersjö Ö,6.518696751017988,24.09739714525609
14070101,"Björkö, Grötö och Kalvsund",2.699525330519229,27.245949926362297
14070105,"Hyppeln, Hälsö, Knippla och Rörö",2.2724629762706123,21.946169772256727
14070106,Hönö Nordväst,3.5731296583970438,19.656019656019655
14070107,Hönö Nordost,2.0682225119024835,25.95744680851064
14070110,Öckerö Norra,2.9354437556477864,19.520851818988465
14070111,Öckerö Södra,3.0642007922941374,19.55156950672646
14070112,Fotö och Hönö Södra,2.755020122661353,17.063020214030917
14150101,Spekeröd,1.7489767395475513,14.45358401880141
14150201,Stenungestrand-Stenungsön-S Askerön,6.856071567704366,26.42244738893219
14150202,Doterödsvägen-Nyborg,5.666281820011308,28.27956989247312
14150203,Brudhammar-Kopper-Kristinedal,7.799356744131759,30.124223602484474
14150204,Hasselbacken-Uppegårdsvägen,30.079803391845306,30.56179775280899
14150205,Ekbacken-Hällebäck-Högenorum,4.263490772441529,30.251256281407034
14150206,Kyrkenorum,3.621043635864066,29.240506329113924
14150207,Hallerna-Strandkärr,3.5455179499232083,23.970722781335773
14150208,Strandnorum-Kåkenäs,2.636917779289688,18.715995647442874
14150209,Kvarnberget-Solgårdsterassen,10.556911666974088,26.91511387163561
14150301,Näs-Apleröd-Stripplekärr,2.4894232639486895,22.357723577235774
14150302,Berg-Käderöd-Hällesdalen,2.3267986758521295,23.099703849950643
14150401,Svenshögen-Ucklum,3.000882335930787,19.919354838709676
14150501,Getskär-Valeberget,1.9890602188709088,21.698841698841697
14150502,Anrås-VästraTorp-Saxeröd,1.686974435076346,23.834745762711865
14150503,Källsby-Sävelycke-Timmervik,3.671740429695461,24.8868778280543
14150504,Gilltorp-Rämma-Högen,2.70584347445183,19.65678627145086
14190101,Myggenäs,2.489374973002141,21.2
14190102,Valla,3.040700765825266,23.203963666391413
14190103,Höviksnäs-Hakenäset,4.425204158680745,27.49266862170088
14190201,Södra Skärhamn,4.702863804971977,18.97475133894415
14190202,Norra Skärhamn,5.2717771779005895,21.234119782214155
14190203,Bleket-Klädesholmen,2.953427836911593,17.555555555555557
14190204,Kållekärr,8.022743042792246,25.063613231552164
14190205,Stenkyrka,2.4604461542323564,20.889748549323016
14190303,Rönnäng,3.0158731491559276,17.02127659574468
14190501,Klövedal,2.3744993312534177,27.176015473887816
14210101,Orust västra,0.5645038930386617,23.64917776037588
14210201,Henån södra,5.070129562227415,27.222731439046747
14210202,Henån norra,6.8137802311490345,28.272656855151045
14210301,Varekil,2.409810643840309,22.09119496855346
14210401,Svanesund norra,2.419031625920143,21.402877697841728
14210402,Svanesund centrum,4.361404538350774,25.41757443718228
14210601,Orust nordöstra,2.3406204442374077,22.656826568265682
14211001,Ellös,3.785588756497345,25.646711012564673
14270104,Kungshamn södra,4.341932197803925,24.973985431841832
14270109,Kungshamn Norra-Hovenäset,7.871191784223392,29.284164859002168
14270306,Askum-Väjern-Malmön,4.6275035245844665,22.5
14270401,Smögen,2.931855150491655,18.82893226176808
14270507,Hunnebostrand,5.013361755328062,26.792750197005518
14270508,Bovallstrand-Tossene,3.5514334104758722,21.343873517786562
14300101,Munkedal 1-Söder-Håby-Tungenäset,4.424941376675428,21.57676348547718
14300102,Munkedal 2-Väster-Centrum,10.377417540883465,35.20066889632107
14300103,Munkedal 3-Öster-Valbo Ryr,2.9082449605322895,28.52263023057216
14300505,Dingle-Bärfendal,5.5918657505370195,23.353293413173652
14300506,Hällevadsholm-Svarteborg,2.7341080186173516,20.85308056872038
14300808,Sörbygden,2.0935101606582744,14.844649021864212
14350203,Tanumshede,14.384471617727288,28.330019880715707
14350204,Grebbestad norra,3.6650344276324276,19.97991967871486
14350205,Grebbestad södra,3.5103792355558787,22.875816993464053
14350301,Tanumshede-Lur,6.485241979167568,22.593320235756384
14350401,Bullaren,1.536406206177666,16.247379454926623
14350601,Hamburgsund,1.6330983219188357,24.30188679245283
14350603,Kville-Rabbalshede,1.4375003592187618,20.05730659025788
14350701,Fjällbacka,4.822615986335265,24.472049689440993
14380101,Dals-Ed Nord,4.632480293859458,23.175416133162614
14380102,Dals-Ed Syd,2.2759984141889658,13.517665130568357
14380103,Dals-Ed Centrum,4.867327277448365,23.853211009174313
14390101,Färgelanda,5.869942168845889,26.41232575201761
14390205,Ödeborg-Stigen,4.33396913296193,22.767497988736928
14390811,Högsäter och norra kommundelen,3.2887974579192503,15.403422982885086
14400101,Nödinge södra,7.18887384670067,33.066453162530024
14400102,Nödinge östra,14.533506643986943,27.307692307692307
14400103,Surte norra,12.77701102484355,30.296610169491526
14400104,Surte södra,14.167782153565382,29.284164859002168
14400105,Bohus södra,12.41571702925803,30.683918669131238
14400106,Bohus norra,12.585236381368984,30.084235860409144
14400107,Nödinge centrum,28.708681501143744,36.132075471698116
14400210,Skepplanda norra - Hålanda,2.3458811098163688,20.064034151547492
14400311,Skepplanda östra,5.291230259599792,27.300613496932517
14400312,Skepplanda västra,5.853902832110354,20.372093023255815
14400414,Starrkärr,1.926504169447587,16.200657894736842
14400515,Älvängen centrum,6.744767666850476,28.557599225556633
14400516,Älvängen södra,6.204589238367115,23.706491063029162
14400517,Älvängen norra,6.6596646355236535,28.859857482185273
14400518,Nol norra,12.833988906667308,28.956521739130434
14400519,Nol södra,7.986047738120695,35.05154639175258
14400521,Älvängen östra,6.44469776353817,29.61904761904762
14400622,Alafors västra,5.62440787244065,32.32984293193717
14400623,Alafors östra,5.387607977744489,28.548895899053626
14410101,Västra Hulan - Bråta,7.12250166183641,25.794032723772858
14410102,Östra Hulan - Öxeryd,5.073224186662156,26.457399103139014
14410103,Rydsberg - Almekärr,4.492087829238592,22.941646682653875
14410104,Ljungsbacken - Stamsjön,2.841290850665818,18.55263157894737
14410105,Södra Lerum - Slätthult,3.6754927243348794,18.841911764705884
14410106,Centrala Lerum,7.0389987692351434,28.767123287671232
14410107,Norra Aspenäs - Axåsen,3.0053041976397683,16.518650088809945
14410108,Södra Aspenäs - Torpadal,3.2729926765763446,17.787742899850524
14410109,Södra Hallsås,4.681747793918678,26.95924764890282
14410110,Norra Hallsås - Höjden,5.274602276186237,24.388489208633093
14410111,Stenkullen - Hedefors,5.342465015708778,25.020242914979757
14410212,Uddared - Oryd,3.416334597884721,29.03828197945845
14410213,Centrala Floda - Nordåsen,5.7908815818348796,23.853989813242784
14410214,Drängsered - Hästhagen,5.671007489004036,23.277310924369747
14410215,Hyltorna - Öjared,4.197321348330309,24.194952132288947
14410216,Berghult - Ryggebol,4.554430733177217,19.615384615384617
14410217,Kyrkmossen - Lindskogen,5.519900911564858,21.069868995633186
14410218,Tollered - Norsesund,4.192814848595447,22.26935312831389
14410319,Olstorp,5.335265413903881,24.171888988361683
14410320,Stannum - Ljungvik,4.779723380929615,25.855962219598585
14410321,Aggetorp - Björboholm,6.24488069305999,20.19002375296912
14410322,Centrala Gråbo,11.102486050915275,28.534923339011925
14410323,Brattås - Hjällsnäs,6.5514049982374525,27.396166134185304
14410424,Sjövik,9.140857177710767,25.778732545649838
14420101,Lena-Bergstena-Fullestad,1.4987511946604153,17.97153024911032
14420402,Siene-Hol-Horla,2.463119245575853,14.995131450827653
14420703,Nårunga-Ornunga m.fl.,1.5109890878497525,18.689320388349515
14421305,Algutstorp-Landa,6.801019190122053,29.67391304347826
14421407,Vårgårda N,5.280866640483745,23.864836325237594
14421408,Vårgårda V,11.683944812410628,30.30674846625767
14421409,Vårgårda Centrum,19.545962562912344,32.11600429645542
14421410,Vårgårda Centrum Ö,25.12342688994708,32.53856942496494
14430201,Olsfors,5.320400117341568,26.733668341708544
14430202,Bollebygd Väst,3.1130818979997525,18.23579304495335
14430203,Bollebygd Syd,5.563686993797812,23.35164835164835
14430204,Bollebygd Öst,3.591096289093979,24.73309608540925
14430205,Töllsjö,2.131734945170933,20.4337899543379
14430206,Bollebygd Centrum,6.698936016146096,31.372549019607842
14440404,Grästorps Landsbygd,1.652988802152327,16.05584642233857
14440503,Grästorps Norra,5.3360961293177045,27.395833333333332
14440906,Grästorps Södra,2.3591212622297344,24.0
14450101,Bredöl,2.6965519551838257,22.89416846652268
14450403,Nossebro,7.399378215879391,28.615622583139984
14450606,Jonslund,2.0937826264697224,16.71361502347418
14460101,Karlsborg centrum-södra,6.663669868435522,22.047832585949177
14460108,Karlsborg norra,3.878572954487937,28.956228956228955
14460304,Mölltorp - Brevik,3.6371695107289863,25.0
14460405,Undenäs - Forsvik,1.7837294724830761,25.70162481536189
14470101,Amnehärads Norra,9.987091489333979,35.04587155963303
14470102,Amnehärads Södra,5.054578992202,33.277027027027025
14470203,Hova,5.681973734312633,23.544520547945204
14520104,Tranemo Östra,8.977629569927698,27.352682497801233
14520108,Tranemo Västra,6.128712569958282,29.611650485436893
14520201,Ambjörnarp-Sjötofta,12.08586501321877,28.083989501312335
14520409,Grimsås,4.246235960316303,25.086306098964325
14520505,Limmared,13.987521697152124,36.17300131061599
14520606,Länghem,2.067606173934662,19.62134251290878
14521012,Dalstorp,3.719015141215311,27.790973871733968
14600101,Nordvästra,14.902934343752596,26.611418047882136
14600102,Norra,4.301286453499857,33.51206434316354
14600613,Nordöstra,7.710693092364903,30.847457627118644
14600616,Sydöstra,6.098206195777097,29.345372460496613
14600919,Sydvästra,1.942117362623941,21.454993834771887
14610101,Fagerlid/Järn,7.4013889271011974,24.22044960116026
14610105,Mellerud/Holm,20.053608412069476,27.80557541100786
14610309,Bolstad,1.2549537890355493,14.136125654450261
14610714,Rostock/Dalskog/Ör,1.5455952381179927,20.168067226890756
14610918,Skållerud,4.300341071875575,27.352941176470587
14620101,Göta,9.705939274782812,24.615384615384617
14620102,Lilla Edet Södra,10.585185662373833,28.275862068965516
14620103,Lilla Edet Norra,13.314521639657677,32.49211356466877
14620305,Lödöse,8.15349275268073,28.287606433301796
14620506,Nygård,2.7737212197335808,25.80019398642095
14620608,Västerlanda,3.4918522883570513,18.0327868852459
14620712,Hjärtum,2.4232179903044626,24.6415770609319
14620713,Ström,6.48659831434087,29.20673076923077
14630101,Kinna centrum,8.374694030740075,32.06967213114754
14630102,Kinna-Näs-Vallås,5.538153268524303,31.97969543147208
14630103,Kinna-Rydal-Kinnaström,2.1575831762301982,31.002331002331
14630104,Kinna-Marieberg-Kinnahult,5.258695662903037,29.327902240325866
14630105,Kinna-Aspäng,16.83981594130749,39.22462941847206
14630307,Skene-Sandvallsäng,7.091767380409024,30.440251572327043
14630308,Skene-Hedbo,13.927221218053825,46.32829373650108
14630309,Örby-Krok-Brättingstorp,2.184358937343081,23.72013651877133
14630328,Skene-Assberg,13.19575340588843,29.66625463535229
14630329,Örby centrum,2.5810781825318423,30.735930735930737
14630411,Ubbhult-Sätila,3.1081892477443778,22.1256038647343
14630513,Hyssna,2.223860690544947,20.467365028203062
14630615,Fritsla,8.127672518249412,28.211284513805523
14630716,Skephult-Fritsla,2.1016495941610343,28.6231884057971
14630918,Berghem-Hajom,1.5803813979651435,20.597322348094746
14631019,Fotskäl-Tostared-Björketorp,2.2890607472621753,17.980840088430362
14631626,Torestorp-Öxabäck-Älekulla,1.5341702850414352,23.150887573964496
14631701,Sätila V,2.3622737889721255,21.419354838709676
14631702,Sätila Ö,2.181420154047791,23.779854620976117
14631703,Horred-Öxnevalla,2.742759078622985,23.72034956304619
14631704,Horred-Istorp,2.9163841249295013,21.48148148148148
14631705,Skene-Haby,14.423111861341347,36.49025069637883
14650113,Svenljunga öster,7.020767758588658,24.39271255060729
14650114,Svenljunga söder,10.351258332193533,26.348039215686274
14650115,Svenljunga väster,12.028106670228963,25.79185520361991
14650303,Högvad,3.137995879870841,18.41831425598335
14650505,Kindaholm,1.8881500765778207,19.12442396313364
14651212,Sexdrega,3.0873427024331064,21.65450121654501
14651414,Hillared,3.1446033721583073,21.32867132867133
14660107,Herrljunga Västra,3.0962940541219885,23.86759581881533
14660601,Herrljunga Centrum,10.218945790257552,30.19578313253012
14660705,Herrljunga Östra,3.359422538431103,24.372384937238493
14660903,Gäsene Östra,0.8608323418256942,12.078346028291621
14661406,Ljung,3.2946035433906578,21.184510250569478
14700101,Vara Östra,10.584044488630472,26.95729537366548
14700102,Vara Västra,7.87259240670724,24.023275145469658
14700103,Vara Centrum,10.049809239813593,24.004683840749415
14700204,Levene,2.109938913083343,22.45646196150321
14701006,Arentorp,2.6650677999559247,20.940959409594097
14701210,Vedum,3.1083322514027194,20.28191072826938
14702424,Larv,1.542983170519577,16.40449438202247
14702725,Skarstad,2.4666993696490502,17.215428033866417
14702927,Kvänum,4.266434647281787,21.25382262996942
14710111,Sil-Husaby,4.177798128905762,29.300411522633745
14710203,Götene 1,9.26574395924895,33.931484502446985
14710214,Götene 2,8.32366513777374,30.540242557883133
14710215,Götene-Holmestad,14.481332140126856,24.396782841823057
14710608,Källby norra,1.7466265238479766,25.03576537911302
14710609,Källby södra,1.7257992591216027,32.432432432432435
14710705,Lundsbrunnsorten,1.9767906207720063,19.806763285024154
14711513,Hällekis-Forshem,1.402102214238933,26.765799256505577
14720101,Smuleberg m.fl.,11.386534327805022,26.694473409801876
14720102,Södra centrum,8.94619101467229,31.84039087947883
14720103,"Häggetorp, Katrineberg m.fl.",11.923819173185166,31.954498448810757
14720104,Skattegården m.fl.,25.1595085473136,37.52808988764045
14720106,"Hörnebo, Kvarnhagen m.fl.",4.438817740057506,24.00354295837024
14720205,"Fagersanna, Ransberg m.fl.",1.1561024311425376,23.774509803921568
14730101,Älgarås,2.7723302612438494,21.843003412969285
14730102,Kilen,3.7167507543438467,27.888153053715968
14730103,Moholm,2.3796931488019735,22.139303482587064
14730104,Björkäng,12.386393519682061,31.978798586572438
14730105,Kårtorp,16.40730085532444,26.87224669603524
14800101,"Nordöstra Göteborg, Bergum",7.365996230466386,22.29140722291407
14800102,"Nordöstra Göteborg, Olofstorp",7.737237411261345,23.435722411831627
14800103,"Nordöstra Göteborg, Björsared",8.840072514474784,26.682134570765662
14800104,"Nordöstra Göteborg, Gunnilse",13.788645998041854,25.714285714285715
14800105,"Nordöstra Göteborg, Linnarhult",18.620043167204447,27.874564459930312
14800106,"Nordöstra Göteborg, Angereds Centrum",38.653935466304205,41.45077720207254
14800107,"Nordöstra Göteborg, Storås",36.884950098445366,40.022935779816514
14800108,"Nordöstra Göteborg, Eriksbo Östra",44.764903812504166,38.56088560885609
14800109,"Nordöstra Göteborg, Hammarkullen C",58.93223776386807,45.65217391304348
14800110,"Nordöstra Göteborg, Hammarkullen Ö",49.623279740769114,42.09919261822376
14800112,"Nordöstra Göteborg, Hammarkullen V",50.85350479768117,42.98941798941799
14800113,"Nordöstra Göteborg, Eriksbo Västra",46.402732908497185,38.25701624815362
14800114,"Nordöstra Göteborg, Bläsebo",42.7363341231956,42.40331491712707
14800115,"Nordöstra Göteborg, Hjällbo Norra",50.90109107907553,42.96388542963886
14800116,"Nordöstra Göteborg, Skolspåret",49.488147918746186,43.40659340659341
14800117,"Nordöstra Göteborg, Hjällbo Södra",50.644213872625066,40.16260162601626
14800118,"Nordöstra Göteborg, Agnesberg",39.51382051388883,37.423312883435585
14800119,"Nordöstra Göteborg, Gårdsten Västra",32.48490688834304,40.753045404208194
14800120,"Nordöstra Göteborg, Gårdsten Södra",44.28512923547566,41.20603015075377
14800122,"Nordöstra Göteborg, Gårdsten Östra",43.345384989831565,44.95798319327731
14800123,"Nordöstra Göteborg, Saffransgatan",35.812913093000844,45.69420035149385
14800124,"Nordöstra Göteborg, Gårdsten Norra",38.158991129215,42.34769687964339
14800125,"Nordöstra Göteborg, Lövgärdet C",47.27221216166692,44.75409836065574
14800126,"Nordöstra Göteborg, Senapsgatan m fl",39.0591436732902,43.421052631578945
14800128,"Nordöstra Göteborg, Lövgärdet Övre",46.17876162626404,44.08468244084683
14800129,"Nordöstra Göteborg, Lövgärdet Nedre",37.29654139481649,39.51048951048951
14800130,"Nordöstra Göteborg, Trädgårdsgärdet",34.795835342141864,39.355992844364934
14800131,"Nordöstra Göteborg, Titteridamm",36.02500961222516,42.03102961918194
14800132,"Nordöstra Göteborg, Rannebergen S",50.60747474386474,42.52199413489736
14800133,"Nordöstra Göteborg, Rannebergen C",49.434105412923415,39.1008174386921
14800134,"Nordöstra Göteborg, Rannebergen N",40.600187278743086,38.78080415045395
14800201,"Östra Göteborg, Rymdtorget",55.36587998559439,46.01861427094106
14800202,"Östra Göteborg, Gärdsmosse",40.839273176232965,39.465408805031444
14800204,"Östra Göteborg, Bergsjön Östra",45.42760678001762,41.093969144460026
14800205,"Östra Göteborg, Bergsjön Norra",30.885773648178464,33.171912832929785
14800207,"Östra Göteborg, Siriusgatan",55.275173121461556,50.807453416149066
14800208,"Östra Göteborg, Gärdsås",38.801672455399036,42.48366013071895
14800209,"Östra Göteborg, Bergsjön Södra",46.897670786332256,40.41884816753927
14800210,"Östra Göteborg, Komettorget",43.67050852628344,46.40522875816993
14800212,"Östra Göteborg, Fjällbo",8.125053892485075,28.54785478547855
14800213,"Östra Göteborg, Utbynäs",6.603347256419945,29.462102689486553
14800214,"Östra Göteborg, Utby",6.814624211501719,28.464017185821696
14800215,"Östra Göteborg, Kamgatan m fl",5.892392789051468,30.16983016983017
14800216,"Östra Göteborg, Kviberg Östra",17.559291753259597,30.458715596330276
14800217,"Östra Göteborg, Kvibergsnäs",16.58343556712713,35.9402460456942
14800218,"Östra Göteborg, Bellevue Park",18.32407900042431,32.7313769751693
14800219,"Östra Göteborg, Bellevue",16.196392667879618,25.427350427350426
14800220,"Östra Göteborg, Gamlestaden Norra",20.469543190047172,29.258517034068138
14800221,"Östra Göteborg, Gamlestaden Södra",20.149863575296678,29.65909090909091
14800222,"Östra Göteborg, Nylöse",21.62009210588858,31.60621761658031
14800223,"Östra Göteborg, Kviberg Västra",26.332147281277237,37.96875
14800224,"Östra Göteborg, Kortedala Södra",18.998120777186756,35.95360824742268
14800225,"Östra Göteborg, Månadsparken",39.07382159418283,37.09043250327654
14800226,"Östra Göteborg, Gregorianska G. m fl",31.605162491559174,27.637444279346212
14800227,"Östra Göteborg, Kortedala Västra",25.743635555602754,36.734693877551024
14800228,"Östra Göteborg, Kortedala Torg",35.468776005977276,35.59822747415066
14800229,"Östra Göteborg, Förstamajgatan m fl",35.67153381026017,36.96551724137931
14800230,"Östra Göteborg, Kortedala Östra",40.277873671415,35.338345864661655
14800231,"Östra Göteborg, Månadsgatorna m fl",38.64511729564821,39.715394566623544
14800232,"Östra Göteborg, Adventsparken Östra",37.84200559557136,40.083217753120664
14800233,"Östra Göteborg, Adventsparken Västra",36.9689923751373,35.743519781718966
14800235,"Östra Göteborg, Kortedala Norra",39.04574597998585,40.7557354925776
14800301,"Östra Centrum, Fräntorp",5.54678655420399,29.58693563880884
14800302,"Östra Centrum, Vidkärr",12.183986583310743,29.213483146067414
14800303,"Östra Centrum, Munkebäck Norra",9.598559742219676,28.110599078341014
14800304,"Östra Centrum, Munkebäck Södra",10.651631399410663,25.443169968717413
14800305,"Östra Centrum, Kålltorp Norra",9.963831402314884,31.32664437012263
14800306,"Östra Centrum, Torpa",13.318731521367502,26.956521739130434
14800307,"Östra Centrum, Björkekärr Norra",7.613097871123642,29.69518190757129
14800308,"Östra Centrum, Smörslätten",20.179126578480187,25.99601593625498
14800309,"Östra Centrum, Björkekärr Östra",16.99159425180342,29.24187725631769
14800310,"Östra Centrum, Robertshöjd m fl",11.882359751329824,30.263157894736842
14800311,"Östra Centrum, Björkekärr Västra",19.84571520124502,22.021660649819495
14800312,"Östra Centrum, Kålltorp Östra",8.136647931476691,26.660600545950864
14800313,"Östra Centrum, Solrosparken",8.817593941485667,25.70806100217865
14800314,"Östra Centrum, Kålltorp Västra",4.9687795308469855,23.15550510783201
14800315,"Östra Centrum, Kålltorp Södra",4.283478968820339,25.182778229082047
14800316,"Östra Centrum, Björkekärr Södra",3.656740561428327,25.066195939982347
14800317,"Östra Centrum, Kallebäck Östra",15.24260895306993,26.879505664263647
14800318,"Östra Centrum, Kallebäck Västra",24.207224028735144,26.56641604010025
14800319,"Östra Centrum, Kallebäck Norra",19.63345008710194,27.801268498942918
14800320,"Östra Centrum, Skår Södra",7.115933869726138,12.844036697247706
14800321,"Östra Centrum, Jakobsdal",6.290125104788975,15.76923076923077
14800322,"Östra Centrum, Skår Norra",4.441047848528222,10.783316378433367
14800323,"Östra Centrum, Stora Torp",5.784539319032554,22.197802197802197
14800324,"Östra Centrum, Lilla Torp",5.489744472817112,20.0
14800325,"Östra Centrum, Bö",4.393111022060296,20.215897939156037
14800326,"Östra Centrum, Örgryte",8.174971259335438,12.038140643623361
14800327,"Östra Centrum, Prästgårdsängen m fl",5.063150705724158,21.70062001771479
14800328,"Östra Centrum, Kärralund Södra",7.343163339549153,17.02127659574468
14800329,"Östra Centrum, Kärralund Norra",7.642452627687926,22.697056030389362
14800330,"Östra Centrum, Härlanda",4.7120653643831885,24.404761904761905
14800331,"Östra Centrum, Lunden Nya",6.416054054626962,25.54913294797688
14800332,"Östra Centrum, Danska Vägen m fl",5.187073175030343,26.688815060908084
14800333,"Östra Centrum, Nobelplatsen",7.312871791817191,26.652452025586353
14800334,"Östra Centrum, Sankt Pauli",4.8875215234005145,27.83109404990403
14800335,"Östra Centrum, Lunden Gamla",6.076024773916699,28.976572133168926
14800336,"Östra Centrum, Överås",8.295018466355549,27.686915887850468
14800337,"Östra Centrum, Gubbero",8.24575440809684,25.109170305676855
14800338,"Östra Centrum, Gubberoparken",8.374721870674826,29.895712630359213
14800339,"Östra Centrum, Redbergsplatsen",9.168673751783677,29.244249726177436
14800340,"Östra Centrum, Olskroken",18.743681783127663,34.9527665317139
14800341,"Östra Centrum, Redberget",10.320074355600731,27.59776536312849
14800342,"Östra Centrum, Bagaregården",4.895095263944553,25.714285714285715
14800343,"Östra Centrum, Redbergslid",7.41336423684207,25.053304904051174
14800344,"Östra Centrum, Ånäs",8.644457922380253,28.414634146341463
14800345,"Östra Centrum, Strömmensberg Västra",8.204797554777077,28.477546549835708
14800346,"Östra Centrum, Strömmensberg Östra",6.807122662007724,26.0
14800347,"Östra Centrum, Kallebäck Södra",17.738929674439696,26.06951871657754
14800401,"Centrum, Otterhällan",12.40447051854551,19.079685746352414
14800402,"Centrum, Inom Vallgraven",9.530373832253991,17.758985200845665
14800403,"Centrum, Nordstan",12.832744557461078,22.676579925650557
14800404,"Centrum, Stampen Västra",11.711221065454428,22.164276401564535
14800405,"Centrum, Odinsgatan m fl",11.720083421702865,24.764468371467025
14800406,"Centrum, Stampen Östra",11.93616388083506,24.968632371392722
14800407,"Centrum, Friggagatan m fl",11.569362435629326,26.649076517150394
14800408,"Centrum, Svingeln",11.39181760601846,28.571428571428573
14800409,"Centrum, Gårda Norra",17.59776295433803,24.96831432192649
14800410,"Centrum, Gårda Södra",13.213087141786032,20.445609436435124
14800411,"Centrum, Bohusgatan m fl",12.453402922526736,18.098159509202453
14800412,"Centrum, Sten Sturegatan m fl",12.993515547887753,30.619684082624545
14800413,"Centrum, Heden",10.54936173911653,18.51851851851852
14800414,"Centrum, Hedås",8.00129579881425,15.519125683060109
14800415,"Centrum, Götaplatsen",9.930334100811171,12.763596004439512
14800416,"Centrum, Carlandersplatsen",9.03400113530007,17.178612059158134
14800417,"Centrum, Eklanda Östra",9.96203793247988,21.804511278195488
14800418,"Centrum, Eklanda Norra",9.771304477080319,21.602434077079106
14800419,"Centrum, Johanneberg Övre",15.435105538981285,17.597087378640776
14800420,"Centrum, Johanneberg Östra",11.93305759341067,23.38204592901879
14800421,"Centrum, Eklanda Södra",9.463434903719644,23.02558398220245
14800422,"Centrum, Kristinehöjd Västra",17.563616027226928,21.888412017167383
14800424,"Centrum, Kristinehöjd Östra",12.73659654811505,27.642276422764226
14800425,"Centrum, Getebergsäng",29.045695103313808,21.9735503560529
14800426,"Centrum, Krokslätt Norra",13.75349748635697,22.49793217535153
14800427,"Centrum, Krokslätt Södra",15.75764520967714,20.803571428571427
14800428,"Centrum, Fredriksdal",13.928015375631535,19.735391400220507
14800429,"Centrum, Framnäs",15.383328501313342,29.25311203319502
14800430,"Centrum, Mossen",19.52233980348728,20.783847980997624
14800431,"Centrum, Fridkullagatan m fl",15.590680419660258,19.667013527575442
14800432,"Centrum, Guldheden Östra",16.385025952714162,28.14895947426068
14800433,"Centrum, Doktor Forselius Backe m fl",18.47936485477738,26.57894736842105
14800434,"Centrum, Guldheden Södra",13.129447418990534,29.239766081871345
14800435,"Centrum, Guldheden Vattentornet",12.61901292820218,25.672371638141808
14800436,"Centrum, Doktor Fries Torg",13.227893745128286,27.474972191323694
14800437,"Centrum, Guldheden Västra",11.529668277070904,28.620689655172413
14800438,"Centrum, Guldheden Norra",6.169396171734277,22.245322245322246
14800439,"Centrum, Landala Egnahem",7.565421224603393,22.689844464775845
14800440,"Centrum, Landalagången m fl",15.06343328536808,28.74692874692875
14800441,"Centrum, Johanneberg Västra",12.557755673694064,21.502590673575128
14800442,"Centrum, Johanneberg Nedre",13.949074234720769,18.385650224215247
14800443,"Centrum, Lorensberg",10.980548112533052,14.729574223245109
14800444,"Centrum, Vasastaden Södra",6.358761712097836,19.691969196919693
14800445,"Centrum, Kapellplatsen",10.558127740301991,28.155339805825243
14800446,"Centrum, Landalabergen m fl",16.864201852415214,29.218573046432617
14800447,"Centrum, Fogelbergsparken",8.919257994109469,20.959332638164756
14800448,"Centrum, Vasastaden Västra",8.926397361760438,20.137299771167047
14800449,"Centrum, Vasastaden Östra",9.282658029060702,15.310492505353318
14800450,"Centrum, Valand",9.737382599675787,14.56876456876457
14800451,"Centrum, Vasastaden Norra",10.091138262559028,20.19115890083632
14800501,"Västra Centrum, Långgatorna",8.938678797440545,20.561941251596423
14800502,"Västra Centrum, Masthuggstorget",14.6670214504333,25.806451612903224
14800503,"Västra Centrum, Stigberget",10.273334269195079,22.536496350364963
14800504,"Västra Centrum, Masthugget Övre",6.389995963759226,22.78481012658228
14800505,"Västra Centrum, Masthugget Nedre",6.054632934684504,23.46832814122534
14800506,"Västra Centrum, Oscar Fredrik",6.319633862499828,24.23556058890147
14800507,"Västra Centrum, Sjömansgatan m fl",5.504639725909696,23.728813559322035
14800508,"Västra Centrum, Vegastaden",10.559143859969733,26.591375770020534
14800509,"Västra Centrum, Slottsskogen",8.44227846938452,28.109696376101862
14800510,"Västra Centrum, Linnéplatsen",5.544794221163291,21.388577827547593
14800511,"Västra Centrum, Sveaplan",7.69680282421105,25.12562814070352
14800512,"Västra Centrum, Kommendantsängen",7.364881079967559,22.61048304213772
14800513,"Västra Centrum, Linné",7.231609073198196,19.43820224719101
14800514,"Västra Centrum, Nordhem",7.00071293362282,23.12849162011173
14800515,"Västra Centrum, Risåsen",7.520344237361618,22.561692126909517
14800516,"Västra Centrum, Olivedal",7.7034504442077205,20.21276595744681
14800517,"Västra Centrum, Plantagegatan m fl",8.460199705204348,22.614503816793892
14800518,"Västra Centrum, Skansberget",9.884749658069834,31.26410835214447
14800519,"Västra Centrum, Haga Västra",9.72894989334242,23.580786026200872
14800520,"Västra Centrum, Haga Östra",9.923155048780016,28.26086956521739
14800521,"Västra Centrum, Nilssonsberg Västra",7.772877497761104,20.422535211267604
14800522,"Västra Centrum, Nilssonsberg Östra",7.248023605774631,22.796709753231493
14800523,"Västra Centrum, Annedal Östra",7.4690726558048395,25.759416767922236
14800524,"Västra Centrum, Annedal Västra",7.81256200421286,28.79581151832461
14800525,"Västra Centrum, Änggården",10.210803363605132,17.336394948335247
14800526,"Västra Centrum, Svalebo",11.820710279962196,27.42561448900388
14800527,"Västra Centrum, Skytteskogen",6.378339420989125,19.40755873340143
14800528,"Västra Centrum, Kungsladugård Östra",8.339509892028563,24.300111982082868
14800529,"Västra Centrum, Kungsladugård Västra",7.189203814686797,25.400213447171826
14800530,"Västra Centrum, Mariaplan",8.506831485409037,25.66897918731417
14800531,"Västra Centrum, Silverkällan",7.487603221616577,26.4049955396967
14800532,"Västra Centrum, Sannaplan",7.173725546677254,23.39405560882071
14800533,"Västra Centrum, Sandarna",8.56013588881734,27.002967359050444
14800534,"Västra Centrum, Klippan",8.98858014321414,24.322103533278554
14800535,"Västra Centrum, Gröna Vallen",9.631947389320914,24.45369406867846
14800536,"Västra Centrum, Kusttorget",12.889619116186573,28.39224629418472
14800537,"Västra Centrum, Chapmans Torg",11.585208069307438,29.71698113207547
14800538,"Västra Centrum, Slottsskogsgat. m fl",9.893974951692377,26.16387337057728
14800539,"Västra Centrum, Gråberget Västra",6.386216512028368,24.491869918699187
14800540,"Västra Centrum, Gråberget Östra",6.919257119855747,24.570273003033368
14800541,"Västra Centrum, Godhem",8.850094203603465,23.218673218673217
14800542,"Västra Centrum, Marieberg",8.2611787654641,25.39349422875131
14800543,"Västra Centrum, Klareborgsgatan m fl",8.778385476195576,26.006191950464395
14800544,"Västra Centrum, Karl Johan",8.675429701091408,23.56687898089172
14800545,"Västra Centrum, Söderlingska Ängen",8.841535180525458,22.81808622502629
14800546,"Västra Centrum, Kommendörsgatan m fl",9.013511727053594,27.115188583078492
14800547,"Västra Centrum, Hängmattan",12.814238771682001,30.934479054779807
14800548,"Västra Centrum, Gatenhielmska",8.745034783397127,26.090993500464254
14800601,"Sydvästra Göteborg, Högsbohöjd Norra",24.8873959386351,25.0
14800602,"Sydvästra Göteborg, Högsbohöjd Södra",16.128298414622346,28.837209302325583
14800603,"Sydvästra Göteborg, Högsbohöjd Östra",17.18558097824973,28.141361256544503
14800604,"Sydvästra Göteborg, Högsbotorp V",12.496397914173901,26.27952755905512
14800605,"Sydvästra Göteborg, Högsbotorp S",16.036434180898727,29.00662251655629
14800606,"Sydvästra Göteborg, Högsbo",17.490537977485367,33.333333333333336
14800607,"Sydvästra Göteborg, Högsbotorp Östra",15.015453386875963,28.46251588310038
14800608,"Sydvästra Göteborg, Marklandsgatan",15.356054806892695,28.023255813953487
14800609,"Sydvästra Göteborg, Kapplandsgatan",14.006065636561111,29.447852760736197
14800610,"Sydvästra Göteborg, Flatås Västra",17.805185036718214,25.8147512864494
14800611,"Sydvästra Göteborg, Flatås Södra",17.451487445689047,29.229323308270676
14800612,"Sydvästra Göteborg, Kaverös Norra",21.151312157878728,30.39348710990502
14800613,"Sydvästra Göteborg, Kavås",12.720004900820188,28.803245436105477
14800614,"Sydvästra Göteborg, Kaverös Södra",9.215615014815544,24.765868886576484
14800615,"Sydvästra Göteborg, Altplatsen",26.985596388487963,32.849162011173185
14800616,"Sydvästra Göteborg, Ruddalen",19.43546202969846,32.534246575342465
14800617,"Sydvästra Göteborg, Gånglåten",35.96121808137687,37.83783783783784
14800618,"Sydvästra Göteborg, Frölunda",47.86341495525454,33.3692142088267
14800620,"Sydvästra Göteborg, Frölunda Torg",41.93923706325534,41.33489461358314
14800621,"Sydvästra Göteborg, Positivparken",39.138826156721045,39.80815347721823
14800622,"Sydvästra Göteborg, Spinetten",30.20840328594646,34.308510638297875
14800623,"Sydvästra Göteborg, Tofta",24.52097141060645,36.193029490616624
14800624,"Sydvästra Göteborg, Järnbrott Västra",13.155081240027501,31.363636363636363
14800625,"Sydvästra Göteborg, Järnbrott Östra",13.76474264732281,31.325301204819276
14800626,"Sydvästra Göteborg, Järnbrott Södra",13.440533906358322,29.564315352697097
14800627,"Sydvästra Göteborg, Flatås Östra",15.326579789986896,27.835051546391753
14800628,"Sydvästra Göteborg, Sisjön Norra",19.044185658225306,23.71967654986523
14800629,"Sydvästra Göteborg, Pilegården",24.05398048964012,29.37799043062201
14800630,"Sydvästra Göteborg, Kobbegården",24.37991630939115,25.517241379310345
14800631,"Sydvästra Göteborg, Askim",11.535210860583588,18.79619852164731
14800632,"Sydvästra Göteborg, Sisjön Västra",11.285916376689835,14.549180327868852
14800633,"Sydvästra Göteborg, Sisjön Södra",11.027776279192178,12.068965517241379
14800634,"Sydvästra Göteborg, Trollåsen",10.262221353506199,11.003521126760564
14800635,"Sydvästra Göteborg, Lyckhem",7.950331587900764,14.84375
14800636,"Sydvästra Göteborg, Lindås",2.735429428570673,13.039117352056168
14800637,"Sydvästra Göteborg, Billdal Södra",2.3708483732118055,13.81578947368421
14800638,"Sydvästra Göteborg, Billdal Norra",2.421882224495092,10.736468500443655
14800639,"Sydvästra Göteborg, Nygård",4.850363542087731,17.964071856287426
14800640,"Sydvästra Göteborg, Skintebo Västra",2.8950959899928814,18.054256314312443
14800641,"Sydvästra Göteborg, Skintebo Östra",8.238331216432712,18.531073446327685
14800642,"Sydvästra Göteborg, Uggleberget",10.463121503742016,15.873015873015873
14800643,"Sydvästra Göteborg, Brottkärr Östra",7.289396314611706,15.715622076707202
14800644,"Sydvästra Göteborg, Brottkärr Västra",5.377313950492013,9.153543307086615
14800645,"Sydvästra Göteborg, Hovås Södra",4.928368666607043,6.551059730250482
14800646,"Sydvästra Göteborg, Hovås Norra",11.423816978525789,15.570599613152805
14800647,"Sydvästra Göteborg, Hult",6.323045417098496,17.129186602870814
14800701,"Västra Göteborg, Långedrag Västra",4.893063892081084,8.059384941675503
14800702,"Västra Göteborg, Långedrag Östra",5.288822663887328,11.822125813449023
14800703,"Västra Göteborg, Tångudden",6.028452349847017,11.571125265392782
14800704,"Västra Göteborg, Hagen Norra",5.279312455194399,15.504807692307692
14800705,"Västra Göteborg, Nya Varvet",4.241122504571648,22.117039586919105
14800706,"Västra Göteborg, Kungsten",5.417454641055152,20.53191489361702
14800707,"Västra Göteborg, Ekebäck",11.594523087086857,22.10242587601078
14800708,"Västra Göteborg, Hagen Södra",5.169072757935904,17.004504504504503
14800709,"Västra Göteborg, Grimmered",6.3106903074872704,21.436004162330907
14800710,"Västra Göteborg, Påvelund",5.502108682413847,20.083246618106138
14800711,"Västra Göteborg, Björnekulla",4.6672978979761774,21.058201058201057
14800712,"Västra Göteborg, Osberget",4.630851376352438,15.876288659793815
14800713,"Västra Göteborg, Källängen",3.0705945950705913,16.337148803329864
14800714,"Västra Göteborg, Fiskebäck",3.4120821976266544,12.781954887218046
14800715,"Västra Göteborg, Bratthammar",3.926174465496358,18.801652892561982
14800716,"Västra Göteborg, Tynnered Södra",14.584668384202066,22.30603448275862
14800717,"Västra Göteborg, Tynnered Norra",10.83131752180096,26.19324796274738
14800718,"Västra Göteborg, Guldringen m fl",14.309686542129484,28.062360801781736
14800719,"Västra Göteborg, Tynnered Östra",25.089288089733415,31.506849315068493
14800720,"Västra Göteborg, Skattegården",36.23371297925212,37.21436343852013
14800722,"Västra Göteborg, Ängås",37.35779915350044,34.85967503692762
14800723,"Västra Göteborg, Topasgatan",33.80273430837974,41.81568088033012
14800724,"Västra Göteborg, Korsåsen",25.958458402350384,23.804679552390642
14800725,"Västra Göteborg, Opaltorget Norra",31.98768361107912,29.67581047381546
14800726,"Västra Göteborg, Opaltorget Södra",30.875013495592686,27.79187817258883
14800727,"Västra Göteborg, Grevegården",39.57769100705409,36.54970760233918
14800728,"Västra Göteborg, Önnered Norra",16.389169850713134,23.693379790940767
14800729,"Västra Göteborg, Önnered Östra",6.740518299670966,24.335378323108383
14800730,"Västra Göteborg, Önnered Västra",3.588010891089489,18.26086956521739
14800731,"Västra Göteborg, Åkered",4.898076662065506,14.796425024826217
14800732,"Västra Göteborg, Välen",5.513145175749778,19.37069813176008
14800733,"Västra Göteborg, Näset Norra",5.73511921304225,14.593077642656688
14800734,"Västra Göteborg, Näset Södra",5.714285652028698,10.9
14800735,"Västra Göteborg, Donsö-Vrångö",2.313071630739269,13.66742596810934
14800736,"Västra Göteborg, Styrsö-Köpstadsö",2.7442911310175226,21.27659574468085
14800737,"Västra Göteborg, Brännö-Asperö",3.132350158904606,20.897155361050327
14800801,"Västra Hisingen, Länsmansgården Ö",40.64750437060904,37.35294117647059
14800802,"Västra Hisingen, Svartedalen Norra",29.715175437894853,38.64447086801427
14800803,"Västra Hisingen, Väderbodarna m fl",36.13953708312542,49.64028776978417
14800804,"Västra Hisingen, Önskevädersg. m fl",18.67264808085025,43.87211367673179
14800805,"Västra Hisingen, Svartedalen Södra",31.056806423372116,39.80424143556281
14800806,"Västra Hisingen, Kärrmossen",18.804964917064034,33.63453815261044
14800807,"Västra Hisingen, Jättesten",24.639803628330068,32.83100107642626
14800808,"Västra Hisingen, Treröset",42.575560645774054,41.935483870967744
14800809,"Västra Hisingen, Vårväderstorget",42.252032701237695,44.32515337423313
14800811,"Västra Hisingen, Biskopsgården Södra",34.9318403675395,47.24409448818898
14800812,"Västra Hisingen, Väderlekstorget",43.45540010132149,38.009049773755656
14800813,"Västra Hisingen, Biskopsgården Norra",48.30442308508267,43.53813559322034
14800814,"Västra Hisingen, Svarte Mosse",50.11853104722691,48.0
14800816,"Västra Hisingen, Länsmansgården S",48.37721272935092,45.78754578754579
14800818,"Västra Hisingen, Länsmansgården C",35.33870332538875,44.00494437577256
14800819,"Västra Hisingen, Länsmansgården N",28.408949838605082,38.07040417209909
14800820,"Västra Hisingen, Amhult-Arendal",10.619825049246835,29.01439645625692
14800821,"Västra Hisingen, Andalen",3.29159240316333,17.46031746031746
14800822,"Västra Hisingen, Hjuvik",4.026056284480181,11.74812030075188
14800823,"Västra Hisingen, Hällsvik",3.58267472861857,14.373356704645047
14800824,"Västra Hisingen, Trånget",3.891390759086528,15.139826422372227
14800825,"Västra Hisingen, Tumlehed",3.0383144260384896,19.979612640163097
14800826,"Västra Hisingen, Torslanda Röd",4.339071501317529,21.341463414634145
14800827,"Västra Hisingen, Gossbydal",3.487950216232341,16.73728813559322
14800828,"Västra Hisingen, Nolered",8.63733279973373,23.156899810964084
14800829,"Västra Hisingen, Torslanda Torg",4.01220055979445,29.764705882352942
14800830,"Västra Hisingen, Torslanda",3.635619363854093,27.03488372093023
14800831,"Västra Hisingen, Domarringen m fl",3.952054407022625,21.23015873015873
14800832,"Västra Hisingen, Änghagen",3.5062158128706806,20.44790652385589
14800833,"Västra Hisingen, Älvegården",5.467662446442158,18.37248322147651
14800834,"Västra Hisingen, Lilleby",3.3324274770658646,18.209562563580874
14800835,"Västra Hisingen, Kvisljungeby",5.146969729352478,17.563025210084035
14800836,"Västra Hisingen, Björlanda",4.011581113033051,17.22488038277512
14800837,"Västra Hisingen, Nolvik",3.3967134333906968,19.39615736505032
14800901,"Centrala Hisingen, Kärrdalen",10.480643881690591,29.573170731707318
14800902,"Centrala Hisingen, Tolered Norra",14.546266875711606,23.908523908523907
14800903,"Centrala Hisingen, Slätta Damm",14.655852185899128,32.48847926267281
14800904,"Centrala Hisingen, Bjurslätt Norra",17.39167305542138,31.85096153846154
14800905,"Centrala Hisingen, Hildedal",20.68994875861323,30.176211453744493
14800906,"Centrala Hisingen, Tolered Södra",12.045723998013505,28.982528263103802
14800907,"Centrala Hisingen, Tolered Östra",28.0241024866333,30.96330275229358
14800908,"Centrala Hisingen, Flunsås",23.53263654082215,29.614873837981406
14800909,"Centrala Hisingen, Wieselgrenspl.",23.371057996633247,31.11111111111111
14800910,"Centrala Hisingen, Bjurslätt Södra",36.32895350975619,34.38228438228438
14800912,"Centrala Hisingen, Kvillebäcken N",20.483227068243902,32.712765957446805
14800913,"Centrala Hisingen, Kvillebäcken S",19.94033748474938,29.66751918158568
14800914,"Centrala Hisingen, Kvillebäcken Ö",21.31484006595311,31.86157517899761
14800915,"Centrala Hisingen, Vågmästareplatsen",24.10772062338302,32.30134158926729
14800916,"Centrala Hisingen, Backaplan",29.327584916824648,33.479212253829324
14800917,"Centrala Hisingen, Lundbyvassen",29.331177463513402,22.3463687150838
14800918,"Centrala Hisingen, Porslinsfabriken",23.485729223801208,28.104575163398692
14800919,"Centrala Hisingen, Brämaregården S",16.574238695352875,25.101214574898787
14800920,"Centrala Hisingen, Kvillestaden",14.836431642398981,24.881516587677726
14800921,"Centrala Hisingen, Brämaregården N",16.699199600974403,28.71012482662968
14800922,"Centrala Hisingen, Rambergsstaden Ö",13.901869894616171,26.682986536107713
14800923,"Centrala Hisingen, Rambergsstaden N",22.97368445039122,36.395348837209305
14800924,"Centrala Hisingen, Rambergsvallen",24.027674514778656,34.73557692307692
14800925,"Centrala Hisingen, Rambergsstaden S",36.76004496274114,32.87904599659284
14800926,"Centrala Hisingen, Kyrkbyn Norra",20.257488968173064,33.715925394548066
14800927,"Centrala Hisingen, Lundby Norra",18.382232105515747,27.984084880636605
14800928,"Centrala Hisingen, Kyrkbyn Södra",18.171086241930613,30.572289156626507
14800929,"Centrala Hisingen, Lundby Södra",15.642175149978032,26.901874310915105
14800930,"Centrala Hisingen, Bräcke Norra",13.31017566417832,25.52954292084727
14800931,"Centrala Hisingen, Bräcke Södra",11.792382730521346,29.782359679266897
14800932,"Centrala Hisingen, Pölsebo-Bratterås",13.666342362459936,26.554787759131294
14800933,"Centrala Hisingen, Färjenäs",11.680178314990078,23.673036093418258
14800934,"Centrala Hisingen, Eriksberg Västra",10.630367536363432,27.88177339901478
14800935,"Centrala Hisingen, Eriksberg Östra",12.245938156321797,23.634651600753294
14800936,"Centrala Hisingen, Sörhallsberget S",11.803668914035747,22.970479704797047
14800937,"Centrala Hisingen, Sörhallsberget N",11.894592030083594,28.25361512791991
14800938,"Centrala Hisingen, Sannegården V",12.071368185637967,28.54054054054054
14800939,"Centrala Hisingen, Sannegården Ö",11.927153281938145,25.059101654846337
14800940,"Centrala Hisingen, Lindholmen Södra",11.687994258340915,27.39463601532567
14800941,"Centrala Hisingen, Lindholmen Norra",19.871666301676385,22.22222222222222
14801001,"Norra Hisingen, Rödbo",7.561666450979501,20.709382151029747
14801002,"Norra Hisingen, Mysterna-Svankälla",6.26118070849295,26.671732522796354
14801003,"Norra Hisingen, Gerrebacka-Ingebäck",8.860637712722781,29.360694554064718
14801004,"Norra Hisingen, Kärra Norra",10.143328901091502,36.432432432432435
14801005,"Norra Hisingen, Kärra Östra",14.03354235230958,36.63133097762073
14801006,"Norra Hisingen, Kärra Södra",16.390507307883865,31.03103103103103
14801007,"Norra Hisingen, Kärra Västra",11.805539943880108,30.680628272251308
14801008,"Norra Hisingen, Skogome",17.513067275726378,31.467964314679644
14801009,"Norra Hisingen, Åketorp",9.514402566204545,35.07805325987144
14801010,"Norra Hisingen, Bäckebol Norra",29.329510762449996,43.55555555555556
14801011,"Norra Hisingen, Backadalen",28.50612918655505,39.465408805031444
14801012,"Norra Hisingen, Bäckebol Södra",36.56076096829162,40.415704387990765
14801013,"Norra Hisingen, Skälltorp",23.690219280443234,37.88598574821853
14801014,"Norra Hisingen, Selma Lagerlöfs Torg",21.8416506614876,32.20125786163522
14801015,"Norra Hisingen, Sankt Jörgen",11.858956594717972,32.16630196936543
14801016,"Norra Hisingen, Backa Röd",35.23119104607908,41.31147540983606
14801017,"Norra Hisingen, Julias Gata m fl",39.1741982444281,38.76871880199667
14801018,"Norra Hisingen, Blendas Gata m fl",37.837545548951866,41.77583697234352
14801019,"Norra Hisingen, Backa Södra",24.974872337862106,38.93805309734513
14801020,"Norra Hisingen, Backa Norra",31.633156353007404,40.24266936299292
14801021,"Norra Hisingen, Bällskär",21.30706810757807,37.765957446808514
14801022,"Norra Hisingen, Tingstad",27.292813820821877,36.773428232502965
14801023,"Norra Hisingen, Brunnsbo Södra",34.55899982496185,39.374325782092775
14801025,"Norra Hisingen, Brunnsbo Norra",24.348696040563844,32.0040899795501
14801026,"Norra Hisingen, Aröd",30.943631394383065,29.175704989154013
14801027,"Norra Hisingen, Tuve Södra",11.405528969984337,27.376033057851238
14801028,"Norra Hisingen, Gunnestorp",11.424756867148862,34.69879518072289
14801029,"Norra Hisingen, Arvesgärde m fl",14.20499626584102,33.91684901531729
14801030,"Norra Hisingen, Glöstorp",12.439072423928078,31.88259109311741
14801031,"Norra Hisingen, Tuve Norra",24.41367806804678,33.13696612665685
14801032,"Norra Hisingen, Norumshöjd",27.393985402265,34.905660377358494
14801033,"Norra Hisingen, Tången",9.269367605055931,30.346051464063887
14801034,"Norra Hisingen, Säve",5.656250261907995,20.72072072072072
14810101,Stadshuset Södra,16.912988622882235,27.086007702182286
14810102,Fässberg Östra,12.570815304120568,25.45219638242894
14810103,Fässberg Västra,12.20815370299051,34.52229299363057
14810104,Ekhaga,13.895522440951355,24.60243217960711
14810105,Västerberg,21.174904898310125,34.32494279176201
14810106,Balltorp Västra,16.308509420201663,26.003086419753085
14810107,Broslätt Västra,12.272188930768563,30.81081081081081
14810108,Åby Östra,14.597717082758606,30.225080385852092
14810109,Åby Västra,21.287270390596696,35.60411311053985
14810110,Toltorp Södra,9.599874965799957,24.733475479744136
14810111,Bosgården Norra,13.365610283041958,26.00216684723727
14810112,Toltorp Norra,14.422463452443711,20.204313280363223
14810113,Krokslätt Södra,12.86106383639576,29.533116178067317
14810114,Sörgården Östra,9.952839918167111,18.087557603686637
14810115,Sörgården Västra,9.962723924757348,21.428571428571427
14810116,Eklanda Västra,7.548083423978156,23.076923076923077
14810117,Balltorp Östra,21.172781599420333,29.185022026431717
14810118,Broslätt Östra,16.416283558855124,28.903976721629487
14810119,Bosgården Södra,12.609465716425307,32.00483091787439
14810120,Eklanda Östra,7.845504622613119,21.463414634146343
14810121,Stadshuset Norra,14.47259851918055,25.304136253041364
14810122,Stallbacken Östra,12.713704005367093,19.844961240310077
14810123,Stallbacken Västra,13.318976722768229,23.81516587677725
14810124,Krokslätt Norra,12.135374202980763,25.65880721220527
14810201,Hallen Norra,11.885783554013601,24.53531598513011
14810202,Brattås Norra,21.831618265395765,29.451476793248943
14810203,Brattås Södra,10.435134640800571,30.208333333333332
14810204,Stretered,8.077077021435455,25.486725663716815
14810205,Hallen Södra,10.88421849361799,24.384525205158265
14810301,Skånhälla Västra,4.462262684523359,19.431818181818183
14810302,Almås,15.033133724794933,29.680365296803654
14810303,Valås,5.116727261301248,27.183406113537117
14810304,Sinntorp Norra,4.231928824137044,25.315227934044618
14810305,Hällesåker,2.5003079289706913,18.626609442060087
14810306,Sinntorp Östra,4.635043148406443,26.633165829145728
14810307,Skånhälla Bräcka,7.215129483334151,24.489795918367346
14810308,Skånhälla Fågelsten,5.87876907016095,25.557620817843866
14810309,Sinntorp Västra,9.078298622276904,29.41176470588235
14810401,Lackarebäck Norra,7.31319707475197,18.38235294117647
14810402,Kvarnbyn Norra,14.032216064927054,26.347305389221557
14810403,Glasberget Norra,5.105481516912669,29.28730512249443
14810404,Rävekärr Norra,8.262628474087293,29.19463087248322
14810405,Rävekärr Södra,15.15642212168781,30.7103825136612
14810406,Lackarebäck Södra,5.550971681662884,24.35185185185185
14810407,Glasberget Södra,9.185940130575675,27.184466019417474
14810408,Kvarnbyn Södra,15.171075368535199,27.254707631318137
14821150,Ingetorp-Skålldal-Lundby,3.1200300328888964,20.606601248884925
14821151,Norrmannebo-Solberg-Duvesjön,2.5289069283716024,17.545748116254035
14821152,Diseröd-Häljeröd,4.936261205476833,22.817133443163097
14821153,Olseröd-Rävsal,5.2085917552061405,26.674107142857142
14821154,Rishammar-Ullstorp,4.104422494307744,21.84100418410042
14821155,Ulvegärde-Munkegärde,5.961245962173103,30.79937304075235
14821156,Fridhem-Rostock-Marieberg,6.083247172767394,29.032258064516128
14821157,Centrum N,8.418163336976859,30.53722902921772
14821158,Kongahälla,10.048698165514685,26.694915254237287
14821159,Centrum S,4.770234132539445,32.715376226826606
14821160,Tveten,7.851385931117127,33.81112984822934
14821161,Fontin-Gamla Staden,7.738902538207301,23.937153419593347
14829901,Kode,4.083389508209632,24.402308326463313
14829902,Solberga-Rörtången-Aröd,2.135962874849199,20.670391061452513
14829903,Marstrand-Instön-Klåverön,2.167913465370738,17.108874656907595
14829904,Tjuvkil-Tofta,2.2809173247591827,18.895800933125972
14829905,Hålta-Lökeberg-Skårby,2.2295266707068184,19.17695473251029
14829906,Rollsbo-Bredsten-Vena,6.195652932291351,23.178137651821864
14829907,Kärna-Staby,3.632148906849734,23.944875107665805
14829908,Torsby-Kovikshamn-Glose,1.9190375979922862,20.891364902506965
14829909,Harestad-Ulvesund,3.1575450040531163,19.488536155202823
14829910,Tega,4.339419208641394,20.200181983621473
14829911,Sparrås-Nordtag,5.494595013437339,24.170616113744074
14829912,Björkås-Tornhaga-Stället,7.2065311935393,24.52153110047847
14829913,Ytterby C-Kastellegården,8.002899999567092,26.340545625587957
14829914,Grinden-Komarken V,16.56031364608536,31.966449207828518
14829915,Komarken N,21.509596609200305,42.279411764705884
14829916,Komarken S,8.4844922816155,32.93269230769231
14840101,Lysekil Kyrkvik,4.561968519211397,31.149193548387096
14840102,Lysekil Bansvik,31.300151853077498,30.962962962962962
14840103,Lysekil Centrum,10.12783836872939,38.61702127659574
14840104,Lysekil Slätten,3.0084013319415854,32.34126984126984
14840105,Lysekil Dalskogen,8.259580016120657,31.133004926108374
14840201,Lyse,3.446721255403242,24.023668639053255
14840301,Skaftö,1.4524328703374099,22.273998136067103
14840401,Bro,2.590190518011986,22.61904761904762
14840501,Brastad väster,5.378648436405652,32.951945080091534
14840502,Brastad öster,4.701143978275292,32.16704288939052
14850101,Äsperöd-Ängebacken,6.796389263431661,28.571428571428573
14850102,Stenbacken-Karlsberg,10.624598949383435,26.172300981461287
14850103,Hönseberget-Östberget,26.79943711296314,28.11387900355872
14850104,Kapelle,4.335550738643998,30.743243243243242
14850105,Håljuteberget,13.1656042056033,32.882414151925076
14850106,Ridhuset-Folkets park,9.79047885426869,37.55383290267011
14850107,Walkesborg-Bohusgården,10.231258572145867,30.87121212121212
14850108,Kampenhof-Strömstadsvägen,15.081215812132319,34.27947598253275
14850109,Centrum-Margretegärde,9.921329108532813,32.94491525423729
14850110,Tureborg-Vadbacken,18.637172827692897,37.69035532994924
14850301,Berg-Simmersröd,3.897958446576664,22.564612326043736
14850302,Hälle-Skafteröd,3.543372660452421,26.310583580613255
14850303,Lyckorna-Grinneröd,1.7968205401256607,16.365066876475215
14850501,Ammenäs-Sund-Bratteröd,2.5946558453259563,22.4191063174114
14850502,Dramsvik-Forshälla-Stenshult,2.0006330826526937,21.494464944649447
14850503,Ulvesund-Resteröd-Vassbovik,3.060907410105506,22.539098436062556
14850701,Bokenäs-Dragsmark,3.003194453615378,21.9811320754717
14850901,Skredsvik-Hogstorp,2.640597806411907,23.20754716981132
14850902,Högås-Sundsandvik,2.629263885221999,24.56461961503208
14851001,Utby-Lanesund,3.4886627713001666,21.893004115226336
14851002,Kissleberg-Smedseröd,3.868901657733765,29.19776119402985
14851003,Källdal-Misteröd-Sunningen,3.155769672233429,28.141459744168547
14851101,Lane-Ryr,1.6105017389098786,19.414634146341463
14851201,Unneröd-Ramneröd,19.458327528013765,35.14246947082768
14851202,Skogslyckan,26.899555019229872,40.50480769230769
14851204,Karlsruhe-Elseberg,13.347964973436278,28.898582333696837
14851205,Hedegärde-Vännerberg,11.725629508479553,26.043737574552683
14851206,Bleket-Södra Dalaberg-Vindfället,24.413541773446795,42.74735830931797
14851207,Dalaberg-Norra Hovhult,43.3967435739929,44.67005076142132
14851208,Hovhult,31.33006593170488,43.92638036809816
14851209,Fasseröd,14.053626142400502,36.25410733844469
14851210,Boxhult-Norra Unneröd,14.781458455046424,39.049394221808015
14851211,Helenedal-Norra Uddevalla,22.4814352317817,41.37931034482759
14851212,Kurveröd,7.228687488718653,32.31132075471698
14860101,Centrum nord,17.6873458903041,37.56294058408862
14860102,Centrum syd,9.053349486236943,29.73503434739941
14860103,Strömstad södra,16.293443864282935,24.97793468667255
14860104,Seläter-Hällestrand,8.499360913760226,25.0
14860105,Bojar,14.355707876198734,28.60335195530726
14860203,Skee-Strömstad östra,6.95204614382983,20.230105465004794
14860401,Strömstad norra,9.744102321358806,20.38664323374341
14860701,Tjärnö/Koster,3.5243704937229614,25.347758887171562
14870101,Frändefors/Sundals Ryr,2.1283053829974667,18.03921568627451
14870102,Brålanda,5.8025431169859845,18.920916481892093
14870103,Vänerkusten,2.381318547219666,19.680851063829788
14870104,Siviken/Väne Ryr,2.0798609351314585,20.983606557377048
14870105,Blåsut,3.0183625701118832,27.8640059127864
14870106,Öxnered/Vassända Naglum/Båberg,3.057259156405076,28.389830508474578
14870107,Centrala Vänersborg norra,4.865143723758897,33.50903614457831
14870108,Centrala Vänersborg,7.221541827825982,33.819951338199516
14870109,Centrala Vänersborg södra,15.117342422790344,31.655372700871247
14870110,Holmängen,8.473479579492228,32.87380699893956
14870111,Lyckhem V/Fredriksberg/Centrum V,11.585743185581947,31.233362910381544
14870112,Hedmanstorget/Mariero östra,27.235978888193543,35.85972850678733
14870113,Lyckhem södra/Tenggrenstorp,13.349068564756227,34.68869123252859
14870114,Flanaden,33.14872682850241,43.08943089430894
14870115,Torpa,21.518364143858154,40.32
14870116,Mariedal/Fridhem,7.6475220799220205,32.459847844463226
14870117,Onsjö norra,3.720937903200868,32.32541396688265
14870118,Onsjö södra,3.44450934945494,33.449074074074076
14870119,Brinketorp/Restad,7.337186128022619,30.997624703087887
14870120,Vargön norra/Nordkroken,3.1295139905606577,29.64426877470356
14870121,Vargön östra,3.8723329756685057,30.18867924528302
14870122,Centrala Vargön/Västra Tunhem,5.098486682362848,29.370008873114465
14870123,Vänersnäs/Lilleskog,2.8252531158875347,25.9105098855359
14880106,Strömslund,3.6787147395729365,26.111560226354083
14880107,Torsred,3.550282679692679,26.816860465116278
14880108,Björndalen,4.964029966484811,28.804347826086957
14880109,Centrum N,7.238231278260558,38.28996282527881
14880110,Centrum V,13.286029225272033,31.5251572327044
14880111,Centrum S,9.278914670291865,33.10043668122271
14880113,Centrum Ö,14.967566491153226,35.20992366412214
14880114,Hjortmossen,16.828416568677905,37.28115345005149
14880119,Skoftebyn N,11.133472498697824,33.03269447576099
14880120,Skoftebyn V,5.036592141336894,32.3890462700661
14880125,Skogshöjden,7.188425661208983,31.142643764002987
14880135,Källstorp,3.426674652524494,32.21153846153846
14880137,Skoftebyn Ö,8.07899299274455,30.050761421319798
14880327,Åsaka-Norra Björke,1.6426317128251204,23.510204081632654
14880428,Halvorstorp,4.187480909510434,29.13907284768212
14880429,Velanda,8.347025702513532,28.52512155591572
14880530,Upphärad,1.7256256656648872,24.476439790575917
14880632,Sjuntorp S,3.1402168754855095,26.18510158013544
14880731,Sjuntorp N,3.2116627418859998,26.248864668483197
14880916,Karlstorp,23.134327759122918,43.06167400881057
14880917,Kronogården N,44.44846175564358,42.9054054054054
14880918,Kronogården S,42.2552364514922,48.28693790149893
14880921,Sylte S,15.84845107313858,40.320962888665996
14880922,Sylte N,32.25316894139505,36.100628930817614
14880923,Lextorp N,38.733304504921854,49.27857935627081
14880924,Lextorp S,22.331502367110932,50.341296928327644
14880936,Kronogården V,47.58577036433795,43.656207366984994
14881001,Dannebacken,6.05619731826994,36.63890991672975
14881002,Hjulkvarn,4.324340289271286,30.77699293642785
14881003,Stavre Ö,4.888896787895775,30.308370044052865
14881004,Stavre V,7.845489818668644,32.98279158699809
14881005,Sandhem,3.3123319579188433,36.42745709828393
14881033,Tingvalla S,12.196032753920528,30.946291560102303
14881034,Tingvalla N,12.19595612727164,35.38135593220339
14890101,Stora Mellby/Magra,2.232590266673671,20.273972602739725
14890102,Erska/Sollebrunn,3.3990353523026067,25.432525951557093
14890103,Långared,2.116665938799561,15.604395604395604
14890104,Anten/Gräfsnäs,1.4319126960161939,23.246753246753247
14890105,Tegelbruket/Simmenäs,4.014222630364565,31.574158325750684
14890106,Kvarnbacken,5.071894036836654,30.58823529411765
14890107,Nolby V/Bolltorp,4.799411022998503,27.15173025732032
14890108,Nolby Ö/Rödene,5.605463822819382,33.59858532272325
14890109,Noltorp V,17.900471036106055,34.20523138832998
14890110,Noltorp Ö,18.834096312849695,33.45864661654135
14890111,Stadsskogen,5.744183707430476,25.753424657534246
14890112,Sörhaga,4.443848437722441,29.195402298850574
14890113,Kullingsberg,5.439433004434666,24.670287044220327
14890114,Centrum N,4.796614317578698,27.9896013864818
14890115,Centrum S/Tuvebo,6.685780911242944,27.106863596872284
14890116,Östlyckan/Brogården,18.244876286535018,36.148382004735595
14890117,Stockslycke/Holmalund,16.046445747655554,25.897187196896216
14890118,Bälinge,9.122941786127381,29.315960912052116
14890119,Hemsjö/V Bodarne,3.0003865519771136,19.554455445544555
14890120,Dammen/Prästeryd,3.9383087679308075,29.315707620528773
14890121,Ängabo/Maryd,3.991354798940164,28.22641509433962
14890122,Ingared,2.907201703617115,28.79746835443038
14890123,Hemsjö S,2.3993680952396867,20.92050209205021
14890124,Ödenäs/Skaftared,2.5070827960181754,20.98901098901099
14890125,Lövekulle,6.481610085972227,21.819960861056753
14900101,Aplared,2.2463736262458283,19.825436408977556
14900102,Bergsbo-Trandared,9.151554812905648,26.895565092989987
14900103,Bergsäter-Bergsbo,9.579829424283995,24.324324324324323
14900104,Boda-Brämhult,24.86269179715346,33.333333333333336
14900105,Brotorp,12.749028192052263,32.66219239373602
14900106,Brämhult-Ön,9.287350682195973,28.0040733197556
14900107,Brämhult-Kärra,9.971578291634732,28.904227782571184
14900108,Dalsjöfors Västra,3.852877256770506,26.291079812206572
14900109,Dalsjöfors Östra,3.867169738232799,27.8372591006424
14900110,Dannike-Draered,3.1612286518492763,20.29177718832891
14900112,Gånghester,5.299404665077415,26.301853486319505
14900114,Hulta Östra,39.03194395100777,48.86769964243147
14900115,Hässleholmen-Brämhult,19.943668925628096,34.28217821782178
14900116,Hässleholmen-Distansgatan,41.19850664360515,46.58869395711501
14900117,Hässleholmen-Tunnlandsgatan,42.71806666208728,49.49664429530201
14900118,Hässleholmen-Våglängdsgatan,45.17547863245965,56.19047619047619
14900119,Målsryd,4.211645827703204,27.019867549668874
14900122,Svensgärde-Sörmarken,18.13085470649735,31.875
14900123,Trandared Södra,13.879735582036936,36.74863387978142
14900124,Trandared Västra,10.923783397801836,31.643835616438356
14900125,Trandared Östra,17.62459303566313,34.62940461725395
14900126,Äspered-Rångedala,2.745389494307123,20.61482820976492
14900168,Hulta Västra,30.34163661889064,40.20942408376963
14900169,Dalsjöfors Centrum,2.6610806218062106,33.25092707045736
14900227,Bergdalen-Liljeberget,13.776205670354093,30.671736375158428
14900228,Bergdalen Södra,6.410574010645852,21.75438596491228
14900229,Bosnäs-Viared,5.31466026856242,23.11320754716981
14900230,Centrum,14.821529863261452,25.82496413199426
14900231,Centrum Norra,13.806580233997234,23.874488403819917
14900232,Centrum Östra,9.127215152375568,19.869281045751634
14900234,Druvefors Västra,22.520030307009613,27.89598108747045
14900235,Druvefors Östra,17.280350926763404,28.950542822677924
14900236,Göta,18.936373551120138,32.126696832579185
14900237,Göta-Kristineberg,25.9797304203722,36.08923884514436
14900238,Göta-Regementet,10.026187261500748,27.749229188078107
14900242,Kristineberg,28.248988904610545,36.48148148148148
14900243,Lugnet,8.727207696067719,30.619266055045873
14900244,Norrmalm-Sagavallen,12.534098305031765,25.515463917525775
14900245,Norrmalm-Hornsgatan,9.868338819465418,24.720496894409937
14900246,Norrmalm-Nedre,9.246144806725454,29.00232018561485
14900247,Norrmalm-Kype,11.033834888674765,30.385164051355208
14900248,Rydboholm,10.017934009053782,29.246676514032497
14900249,Salängen-Villastaden,15.783039408226337,22.900763358778626
14900251,Svaneholm-Seglora,7.605559677074154,26.473859844271413
14900252,Villastaden,8.265386434277334,23.06733167082294
14900253,Viskafors-Kinnarumma,4.634902787684171,30.776699029126213
14900254,Viskafors Centrum,8.662863571237247,32.82208588957055
14900255,Östermalm,15.98420227659757,26.85851318944844
14900256,Kristineberg-Dammsvedjan,10.291910288567726,30.335570469798657
14900257,Hedvigsborg,9.019994906240582,25.543478260869566
14900258,Dammsvedjan-Gässlösa-Kråkered,10.774472409819476,26.984126984126984
14900357,Borgstena-Tämta-Vänga,2.8312239654119415,17.257142857142856
14900358,Bredared,1.8386457632862447,21.046770601336302
14900359,Byttorp,10.379419523476404,33.30152671755725
14900360,Ekås-Hestra,6.008384671357186,24.89451476793249
14900361,Fristad-Kvarbo,3.4662348705492985,25.41371158392435
14900362,Fristad-Gingri,2.7961093683265,24.195470798569726
14900363,Fristad-Asklanda,4.902286923377681,23.3502538071066
14900365,Frufällan-Tosseryd,11.618389759727261,20.59308072487644
14900366,Hestra-Byttorp,8.499174034755384,31.117824773413897
14900367,Hestra Parkstad,6.896928510457294,31.215772179627603
14900369,Knalleland-Alideberg,21.222747401207943,33.51235230934479
14900370,Lundaskog-Lyckebo,9.177068456251364,24.673784104389085
14900371,Sjöbo-Almenäs,21.029667189597603,39.97555012224939
14900372,Sjöbo-Långesten,17.826887671040918,33.56890459363957
14900373,Sjöbo-Nolhaga,23.575938558136553,37.81512605042017
14900374,Norrby Norra,55.07742854033157,47.94685990338164
14900375,Norrby Södra,50.77804106431598,51.84381778741866
14900377,Parkstaden-Byttorp,8.39528559012336,24.530831099195712
14900378,Sandared Centrum,3.6450657011786487,28.047337278106507
14900379,Sandared Västra,3.8256221512074364,21.401752190237797
14900380,Sandared Östra,3.5246600276412106,21.09090909090909
14900381,Sandhult-Hedared,2.812499935922089,23.705179282868524
14900382,Sjöbo-Ryda,24.166415597761684,37.83403656821378
14900383,Sjöbo-Johannelund,24.14379632328151,38.28238719068413
14900384,Sjömarken Norra,5.026960887672197,20.890774125132555
14900385,Sjömarken Södra,7.486266782700298,23.06878306878307
14900386,Sparsör,5.0209277668796695,22.21269296740995
14900387,Tullen,12.889116812555924,29.032258064516128
14900388,Fristad Centrum,5.1292174446265655,32.39795918367347
14910101,Gunnarshill/Borgmästarhagen,15.89620983467912,31.51796060254925
14910102,Villastaden/Bronäs/Ekhagen/Karlsnäs,9.153893075243968,28.21497120921305
14910103,Centrum/Tingsholm N.,12.706653289197266,34.611602753195676
14910104,Skarpås/Furet/Hemryd/Tingsholm S.,7.0058215839464,28.77939529675252
14910105,Fridhem/Paradiset/Centrum S.,5.55608150059335,25.163398692810457
14910106,Markuslyckan/Karlslätt/Härstorp,10.999694798315197,25.483091787439612
14910107,Marbäck/Fredriksberg/Fållorna,7.549736939716105,31.075418994413408
14910108,Blidsberg/Dalum/Trädet,6.545574127835017,22.58347978910369
14910109,Gällstad/Rånnaväg/Grönahög,5.191510985485584,21.651964715316762
14910110,Hökerum/Nitta,2.252901455892924,20.850767085076708
14910111,Hössna/Liared,1.3135936692915933,15.39313399778516
14910112,Timmele/Älmestad,3.1995119910253207,20.094562647754138
14910113,Tvärred/Vegby,2.9045629158830657,26.076158940397352
14920101,Åmål norra - Mo,5.396307179433283,26.252983293556085
14920102,Åmål nordvästra,9.045865130010824,31.50147203140334
14920103,Åmål sydvästra,5.74123289799167,30.212355212355213
14920104,Åmål södra,6.973558069449346,28.571428571428573
14920105,Åmål centrala,23.09062109101957,36.67279411764706
14920607,Tösse - Fröskog - Ånimskog,1.3534643111035143,23.03082191780822
14930101,Näset,6.067769794474557,29.181494661921707
14930102,Madlyckan,6.330744298551622,32.62032085561497
14930103,Ladukärr,3.4580618816148565,34.61538461538461
14930104,Grangärdet,6.473257993720623,34.8780487804878
14930105,Trädgården,6.601638795962987,38.19047619047619
14930118,Högelid,3.0548974303641825,32.21117061973986
14930206,Marieholm,16.313179924054978,38.41870824053452
14930207,Leksberg,3.6363698967893883,33.333333333333336
14930208,Leverstad,17.232766185389067,36.46153846153846
14930216,Lockerud-Ekudden,6.195486265313357,29.739336492890995
14930217,Bråten-Västra skogen-Marieäng,12.520075033701707,39.598732840549104
14930314,Ullervad,1.0977596912369378,28.026315789473685
14930315,Tidavad,1.025260542726507,22.16216216216216
14931011,Lugnås,1.5141975406858537,22.756410256410255
14931409,Hassle-Torsö,1.2096474337819814,24.135021097046412
14931813,Lyrestad-Sjötorp,1.9125558079984613,25.989304812834224
14940101,Gamla stadens centrum,13.735638162311583,31.18580765639589
14940102,Margretelund N,22.987185987696005,39.040348964013084
14940103,Fredriksdal,18.67050955744797,35.294117647058826
14940104,Wennerberg,9.884501551677262,38.1151832460733
14940105,Lidåker-Ljunghed,4.669274256126164,36.82819383259912
14940106,Margretelund S,15.258201135605132,39.18791312559018
14940107,Nya staden N,8.519485093239158,32.14904679376083
14940108,Nya staden S,9.036415444618884,30.15484922575387
14940109,Ågårdsområdet,4.35884907664354,29.495861550037624
14940110,Dalängen,11.157199642689339,36.916666666666664
14940111,Framnäs,10.727048326510689,39.79899497487437
14940213,Järpås,1.691210703142863,23.564593301435405
14940514,Råda,2.6918053766679195,27.69010043041607
14940622,Tun-Gillstad,2.2831035475265122,25.84378013500482
14940816,Sunnersberg,1.5812748235666052,24.017790956263898
14941117,Otterstad,1.6801853349830576,20.943708609271525
14941315,Stenhammar,2.1326220811045755,28.409846972721223
14941325,Tofta-Ulriksdal,1.5943957294829505,33.400200601805416
14942020,Hovby-Majåker,2.721986813368784,36.29460895975702
14942121,Saleby-Norra Härene,1.4336547835369196,19.6513470681458
14942424,Vinninga-Filsbäck,2.0292436999841037,31.6138540899042
14942923,Örslösa,0.6313747088810266,24.150943396226417
14950101,Marieberg,13.406657561159667,33.433734939759034
14950102,Västermalm-Domprostegården,10.544088714832874,28.35144927536232
14950103,Centrum,18.03791576528007,34.01069518716577
14950104,Skaraberg-Tveta,15.260677403638852,31.394354148845167
14950105,Gällkvist västra-Härlunda,12.699488366495228,28.435114503816795
14950106,Gällkvist östra-Skånings Åsaka,6.261306706202893,27.96976241900648
14950107,Hindsbo-Händene,10.354359567130256,29.078801331853494
14950514,Varnhem-Eggby,1.3931401434513302,24.43306510607169
14950813,Axvall,3.0907946394645944,24.102079395085067
14951609,Ardala,2.186773275388934,17.897727272727273
14960101,Centrum västra,7.339089836608023,31.09048723897912
14960102,Kullen,6.745806045065233,26.581118240146655
14960103,Billingssluttningen,6.118403085133009,27.81512605042017
14960104,Dälderna,10.58592463066209,28.864218616567037
14960105,Centrum östra,10.490024496191532,25.691699604743082
14960106,Havstena,16.391928295322273,35.87059942911513
14960107,Norrmalm,10.372143402258764,27.97319932998325
14960108,Västra Fältet,6.988405058060323,28.082901554404145
14960109,Rosenhaga,13.725495247513443,33.398247322297955
14960110,Lunden,13.570325129946317,30.44806517311609
14960111,Mariesjö,15.732084409473005,27.766798418972332
14960112,Östermalm,14.7349304133163,31.697341513292432
14960113,Trädgårdsstaden,10.080290388726976,27.703826955074874
14960115,Källegården,5.729172906129925,22.946859903381643
14960129,Ekängen,7.319098909673008,24.688995215311003
14960132,Aspö/Ulveket,5.24910746551493,28.03315749811605
14960134,Högskolan/Trängen,12.857137679190242,26.84622067767159
14960316,Våmb,4.950513144708419,29.58833619210978
14960331,Hentorp,3.7318221181035534,26.176713459950456
14960417,Södra Ryd,29.407220499584763,38.34586466165413
14960418,Ryds Centrum,42.72269991628505,43.374741200828154
14960419,Norra Ryd,30.521446087759028,40.62140391254315
14960521,Skultorps centrum,8.669437960524906,28.228571428571428
14960533,Skultorp nordväst,5.529686980077468,28.835489833641404
14960820,Skultorpsbygden,4.206997172081056,21.201091901728844
14961223,Värsås,2.4964828796878678,19.30835734870317
14961322,Igelstorp,4.044702772928681,23.346303501945524
14961625,Väring,1.4163631609273186,23.491027732463294
14961824,Frösve/Säter,1.7725088743184094,27.54491017964072
14962226,Berg,1.4770371206418942,21.159153633854647
14962427,Timmersdala,0.8437895438988808,22.679200940070505
14962628,Tidan,7.2677046018607605,23.484119345524544
14970101,"Hjo södra, Grevbäck",4.736784823523524,23.616523772408417
14970102,"Hjo västra, Mofalla, Långeruder m fl",2.4808482007114954,24.814509480626544
14970103,"Hjo mellersta, Hammarsjorden",8.396339894945516,33.50357507660878
14970104,"Hjo norra, Smedstorp, Sanna",3.544264624193727,29.908256880733944
14970505,"Norra och Södra Fågelås, Gate",2.5337087338189774,19.397363465160076
14970706,"Korsberga, Blikstorp",1.3348164597605483,22.602739726027398
14980101,Tidaholms Innerstad,11.146469269072828,39.962825278810406
14980102,Tidaholm Östra,8.310092017690218,35.842696629213485
14980103,Tidaholm Västra,5.260007152861907,41.75609756097561
14980104,Tidaholm Norra,5.260606566114647,43.65904365904366
14980110,Hökensås Norra,1.0377430445020908,29.184188393608075
14980207,Hökensås Södra/Västra,1.116772817768949,21.986499517839924
14981512,Dimbo m.fl.,1.6713091340243285,20.721554116558742
14990101,Centrum,6.906757946550911,31.89003436426117
14990102,Kyrkerör,13.722109205469057,32.44406196213425
14990103,Dotorp-Tåstorp,27.461819338338422,42.831215970961885
14990104,Bestorp-Mösseberg,3.6868211268082605,28.733624454148472
14990105,Fredriksberg,21.657455592710363,37.33552631578947
14990106,Ranten-Grönelund,27.924855873930316,37.35267452402539
14990107,Vilhelmsberg-Åttagård,16.35093586226647,41.09972041006524
14990108,Södra Bestorp-Nedre Mösseberg,4.1370033368711985,29.746348962336665
14990209,Bergsliden,15.302332548529796,24.57002457002457
14990310,Vilske,2.971990672649655,18.685121107266436
14990512,Floby,5.304289198157692,25.41371158392435
14990711,Odensberg,1.1748603214425544,17.514792899408285
14991428,Åsarp-Kättilstorp,1.678153455264796,18.923933209647494
14991513,Kinnarp-Slutarp,3.031726864190713,20.26143790849673
14992016,Vartofta,1.6870518774156011,18.32412523020258
14993123,Stenstorpsbygden,1.66500768634346,17.50278706800446
14993422,Stenstorp,8.117256070659502,25.983606557377048
14994125,Gudhem-Broddetorp,1.6908838321557818,20.395869191049915
17150101,Vikstad,1.5510846277779875,29.217110573042778
17150102,Tolita,1.0111402445403175,20.32085561497326
17150103,Dalliden,3.9994531332342396,32.17712177121771
17150109,Stenåsen,1.5404195708212443,30.852601156069365
17150110,Sannerud,11.067460037960133,36.54283548142532
17150205,Fagerås,1.848255283543155,23.66412213740458
17150206,Frykerud,1.3633812568761325,19.115044247787612
17150308,Boda,1.363366972019022,23.80952380952381
17300101,Charlottenbergs tätort,16.384412595341768,38.96457765667575
17300102,Charlottenbergs omland,7.309911037219547,25.1441753171857
17300105,Åmotfors,9.097838861169368,35.092724679029956
17300307,Koppom,1.5343562207137367,24.964936886395513
17300511,Köla-Skillingmark,1.7040359259184772,22.203672787979965
17370101,Torsby Norra,5.862341094356222,35.16209476309227
17370102,Oleby,5.487677444589088,26.0752688172043
17370105,Svenneby,5.328136403712741,30.327868852459016
17370106,Torsby Södra,5.954691698427287,33.190578158458244
17370309,Vitsand,1.386377354490093,23.544303797468356
17370512,Östmark,0.941619591007267,25.177304964539008
17370617,Sysslebäck,1.1470281662880935,30.19607843137255
17370822,Likenäs,2.2531477567955984,31.024930747922436
17370923,Stöllet,2.253147690857036,24.938875305623473
17600103,Storfors Centrala,5.142351240245271,41.40625
17600201,Bjurtjärn,2.0043336447929088,24.68513853904282
17600302,Lungsund,2.383920557856469,24.935064935064936
17610101,Skoghall,9.142949328189921,35.193945127719964
17610102,Haga,3.95650863812928,36.944660950896335
17610103,Gunnarskär,1.3192283327263656,34.69573115349682
17610104,Mörmon,6.992226846187801,42.91417165668663
17610105,Klöverud,2.8866113137238685,31.051344743276285
17610106,Hammar,1.414980453776727,33.00090661831369
17610107,Lövnäs,2.3576248796971386,25.705329153605014
17610108,Hallersrud,1.6283266629539337,28.627450980392158
17610109,Östra Bärstad-Rud,1.8084451672353683,19.644444444444446
17620203,Munkfors Sydvästra,2.6827891845944296,29.587155963302752
17620205,Munkfors Centrala,4.5627366109123,42.916235780765255
17630101,Forshaga öst,3.4921458028090773,39.583333333333336
17630102,Forshaga väst-Dyvelsten,3.7107427681565865,34.38256658595642
17630103,Grossbol,10.159443727465343,33.1041257367387
17630104,Skived öst,2.072231733853008,29.25824175824176
17630105,Skived väst,2.1292102425009363,33.554083885209714
17630212,Deje,4.2222739826978035,35.0940017905103
17630315,Dejefors,3.384376537908913,32.64907135874878
17640102,Grums Västra,6.5474368854831635,44.13265306122449
17640103,Grums Centrala,5.431154857534854,35.587761674718195
17640106,Grums Södra-Gamla Slottsbron,6.4544715059058495,40.383141762452105
17640107,Segmon-Slottsbron,3.8772780683386747,29.941291585127203
17640108,Värmskog-Grums Norra,1.0410834973300906,21.20343839541547
17650101,Årjäng N,10.946654309448173,25.264394829612222
17650102,Årjäng Ö,10.564712962340122,27.288428324697755
17650203,Sillerud,1.2857142697493376,15.517241379310345
17650307,Holmedal-Karlanda,1.4502762550650923,16.75977653631285
17650509,Årjäng V,6.383464415461729,26.32293080054274
17650711,Töcksfors,6.41221380508129,16.809421841541756
17660101,Klockaregården,9.283020885954965,24.074074074074073
17660102,Åmberg,3.3412061700065143,25.905292479108635
17660103,Leran,8.646139061610477,27.4468085106383
17660106,Södra Borgeby,2.3143139969587128,21.019108280254777
17660109,Rottneros,4.257113101343735,24.517374517374517
17660110,Stöpafors,0.8138351808321497,20.120724346076457
17660119,Gräsmark,1.1035654097826606,23.51145038167939
17660124,Brobyäng,8.208972518423423,34.550561797752806
17660215,Västra Ämtervik,1.2332439749034303,21.319018404907975
17660317,Östra Ämtervik,1.428391920606904,18.209876543209877
17660523,Lysvik,1.092896236717386,24.521072796934867
17800101,Tingvallastaden,7.780089849122645,27.11234911792015
17800102,Viken,5.719266527177658,37.76371308016878
17800103,Sommarro,6.245290876631404,26.528258362168398
17800104,Orrholmen söder,18.6870939282061,43.37748344370861
17800105,Kvarnberget,12.047244537371444,34.71552555448409
17800106,Tullholmen öst,7.708106636314539,28.859060402684563
17800107,Inre hamn,5.653736968682047,26.673228346456693
17800111,Tingvalla,10.685973122467297,28.273809523809526
17800112,Klara,6.939353828118669,27.67402376910017
17800113,Råtorp-Älvåker,2.152557694463836,27.017225747960108
17800114,Haga öst,4.72484449783434,31.329479768786126
17800115,Herrhagen 1,7.710124556902191,32.51141552511415
17800116,Herrhagen 2,6.084339278806621,29.59016393442623
17800117,Herrhagen 3,5.308312294179825,30.845771144278608
17800118,Tormestad-Lamberget,5.134633551848956,30.439560439560438
17800119,Råtorp söder,3.7434608695443576,29.783037475345168
17800120,Haga väst,5.044132839261692,28.24742268041237
17800123,Tullholmen väst,6.859234000361032,26.048565121412803
17800125,Orrholmen norr,9.591342476310107,33.92689784442362
17800126,Marieberg,7.082738416994458,30.96846846846847
17800230,Sundsta,4.311162302007106,25.736568457538993
17800231,Norrstrand centrum,5.460994680586651,35.59322033898305
17800232,Norrstrand norr,5.470854787212962,32.98791018998273
17800233,Norrstrand-Sjöstad,6.657112871642024,33.16378433367243
17800234,Norrstrand söder,4.894472236967958,38.60045146726862
17800235,Kroppkärr,3.622637810913877,30.944881889763778
17800236,Färjestad norr,5.997972840587245,30.685920577617328
17800238,Lorensberg,4.188110350604453,35.20661157024794
17800239,Rud norr,24.850930725565334,39.79193758127438
17800240,Rud söder,15.151661669240113,38.44086021505376
17800241,Kronoparken väst,22.71809750359358,28.205128205128204
17800242,Kronoparken söder,36.882055873356215,40.807799442896936
17800243,Stockfallet,6.280019533522908,32.05128205128205
17800244,Universitetet,16.3070971665184,37.95180722891566
17800245,Kronoparken öst,31.695809408259283,44.56671251719395
17800246,Kronoparken centrum,36.38750034573877,41.60982264665757
17800247,Alster söder,3.4838941219249437,30.639324487334136
17800249,Färjestad söder,6.29081283619022,31.97729422894986
17800250,Långtäppan-Rud,21.86165505439577,38.46153846153846
17800251,Kronoparken norr,23.25854818552985,35.467980295566505
17800350,Skattkärr,2.7892815254545456,30.62015503875969
17800351,Östra Fågelvik,2.1306171624840213,23.94705174488568
17800456,Väse,1.5196079021971718,24.324324324324323
17800665,Molkom,4.482505699303506,28.720626631853786
17800667,Nyed,2.3930837943488297,23.746081504702193
17800775,Alster norr,2.8030840983133625,26.51894210150107
17800880,Skåre,4.0095435592002255,35.294117647058826
17800881,Soldattorpet,1.5018215193449096,31.759656652360515
17800882,Grava,1.9908749545586522,19.638009049773757
17800883,Stodene,3.0390153086836205,34.56425406203841
17800990,Vålberg-Nor,6.033586707544474,28.63849765258216
17800991,Vålberg,7.025491217284837,35.04193849021435
17800992,Edsvalla,2.1704474095282067,28.49462365591398
17801106,Romstad-Strand,4.251711809087457,27.37994945240101
17801107,Gruvlyckan,28.617378093430034,40.90909090909091
17801108,Våxnäs söder,25.087626167261217,44.49291166848419
17801109,Hagalund,6.967954308891736,36.80501174628034
17801110,Våxnäs norr,29.535612634838998,42.96875
17801119,Bergvik-Zakrisdal,5.417642086573765,24.796747967479675
17801120,Hultsberg,4.835434156564029,36.00917431192661
17801121,Björkås-Dingelsundet,4.579643725085605,27.318045862412763
17810101,Innerstaden,24.41009572992763,43.25481798715204
17810102,Södermalm,15.062382542549875,37.618636755823985
17810103,Enserud,12.724941937206204,39.0728476821192
17810104,Fältet,7.33958195014621,31.05076741440378
17810105,Djurgården,5.313695291821383,34.96637848222863
17810106,Kurlanda,6.847110670622653,27.50252780586451
17810107,Östra Vålösundet,5.961811417113304,30.223123732251523
17810108,Stenstaliden,6.6612343571533135,33.9329517579722
17810109,Strand,4.8202311313015676,30.76923076923077
17810110,Ölme,1.5915178335984126,24.463118580765638
17810111,Kristinehamn norra,4.880503736553006,31.366120218579233
17810112,Kristinehamn nord-östra,4.153201223458145,31.87984496124031
17810113,Kristinehamn östra,5.817300493325739,35.09843856076035
17810114,Björneborg,9.420166776581844,34.74178403755869
17810115,Kristinehamn södra,1.9013180612997975,22.66560255387071
17820101,Filipstads norra,6.514793250586258,29.80688497061293
17820102,Filipstads västra,16.972410757052764,35.67615658362989
17820103,Filipstads södra,7.121658071831281,32.808155699721965
17820104,Filipstads östra,6.680463290949175,33.333333333333336
17820712,Lesjöfors,2.881171878503611,38.47133757961783
17830101,Hagfors Centrum,8.62997119220161,46.86695278969957
17830105,Hagfors Östra,8.618053392928253,44.135802469135804
17830210,Ekshärad-Västanberg,1.3314968717562126,26.551453260015712
17830315,Hagfors Norra-Gustav Adolf,4.283599749825568,42.05079962370649
17830418,Råda-Höje,2.075731913324339,36.469344608879496
17830522,Sunnemo-Uddeholm,2.7635598873965317,34.3042071197411
17840102,Haga,6.039048384460375,33.17702227432591
17840103,Minneberg,10.424848613149045,31.364829396325458
17840104,Solberga,8.32020112522603,40.56420233463035
17840105,Styckåsen,8.830673343002458,43.96135265700483
17840106,Degerängen,12.271363215494718,35.38647342995169
17840125,Rosendal,4.711163816566795,36.31406761177754
17840207,Dottevik,13.797713061493427,31.265508684863523
17840208,Solvik,5.412127781636637,30.26178010471204
17840209,Agneteberg,9.596282833387436,35.27542372881356
17840210,Jössefors,2.4873742395778833,28.271604938271604
17840228,Taserud,3.252998419252559,36.68449197860963
17840311,Stavnäs-Högerud,0.8596102765918637,27.697841726618705
17840514,Glava,1.6901002971439159,32.64248704663213
17840617,Gunnarskog-Bogen,1.4040521066603218,24.326750448833035
17840920,Älgå-Ny,1.3488737577130243,27.491785323110623
17841123,Edane,1.7926393023411131,29.392265193370164
17841124,Mangskog,1.7926703129003605,24.324324324324323
17850101,Tegnér,4.5961473374255135,28.714395688991534
17850102,Tingvalla,11.016216846537187,28.412462908011868
17850103,Trätälja,22.4240669088531,36.12637362637363
17850105,Värmlandsnäs Södra,0.8890245822252877,13.247172859450727
17850206,Höglunda,8.52880022682832,31.6247582205029
17850308,Värmlandsnäs Norra,2.5775779333224405,21.940928270042193
17851018,Annelund,4.3839015484748245,29.859894921190893
17851120,Svaneholm,1.706827321232722,21.644295302013422
17851223,Nysäter,1.4992503905468557,16.493506493506494
18140100,Lanna,2.4649568073056414,21.973094170403588
18140200,Hidinge,1.9150488054203725,22.357723577235774
18140301,Fjugesta Västra,4.306659117577163,26.21564482029598
18140302,Fjugesta Östra,6.658390263374688,24.76851851851852
18140400,Mullhyttan,2.8628359382754267,20.87264150943396
18140500,Kräcklinge m.fl.,1.0678263300256488,16.26848691695108
18600101,Laxå Centrala,14.188899153031702,32.22591362126246
18600103,Laxå-Kanalområdet,10.995754943565,29.981884057971016
18600205,Finnerödja,2.94334061154916,24.150485436893202
18600407,Skagershult,3.440621589510417,29.23076923076923
18610111,Hässleberg,28.554557736854594,47.83683559950556
18610113,Kårstahult,12.833636820367552,36.92307692307692
18610114,Vingen,15.62313162249217,37.88328387734916
18610115,Vadsbron,6.563444042585049,32.14013709063214
18610116,Långängen,4.80709419379874,40.0611620795107
18610221,Vretstorp,4.156170853345898,23.63083164300203
18610231,Östansjö,2.1848674939981385,26.692708333333332
18610441,Sköllersta,3.069743132510528,25.76882290562036
18610451,Pålsboda,7.9380758699600795,29.453681710213775
18610671,Sottern,3.177042472787642,28.571428571428573
18620101,Jannelund,15.550994538287256,42.63322884012539
18620102,Bossåsen,6.205554518069701,31.72103487064117
18620103,Bruket,7.345110183593946,33.4075723830735
18620105,Stora Valla,12.391035092368893,38.92215568862275
18620108,Strömtorp,4.407525263259447,33.969769291964994
18620210,Åtorp,1.153838173515589,24.390243902439025
18620211,Svartå,2.3720349630585686,31.770833333333332
18630101,Gillershöjden,7.24565498923164,33.87250237868697
18630102,Centrum,15.771454931774763,44.58380843785633
18630104,Hjulsjö-Kronhagen,5.468367799671176,34.80453972257251
18630208,Grythyttan,1.919258767625544,27.622014537902388
18640101,Hörken-Ställdalen,3.585147305852011,24.263431542461007
18640103,Bångbro-Kyrkbacksskolan,4.532633376004969,28.115942028985508
18640105,"Tingshuset, Kopparberg",10.26010899930775,34.57300275482093
18800101,Örnsro,16.229134069855576,35.850773430391264
18800102,Näbbtorget,21.292336136470183,37.36791546589817
18800103,Våghustorget,10.728271139016755,33.93719806763285
18800104,Oskarsparken,5.613340956967087,30.722278738555442
18800105,Wadköping,5.2388806593014285,27.476038338658146
18800106,Sveaparken,8.8902579900758,27.281553398058254
18800107,Stadsparken,5.311728070742735,30.344827586206897
18800108,Krämartorget,14.782157815499481,34.407364787111625
18800109,Eklunda,7.26615609648634,24.49952335557674
18800110,Södermalm,13.57817243930023,30.10648596321394
18800111,Eyra,6.490047060395275,26.31578947368421
18800112,Gustavsvik,6.823049934020708,25.030674846625768
18800113,Ladugårdsängen västra,8.730456834392182,30.76923076923077
18800114,Ladugårdsängen östra,8.490403953155344,31.470923603192702
18800115,Olivplan,11.28671193890019,28.218331616889806
18800116,Sörbyängen,7.675078099290002,31.3953488372093
18800216,Bettorp,8.358454700997829,32.6457399103139
18800217,Olaus Petri,9.586619569190587,39.70406905055487
18800218,Åkullen,10.735447593343721,34.19078242229368
18800219,Längbrotorg,9.887172640527936,30.34330011074197
18800220,Hagaby-Ringstorp,11.346931165693771,29.607843137254903
18800221,Norrby,13.11650783991054,36.513545347467605
18800222,Bromsplan,11.87339613268755,28.84822389666308
18800223,Svampen,12.812943573324972,32.171581769437
18800224,Rynningeåsen,10.04380188609548,31.991294885745376
18800225,Rynninge,6.709032454287863,30.05366726296959
18800226,Tegnér,11.36223280894577,28.883774453394707
18800227,Sofia,9.416395600033487,29.295154185022028
18800228,Nobel,15.573842267641504,33.51007423117709
18800229,Malmplan,12.05019603964708,33.980582524271846
18800230,Vasastan,7.960347090269575,30.46728971962617
18800231,Järntorget,9.121063721623694,31.925343811394892
18800232,Universitetssjukhuset,11.73819872991958,28.22502424830262
18800233,Slottet,8.26320707853619,27.428571428571427
18800234,Centrum,6.9930726860902706,26.19047619047619
18800235,Centralstationen,10.581509512954687,32.69961977186312
18800339,Heden,18.05147636407042,28.10810810810811
18800340,Mellringe,13.991216315152169,25.1937984496124
18800341,Björkhaga,4.842147596873539,36.706689536878216
18800342,Varberga västra,37.68697422330506,35.172413793103445
18800343,Varberga östra,54.31186240207027,39.71742543171115
18800344,Karlslund,9.689775639158555,34.82142857142857
18800345,Oxhagen,46.02752452909874,48.030634573304155
18800346,Solhaga,7.55452148672206,45.1219512195122
18800347,Västhaga,13.130977570582568,41.73640167364017
18800348,Rosta västra,11.795318394096526,32.43823845327605
18800349,Rosta östra,9.416353289988145,39.98100664767331
18800350,Hagastrand,9.487007002188152,30.319735391400222
18800479,Skebäck,5.319453200253265,29.055690072639226
18800480,Sörby norra,6.830273974895814,28.818443804034583
18800481,Sörby södra,7.504592195787868,29.209621993127147
18800482,Tybble,17.126320443835972,36.08923884514436
18800483,Ekeby Almby,5.0843752406391856,21.33213321332133
18800484,Almby,10.05740363481529,30.092204526404025
18800485,Brickeberg,16.664270906198098,27.930682976554536
18800486,Brickebacken norra,35.188249277641674,36.11491108071135
18800487,Brickebacken södra,27.648930903342016,41.776315789473685
18800488,Grönpepparparken,9.393043955498602,28.923076923076923
18800489,Näsby,5.244928571566028,27.570921985815602
18800490,Tybblelund,5.722378082373746,26.201269265639166
18800491,Universitetet,12.719159268942995,31.088082901554404
18800492,Ormesta,5.200999051069525,23.045822102425877
18800493,Norra Ormesta,4.614964509052271,27.169811320754718
18800494,Tybblekullen,12.140025810754096,31.986809563066778
18800501,Marieberg,3.9024845585110626,24.12008281573499
18800502,Mosås,5.8503012832955665,24.385964912280702
18800503,Täby,2.2078696967819473,19.06779661016949
18800701,Vintrosa,2.1840768304160534,26.040658276863503
18800801,Garphyttan,4.139693878429995,31.053604436229204
18800802,Latorp,2.0565580474528686,26.901140684410645
18801001,Kil,2.2083602049809072,18.99497487437186
18801101,Ervalla,2.236900494412926,19.945105215004574
18801201,Axberg,3.7045666382001294,24.72647702407002
18801301,Hovsta västra,4.226689632037552,30.285152409046216
18801302,Lillån västra,7.740523797958141,28.27956989247312
18801303,Lillån östra,6.920388835940937,28.782287822878228
18801304,Hovsta östra,5.694671037624155,34.818652849740936
18801401,Hampetorp,2.0206958751397734,23.374827109266942
18801501,Kilsmo-Brevens Bruk,2.3377976185032403,23.366834170854272
18801502,Asker,1.8389346068705543,16.77336747759283
18801503,Odensbacken,3.097604523262094,27.954779033915724
18801601,Stora Mellösa västra,2.1907100566191717,24.16267942583732
18801602,Stora Mellösa östra,2.1903873451628364,25.199362041467303
18801701,Norrbyås,2.803797173459727,22.690217391304348
18801801,Gällersta,4.880369147966906,22.25130890052356
18802601,Rinkaby,1.9132133384381969,22.07621550591327
18802701,Glanshammar,2.4433689229211524,23.65702479338843
18802901,Lillkyrka,1.4612824878346478,24.38739789964994
18803060,Lundby norra,17.374743045942264,38.62433862433863
18803061,Lundby södra,18.66453773862593,33.451536643026
18803062,Vivalla västra,54.66221154019363,44.40559440559441
18803063,Vivalla norra,51.580766548385526,46.391752577319586
18803064,Vivalla östra,51.71119631998767,42.518837459634014
18803066,Nyponlunden,16.589378187136973,29.518072289156628
18803067,Nya Hjärsta,13.806976253844928,33.204633204633204
18803068,Baronbackarna,40.129187977271464,41.503604531410915
18803070,Gamla Hjärsta,8.453463638828863,28.96698615548456
18803071,Mikael,7.926087252399721,28.70762711864407
18803072,Karla,18.309601479806,32.429378531073446
18803073,Trängen,23.28398675009899,41.839080459770116
18803074,Markbacken,37.7003548875633,44.1747572815534
18803189,Brunnsgärdet,5.118122397716893,31.196581196581196
18803190,Nasta,5.398784479377143,26.878868258178603
18803191,Lindhult norra,4.748091587761683,29.81895633652822
18803192,Adolfsberg västra,4.211478198251807,25.811965811965813
18803193,Adolfsberg östra,3.2659844508874896,29.77777777777778
18803194,Ladugårdsängen södra,10.457064595184816,24.821683309557773
18803195,Ladugårdsängen Hagen,10.235668112503237,26.497695852534562
18803196,Lindhult södra,4.599489662786335,25.66897918731417
18810102,Hällabrottet,2.7122642340824403,28.644314868804663
18810104,Åbytorp-Hardemo,2.2598281296017175,20.785013380909902
18810105,Skogstorp,4.674590816541791,26.025236593059937
18810106,Malmen,15.615864075502468,38.4688995215311
18810107,Fylsta,20.376903818922486,38.02447552447553
18810108,Stadshuset,11.656836808418186,35.81967213114754
18810109,Åsen,6.877590162859986,30.967292971468336
18810112,Haga,6.933818011970129,28.19488817891374
18810114,Kumlaby,9.561228177467077,29.069767441860463
18810115,Sörby,4.854654760612815,22.39872915011914
18810116,Vialund,16.310224341869976,29.428571428571427
18810310,Ekeby-Kvarntorp,1.6392321225325623,20.527045769764218
18820101,Sjöängen,8.303682025601617,34.51327433628319
18820102,Närlunda,8.049784340811803,32.704918032786885
18820103,Klockarbacken-Olshammar,5.461691034798874,23.14814814814815
18820304,Åsbro,3.335035612707917,29.389671361502348
18820306,Rönneshytta-Mariedamm,2.2077796925566844,23.770491803278688
18820408,Snavlunda,0.9487775461647144,24.83108108108108
18820511,Hammar,2.1857383357888285,21.72236503856041
18820513,Åmmeberg-Zinkgruvan,1.4891759889398837,29.25
18830101,Aggerud,5.716912541794635,28.735632183908045
18830102,Stråningstorp,9.322128487060596,38.72053872053872
18830103,Landa,30.679054997663346,38.427947598253276
18830104,Skranta,17.064026248798243,30.8130081300813
18830105,Häsängen,10.087031012582313,27.0
18830106,Ekeby,10.795139798664016,33.21201091901729
18830107,Karlberg,6.175919610459096,29.586330935251798
18830108,Rävåsen,5.387704563678336,35.46666666666667
18830109,Sandmo,13.38988406496273,39.4327538883806
18830110,Karls-Åby,4.702809527991814,31.29194630872483
18830111,Bohult,5.837112841953968,35.039028620988724
18830112,Bregården,7.36785352352977,31.506849315068493
18830113,Bofors,5.189016512492985,37.85772690106296
18830114,Sandviken,11.118683432658568,35.1431391905232
18830115,Österleden,5.67085362850002,30.35863219349458
18830116,Bråten,2.718976847866999,32.75261324041812
18830117,Granbergsdal,2.0406661078004413,21.910112359550563
18840306,Järnboås-Klacka-Lerberg,1.8575851568597594,16.55328798185941
18840401,Hagby-Esstorp,9.42659603525794,36.57142857142857
18840403,Karlsäng-Pershyttan,10.015056589011989,31.565329883570506
18840404,Gyttorp-Viker,4.337539514827545,25.625
18840405,Hitorp-Alntorp,4.016344434648747,27.2
18840407,Ås-Ringshyttan,5.040602244453997,29.914529914529915
18840409,Dalsta-Born,6.4942958324671025,29.471316085489313
18840410,Torget-Gunnarsberg,7.979942926129876,32.903981264637004
18850203,Gusselby,1.5624531409958007,17.5609756097561
18850204,Lindesbergs Norra,13.310712903705738,30.0
18850206,Linde,13.147779522967879,18.01896733403583
18850207,Lindesbergs Mellersta,9.767452538430943,30.623100303951368
18850209,Vedevåg,4.612978730687712,22.291021671826627
18850210,Lindesbergs Västra,6.8496658775565535,30.9748427672956
18850212,Lindesbergs Sydöstra,9.798001258433871,30.724971231300344
18850216,Lindesbergs Nordöstra,34.609826575099035,47.0076169749728
18850302,Guldsmedshyttan,3.702296944805499,24.15795586527294
18850305,Storå,3.3799270369164587,21.970357454228424
18850413,Frövi Västra,8.508093820601582,36.12261806130903
18850414,Frövi Östra,3.6213648895855353,27.14681440443213
18850518,Fellingsbro Västra,5.78092492450393,24.85549132947977
18850519,Fellingsbro Östra,6.01534886782385,23.229813664596275
18850522,Rockhammar,2.161263503952255,19.375
18850728,Ramshyttan,1.5071592192698713,20.634920634920636
19040201,Skinnskatteberg Södra,3.4599157293764753,27.540106951871657
19040202,Skinnskatteberg Norra,6.41074776466795,33.963691376701966
19070101,Bruket och Landsbygd,5.418622164781163,24.596774193548388
19070103,Stavtorpet,3.6399512226617787,31.609756097560975
19070104,Skogslund,7.125720553106934,29.988974641675853
19070105,Dalskogen,10.801419145221178,34.686346863468636
19070207,Ramnäs,5.9922354447984105,31.76206509539843
19070208,Virsbo,5.136688463187774,29.566360052562416
19600101,Runna - Granhammar,12.208403304231076,29.64196502914238
19600102,Centrum,20.48023456231683,33.26959847036329
19600103,Haga - Skillinge,5.97118755721446,27.649325626204238
19600104,Torpa - Malmberga,8.09297813480866,23.98477157360406
19600506,Valskog - Kungs-Barkarö,3.69348514659979,22.235023041474655
19610103,Nibble,11.754740535062218,30.33175355450237
19610104,Fredhem,5.695692321397035,34.93562231759657
19610105,Barnängen,7.612539610316585,37.391304347826086
19610106,Eldsboda,7.301985252949425,31.03448275862069
19610107,Tuna,16.79465266456379,35.63327032136106
19610108,Näs,3.0534138495655254,30.97087378640777
19610109,Lövboås,19.30790869333346,43.23094425483504
19610310,Tunbo,3.4026390083653144,24.462640736949847
19610311,Kolbäcks Centrum,3.369060354828872,32.2663252240717
19610312,Strömsholm,1.9968840835197934,23.093220338983052
19620101,Kärrgruvan,3.815316487580025,31.28654970760234
19620103,Skallberget,4.504551880390418,33.58377160030052
19620104,Björkängen,11.934273342757786,36.98324022346369
19620205,Karbenning,2.102529810295052,23.472668810289388
19800101,101 Centrum,15.858785292618736,26.026119402985074
19800102,102 Kyrkbacken,10.062551707563852,22.95373665480427
19800103,103 Herrgärdet,11.492207293176493,30.64236111111111
19800104,104 Kopparlunden,26.77439150369264,30.855397148676172
19800105,105 Östermalm,18.745919934828414,26.884920634920636
19800106,106 Östra Hamnen/Slottsträdgården,9.284620657727205,18.857142857142858
19800107,107 Lillåudden,12.939114645613044,23.539373412362405
19800108,108 Norrmalm/Blåsbo,3.7290846860845783,21.833648393194707
19800109,109 Aroslund/Iggebygärdet,11.794438290470078,26.44770959377701
19800110,110 Kristiansborg/Karlsdal,14.71662081530744,24.440298507462686
19800111,111 Annedal/Stallhagen,6.441459205854958,20.08097165991903
19800112,112 Oxbacken C/Västermalm,11.067996910500113,29.435897435897434
19800113,113 Pettersberg Ö,23.80036861016974,31.85096153846154
19800114,114 Pettersberg V,56.06334120397512,52.93072824156305
19800115,115 Jakobsberg,7.343023284177725,21.63588390501319
19800116,116 Hammarby Stadshage,30.348622989177617,32.881002087682674
19800117,117 Vetterslund,28.495382558447677,37.327188940092164
19800118,118 Pettersberg S,27.38776601982401,36.6288492706645
19800119,119 Mälarporten/Ängsgärdet,16.702851778222517,31.17816091954023
19800201,201 Hammarby Ö,24.259194926148293,33.29959514170041
19800202,202 Hammarby V,38.399350522519576,42.295081967213115
19800203,203 Bäckby Ö,47.52901744100804,47.86680541103018
19800204,204 Bäckby N/Hälleborg,47.02751395700932,47.759433962264154
19800205,205 Bäckby V,31.872875405825248,36.60262891809909
19800206,206 Bäckby C,32.14038113662364,48.09069212410501
19800207,207 Bäckby S,34.88831296223061,38.31683168316832
19800208,208 Skälby V,18.57288855567974,33.2415059687787
19800209,209 Skälby Ö,21.52665867726183,37.35294117647059
19800210,210 Stohagen/Spantgatan,17.00376649002508,26.804123711340207
19800211,211 Enhagen-Ekbacken/Örtagården,5.939561043736889,20.74688796680498
19800212,212 Barkarö/Tidö-Lindö,4.271428258908032,18.127490039840637
19800213,213 Barkarö tätort,5.265469106391841,19.73791973791974
19800214,214 Dingtuna-Lillhärad landsbygd,6.685141680088434,17.14876033057851
19800215,215 Dingtuna tätort,5.908806826210005,23.299748110831235
19800216,216 Kvicksund/Rytterne,2.6216444981996205,17.92656587473002
19800301,301 Skallberget S,33.472305300375545,40.294511378848725
19800302,302 Skallberget N,29.906879969323395,35.08771929824562
19800303,303 Nordanby,26.60960931739924,36.37873754152824
19800304,304 Gryta NÖ,7.434956583733146,35.526315789473685
19800305,305 Gryta NV,9.99973932231254,37.59929390997352
19800306,306 Önsta,16.02585760470648,30.88372093023256
19800307,307 Gryta SÖ,21.388060780789555,35.38461538461539
19800308,308 Gryta SV,16.330596847573386,35.91111111111111
19800309,309 Tunby/Vega,13.862526543171132,29.50687146321746
19800310,310 Rönnby S,4.782256907789239,28.152969894222945
19800311,311 Rönnby N,6.128962905438659,30.476190476190474
19800312,312 Fredriksberg,44.53787644423284,44.27402862985685
19800313,313 Råby S,37.24811392013718,42.24235560588902
19800314,314 Råby N,39.264536149847444,48.23943661971831
19800315,315 Råby Ö,32.932432197507126,42.98118668596237
19800316,316 Vallby S,45.84925423632849,45.19230769230769
19800317,317 Eriksborg/Hagaberg,21.043297870226873,32.29070837166513
19800318,318 Brottberga/Vallby N,13.920137968211515,23.059866962305986
19800319,319 Vallby C/Bjärby/Skerike,23.08891164382572,20.0
19800320,320 Skultuna landsbygd,5.257076247288904,19.29824561403509
19800321,321 Skultuna Ö,13.609914246599194,36.02771362586605
19800322,322 Haraker Romfartuna,2.6339552167480096,20.854526958290947
19800323,323 Vallby C,49.17346038415581,40.26548672566372
19800324,324 Skultuna V,10.15800451722824,35.075653370013754
19800401,401 Emaus,17.390589781083325,32.5068870523416
19800402,402 Bergslagsparken,17.393506619556398,26.3855421686747
19800403,403 Gideonsberg,18.706391258929063,33.059548254620125
19800404,404 Skälängen,15.016909621047066,32.56544502617801
19800405,405 Nordanby gärde,16.090509555642264,33.88998035363458
19800406,406 Sandgärdet,12.19816127080759,31.428571428571427
19800407,407 Haga,14.214575536016554,30.81510934393638
19800408,408 Skjutbanegatan,17.107177631695087,31.970649895178198
19800409,409 Hemdal,11.781287704457817,27.264731750219877
19800410,410 Malmaberg S,18.113759198306717,33.277027027027025
19800411,411 Malmaberg N,14.125090247995367,34.53658536585366
19800412,412 Klockartorp,7.840283790307174,34.58844133099825
19800413,413 Skiljebo S,7.273970854134083,23.539982030548067
19800414,414 Skiljebo N,24.476502149410106,38.904627006610006
19800415,415 Odensviplatsen,17.97304244517391,37.676767676767675
19800416,416 Brandthovda,10.778422276682324,28.231292517006803
19800417,417 Bjurhovda SV,25.29534732589768,37.990196078431374
19800418,418 Bjurhovda SO,22.484517604198395,35.18299881936245
19800419,419 Bjurhovda N/Badelunda,6.880033562077487,27.922624053826745
19800420,420 Hökåsen/Tillberga landsbygd,2.973645534213764,19.95798319327731
19800421,421 Hökåsen tätort,5.8097561652708025,25.389025389025388
19800422,422 Tillberga tätort,3.473491765642312,28.98318654923939
19800423,423 Tortuna/Sevalla,1.965168276012216,18.117977528089888
19800501,501 Viksäng V/Ängsgärdet,27.813542581376034,39.26767676767677
19800502,502 Viksäng/Stenhagen,12.327259660674661,34.337899543378995
19800503,503 Viksäng Ö,21.23154277485803,32.101372756071804
19800504,504 Talltorp/Lillhamra,6.0569766420830735,23.600746268656717
19800505,505 Notudden,18.237860376551193,24.890350877192983
19800506,506 Mälarparken,10.299947505321791,28.55392156862745
19800507,507 Framnäs/Öster Mälarstrand,5.681714677901238,21.30479102956167
19800508,508 Berghamra/Hamre,11.0731266007765,21.18491921005386
19800509,509 Gäddeholm,2.629733493687647,21.54046997389034
19800510,510 Irsta S,2.8915498971104374,23.2
19800511,511 Irsta N,2.566079712248565,26.210153482880756
19800512,512 Björksta/Kungsåra/Ängsö,1.5605710038193539,20.69672131147541
19800513,513 Öster Mälarstrand V,25.457004302011892,24.390243902439025
19800514,514 Kärrbolandet,2.6718144693607395,18.875119161105815
19800515,515 Öster Mälarstrand Ö,19.20888794686177,26.94300518134715
19800516,516 Förseglet,21.964231517689655,25.46728971962617
19810101,Centrum,7.858878733027436,30.330578512396695
19810102,Åkra,33.318942163385984,44.14414414414414
19810103,"Jakobsberg, Bryggeriet, Turbo m.fl",19.574518648633756,39.43514644351465
19810104,Kungsängen-Valla-Vasastaden,7.558981915963485,33.16017316017316
19810105,Sala Norra,5.259589098689512,32.5068870523416
19810106,Sala Östra,6.005949488254083,24.16165090283749
19810107,Sala Södra,7.629484603302974,30.229007633587788
19810108,"Dalhem, Gärdesta, Hagaberg m.fl.",9.02262044022798,33.11451495258935
19810210,Västerfärnebo - Västerbykil,2.327837012018369,22.147083685545223
19810312,Kila - Fläckebo,1.6997593222025456,21.856287425149702
19810514,Kumla-Ransta-Tärna,1.9867812526013142,24.210526315789473
19810818,Möklinta,1.1538615344364749,17.075163398692812
19820101,Kolarbyn,35.80500310179118,43.28947368421053
19820102,Centrum,24.6577599570874,37.22172751558326
19820103,Risbron,20.12718922799047,35.61058923996584
19820104,Västanfors,4.383983929516069,31.452581032412965
19820106,Per Ols,12.345119617413788,32.35065942591156
19820108,Meling,7.293205781515298,31.963470319634702
19820207,Åvestbo-Västervåla,2.3654693758417147,22.41183162684869
19830101,Byjorden-Odensvi,11.267272573821723,32.136105860113425
19830102,Karlsdal,15.432090198378889,31.06382978723404
19830103,Tunadal,15.005663867587321,38.92215568862275
19830104,Karlberg,9.775334332312198,26.805251641137854
19830105,Skogsborg,19.459530475903183,36.385836385836384
19830106,Nyckelberget,17.139803710548183,32.37250554323725
19830107,Elund-Ållesta,4.663706046573058,28.516819571865444
19830108,Östanås,9.656322574500221,34.20289855072464
19830109,Ullvi,10.84852850521157,38.329519450800916
19830110,Nygård-Skogsbrynet,38.24994169027219,50.0
19830111,Hästhagen-Skogshöjden-Himmeta-Bro,5.013936188897437,29.671361502347416
19830422,Kolsva Ö,3.241488471433589,26.03211009174312
19830423,Kolsva V,2.4576996024166156,31.244239631336406
19830625,Munktorp,1.4861995718687433,20.43103448275862
19840101,Ladubacksgärdena-N Skogen,4.428368074185769,33.27188940092166
19840102,Prästgärdet,7.119855360309686,36.06382978723404
19840103,Sturestaden-Nästkvarn,9.451106388938975,34.5531914893617
19840104,Ringsborg-Strömsborg,15.178166156850049,35.788561525129985
19840106,Herrängen-Ekbacken-Södra Landsförsam,7.267636064751389,28.159457167090753
19840107,Brattberget-Strömsnäs,9.342884925897295,32.37410071942446
19840208,Norra Landsförsam-Vasastaden-Medåker,11.18739361682844,25.97826086956522
19840309,Götlunda,1.7624015315510893,24.95088408644401
20210101,Vansbro,10.1407534424881,27.39322533136966
20210103,Järna,1.8893615454078312,22.34123947972456
20210301,Nås,1.6000000206887506,29.1588785046729
20210401,Äppelbo,1.0721944211333425,24.869565217391305
20230203,Malung södra,3.5425071776570576,31.45275035260931
20230205,Malung västra,4.563205456084113,22.455403987408186
20230206,Malung norra,12.619972570764538,30.904359141184123
20230301,Lima,2.060528030204714,16.87116564417178
20230502,Transtrand,2.7598895967988324,20.807926829268293
20260105,Mockfjärd,3.91847853823371,25.471698113207548
20260201,Gagnef,2.112187618033034,26.225490196078432
20260202,Djurås,2.492228814943934,25.98870056497175
20260203,Bäsna,1.302481736368768,27.522935779816514
20260204,Djurmo,1.3313681875633898,25.520833333333332
20260301,Floda,3.5924617070127725,23.051948051948052
20260302,Björbo,3.5924617659642517,26.28336755646817
20290102,Edshult - Åkerö - Övermo mfl,2.9688112488676586,25.449317038102084
20290103,Häradsbygden - Heden - Djura mfl,0.8212138955075375,27.654867256637168
20290104,Leksandsnoret,10.71426358107166,31.826568265682656
20290106,Leksand Ö,7.093819276482924,31.126482213438734
20290108,Tällberg mfl,2.6896605330158194,23.359375
20290110,Leksand V,7.270881175402453,27.53993610223642
20290301,Insjön Ö,4.831273567400207,24.397590361445783
20290311,Insjön V - Ål-Kilen,8.34984607123859,23.592493297587133
20290401,Siljansnäs,2.44198077043877,26.50508209538702
20310101,Rättvik C,4.474212091640348,30.319148936170212
20310102,Rättvik S,1.314340185087411,23.24255858138062
20310104,Vikarbyn,1.3661770398966153,29.960474308300395
20310105,Boda-Gärdsjö,1.3759761980697325,23.170731707317074
20310106,Rättvik V,5.312739390688344,29.107589658048372
20310401,Ore,2.251407142127995,24.778761061946902
20340201,Orsa Mellersta,9.8810671886057,30.536912751677853
20340202,Skattungbyn-Kallmora,2.124430957744435,16.292134831460675
20340203,Orsa Södra,2.271185869757294,21.153846153846153
20340204,Orsa Västra,2.392335908539517,22.843450479233226
20340206,Orsa Östra,11.304397069813012,32.364729458917836
20390206,Kyrkbyn,7.3163839852385975,28.785357737104825
20390209,Rot,1.9293941536455494,24.03314917127072
20390210,Väster-Myckeläng,4.118866523829273,21.925133689839573
20390211,Åsen,1.3641133688436078,21.485411140583555
20390401,Särna,2.885682574916759,23.122529644268774
20390501,Idre,0.7874015768698205,26.447574334898277
20610101,Morgårdshammar-Gubbo,2.655595010292318,37.60611205432937
20610103,Hagge-Harnäs m.fl.,2.6098946424359672,28.47555129434324
20610105,Smedjebacken N,6.392734275696793,37.397634212920835
20610106,Smedjebacken S,5.484407424866422,36.944127708095785
20610108,Smedjebacken C,8.044279359973062,47.49124854142357
20610201,Söderbärke-Malingsbo,1.5102504783792157,26.72978878368536
20610205,Sörbo-Vad,1.2613047561051631,23.383084577114428
20620103,Färnäs-Nusnäs-Garsås,1.2891367377419947,23.02936630602782
20620107,Noret Norra-Bergkarlås,7.583658512584021,28.493150684931507
20620110,Stranden,6.782875181356662,30.434782608695652
20620111,Vika-Venjan-Selbäck,1.509547212190948,22.033898305084747
20620114,Morkarlby,4.245792113911441,30.2834008097166
20620115,Noret Södra,9.844174329468395,30.423042304230425
20620116,Öna-Kråkberg,2.937525362153882,25.46439628482972
20620117,Utmeland-Hånåkni,3.43469852285249,33.2271762208068
20620118,Klockarhagen,10.412850266683886,30.76923076923077
20620201,Våmhus-Bonäs,0.7987094467659142,22.282608695652176
20620202,Östnor-Hemus-Långlet-Oxberg,1.9723084070849493,25.77675489067894
20620301,Sollerö-Isunda,1.2108906541196824,19.487179487179485
20800101,Källviken och V Främby,5.264491771775636,27.31614135625597
20800102,Kvarnberget och Ö Främby,12.805340641472931,34.789391575663025
20800103,Elsborg,20.05000107646566,35.684647302904565
20800104,Hyttgården,4.076747315035501,30.476960388035568
20800105,Kämparvet,8.687093756394683,31.405782652043868
20800106,Nedre Norslund,21.40880752107138,37.86295005807201
20800107,Övre Norslund,7.115584603496262,33.01329394387002
20800109,Hälsingberg,8.68548905690131,30.8675799086758
20800110,Gruvriset,3.4476500102362144,29.208301306687165
20800111,Kristine,4.709148014964924,29.099876695437732
20800112,Pilbo-Samuelsdal,2.913706812360212,29.79552093476144
20800210,Grycksbo,3.8531964480254417,31.94103194103194
20800301,Gruvan,2.6597333496404474,30.37542662116041
20800303,Herrhagen,21.44420245346046,36.2086258776329
20800304,Ångbryggeriet,4.707926650042144,29.331683168316832
20800306,Bojsenburg,19.81003980800768,34.297108673978066
20800307,Kyrkbacken,3.840781791078737,25.447316103379723
20800308,Lugnet,3.6527984965825757,28.093306288032455
20800309,Slätta,4.255304616465969,40.05449591280654
20800311,Östanfors,4.529287974424795,29.84165651644336
20800401,Aspeboda,1.3199394359777745,21.570482497634817
20800501,Vika,1.6164993989988765,21.38821630347054
20800601,Hosjö Näs,4.284460632672918,30.501274426508072
20800602,Hosjö Sandviken,5.021074626752986,29.565217391304348
20800701,Sundbornsbyn,2.023965192733438,24.397031539888683
20800702,Danholn och Karlsbyheden,1.535828422992485,27.912087912087912
20800801,Linghed,1.513374701478436,17.406143344709896
20800802,Boda och Toftbyn,2.015049392419991,23.847019122609673
20800803,Borgärdet och Lumsheden,3.1229927028893103,24.511545293072825
20800935,Haraldsbo,6.206515760431424,30.812641083521445
20800980,Hälsinggården,6.166587377316844,33.125778331257784
20801001,Enviken,1.4211544755912906,19.120458891013385
20801060,Britsarvet,3.379638968971924,33.0188679245283
20801101,Bjursås Ö och Sågmyra,2.0652008186373023,28.50644427596664
20801102,Bjursås V,1.7588838433168907,25.36162005785921
20801138,Karlberg,5.0686580095678435,27.54880694143167
20801140,Stenslund,2.4248264689320536,31.55473781048758
20801154,Varpan,5.243415025489938,25.554484088717455
20810101,Bergslagsbyn,13.473592239877178,34.73909935668335
20810103,Bullermyren,37.43885560023054,45.29485570890841
20810105,Hagalund N,27.54288583396628,35.87521663778163
20810107,Hagalund V,11.127507240270132,35.0
20810109,Hagalund Ö - Ringen,15.621430734912625,38.3108935128519
20810111,Jakobsgårdarna,28.817086160214625,42.78169014084507
20810113,Kvarnsveden V,3.0924020364247333,33.6283185840708
20810114,Kvarnsveden Södra,4.62660886408004,39.328537170263786
20810115,Kvarnsveden Ö,4.1900895535252065,33.36968375136314
20810117,Mats Knuts - Nygårdarna,4.732956842667503,29.447388342165027
20810119,Norr Amsberg,7.358667785327874,24.80544747081712
20810121,Skräddarbacken,7.046703672980618,31.809872029250457
20810123,Tjärna Ängar - Paradiset,36.55052638628308,43.50282485875706
20810124,Tjärna Allé,49.65362976808289,51.52253349573691
20810125,Tjärna Ängar - Övre Tjärna,24.727034885267052,45.27956003666361
20810201,Centrum - Norra,13.56314252299455,32.032032032032035
20810202,Centrum - Mjälga,11.029479513995703,32.51336898395722
20810203,Domnarvet V,6.770449819511885,31.746031746031747
20810205,Domnarvet Ö,2.9609857139504854,33.75594294770206
20810207,Färjegårdarna - Årby - Hytting,4.659967996785314,32.66068759342302
20810209,Gylletäppan,7.252706933926783,33.64854215918046
20810211,Gylle-Åselby-Buskåker,4.644643055436233,27.210884353741495
20810213,Hushagen - Forssa,4.885293313344185,35.800344234079176
20810215,Kyrkbygden - Söder Tuna,3.938991592461973,21.885995777621392
20810217,Ornäs,1.4890015143278863,25.8037922506183
20810219,Torsång,1.6037987710606456,20.684039087947884
20810221,Väster Tuna - Idkerberget,1.943367503749504,19.604471195184868
20810223,Östermalm,16.550007212582184,30.76923076923077
20820101,Säter S,9.117617627217038,37.910247823174814
20820102,Säter N,9.445187900339734,35.92920353982301
20820103,Säter omland,3.510167758731636,29.0625
20820207,Stora Skedvi,1.9064911013929113,18.93687707641196
20820304,Gustafs N,1.3386224646280036,22.938530734632682
20820406,Gustafs S,2.510357674325515,27.272727272727273
20830101,Hedemora SV,12.324283830471888,29.542097488921712
20830102,Hedemora NÖ,9.620650969639629,30.01605136436597
20830103,Hedemora NV,8.59078308181674,28.122956180510137
20830104,Hedemora SÖ,8.577438534135522,27.18378756114605
20830105,Vikmanshyttan,1.4201824299422667,27.7027027027027
20830307,Husby,2.4490804044646692,23.770491803278688
20830308,Långshyttan,3.343913020006762,37.02623906705539
20840101,Avesta norra-Högbo,10.359628798234398,34.930139720558884
20840102,Avesta centrum,18.756467870166624,39.51946975973488
20840103,Avesta västra,16.851905556166415,34.272658035034276
20840104,Avesta södra,20.98690615149648,39.54248366013072
20840301,Horndal,6.863656863361172,31.297709923664122
20840302,By,1.8067174192666353,21.38964577656676
20840401,Folkärna,6.092292924340778,23.568075117370892
20840402,Fors,1.6331191164478365,26.066897347174162
20840403,Krylbo,23.099062095906493,38.60933211344922
20840404,Karlbo,5.100703582665936,28.20324005891016
20840601,Skogsbo - Rutbo-Grytnäs,3.1141617334321046,29.471544715447155
20840602,Skogsbo - Grytnäs gärde,3.3453026366494782,33.5
20850101,Ludvika Ulrika,20.66845985044338,35.16819571865443
20850102,Marnäs,22.65560615464192,36.242138364779876
20850103,Magneten,26.850630042717942,32.98701298701299
20850104,Högberget,23.310606060399405,30.74245939675174
20850105,Sörvik-Håksberg,7.256500555365545,27.9337652987761
20850108,Blötberget-Gonäs,2.1291989232431314,25.706594885598925
20850110,Lorentsberga,11.89957151841883,34.3778801843318
20850111,Näset,36.09312334967326,38.75685557586837
20850113,Ludvika gård,26.755393274852935,35.97678916827853
20850114,Knutsbo,10.295683613617443,32.33743409490334
20850203,Björkås-Stallbacken,3.4117422963351904,29.486099410278012
20850204,Öraberget,5.171507226171099,30.51391862955032
20850307,Kyrkbyn-Nyhammar,3.230308857261371,32.77623026926648
20850311,Sunnansjö-Saxdalen,2.5778000462275092,23.54388843314192
20850401,Fredriksberg,3.851640480585103,49.75845410628019
21010201,Ockelbo Södra,8.582930044766712,36.09865470852018
21010203,Ockelbo Byar,2.00090990729219,23.69308600337268
21010205,Ockelbo Norra,11.574473144524744,31.25695216907675
21040102,Hofors Norra,8.965957822416613,34.34704830053667
21040103,Hofors Södra,3.2075542966960824,31.44144144144144
21040104,Hofors Centrum,9.633675275077998,33.07008884501481
21040105,Hofors Västra,11.749588384905188,38.2183908045977
21040201,Torsåker,1.0220593220621619,24.17974322396576
21210105,Ovanåker N,2.3721929610573955,22.53044654939107
21210106,Edsbyn,6.815877265561121,36.65505226480836
21210201,Ovanåker V,6.194400931542643,30.99257258609048
21210301,Alfta S,1.988269829553073,26.035087719298247
21210303,Alfta N,9.54833801747531,29.317548746518106
21320201,Harmånger-Ilsbo,4.692387653164521,25.587467362924283
21320301,Jättendal-Stocka-Strömsbruk,2.6595744567677677,31.980676328502415
21320401,Gnarp,3.1293140883524897,31.716705157813703
21320501,Bergsjö,6.255507287469128,29.72779369627507
21320601,Hassela-Älgered,4.058440954023358,33.15649867374005
21610101,Ljusdal CV,3.364425068252261,29.262490087232354
21610102,Tallåsen-Ramsjö,1.5535698445059745,23.84557153671461
21610104,Ljusdal CÖ,26.659651650325593,36.33177570093458
21610105,Ljusdal CS,4.560655310885453,30.054054054054053
21610106,Ljusdal CN,6.335173912472021,31.25
21610107,Ljusdal C,11.289181011304919,37.12296983758701
21610301,Korskrogen-Los,2.3866074359995957,26.074498567335244
21610401,Färila,3.2776335075096736,25.280478683620046
21610701,Järvsö Ö,2.091160676358452,24.380704041720993
21610702,Järvsö V,2.296194711374326,25.49526270456503
21610703,Järvsö N,2.0145351523168222,27.529411764705884
21800101,Väster N,6.997332540144923,28.810020876826723
21800102,Villastaden,8.648867566347981,23.099630996309962
21800103,Väster S,10.71434715264651,28.279883381924197
21800105,Norr,9.900229762590298,29.11917098445596
21800106,Öster-Alderholmen,28.366980888949172,41.64358264081256
21800107,Söder V,11.31496510843087,33.45195729537367
21800108,Stigslund,5.2079780213192794,32.371134020618555
21800109,Strömsbro,2.5168442417053023,26.864640883977902
21800110,Norrlandet-Utvalnäs,2.2664761796316233,21.05654761904762
21800111,Vallbacken,8.402687265642228,30.103806228373703
21800112,Lindbacka,3.501956057167782,21.316614420062695
21800113,Nordost,43.058897102738236,46.62756598240469
21800114,Gävle Strand,22.035226784853695,27.050610820244327
21800201,Söder Ö,13.210577139513479,31.6793893129771
21800202,Brynäs V,18.531133453810853,34.56669912366115
21800203,Brynäs C,14.182164917900494,37.669172932330824
21800204,Brynäs Ö,23.59983524643746,38.082673702726474
21800206,Brynäs S,18.06806724732878,34.59069020866774
21800208,Hemsta,10.495819335729227,34.368231046931406
21800213,Furuvik-Ytterharnäs,2.7576188730735076,26.730564430244943
21800214,Hemlingby,4.525258315421552,23.91132224861441
21800301,Bergby-Axmar,2.706471301538272,28.472821397756686
21800302,Norrsundet-Hamrångefjärden,4.221024447559037,33.97968605724839
21800401,Hedesunda N,2.585706245392981,20.363636363636363
21800402,Hedesunda S,2.36813353147482,21.56448202959831
21800501,Hille,2.2068510799998444,29.219330855018587
21800502,Åbyggeby,3.2672529412994256,21.66089965397924
21800503,Björke-Trödje,1.9785390396843472,22.09908735332464
21800604,Valbo C,4.5402430773292,32.02712886209495
21800605,Valbo N,6.284215059912059,32.404458598726116
21800607,Valbo V,1.8169990505269662,27.735719201651754
21800608,Forsbacka,3.5026566100918624,32.1371610845295
21800609,Hagaström C,2.7345659051284077,30.029850746268657
21800701,Södertull,9.502255097206586,30.008110300081103
21800702,Olsbacka,5.388545997550498,27.345454545454544
21800703,Sörby,17.629907833938322,36.09789259007478
21800704,Fridhem,3.925044990982401,28.771929824561404
21800705,Andersberg C,54.351117850466515,51.27420998980632
21800706,Andersberg N,17.782098629552802,38.78437047756874
21800707,Andersberg S-Sälgsjön-Hästbo,8.08516780373831,29.979324603721572
21800801,Sätra C,23.426367974376245,41.7351598173516
21800802,Sätra NO,28.602630469411906,41.1764705882353
21800804,Sätra Ö-Gavlehov,43.33173188500255,40.41184041184041
21800805,Sätra V,16.596078796052705,35.116279069767444
21800806,Sätra NV,18.385692060973227,39.067055393586
21800901,Bomhus V,12.885942584100864,31.131221719457013
21800902,Bomhus N,5.486533081388219,28.571428571428573
21800903,Bomhus Ö,3.3763749080430814,30.746043707611154
21800904,Bomhus C,6.66664347673612,34.15597235932873
21800906,Bomhus SV,9.184665364810494,35.42857142857143
21800907,Bomhus SO,6.216551699116961,36.82819383259912
21801002,Norrtull-Lexe,7.0099086649051365,31.31782945736434
21801003,Valbo Ö-Hagaström N,2.9279377020001145,26.718469814704125
21810101,Sandviken Norra,4.2312486425814395,32.55813953488372
21810102,Jäderfors-Norrsätra,29.873204138959327,38.43098311817279
21810103,Murgården,46.38479363544669,44.60285132382892
21810104,Sandbacka,10.278237436419902,32.249674902470744
21810105,Barrsätra,13.65281374700706,35.964125560538115
21810106,Sandviken Centrum,17.52026862589424,36.761320030698386
21810109,Jernvallen Norra,7.848441359118418,37.906976744186046
21810110,Jernvallen Södra,10.526977847028823,30.738255033557046
21810113,Björksätra,33.40680842422591,45.39877300613497
21810115,Vallhov,14.831829122545631,36.76680972818312
21810202,Kungsgården-Åshammar,2.9975637930542507,25.34854245880862
21810204,Säljan,5.176300972699921,30.853110968569595
21810205,Storvik Norra,2.9445424587308007,28.160418482999127
21810206,Gästrike-Hammarby-Storvik Södra,3.057342603699994,27.689873417721518
21810301,Järbo,2.5107854618692835,25.59414990859232
21810401,Årsunda,2.1071643375582982,28.607277289836887
21810501,Österfärnebo,2.8789160549352664,23.28767123287671
21810601,Stadsparken,15.17260704874739,45.2023988005997
21820101,Söderhamn Centrum-Väster,16.666662789184453,40.1673640167364
21820102,Söderhamn Norrtull-Granskär,19.89245835157381,39.67431532198371
21820103,Söderhamn Norrberget-Hägnan m fl,22.491438301746808,44.56721915285451
21820105,Söderhamn Klossdammen-Stormyran m fl,3.076080436001079,36.65158371040724
21820106,Söderhamn Öster-Broberg-Färssjön,3.3724920947113466,28.911917098445596
21820107,Stugsund,5.575088725877483,37.75981524249423
21820201,Sandarne,4.140568894271945,36.080870917573876
21820401,Ljusne,6.157941372425344,43.1077694235589
21820501,Söderala,4.051256057056073,28.167730173199637
21820502,Marma-Mo,2.7064479501987098,29.39068100358423
21820503,Bergvik – Skog,2.8820256757913603,28.085991678224687
21820901,Vågbro,2.6558587133503275,27.214170692431562
21820902,Norrala-Trönö,1.259542006976711,29.432013769363166
21830301,Bollnäs Centrum,6.054576781294017,37.682403433476395
21830302,Bollnäs-Sävsberg,8.651550676327139,30.246913580246915
21830303,Bollnäs-Granberg,4.284196825564515,30.99630996309963
21830304,Bollnäs-Gärdet,28.277098504663158,42.25908372827804
21830306,Bollnäs-Hamre,22.432301057603347,37.85140562248996
21830307,Bollnäs-Björktjära,7.647922988368204,31.677524429967427
21830308,Bollnäs-Lottefors,1.800049733056609,25.46353522867738
21830309,Bollnäs-Ren,6.391817320080028,38.43717001055966
21830310,Bollnäs-Söräng,1.3816961294282726,23.23076923076923
21830311,Bollnäs-Hå,1.4250755475698345,32.18562874251497
21830312,Bollnäs-Kilberg,5.26526541283258,35.66308243727599
21830401,Rengsjö,1.3578275042360344,24.84394506866417
21830501,Hanebo-Segersta,1.8425967133534236,25.967894239848913
21830602,Hanebo Centrum,3.2841631392325024,31.623931623931625
21830902,Arbrå Centrum,3.49709374120003,31.101190476190474
21830903,Arbrå-Undersvik,1.6009497406385267,26.834381551362682
21830904,Arbrå-Flästa,2.440340223894268,29.490022172949
21840101,Öster,4.891359542250847,33.11897106109325
21840103,Kålhagen,5.003526444221331,34.292972057578325
21840104,Sandvalla-Kristineberg,5.231418247519378,39.3543428132206
21840105,Väster,6.2112960528779615,35.14644351464435
21840106,Centrum,5.464345070804054,32.38434163701068
21840107,Fridhem-Åvik,6.018485185423551,31.542056074766354
21840201,Idenor-Saltvik,6.2669236312237695,32.26527570789866
21840302,Björkberg-Maln-Lingarö,12.731039898913403,30.79222720478326
21840303,Håsta,22.33187524195534,44.78330658105939
21840401,Rogsta-Malsta,1.388475944452795,24.646464646464647
21840501,Njutånger,1.2923510527927722,28.25278810408922
21840503,Iggesund  Norra,11.005066938103068,41.325196163905844
21840504,Iggesund Södra,10.647936201220025,41.07981220657277
21840701,Enånger,1.9369120133323545,32.7817993795243
21840803,Bobygden-Kalvstigen-Långbacka,2.6426977706215244,27.505567928730514
21840804,Ava-Gåsbacka-Myra,4.178119347198928,31.11111111111111
21840805,Stömne-Smedsbo-Överälve,3.7033314104006942,28.70864461045891
21840901,Bjuråker-Norrbo,1.8456638739986966,26.221498371335503
21840902,Svågadalen,1.8479629338323638,28.076923076923077
21841101,Näsviken,2.567927383554978,25.61094819159335
21841102,Forsa,2.7505046406479936,33.770718232044196
21841201,Hög-Sanna,3.8957300435535234,28.15371762740184
22600201,Ånge,3.7626051633512896,38.0893300248139
22600202,Ånge centrum,6.870905913359509,42.77958740499457
22600205,Borgsjö-Erikslund-Hallsta,1.5728474063574462,28.081321473951714
22600306,Alby-Östavall-Överturingen,1.7041995885636685,33.396946564885496
22600409,Ljungaverk,3.1288216280432413,32.61802575107296
22600410,Fränsta,3.4792038047587894,33.333333333333336
22600412,Torpshammar-Naggen-Munkbysjön,1.30932916014546,25.91587516960651
22620106,Bergeforsen,2.136296502409069,32.82090699461952
22620107,Sörberge,3.2707612025724218,32.685810810810814
22620109,Centrum,8.565370436018439,48.94592117323556
22620110,Böle,11.599539381551592,37.389911929543636
22620114,Nyvivsta,9.132209139775092,42.29390681003584
22620116,Vivsta,12.21830545436678,41.97530864197531
22620117,Timrådalen,4.99198147006195,34.923201293451896
22620205,Ljustorp,2.3605149047228617,24.871355060034304
22620302,Söråker,2.7525276355474477,33.08877476155539
22620303,Ala,2.2905461531101134,27.848101265822784
22620401,Tynderö,1.7383641254202966,31.743119266055047
22800101,Centrum,11.654157692146674,34.0650406504065
22800102,Norrstaden,16.65358595509996,36.33040935672515
22800103,Norra Brännan,10.224599583187436,35.60804899387576
22800104,Hovsjorden,5.128807101831842,38.25382538253825
22800105,Geresta-Gånsvik,6.586363804907399,35.89905362776025
22800106,Rotudden-Gådeå,20.495495245097608,42.492339121552604
22800107,Änget-Murberget,19.431296031718567,43.06177260519248
22800108,Hälletorp-Framnäs,14.211065648362615,37.628865979381445
22800109,Kullen-Haga,10.324016577452715,32.0
22800226,Högsjö,2.4060150729832093,33.007334963325185
22800323,Häggdånger,1.805728575742445,25.916230366492147
22800424,Stigsjö-Viksjö,1.7871018189787413,25.338253382533825
22800620,Bondsjö-Säbrå,5.823033321216916,34.748010610079575
22800622,Älandsbro,3.918317039878113,27.112417340191037
22810106,Inre hamnen,6.733473619078358,31.222515391380828
22810107,Södermalm Ö,5.6140174712500555,29.197684036393714
22810108,Södermalm N,8.948413532585413,31.08894430590191
22810109,Södermalm V,6.039551035541136,31.015187849720224
22810110,Stenstaden,10.799853744096936,27.95125666412795
22810111,Norrliden,4.7986188443685185,31.206126356094448
22810112,Norrmalm,7.026231131103362,30.35426731078905
22810113,Västermalm N,15.061476512420997,30.857966834895457
22810114,Västermalm S,11.26146467153847,33.41968911917098
22810115,Sallyhill,15.512957372078924,35.61525129982669
22810116,Nacksta Ö,31.148347741348573,45.05971769815418
22810118,Nacksta V,28.568765957609997,46.20060790273556
22810119,Sidsjö-Böle,14.020250974460113,29.455630126771066
22810201,Kubikenborg,9.90701357466265,39.42307692307692
22810203,Skönsmon,6.632119507714154,36.41975308641975
22810204,Östermalm,4.732340242820384,32.99832495812395
22810330,Haga N,7.507026171779044,38.06870937790158
22810331,Haga S,9.766103530625735,32.432432432432435
22810333,Heffners,35.18343171877602,40.76840981856991
22810334,Skönsberg,11.887678345439646,40.156709108716946
22810335,Korsta,10.849113376511925,32.56924546322827
22810336,Bydalen,6.3634259825789385,29.788838612368025
22810337,Bosvedjan,7.547532231028971,36.333333333333336
22810338,Bosvedjan C,9.324848519217008,45.43987086359968
22810339,Ljustadalen-Johannedal,14.166216519374428,36.37274549098196
22810340,Birsta,9.477202241624502,39.54635108481262
22810341,Finsta,12.24868142308228,34.27638737758433
22810420,Alnö S,2.2432335061906064,30.408472012102873
22810421,Alnö-Vi S,2.7680899349502677,39.19043238270469
22810422,Alnö-Vi N,6.261299122491478,35.53173948887057
22810423,Alnö N,2.830532274064735,30.155820348304307
22810424,Alnö Ö,2.250107149381537,30.522456461961504
22810545,Sättna,1.6090909232595787,24.765478424015008
22810624,Granloholm Ö,8.496779158160958,38.85618166526493
22810625,Bergsåker V,2.0307106942019635,30.838079739625712
22810626,Bergsåker Ö,7.491627169055261,36.411411411411414
22810627,Granlo S,3.4598834151193394,37.9746835443038
22810628,Granlo N,3.70381787233395,35.34836065573771
22810646,Granloholm mellersta,8.31615195532441,41.5650406504065
22810647,Granloholm V,6.1829789975708636,41.216879293424924
22810701,Stöde N,2.674328263565156,30.434782608695652
22810702,Stöde S,2.859216535073944,32.67195767195767
22810802,Vattjom-Ängom,1.616087258536028,31.670061099796335
22810803,Tuna V,1.7991614185896712,32.41252302025783
22810804,Allsta,2.2264122969949707,26.30410654827969
22810805,Matfors,2.018481320840262,37.17277486910995
22810901,Attmar,1.5230588081866219,24.219409282700422
22811002,Njurunda S,1.1692188640897123,27.42812742812743
22811003,Nolby,3.572262977176906,34.741379310344826
22811004,Skottsund,1.8066726065240566,31.570247933884296
22811006,Svartvik,11.733161597485804,31.856540084388186
22811007,Njurundabommen,2.185399937310747,28.52882703777336
22811008,Kvissleby,5.16110645172023,37.18446601941748
22811009,Bredsand,19.21434675936973,46.48351648351648
22811010,Essvik,2.017693502902039,29.272151898734176
22811103,Indal,1.995071999008697,23.113658070678127
22811301,Liden-Holm,1.372712687607719,27.80569514237856
22820101,Björsta,10.42524316102162,39.177750906892385
22820102,Gumås,5.924178161715744,42.031686859273066
22820103,Centrum,11.97939749816854,43.229166666666664
22820105,Frånö-Lunde,6.360835957713681,34.357541899441344
22820109,Östby,14.166441753010497,37.22527472527472
22820211,Nora-Skog,3.130990334411893,29.76878612716763
22820415,Nordingrå,2.8044873860997908,32.04104903078677
22820517,Docksta,2.6212319687238588,24.672897196261683
22820618,Ullånger,4.456327936013159,30.74670571010249
22820719,Bjärtrå,2.4428868045487384,33.45195729537367
22821125,Bollsta,4.0482919619187445,31.421121251629724
22821128,Blästa,4.627790334507769,31.292517006802722
22821129,Nyland,2.5219230582228027,30.68309070548712
22830111,Skärvsta,9.959867888309093,29.79020979020979
22830112,Trästa,10.364840902907405,33.59451518119491
22830113,Hullsta,14.347068450720101,33.69803063457331
22830114,Önsta,13.959107275019875,32.770605759682226
22830115,Remsle,5.319764547783801,30.927835051546392
22830116,Prästbordet,3.06223276753445,30.91849935316947
22830308,Graninge,2.241715265300423,38.36206896551724
22830406,Österforse,3.3300562253413037,20.971867007672635
22830407,Långsele,8.420274421282798,32.79395900755124
22830505,Ed,1.6313213914999642,30.751173708920188
22830604,Resele,1.631321412540684,17.732558139534884
22830709,Helgum,1.4466548550324483,20.767494356659142
22830803,Ådalsliden,2.3607175779170606,26.39751552795031
22830901,Junsele,3.6878216060243196,27.362482369534554
22831121,Boteå,2.303522889814282,30.136986301369863
22831424,Edsele,1.4466546076859366,34.48275862068966
22831525,Ramsele,1.624695385456007,32.11875843454791
22840101,Centrum,4.745728210477112,34.34273916035788
22840102,Östra,16.66889052911489,40.0
22840103,Övre,11.977704409521149,37.938844847112115
22840105,Sjukhuset,7.876948039760652,37.125
22840106,Åsdalen,7.290381321033661,37.784679089026916
22840107,Skyttis,16.62379954509985,45.287739783152624
22840108,Valhalla,25.676870633762544,44.27860696517413
22840201,Arnäsvall,1.9283327130405388,26.21359223300971
22840202,Bonäset,1.7998283031032236,33.14651721377102
22840205,Gimåt-Högland,2.639754707476922,38.14541622760801
22840206,Järved,2.4416976853221417,36.12385321100918
22840207,Svartby-Brösta,3.197131223063474,34.55344070278184
22840208,Idbyn-Ovansjö,1.2110727833419173,28.535353535353536
22840401,Mellansel,5.6308653571183935,41.891891891891895
22840402,Bredbyn-Sörflärke,2.5909187762115096,37.235023041474655
22840403,Norrflärke-Solberg,1.4835165413651756,28.65497076023392
22840501,Sidensjö-Skorped,1.328480202963555,33.903420523138834
22840701,Bjästa,5.9421939069446,42.32804232804233
22840702,Nätra-Landsbygd,3.0050940104275368,34.06223717409588
22840704,Köpmanholmen,1.947558759680718,38.22393822393823
22840801,Billsta,1.2968265662099348,32.58196721311475
22840802,Domsjö Södra,5.975551381423792,40.82687338501292
22840803,Domsjö Västra,2.8525688196520482,36.34920634920635
22840804,Gene,11.401768083401398,40.35087719298246
22840806,Haffsta,3.119535673083745,33.65695792880259
22840807,Hörnett,3.5188280652512436,37.74168600154679
22840809,Kroksta,3.8979097519964814,37.7
22840812,Norrlungånger,15.918597990533588,41.50197628458498
22840813,Prästbordet,4.010356229498711,29.188255613126078
22840814,Sund,5.170606937479377,39.97280761386812
22840815,Gullänget,6.264142628558105,37.65323992994746
22840818,Översjäla,3.4992610097334165,37.99414348462665
22840901,Mo,1.112979419746691,30.997624703087887
22841001,Grundsunda Södra,1.8250949814857,32.22958057395144
22841002,Grundsunda Norra,4.957074182803498,34.54773869346734
22841003,Husum,8.202503935286364,39.042357274401475
22841101,Gideå,2.1718602003065577,31.87311178247734
22841201,Björna Södra,1.9707206897349545,31.971153846153847
22841202,Björna Norra-Trehörningsjö,1.9707207394338484,26.058631921824105
23030101,Döviken,1.1734029043614935,31.07769423558897
23030103,Hammaren,6.259442698079549,36.462450592885375
23030205,Fors,4.638715262513318,26.460481099656356
23030409,Stugubyn,1.7291066319793373,38.43329253365973
23050101,Bräcke-Bodsjö,9.53191503550928,35.75705731394354
23050404,Kälarne,1.596638694018789,34.72949389179756
23050612,Gällö-Sundsjö-Pilgrimstad,4.5981771190940215,32.02725724020443
23090101,Krokom,10.834535627904282,38.526672311600336
23090102,Rödöbygden,1.3139366984356335,22.456813819577736
23090103,Dvärsätt,1.6722999786995274,29.095074455899198
23090206,Nälden,4.681532926546628,27.50965250965251
23090305,Aspås,0.2752293557781332,23.25581395348837
23090408,Ås Södra,2.488450323670633,28.91566265060241
23090409,Ås Norra,2.0553039431675977,29.070533948582728
23090611,Föllingebygden,2.0969855948412395,27.29281767955801
23090815,Offerdalsbygden,2.761627893596764,24.924471299093657
23091017,Alsenbygden,1.7815301923586797,25.031766200762387
23130101,Östra Bredgård,2.2766958755519173,32.010243277848915
23130102,Strömsund,17.07143128288122,36.779107725788904
23130103,Västra Bredgård,5.459510903733054,35.24804177545692
23130418,Hammerdal,3.677891841621264,26.718092566619916
23130528,Gäddede,2.678655204005365,33.10344827586207
23130632,Backe-Rossön,2.4685138195120424,31.47138964577657
23130835,Hoting-Kyrktåsjö-Norråker,1.8272443831070115,32.19264892268694
23210101,Duved Tegefors,4.593615033878417,24.61139896373057
23210102,Duved Västra,4.302541728945412,22.82453637660485
23210106,Åre Östra,2.7825540166998097,24.969249692496923
23210107,Åre Västra,3.1589594727093853,20.398009950248756
23210207,Mattmar,9.056669960248696,21.447721179624665
23210308,Mörsil,9.228093999732485,32.394366197183096
23210410,Kall,3.2880629553034946,27.93733681462141
23210513,Järpen,15.027531518932387,37.388724035608305
23210514,Undersåker,3.5931101385793167,26.775510204081634
23210616,Hallen-Marby,1.286449658859199,24.362244897959183
23260102,Svenstavik-Vigge-Gillhov,10.266602509949088,30.921619293712318
23260207,Hackås,1.948409942578744,24.782608695652176
23260308,Oviksbygden,1.4092446586094305,26.831683168316832
23260614,Storsjö-Åsarna,1.853677881682298,28.662420382165607
23260817,Klövsjö-Rätan,2.805418506545347,25.570776255707763
23610101,Sveg-Glöte,7.589829860601608,29.78227060653188
23610102,Sveg-Ytterhogdal,5.560257994569245,38.57827476038339
23610119,Lillhärdal-Ängersjö,3.7515743054224955,28.824273072060684
23610509,Hede-Vemdalen,4.553478192062759,28.291316526610643
23610712,Funäsdalen,2.2524436946513653,21.180555555555557
23800101,Sjukhusområdet,7.163327913430531,34.19421487603306
23800102,Östersund övre centrum,13.582072106804562,28.031145717463847
23800103,Östersund nedre centrum,13.289398041859618,32.593180015860426
23800104,Universitetet,17.302014441694613,31.70731707317073
23800105,Norra Odenslund,11.790386721406211,30.038387715930902
23800106,Söder,7.686790061327367,35.560123329907505
23800107,Erikslund-Övre Blomängen,4.854173815298173,35.70767807585569
23800108,Karlslund,4.819312722314679,31.722689075630253
23800109,Eriksberg-Solliden-Fyrvalla,4.352615385636998,29.270315091210612
23800110,Brittsbo-Lugnviksstrand,3.0262949587171497,35.33123028391167
23800111,Körfältet,21.508168985186742,42.43458475540387
23800112,Nedre Blomängen,9.277430246016165,34.49101796407186
23800113,Södra Odenslund,4.828572893738668,35.97560975609756
23800114,Storsjöstrand-Odensvik-Fagervallen,6.81180400947913,33.238837703756204
23800115,Marielund-Odenskog,9.277483502099455,41.388888888888886
23800116,Odensala Tavelbäcken,5.9962447218743105,38.950988822012036
23800118,Odensala Övre,2.7956122727238815,40.72072072072072
23800119,Odensala Nedre,2.1273621282991773,36.666666666666664
23800120,Lugnviks Centrum,8.35944237555056,41.28611369990681
23800121,Norr,7.158078784486144,29.913606911447083
23800225,Hornsberg Nedre,5.82569205927659,32.17503217503217
23800226,Hornsberg Övre,5.810701110822661,32.605729877216916
23800227,Östberg,6.367921895164891,28.871681415929203
23800228,Frösödal,3.631660970175673,33.166833166833165
23800229,Norra Frösön-Lövsta,4.919290264186293,28.776041666666668
23800230,Västra Frösön,2.261525863866405,30.276981852913085
23800232,Södra Valla-Mjälle,7.60320818554365,34.6494762288477
23800538,Fåker-Tandsbyn med landsbygd,1.636808750773849,30.00804505229284
23800639,Marieby med landsbygd,1.8132271205077124,24.890829694323145
23800640,Orrviken med landsbygd,1.5235152681379616,25.10548523206751
23800740,Brunflo Södergård,4.961176309930445,38.5945945945946
23800741,Brunflo Storviken,2.857675151721482,34.495279593318806
23800743,Brunflo Änge,4.451798925951334,36.32286995515695
23800749,Torvalla Fjällmon,7.625564657968225,42.493847415914686
23800751,Torvalla Centrum,26.859420128120703,45.17326732673267
23800752,Torvalla Skogsmon,15.732633869704737,36.38968481375358
23800753,Torvalla Ängsmon,9.303129509522275,32.19512195121951
23800754,Torvalla By-Ope,8.613625291562592,33.83534136546185
23800945,Centrala Lit,4.653638758600737,36.07103218645949
23800946,Lit med landsbygd,1.8519219510762381,25.70671378091873
23801047,Häggenås med landsbygd,1.8502202481709347,29.347826086956523
24010206,Gräsmyr,1.118568307404073,21.26537785588752
24010208,Håknäs,1.9518542364359641,33.333333333333336
24010212,Levar,2.968037228401177,33.71924746743849
24010214,Lögdeå-Rundvik,2.973049729511238,33.59040274207369
24010216,Norrfors,1.1200622653021204,26.89075630252101
24010224,Vallen,11.632601097046994,39.20406435224386
24030104,Bjurholm,7.008733339432478,29.42061700526712
24040103,Vindelns västra,8.520349779789075,38.50315599639315
24040104,Vindelns östra,6.57959502634858,27.6
24040107,Hällnäs,2.072538828771807,35.294117647058826
24040120,Tvärålund,1.2957317389202863,22.154779969650985
24090101,Bygdeå,2.432638727028492,35.09212730318258
24090112,Överklinten,1.9108283684256755,32.38770685579196
24090306,Robertsfors,8.662922062506182,44.22222222222222
24090406,Nysätra-Ånäset,2.4246390196405962,28.106852497096398
24170204,Norsjö Norra,5.195527807304963,39.58538993089832
24170207,Norsjö Södra,5.257634107159274,37.487126673532444
24180102,Malå 1,4.200957859920486,35.53008595988538
24180103,Malå 2,8.794267333854275,40.816326530612244
24210122,Storuman Östra,3.2957583513603135,34.489593657086225
24210124,Storuman Luspen,6.808084958021171,33.301975540921916
24210314,Storuman Västra,4.979904902657087,24.674022066198596
24220100,Sorsele,3.7225043043423516,29.549393414211437
24250104,Dorotea,4.330357129324777,36.43835616438356
24601001,Västra byarna-Älvdala,5.1230068922400145,31.07638888888889
24601002,Lägret-Nyby,8.498826128580584,36.19402985074627
24601003,Myran-Centrum,10.610250582930759,34.462320067739206
24601004,Vännäsby,2.1913461611762295,35.87570621468927
24601005,Östra byarna,1.5382585427093398,24.764595103578156
24620101,Baksjönäs,5.157077639957235,34.24821002386635
24620105,Dikanäs,0.941915296808166,27.160493827160494
24620110,Latikberg,1.2104282982400985,22.027972027972027
24620113,Lövliden,13.214109278368555,34.9290780141844
24620116,Nästansjö,0.9419151768790681,25.10460251046025
24620118,Vilhelmina-Saxnäs,0.9419151305357911,31.93916349809886
24620120,Skansholm,0.9419152000836225,27.11111111111111
24620126,Vilhelmina,5.185741442267212,36.469221835075494
24630121,Åsele C,5.188679222283398,37.244201909959074
24630123,Åsele omland,3.188927065400659,27.333333333333332
24800101,Berghem Norra,9.426972338634336,31.91335740072202
24800102,Berghem Södra,7.707588676892527,34.51428571428571
24800103,Sandabrånet,5.714528376360226,35.83106267029973
24800104,Sandbacka,5.766124069170273,38.737040527803956
24800105,Haga Norra,4.7382370722847575,35.299219427580226
24800106,Haga Södra,6.763462723955,34.059233449477354
24800107,Centrum Västra,6.756378552322643,34.53237410071942
24800108,Ytterhiske,5.52801331383925,37.55707762557078
24800109,Centrum,9.322166535359461,32.99161230195713
24800110,Centrum Östra,5.349447488287456,28.03970223325062
24800111,Östermalm - Fridhem,6.952434234651189,35.38461538461539
24800112,Västerslätt,5.989656954996233,40.15103838892385
24800114,Ersmark,7.662765270031274,35.87719298245614
24800115,Ersboda Östra,22.508699065890692,41.75182481751825
24800116,Ersboda Västra,13.010545915900254,44.26573426573427
24800117,Ersboda Mellan,18.948487137768076,46.63461538461539
24800119,Dragonfältet,5.52510870642094,38.517179023508135
24800120,Öbackastrand,8.17414175876114,36.509433962264154
24800121,Ersboda Norra,27.358672372643568,42.391304347826086
24800122,Haga Östra,5.179448649233572,33.55201499531397
24800123,Brinkvägen,5.55249585137298,34.35843054082715
24800124,Öbacka - Rosendal,7.596042570249176,33.4375
24800220,Grubbe Södra,3.6067449627028045,35.67093728927849
24800221,Grubbe Norra,4.102243179146183,35.25179856115108
24800222,Kronoparken,4.176911460830213,38.97569444444444
24800223,Backen,3.726481947228262,34.84486873508353
24800224,Umedalen Östra,11.141626817390994,39.54183266932271
24800225,Brännland,2.4157864868860566,28.96039603960396
24800226,Hissjö,2.8400912459582495,31.496062992125985
24800227,Umedalen Västra,8.051520472822736,37.37166324435318
24800228,Sandåkern,3.58049922983103,38.144329896907216
24800229,Brattby – Sörfors – Överboda,2.417363282323702,29.61672473867596
24800330,Tavelsjö Södra,1.138525154379002,30.525030525030527
24800331,Tavelsjö Norra,1.1407584731678695,25.593008739076154
24800440,Östteg,3.922437995301828,36.21981681931724
24800441,Västteg,5.340110649668117,33.633387888707034
24800442,Böleå,5.744920911659429,32.94209702660407
24800443,Böleäng Östra,5.412258110249281,36.51685393258427
24800444,Röbäck Östra - Klabböle,3.7385532130224997,32.0
24800445,Stöcke,2.0773106534889574,30.816326530612244
24800446,Böleäng Västra,6.970736434696069,41.654978962131835
24800447,Yttersjö,1.505040794245192,33.61034164358264
24800448,Södra Teg,5.7302635981088645,36.38634471273939
24800449,Röbäck Västra - Skravelsjö,3.3705964694640813,39.422084623323016
24800450,Stöcksjö - Degernäs,2.1335549891608356,29.543039319872477
24800535,Ålidhem Östra,34.58931371744808,27.85467128027682
24800536,Innertavle,3.2512719618616672,36.36363636363637
24800538,Tomtebo,12.447577024283339,38.53658536585366
24800549,Universitetsområdet,22.30983891444267,29.890848026868177
24800550,Sofiehem,9.28650929498182,33.30078125
24800551,Ålidhem Västra,29.455778649626083,27.12146422628952
24800552,Ålidhem Södra,26.697776845607486,33.01617507136061
24800553,Carlshem Västra,9.440629759995582,41.287284144427005
24800554,Carlshem Östra,19.073377576051975,35.025380710659896
24800555,Universitetsområdet Östra,14.145672112324199,29.666366095581605
24800556,Tomtebo Södra,12.909452719680353,36.35477582846004
24800557,Tomtebo Norra,10.35186755398734,32.08241353936718
24800558,Ålidbacken,19.96731243118323,31.645569620253166
24800559,Tavleliden – Tomtebo gård,7.784551372728799,35.35911602209945
24800660,Holmsund Östra,4.6600216487856745,36.47845468053492
24800661,Holmsund Västra,10.589138453598272,38.40139009556907
24800662,Holmsund Södra,3.073957825242515,40.515075376884425
24800663,Obbola Norra,2.352941203596733,45.74095682613769
24800664,Obbola Södra,2.373071571385502,37.44374437443744
24800770,Hörnefors Östra,1.4948430614771047,41.57832744405182
24800771,Hörnefors Västra,2.320633887033066,38.14671814671814
24800772,Sörmjöle - Norrmjöle,2.1782705571594896,35.321969696969695
24800990,Bullmark,2.182787556425249,30.622617534942822
24800991,Sävar Östra,1.7147814723101642,36.62280701754386
24800992,Sävar Västra,2.7851873955191166,38.16725978647687
24800993,Täfteå,0.8668630738092501,36.79852805887764
24801137,Nydalahöjd,14.583358367242711,36.092396535129936
24801155,Mariehem,14.528634073816866,36.51419558359621
24801157,Mariehemshöjd,27.5726896275717,39.273049645390074
24801158,Mariedal,6.631361734075219,42.883720930232556
24801159,Marieberg,9.524487803259012,41.67364016736402
24801160,Mariestrand,15.470416663218495,38.76953125
24801161,Olovsdal,15.032611737909898,34.35294117647059
24810101,Lycksele,17.286099780167465,37.6425855513308
24810102,Södermalm,12.60192840771551,40.4320987654321
24810103,Norrmalm,3.0192197090091923,37.40399385560676
24810104,Villaryd,7.989456420881177,38.40277777777778
24810105,Forsdala,5.2653798427641645,32.16531895777179
24810113,Kattisavan,1.0863942598119807,30.434782608695652
24810114,Knaften,2.11515865678175,32.723112128146454
24810305,Björksele,1.9685038724244135,30.900243309002434
24820101,Centrum Ö,10.554614477801813,43.013270882123344
24820102,Centrum S,9.606139052190056,41.98675496688742
24820103,Norrhammar,6.293393362953701,44.0
24820104,Erikslid,10.867886129727191,46.8586387434555
24820105,Älvsbacka V,10.13102344878291,42.29471316085489
24820106,Älvsbacka Ö,5.822877415568301,45.02164502164502
24820107,Getberget,9.471363195520206,42.51336898395722
24820108,Alhem-Norvalla,7.641110686292395,40.88277858176556
24820109,Morön-Hedensbyn,6.157705975518136,45.42020774315392
24820110,Moröhöjden,8.647351463629798,48.685857321652065
24820111,Morö backe V,5.648063576454113,45.68138195777351
24820112,Morö backe C,26.805151285285156,49.531459170013385
24820113,Morö backe Ö,8.971493433583886,46.64351851851852
24820114,Bergsbyn,4.6360222335214205,41.39784946236559
24820115,Centrum V,10.53170079506282,41.52215799614643
24820116,Klockarberget,11.683249481951853,40.449438202247194
24820201,Inre Ursviken,6.973828332175797,47.005649717514125
24820202,Yttre Ursviken,5.327415558803098,48.80952380952381
24820204,Skelleftehamn V,21.65086933822542,43.6498150431566
24820205,Skelleftehamn Ö,19.84552707244419,45.625692137320044
24820206,Furunäs,6.88060023043209,41.61490683229814
24820301,Bureå N,5.307178139095325,47.80748663101604
24820302,Bureå S,7.858848929497403,35.67035670356704
24820303,Hjoggböle,1.767360335611397,33.36745138178096
24820401,Prästbordet,9.007246949609714,44.15137614678899
24820402,Brännan-Mobacken,4.3318071093750445,43.421052631578945
24820403,Sjungande dalen,15.260082202288883,46.94244604316547
24820404,Sunnanå S,3.379611079792831,41.5929203539823
24820405,Sunnanå Ö,4.612599113486546,45.214105793450884
24820406,Sörböle,6.552283330697414,47.09371293001186
24820407,Anderstorp N,16.886434342499705,46.03351955307262
24820408,Anderstorp S,12.72978446176343,53.587443946188344
24820409,Anderstorp Ö,19.750387358001497,44.55719557195572
24820410,Stackgrönnan-Örviken,3.793582907220118,35.62559694364852
24820411,Skråmträsk-Klutmark,2.6122835497954666,30.32967032967033
24820412,Myckle-Medle,2.4231930226053024,36.77248677248677
24820413,Stämningsgården,9.253871951964914,41.43700787401575
24820414,Sunnanå V,4.481854098157586,41.80064308681672
24820501,Boliden,15.480634133045134,38.6969397828233
24820601,Kåge N,8.744611147185427,41.453428863868986
24820602,Kåge S,3.927903233545471,39.644444444444446
24820603,Kågedalen,2.275158161667002,34.954407294832826
24820701,Byske C,8.579344622157848,46.20311070448307
24820702,Byske-Fällfors,2.7163417261182006,38.82709807886754
24820703,Drängsmark-Ostvik,1.0952496952443398,39.602169981916816
24820901,Jörn,6.490368881035783,38.72282608695652
24821001,Lövånger,7.743403540570449,34.93095044679123
24821101,Burträsk C,10.055360545171848,43.91100702576112
24821102,Burträsk V,4.742961277665684,36.0
24821103,Burträsk Ö,3.05423938918922,31.840193704600484
25050001,Arvidsjaur Norra,5.062990398930652,35.667215815485996
25050002,Arvidsjaur Östra,1.9962884120493571,34.77523324851569
25050003,Arvidsjaur Västra,3.283477900870209,40.063091482649845
25060203,Arjeplog,3.5811315216186084,32.10191082802548
25100202,Jokkmokks Östra,7.0756288556436475,33.68320610687023
25100217,Jokkmokks Västra,7.316436320940274,29.069767441860463
25100409,Porjus,4.013961533375444,36.13861386138614
25100516,Vuollerim,3.546099317606772,45.09018036072144
25130001,Överkalix övre,6.214401467909842,37.06981317600787
25130002,Överkalix nedre,10.230538630121744,36.286407766990294
25140103,Gammelgården-Morjärv,1.7061471478209635,39.7984886649874
25140105,Innanbäcken,2.13631466327632,35.47776726584674
25140106,Kalix V,6.5848520828829225,46.18320610687023
25140107,Näsbyn,10.87778469153386,41.74757281553398
25140108,Risön,3.7287731803355992,37.878787878787875
25140115,Sangis,2.331961593083681,37.82542113323124
25140118,Ytterbyn,1.810297567453376,38.275862068965516
25140123,Kalix C,9.521687436265456,49.13127413127413
25140125,Stenbäcken,2.4610356107089246,42.34326824254882
25140221,Töre,2.550579937758479,30.906389301634473
25180101,Hedenäset,1.5151516064390649,30.967741935483872
25180102,Kuivakangas,2.10395974950419,32.37885462555066
25180103,Svanstein,1.3440861219510845,37.23653395784543
25180104,Övertorneå,5.767177847922491,38.48964677222899
25210001,Pajala norra,5.195037515965458,28.647214854111407
25210002,Pajala södra,7.998033472387626,34.74178403755869
25210004,Junosuando - Tärendö,1.25305193479939,35.24390243902439
25210005,Korpilombolo,2.0466358453580193,26.684636118598384
25230001,Gällivare Södra,2.6313603584504297,30.759951749095297
25230002,Gällivare Norra,2.6852506362574236,39.257294429708224
25230003,Gällivare Västra,7.858739679392522,34.2969776609724
25230005,Heden,3.0422933815586455,37.142857142857146
25230006,Koskullskulle,3.5814027279689933,30.456852791878173
25230007,Maria,6.456111101883573,36.88181056160939
25230008,Mellanområdet,3.3424227763048253,36.04410751206065
25230009,Sjöparken,12.658505559353214,36.31194151096669
25230011,Dundret,9.183159066420536,30.545454545454547
25230012,Gällivare Centrum V,13.83357019718906,42.11309523809524
25230013,Gällivare Centrum Ö,13.581665905499676,40.390390390390394
25600209,Vidsel,2.042772663048253,38.23845327604726
25600211,Älvsbyns N,9.533235262419469,47.1107544141252
25600212,Älvsbyns Ö,3.7218764074454382,40.45454545454545
25600214,Älvsbyns V,4.339323553238943,41.63879598662207
25800101,Varvet,4.894518121212754,38.31877729257642
25800102,Stadsparken,6.2068584079223506,38.69143780290791
25800103,Kulturens hus,5.500593914881633,36.38655462184874
25800104,Gültzauudden-Norra hamn,3.8592883087186842,39.63133640552996
25800105,Östermalm,4.671630351088746,38.24521934758155
25800106,Bergviken,7.170993989605847,40.644361833952914
25800107,Kallkällan,10.070037933122213,38.541666666666664
25800108,Munkeberg,9.023257060422596,37.00729927007299
25800109,Mjölkudden,12.9615086385079,43.52617079889807
25800111,Notviken,17.413662159099175,35.94095940959409
25800112,Köpmantorget,5.0552022177896685,37.27359389895138
25800113,Södra hamn,4.87837777555391,39.955190440627334
25800212,Burströmska,7.353639453688528,43.06640625
25800213,Malmudden,8.516661296496261,41.61290322580645
25800214,Svartöstan-Lövskatan,5.033757811333781,35.073891625615765
25800215,Södra Örnäset,14.663740175821443,36.11793611793612
25800216,Skurholmen,6.086904359158446,38.995215311004785
25800217,Norra Örnäset,12.45386516210169,42.7027027027027
25800220,Klintbacken,5.580373584760171,33.17307692307692
25800221,Lulsundet,3.876688920442769,36.46953405017921
25800222,Kronan,7.793181099736384,33.85498174230569
25800223,Hällbacken,4.526436692102939,29.177377892030847
25800237,Hertsöcentrum,18.307640575634746,47.56335282651072
25800259,Hertsölund,16.283766440690364,41.1764705882353
25800260,Hertsöängar,14.031647956562187,36.89655172413793
25800267,Björkskatan norra,6.591501802291332,40.4743687834736
25800268,Björkskatan södra,7.806973066119653,40.57971014492754
25800270,Bredviken-Lerbäcken,6.95565121054514,41.55324259407526
25800323,Alvik-Ersnäs,1.7442379674578554,33.04535637149028
25800324,Antnäs-Måttsund,1.996979128790026,33.57371794871795
25800325,Avan-Bälinge-Klöverträsk,1.204081221373761,28.097560975609756
25800326,Bensbyn-Brändön,1.3168717494883455,29.331416247304098
25800327,G:a Bergnäset-Kallax-Gäddvik,8.361002191747286,31.230925737538147
25800328,Trollstaden,2.5490313144829084,30.9024612579763
25800335,Gammelstad,3.724016856020703,36.8586387434555
25800344,Persön,1.421771812980621,24.910394265232974
25800346,Rutvik,3.0542390529082586,30.357142857142858
25800349,Öhemmanet-Karlsvik,4.272462585150143,37.634408602150536
25800350,Hammaren,1.7562883939957907,43.81654381654381
25800355,Bergstaden,16.79933281602549,39.15857605177994
25800361,Stadsön,3.0717502545322777,40.74816299265197
25800362,Porsöudden,24.16955730643965,37.886178861788615
25800363,Porsöberget,13.946821835799629,37.6865671641791
25800364,Universitetet,25.278346710926556,23.979591836734695
25800365,Lillporsön,21.016560659868333,24.85981308411215
25800371,Sunderbyn,2.39715729911408,32.78370514064016
25800439,Jämtön-Vitå,1.8045113181113799,32.65993265993266
25800442,Niemisel-Prästholm,1.8045112818442786,26.051779935275082
25800447,Råneå,4.017369906630747,33.52812271731191
25810001,Roknäs Lillpite Markbygden,1.9149345772522928,35.2212389380531
25810002,Sjulsmark Alterdalen Sikfors,1.369081529862097,31.97158081705151
25810003,Sjulnäs Böle,0.8014018326151934,40.97345132743363
25810004,Svensbyn,1.0624443912795236,40.971168437025796
25810005,Porsnäs Östra,1.3165222314289846,39.54545454545455
25810006,Porsnäs Västra,3.108129647987728,39.245810055865924
25810007,Rosvik,2.9702329931144567,34.86988847583643
25810008,Bergsviken Västra,2.133460861002535,45.333333333333336
25810009,Bergsviken Östra,2.7387072982530274,46.80573663624511
25810010,Hortlax,1.4057004333444316,42.53563390847712
25810011,Öjebyn Centrala,9.440088502239638,45.07845934379458
25810012,Öjebyn Norra,10.895285322634113,44.760213143872114
25810013,Öjebyn Södra,6.360557120152747,46.34146341463415
25810014,Djupviken Norra,7.544140604506717,39.051383399209485
25810015,Djupviken Södra,3.618581351026363,40.24691358024691
25810016,Backen Annelund,6.176129440381127,44.216570959803114
25810017,Backen Källbo,6.019801970174673,44.756838905775076
25810018,Häggholmen Västra,5.505823043950509,53.7147102526003
25810019,Norrmalm,5.506410694435558,45.82043343653251
25810020,Häggholmen Östra,10.709905495566863,57.21830985915493
25810021,Strömnäs,5.891622051085261,37.00862895493768
25810022,Pitholm,3.7973374114842184,44.275420336269015
25810023,Klubbgärdet,3.5097326280420162,36.40124095139607
25810024,Munksund Norra,3.8280618782033313,47.451343836886004
25810025,Munksund Södra,4.053130781570904,42.59094942324756
25810026,Blåsmark Hemmingsmark,1.2531447909279434,44.342507645259936
25810027,Jävre,1.9915221845102937,42.972972972972975
25820101,Sveafältet,29.980567849303565,38.99441340782123
25820102,Björknäs,17.91545047842372,42.672919109026964
25820103,Centrum norra,7.860636557664305,45.82857142857143
25820104,Prästholmen,13.621155357589432,43.4549356223176
25820105,Erikslund- Fagernäs,4.547560187651887,35.502471169686984
25820113,Svartbjörsbyn-Skogså,2.9762601756904874,34.660766961651916
25820115,Heden - Södra Bredåker,2.211827074494646,31.573498964803314
25820116,Bodsvedjan - Unbyn,3.7026425019320706,35.094339622641506
25820117,Vittjärv - Norra Bredåker,2.555254238280169,30.759493670886076
25820124,Centrum södra,7.470348413205182,46.54017857142857
25820132,Torpgärdan,8.907219387456301,41.37931034482759
25820133,Sanden,9.65889612730414,40.476190476190474
25820136,Svartbyn,3.5598616550698807,39.583333333333336
25820139,Trångfors,2.7169444831852,39.328537170263786
25820220,Gunnarsbyn,2.012651001166915,38.34586466165413
25820328,Harads,4.855119754466578,38.061797752808985
25820409,Sävastön,3.578620223957495,33.3028362305581
25820440,Sävast,2.473518735652588,40.45996592844975
25830101,Haparanda Norra,10.457191642467539,31.4214463840399
25830102,Nikkala,1.5143605344708093,30.982905982905983
25830103,Seskarö,1.5143603795650238,38.983050847457626
25830114,Haparanda Södra,8.599203813747721,35.80441640378549
25830115,Marielund,1.853734220360642,34.25253991291727
25830116,Grankullen,2.4033928724060307,27.136752136752136
25830408,Karungi,1.7942518845364763,21.558441558441558
25840001,Tuolluvaara-Nya Centrum,6.469677640225937,36.666666666666664
25840002,Högalid och Sandstensberget,11.80001605139667,34.16289592760181
25840003,Övre Norrmalm-Gamla Centrum,10.575017897550696,37.455516014234874
25840004,Kiruna nordost,2.1698112766108157,22.468354430379748
25840005,Bolaget-Triangeln,6.919060033816429,38.10096153846154
25840006,Kurra – Jägarområdet – N Stråket,6.521506249500946,37.51793400286944
25840007,Östermalm,6.872949665377362,38.612099644128115
25840009,Lombolo västra,14.080334124136053,36.38644918444166
25840010,Jukkasjärvi,2.3551877769858764,26.674107142857142
25840011,Lombolo mellersta,2.826643220153867,38.89502762430939
25840012,Kiruna sydost,5.351906103426184,40.35087719298246
25840013,Luossavaara-Abisko,6.564475495225536,34.77038425492034
25840015,Lombolo östra-Nikkaluoktavägen,4.77977873119073,39.63768115942029
