district_id,district_name,rest_world_unknown_pct,selected_vote_pct
01140101,Övra Runby,15.01602949707253,8.960915157292659
01140102,Mälaren,10.520801104398519,5.391120507399577
01140120,Edssjön,19.406198114391383,8.141321044546851
01140121,Nedra Runby,17.68073716328589,11.328976034858387
01140126,Prästgårdsmarken,18.486492006732096,13.427947598253276
01140203,Folkparken,24.422196669071493,10.886319845857418
01140204,Fysingen,27.311428353256307,8.972972972972974
01140206,Sigma,40.53177644069971,24.86263736263736
01140207,Odenslunda Södra,16.8723704984287,6.944444444444445
01140209,Smedby Norra,34.132509124537584,17.478991596638654
01140210,Väsbyskogen Västra,32.46991552046551,6.91114245416079
01140211,Skälby,27.9723842323164,12.295973884657236
01140212,Smedby Södra,26.771572689165033,12.771084337349398
01140218,Korpkulla,29.10603262102454,12.183235867446394
01140219,Ekebo,32.83243706069617,18.958031837916064
01140223,Brunnby,19.785840197257563,8.080808080808081
01140224,Apoteksskogen,34.47246758075402,14.592933947772657
01140225,Väsbyskogen Östra,35.66594548778184,25.163826998689384
01140231,Vilunda,25.876839057962474,8.362369337979095
01140232,Fyrklövern Norra,35.61097418489291,14.126984126984127
01140233,Fyrklövern Södra,43.791427274421146,24.399260628465804
01140313,Odenslunda Norra,20.671675652811988,7.755102040816326
01140314,Norra Bollstanäs,8.145354842798563,2.8831562974203337
01140315,Sjukyrkoberget,12.108385371944106,3.7661050545094152
01140316,Grimstaby,12.173571821776989,5.11921458625526
01140317,Gamla Bollstanäs,10.533970329271591,3.736479842674533
01140318,Frestaby,10.39148450566812,2.903225806451613
01140327,Östra Frestaby-Ekeby,12.222541146583612,4.8270313757039425
01150101,1 Vallentuna västra,6.1294187784283585,3.3665835411471323
01150102,2 Markim-Orkesta,3.8170029741967206,3.392705682782019
01150103,3 Hammarbacken N,7.290763696559756,3.198781416603199
01150104,4 Hammarbacken S,11.703591421699917,5.3886925795053005
01150105,5 Ormsta N,7.460085305449605,3.5987748851454824
01150106,6 Vallentuna nordöstra,7.417234060689183,3.434867141931303
01150107,7 Norrgården-Sörgården,12.863691587758082,6.391478029294274
01150108,8 Vallentuna C,10.59731192995903,6.244864420706656
01150109,9 Ormsta S,17.79993977955522,9.055727554179567
01150110,10 Lovisedal,5.50452256357994,1.8691588785046729
01150111,11 Karlberg,6.036401973654877,3.48993288590604
01150112,12 Vada-Angarn-Össeby,4.1998042488161245,3.2710280373831777
01150113,13 Bällsta S,6.472501057600258,1.408450704225352
01150114,14 Bällsta V,7.318336966151034,4.192355117139334
01150115,15 Vallentuna sydöstra,5.190821116472271,2.682926829268293
01150116,16 Garn,4.397933976732509,3.4554973821989527
01150117,17 Kårsta-Frösunda,4.4316990795396345,5.016181229773463
01170001,Berga NV,10.80528297451482,6.9384215091066785
01170002,Berga SÖ,13.107057902660982,7.492795389048991
01170003,Björksättra-Högsättra,8.261137476908424,5.052430886558628
01170004,Brevik,4.185561144217917,1.6483516483516483
01170005,Flaxenvik-Grindmossen,6.778807632254554,2.981895633652822
01170006,Fredsborg,7.032315479998537,3.4777303233679073
01170007,Hacksta V,20.53069056593113,14.046822742474916
01170008,Hacksta Ö,13.602049384657464,6.335797254487856
01170009,Ljusterö,3.842675621015733,3.188775510204082
01170010,Margretelund,4.519240301716477,2.3848684210526314
01170011,Roslagskulla-Åsättra,3.927383582535275,3.5900783289817233
01170012,Runö,13.888424011215383,6.379310344827586
01170013,Rydbo,4.334151127071051,1.937984496124031
01170014,Skånsta,6.569266640061841,3.116651825467498
01170015,Skärgårdsstad,4.994814409888422,2.31935771632471
01170016,Smedby,6.230666808703736,4.448938321536906
01170017,Svinninge,4.516895994366813,1.8645121193287757
01170018,Säby,5.497189843208861,3.4140969162995596
01170019,Söra N,8.864954622694192,3.2967032967032965
01170020,Söra S,12.750647220051865,8.40751730959446
01170021,Tråsättra,6.660107362060178,4.790823211875844
01170022,Tuna,8.013450010065151,2.8019323671497585
01170023,Åkerstorp,7.335673841616615,6.309420916162489
01170024,Österskär V,4.769163601996418,2.0592020592020592
01170025,Österskär Ö,2.9056390271232426,1.5224358974358974
01200101,Värmdö 1 Saltarö,4.454529708331785,3.0991735537190084
01200102,Värmdö 2 Strömma m.fl.,4.053102460108716,2.931937172774869
01200103,Värmdö 3 Ängsvik,3.6193797517140496,5.174234424498416
01200104,Värmdö 4 Hemmesta,8.349261751065963,7.195121951219512
01200105,Värmdö 5 Vik,3.452846932302125,1.7514595496246872
01200106,Värmdö 6 Kopparmora,3.085550155158439,3.3333333333333335
01200107,Värmdö 7 Haghulta Kolvik,3.5548145890574463,3.3206831119544593
01200108,Värmdö 8 Herrviksnäs m.fl.,3.779690924547179,2.366863905325444
01200109,Värmdö 9 Torsby,6.118816865385868,4.18041804180418
01200301,Djurö 1 Vindö,4.567807531655198,3.357314148681055
01200302,Djurö 2 Björkås Barnvik,6.093570654850087,4.850746268656716
01200303,Djurö 3 Stavsnäs,8.514612731590903,6.646825396825397
01200501,Ingarö 1 Lillängsdal Fagerholm,5.1173804986853195,4.072398190045249
01200502,Ingarö 2 Säby Eknäs,4.063612170658739,2.816901408450704
01200503,Ingarö 3 Ingaröstrand,3.2589526835252647,2.200303490136571
01200504,Ingarö 4 Klacknäset,4.1397318196086115,5.00544069640914
01200505,Ingarö 5 Lämshaga Brunn,5.833326662697636,5.027322404371585
01200601,Gustavsberg 1 Lugnet,6.889557890344676,7.60233918128655
01200602,Gustavsberg 2 Tallåsen,5.881158369683979,4.704463208685163
01200603,Gustavsberg 3 Munkmora,15.303388950365061,12.050534499514091
01200604,Gustavsberg 4 Höjdhagen m.fl.,4.368888314371761,4.5358649789029535
01200605,Gustavsberg 5 Ösbydalen m.fl.,5.7093204777381485,6.451612903225806
01200606,Gustavsberg 6 Ormingelandet,3.592022283255162,1.988950276243094
01200607,Gustavsberg 7 Farsta och Hamnområdet,5.530211464438251,4.20353982300885
01200608,Gustavsberg 8 Mörtnäs,4.296253204616943,2.170138888888889
01200609,Gustavsberg 9 Mölnvik m.fl.,4.801421145192243,4.956896551724138
01200610,Gustavsberg 10 Charlottendal m.fl.,6.695021527731538,4.708520179372197
01200611,Gustavsberg 11 Porslinskvarteren S,8.244868189836813,4.970414201183432
01200612,Gustavsberg 12 Porslinskvarteren N,8.416037883858047,5.430932703659977
01200613,Gustavsberg 13 Hästhagen,6.030081507248509,10.107816711590296
01230201,Norra Barkarby,23.584981726771247,12.717536813922356
01230202,Södra Barkarby,15.596751654220055,7.503607503607504
01230203,Skälby Gård Västra,14.763876444070608,6.774193548387097
01230204,Orgona,14.870227603312907,7.03953712632594
01230205,Neptuni,17.44790205574082,9.455587392550143
01230206,Skälby Gård Östra,15.320344311302046,5.7835820895522385
01230207,Barkarbystaden,36.390878566879906,25.123639960435213
01230208,Kalvshälla,29.239666600546983,19.431643625192013
01230209,Karlslund,33.272934728856676,16.402116402116402
01230210,Dragonbacken,35.06784300688496,22.938530734632682
01230211,Ålsta,36.01067984531616,25.821596244131456
01230212,Kyrkbyn,28.236621343809706,13.602941176470589
01230213,Västra Barkarbystaden,32.879867004772805,19.51219512195122
01230306,Fjällen,10.445973447312,4.636363636363637
01230307,Sandvik,12.960239184362802,6.168080185042405
01230308,Hummelmora,15.184983252536439,7.173725151253241
01230309,Centrala Viksjö Södra,14.474890143079165,5.800293685756241
01230310,Lund,11.378010158128548,8.072653884964682
01230311,Fastebol,12.304176153284207,6.315789473684211
01230312,Centrala Viksjö Norra,21.299140651850422,12.439418416801292
01230313,Högby,16.542788801504397,6.527196652719665
01230413,Tallbohov,49.24417164969785,38.095238095238095
01230414,Olovslund,14.891741457911186,7.568807339449541
01230415,Norra Vibblaby,30.540252924068675,13.023782559456398
01230416,Västerby,27.097796666281166,12.541993281075028
01230417,Grönvreten,15.110749653990679,6.021505376344086
01230418,Snapphanen,46.5671675105488,34.48275862068966
01230419,Norra Nyberg,49.58496885192908,26.027397260273972
01230420,Hammaren,36.53961301901443,20.87912087912088
01230421,Dackevägen,46.06122596770292,27.613636363636363
01230422,Centrala Jakobsberg,44.25987990296435,19.346049046321525
01230423,Södra Aspnäs,43.46959609889024,16.295264623955433
01230424,Ekedal,39.44878752596696,18.349514563106798
01230425,Norra Aspnäs,37.4543887322849,16.18705035971223
01230426,Vattmyra,21.64545675367406,11.416666666666666
01230427,Berghem/Polhem,23.935500448804596,7.173601147776184
01230428,Södra Vibblaby,40.80407159279624,18.95910780669145
01230429,Södra Nyberg,43.5217440035091,31.643356643356643
01230430,Riddarparken,43.469574655444724,28.365384615384617
01230528,Lädersättra,24.11350300311395,8.604206500956023
01230529,Centrala Kallhäll,17.023160672658793,10.222222222222221
01230530,Emaljvägen/Kopparvägen,24.080234270364883,12.61609907120743
01230531,Ulvsättra/Skogstorp,23.342394714816184,12.016021361815755
01230532,Kolarängen/Villastaden,14.981626745858854,11.39240506329114
01230533,Stäket,10.848425892807803,3.8271604938271606
01230534,Bolinder strand,9.848203526568131,3.780313837375178
01230535,Lilla Ulvsättra,33.66280209706284,28.111273792093705
01250101,Munsö,4.185176894642134,3.3834586466165413
01250201,Adelsö,7.019703720061299,3.8535645472061657
01250301,Ekerö 1 Ekebyhov-Gällstaö,6.632644414130816,3.767123287671233
01250302,Ekerö 2 Ekebyhov Västra,8.850433273341176,6.863679694947569
01250303,Ekerö 3 Ekerö-Väsby,4.854555979056619,2.644628099173554
01250304,Ekerö 4 Träkvista-Skärvik,2.9949012863723166,1.8656716417910448
01250305,Ekerö 5 Närlunda,8.143787930873872,2.08955223880597
01250306,Ekerö 6 Älvnäs,5.6796142518622235,2.6244343891402715
01250307,Ekerö 7 Sundby Helgö,4.319269071867898,2.7799841143764894
01250308,Ekerö 8 Ekerö centrum,7.787984858753147,5.546995377503852
01250309,Ekerö 9 Träkvista,5.78104290494933,2.962962962962963
01250310,Ekerö 10 Sandudden,3.10951433104249,1.490947816826411
01250401,Lovö,3.9331655265177314,5.0670640834575265
01250901,Färingsö 1 Färingsö Norra,5.233464329490312,5.027932960893855
01250902,Färingsö 2 Färentuna Hilleshög,5.8643662479260845,4.506437768240343
01250903,Färingsö 3 Svartsjö Sånga,4.695699342003568,6.527777777777778
01250904,Färingsö 4 Stenhamra Södra,3.961075563211439,2.883799830364716
01250905,Färingsö 5 Stenhamra Norra,4.893992778282386,4.71441523118767
01250906,Färingsö 6 Skå,5.103973524224728,4.317269076305221
01260103,Fridhem,5.824283947445347,3.9247751430907605
01260105,Vistaberg,7.648660073088668,5.487364620938628
01260106,Stuvsta centrum,9.876090551980807,7.331042382588774
01260107,Myrängen-Högmora,10.499126488249825,5.676328502415459
01260108,Stuvsta gård,8.539392170891176,8.871851040525739
01260109,Kynäs,7.401115071552508,5.59593023255814
01260110,Kvarnbergsplan,14.08564220867964,7.628128724672229
01260116,Sörskogen,9.928039880871681,6.108897742363878
01260117,Balingsnäs,7.10590591239762,4.316546762589928
01260119,Segersminne,6.581338793390154,6.404494382022472
01260120,Stensängen,5.694799542245398,5.3056516724336795
01260122,Gladökvarn-Lissma-Ådran,5.005348184012156,5.145797598627787
01260123,Vårdkasen-Rosenhill,11.768563652219447,5.47945205479452
01260124,Skogsäng,5.531456143944596,4.7368421052631575
01260125,Milsten,6.140923531391939,4.41696113074205
01260126,Källbrink,7.361938701427634,4.015670910871695
01260127,Tomtberga norra,14.671611397124474,11.570247933884298
01260128,Tomtberga södra,16.59086271817154,9.743589743589743
01260129,Storängen,13.336756593939375,9.245742092457421
01260130,Huddinge centrum,15.471215729843868,14.545454545454545
01260131,Hörningsnäs,6.644259170806759,6.226765799256506
01260132,Paradisbacken,10.075979553507523,9.064039408866995
01260133,Solgård,11.34836846040326,7.644444444444445
01260134,Fullersta gård,6.9930211821581,5.837837837837838
01260135,Fullersta torg,9.161693064336376,7.368421052631579
01260136,Snättringe gård,6.397573407786649,5.077720207253886
01260201,Vidja-Mellansjö-Svartvik,8.861049850844289,3.9553752535496955
01260202,Hammartorp,13.90583340192776,10.051282051282051
01260203,Trångsund centrum,19.017286162760534,12.843224092116918
01260204,Stortorp,7.774207255517885,4.7664442326024785
01260205,Västra Skogås norra,26.860483806668768,16.28787878787879
01260206,Västra Skogås centrum,36.662167270885355,25.148279952550414
01260207,Västra Skogås västra,32.15407659712772,25.53191489361702
01260208,Västra Skogås södra,31.111417658125138,17.50465549348231
01260209,Östra Skogås centrala,15.945847767822949,9.649122807017545
01260210,Östra Skogås norra,12.895993904766375,9.751609935602575
01260211,Östra Skogås södra,10.732723516953053,8.71694417238002
01260212,Fållan-Nytorp,8.03995308460346,6.481481481481482
01260213,Sjöängen,6.105560632404698,3.2598274209012463
01260214,Länna,14.241477863465626,6.472919418758257
01260301,Smista östra,13.435748512433998,8.782608695652174
01260302,Segeltorp centrum,6.49024250121789,6.238361266294227
01260303,Kråkvik-Kungens kurva,12.60384104122048,7.6923076923076925
01260304,Vårby gård östra,41.41486770621761,33.04130162703379
01260305,Vårby gård centrum,29.8404255230484,34.0878828229028
01260306,Vårby gård,31.08963518068427,22.532894736842106
01260307,Haga,42.80503965266062,26.33863965267728
01260308,Myrstuguberget,29.891702006162497,21.30841121495327
01260309,Utsälje centrala,6.972399727363075,5.616850551654965
01260310,Utsälje,8.582779755069442,5.105762217359591
01260311,Juringe,12.787281716144445,7.540056550424128
01260312,Smista västra,14.763339713662827,9.55794504181601
01260313,Vårby gård västra,30.701347019048054,31.074380165289256
01260402,Grantorp norra,44.45965991358753,34.487734487734485
01260403,Grantorp östra,41.45325730044189,23.7012987012987
01260404,Flemingsberg norra,45.1064154019303,26.72811059907834
01260405,Visättra östra,40.83728097945994,26.615384615384617
01260406,Visättra västra,38.305572821448685,32.72506082725061
01260407,Visättra,30.235077060873756,27.59170653907496
01260408,Kästa,21.398312641879475,15.384615384615385
01260409,Flemingsberg södra,46.503402071646974,35.91989987484355
01260410,Visättra-Björnkulla,29.826969348199555,27.292576419213972
01260411,Glömsta södra,16.094684524924187,12.338425381903642
01260412,Glömsta norra,17.83201013250274,9.431524547803617
01270001,N Lanthem,12.136516950360795,3.801169590643275
01270002,Tullinge C,12.413102258053366,9.124537607891492
01270003,Ö Tullingeberg,14.99692919157101,12.05607476635514
01270004,Tullinge Parkhem,8.254033533645432,5.258899676375404
01270005,G:a Tullingeberg,11.01242645070869,8.46774193548387
01270006,Tullinge Gård,10.044681987355819,8.433734939759036
01270007,Banslätt/Römossen,10.774575374779605,7.18232044198895
01270008,Tullingeskog,7.930065860863789,4.013761467889908
01270009,Riksten N,14.478229923232139,12.448559670781894
01270010,S Lanthem,5.914025484035649,4.421052631578948
01270011,Tullinge Villastad N,9.215070104142098,5.195989061075661
01270012,Tullinge Villastad S,13.92860398486076,5.172413793103448
01270013,Riksten S,11.759353075805238,7.871720116618076
01270020,Segersjö,11.116470710125858,10.195530726256983
01270021,Kvarnsjön,16.78760864444499,9.523809523809524
01270022,Tumba C,24.081346345173596,12.64367816091954
01270023,Broängen,16.326970531642274,10.452586206896552
01270024,Uttran,10.177223427491782,4.3893129770992365
01270025,Kassmyra,17.82997188833848,11.390134529147982
01270026,Skäcklinge,19.59847080089755,10.256410256410257
01270028,Storvreten V,35.400154907266135,26.408010012515646
01270029,Storvreten S,30.800131900890715,21.512151215121513
01270030,Storvreten Ö,31.388800234978046,21.106259097525474
01270031,Vretarna/Tumba bruk,16.6255983915046,11.511423550087873
01270032,Tuna,24.99051284267522,18.078381795195956
01270033,Nackdala/Solhöjden,20.552627619045357,10.160965794768611
01270034,Kulturen Tumba Park,19.895472611107245,9.27536231884058
01270035,Vårsta C/Bremora,9.810834193649713,7.150368033648791
01270036,Grödinge Landsbygd,6.974813079577511,3.9154267815191854
01270037,Vårsta/Malmtorp/Slättmalm,9.459040188053532,5.3633217993079585
01270041,Albydalen V Småhus S,38.79024059599228,18.59605911330049
01270042,Albydalen C/Rotemannen,41.32168835841748,29.166666666666668
01270043,Alby småhus Ö/Albygård,30.21646798688107,24.92753623188406
01270044,Albyberget V/Tingstorget,45.38038394959566,31.197097944377266
01270046,Albyberget Ö/Albygård,44.772440211352105,35.50913838120105
01270047,Albydalen Ö,41.273224021420816,26.89295039164491
01270051,Fittja småhusområde,37.39418503108264,31.632653061224488
01270052,Fittja Krögarvägen,41.6663465615181,34.4984802431611
01270053,Fittja Forvägen,41.5761366894337,32.515337423312886
01270054,Fittja Värdshusvägen,41.11696920676324,32.608695652173914
01270055,Slagsta strand,40.98637720802797,31.11888111888112
01270061,Slagsta N,24.580741385898904,13.351877607788595
01270062,Slagsta S,27.16174935598388,12.446351931330472
01270063,Hallunda/Brunna,35.66814588171501,19.902120717781404
01270064,Hallunda C,41.332040732956884,20.722135007849293
01270065,Hallunda/Norsborg låghus,32.55571506418621,13.188073394495413
01270066,Norsborg småhusområde,30.8768931380729,9.464508094645081
01270067,Norsborg Ö,41.52337199933158,22.238805970149254
01270068,Norsborg C,44.51625724104634,22.757847533632287
01270069,Norsborg V,43.35868506781269,25.24271844660194
01270070,Eriksberg Ö,34.86545508206274,22.673656618610746
01270071,Eriksberg V/G:a Norsborg,33.50007009135293,14.485387547649301
01280101,1 Rönninge norra,5.863530054706362,3.6219081272084805
01280102,2 Rönninge sydöstra,5.679036357234883,3.582089552238806
01280103,3 Salem västra,16.341203244753853,7.8006500541711805
01280104,4 Salems centrum med omnejd,16.385121451478305,5.480868665977249
01280105,5 Salem norra,21.639458480616817,7.531380753138075
01280106,6 Rönninge centrum med omnejd,12.181950313075534,5.888324873096447
01280107,7 Salem södra,22.281626809323605,13.807106598984772
01280108,8 Salem östra,14.90894133518622,5.389221556886228
01280109,9 Rönninge sydvästra,5.131372269167214,2.998065764023211
01360101,Haninge 1 Gudö m.fl.,5.009360832452091,2.9827315541601256
01360102,Haninge 2 Vendelsö-Norrby m.m,3.8499215977159182,3.1531531531531534
01360103,Haninge 3 Söderby,7.399720593518701,7.035175879396985
01360104,Haninge 4 Vega-Söderhagen,8.881649121537329,5.362537764350453
01360105,Haninge 5 Sågen-Lyckebyn m.fl.,7.862352413249617,5.156382079459003
01360106,Haninge 6 Källtorp,4.252872027610575,4.453781512605042
01360107,Haninge 7 Vendelsömalm N,6.02134692544583,4.265041888804265
01360108,Haninge 8 Vendelsömalm-Ramsdalen,5.522442727871366,4.788418708240535
01360109,Haninge 9 Svartbäcken m.fl,4.814332816074063,5.223880597014926
01360110,Haninge 10 Vendelsömalm,8.471864693071304,5.63230605738576
01360111,Haninge 11 Kolartorp-Hermanstorp m.m,9.699497530308628,5.2213393870601585
01360112,Haninge 12 Vendelsömalm S m.fl.,12.95105248951902,10.026857654431513
01360113,Haninge 13 Brandbergen NÖ,26.73199647842793,23.4375
01360114,Haninge 14 Brandbergen SÖ,25.662573414096002,16.09442060085837
01360115,Haninge 15 Vendelsö,4.820855496263711,2.6150627615062763
01360116,Haninge 16 Brandbergen V,28.984527591837754,15.604026845637584
01360117,Haninge 17 Brandbergen N,32.46376842866401,27.692307692307693
01360118,Haninge 18 Brandbergen S,23.702610395027996,15.600448933782268
01360119,Haninge 19 Handen N,12.329732403065455,8.932038834951456
01360120,Haninge 20 Handen C,17.919830911287495,10.695652173913043
01360121,Haninge 21 Söderbymalm,15.946399129038797,12.84829721362229
01360123,Haninge 23 Poseidon,18.064995103611533,14.305364511691884
01360124,Haninge 24 Kvarntorp S,14.673632598583163,7.920792079207921
01360125,Haninge 25 Parkvägsområdet,12.325272712370424,11.704545454545455
01360126,Haninge 22 Vega S,18.451244687501763,10.011778563015312
01360131,Haninge 31 Jordbro NÖ,38.02223179757572,26.271186440677965
01360132,Haninge 32 Jordbro V,47.342315355643954,33.53808353808354
01360133,Haninge 33 Jordbro SV,36.64918277455621,25.683060109289617
01360134,Haninge 34 Jordbro SÖ,37.15469354704571,26.151315789473685
01360140,Haninge 40 Krogtäppan och Sommarbo,19.809778808009675,12.5171939477304
01360144,Haninge 44 Handen Central N,20.34287909068225,15.796178343949045
01360145,Haninge 45 Vallaområdet V,16.564413289392498,12.341772151898734
01360146,Haninge 46 Vallaområdet Ö,17.179613252541134,13.846153846153847
01360147,Haninge 47 Slätmossen m. fl.,10.038636001193808,10.370994940978077
01360148,Haninge 48 Jordbro N-Dåntorp-Öran,17.787996976544378,10.709987966305656
01360162,Haninge 62 Vendelsö-Dalen m.m,5.135137019301447,1.4959723820483315
01360163,Haninge 63 Vega N,13.370087107627253,10.556348074179743
01360164,Haninge 64 Kvarntorp N,17.124509264654073,10.566829951014695
01360165,Haninge 65 Handen Central S,20.342110579890296,15.722120658135283
01360166,Haninge 66 Kolartorp-Rudan m.m,14.472984701761463,6.6115702479338845
01360537,Haninge 37 Dalarö,2.6840098130785615,2.7216174183514776
01360649,Haninge 49 Hammarängen-Hammarskogen,3.7559409884623953,4.628736740597878
01360650,Haninge 50 Tungelsta,5.481026646346694,4.6938775510204085
01360651,Haninge 51 Jägartorp-Sågen m.fl.,9.692575137731481,7.686781609195402
01360652,Haninge 52 Skogs-Ekeby m.fl.,6.293918725183909,3.7005163511187606
01360653,Haninge 53 Åbylund m.fl.,13.504848147747783,9.715857011915674
01360654,Haninge 54 Åby,20.27867116503997,12.459016393442623
01360655,Haninge 55 Västerhaninge,6.003597969835232,4.903786468032278
01360656,Haninge 56 Ribby-Öhaninge kyrkby m.m,24.012592011770064,5.970149253731344
01360657,Haninge 57 Ribbyberg m.fl.,8.510959233680104,5.699481865284974
01360658,Haninge 58 Västerhaninge SÖ-Skärgård,5.3813175041031815,4.391217564870259
01360659,Haninge 59 Tungelsta-Utlida-Häringe,4.41291204803224,4.367088607594937
01360660,Haninge 61 Västerhaninge Ö,14.154470723256951,7.790549169859514
01360760,Haninge 60 Muskö,2.5974026348831547,3.6809815950920246
01380101,1 Björkbacken,13.068723414254503,7.070707070707071
01380102,2 Siken,10.725173222373707,5.49777117384844
01380103,3 Myggdalen,9.984326484214233,6.363636363636363
01380104,4 Nyboda,21.07387485880384,16.6289592760181
01380105,5 Fårdala,6.32772072148908,4.090909090909091
01380106,6 Krusboda N,5.673350450150158,3.7827352085354025
01380107,7 Krusboda S,5.668013568394701,4.597701149425287
01380108,8 Öringe,4.374732234498747,3.537532355478861
01380109,9 Rotvik,4.553491500514061,3.4582132564841497
01380110,10 Tyresö Strand,3.095236127762726,2.0070838252656436
01380111,11 Tyresö Strand Centrum,3.617569057961302,2.4328859060402683
01380112,12 Gimmersta - Nytorp - Raksta,3.225810482225094,3.3057851239669422
01380113,13 Brevikshalvön,4.130768763385594,3.0039525691699605
01380121,21 Fornudden,3.941616154911518,2.5547445255474455
01380122,22 Sofieberg,5.411514815843106,3.194103194103194
01380123,23 Trollbäcken V,6.626485275654953,5.580159433126661
01380124,24 Skälsätra,5.922316416177957,3.506574827802129
01380125,25 Trollbäcken Ö,5.9861424097644,4.406779661016949
01380126,26 Hanviken,4.701653556842552,3.70888733379986
01380127,27 Lindalen,10.016318787818673,5.98438855160451
01380128,28 Bollmoraberg V,16.94503017161311,11.534795042897999
01380129,29 Granängsringen,36.0098705696948,22.98728813559322
01380130,30 Farmarstigen V,7.289194307058323,7.178217821782178
01380131,31 Farmarstigen Ö,10.817136149212715,8.192955589586523
01380132,32 Masten,10.017707431185874,7.670850767085077
01380133,33 Bollmoraberg Ö,16.944753644696632,10.954063604240282
01390101,Härnevi-Skällsta,25.512172771849173,12.945368171021377
01390102,Råby,35.63344787906046,19.170403587443946
01390103,Finnsta,37.46141295821843,26.621160409556314
01390104,Kockbacka-Lejondal,18.327334629897265,8.048289738430583
01390105,Låssa,13.085584484512367,11.543624161073826
01390106,Bro södra,36.90078166028958,24.047619047619047
01390107,Bro norra,31.8113558984676,15.39338654503991
01390108,Ådö-Rättarboda,38.741463551555185,15.254237288135593
01390305,Kungsängen södra-Stäksön södra,13.37140835965766,6.560846560846561
01390306,Sylta östra-Tibblehöjden,8.857520126892991,5.770690964312832
01390307,Lennartsnäs-Tibble S - Sylta V,17.67085732851349,5.691056910569106
01390308,Norrboda,18.743476358842518,8.524904214559387
01390309,Kungsängen norra-Stäksön norra,18.843438707036196,10.023677979479084
01390310,Brunna norra,13.174977351147756,6.65514261019879
01390311,Brunna södra,15.916529843578152,5.349048050770626
01390312,Tibble norra,21.079255300633264,10.00981354268891
01390313,Korsängen,22.338678050416053,7.743547044129892
01390512,Håtuna-Håbo-Tibble,3.9325617104139607,2.6816608996539792
01400136,Turinge,3.931740679594934,2.0695364238410594
01400137,Gammeltorp-Hökmossen,9.402457248489759,1.655867530597552
01400138,Stensborg-Brokvarn,10.148692697692143,3.616484440706476
01400139,Lillhaga-Sandtorp,4.675917687716343,2.781844802342606
01400140,Nykvarn centrum,8.50034508995472,5.7330827067669174
01400234,Taxinge,2.986719466569497,3.015873015873016
01600101,1 Täby kyrkby,9.179392618797289,2.907488986784141
01600102,2 Runborg,7.157593378083674,1.7741935483870968
01600103,3 Byle,7.4012803677648025,1.646090534979424
01600104,4 Midgård,8.533685470509681,2.5677603423680457
01600105,5 Vallatorp södra,10.079341037055835,2.245508982035928
01600106,6 Vallatorp norra,7.663885174465064,1.7415215398716775
01600107,7 Visinge,9.629818883757311,3.433922996878252
01600108,8 Erikslund m.fl.,9.13676328140845,2.2325581395348837
01600109,9 Skarpäng norra,6.9319340970441585,1.5373864430468205
01600110,10 Ella park,9.136670013997815,1.5859766277128549
01600111,"11 Ensta, Kullagränd",11.213639523271274,2.931854199683043
01600112,12 Skarpäng södra,5.270302327341058,1.4314928425357873
01600113,13 Ella gård västra,6.191278752127586,1.8041237113402062
01600114,14 Ella gård norra,8.220529458618335,2.4807527801539777
01600115,15 Roslags-Näsby norra,11.158047886728061,2.4114544084400906
01600116,16 Storstugan,15.88368474182703,3.401360544217687
01600117,17 Åkerbyvägen,13.603366753913665,5.405405405405405
01600118,18 Marknadsvägen,18.16457008835027,6.231454005934718
01600119,19 Täby centrum,15.880699508984156,3.0197444831591174
01600120,20 Näsbydal,14.53761307725239,4.4548651817116065
01600121,21 Grindtorp södra,19.599091523764578,6.037735849056604
01600122,22 Roslags-Näsby södra,10.73211137760823,3.576982892690513
01600223,23 Löttingelund,12.412657959923033,2.37467018469657
01600224,"24 Arninge, Ullna norra",21.834391127320707,5.526992287917738
01600225,25 Gribbylund norra,8.872767389166214,2.7586206896551726
01600226,"26 Arninge, Ullna södra",17.799289025776627,6.533575317604356
01600227,"27 Gribbylund västra, Myrängen",9.205769310012053,2.0157756354075373
01600228,28 Gribbylunds centrum,25.71107509015964,7.713125845737483
01600229,29 Gribbylund södra,7.411731753033183,2.1844660194174756
01600230,30 Grindtorp norra,14.402958245429007,3.166023166023166
01600231,"31 Täby park, Månstenen, m.fl.",16.552211403542447,4.768583450210379
01600232,"32 Täby park, Smaragden m.fl.",16.916910242290662,4.160475482912333
01600233,"33 Täby park, Bergskristallen, m.fl.",16.12645084531959,5.740181268882175
01600234,34 Viggbyholm västra,9.766763855619926,4.61361014994233
01600235,35 Viggbyholm norra,5.6773692454561235,1.5347334410339257
01600236,36 Hägernäs norra,18.265830485126795,8.963815789473685
01600237,"37 Lahäll, Näsbygård",5.223381241282765,2.142857142857143
01600238,38 Norskogen m.fl.,20.492982482647893,7.148530579825258
01600239,39 Näsbyparks centrum,7.902575584439431,2.675059008654603
01600240,40 Näsbypark östra,7.4510417483462135,1.3605442176870748
01600241,41 Viggbyholm sydväst,7.7131750273172175,1.6835016835016836
01600242,42 Viggbyholm sydöst,9.124454887058677,3.022974607013301
01600243,43 Hägernäs södra,14.497836840084497,2.358490566037736
01600244,44 Näsbypark västra,4.379741639889274,1.6319129646418857
01600245,45 Näsby slott,4.549811589485681,0.4681647940074906
01620101,Gamla Enebyberg,5.543195663059758,1.1743450767841013
01620102,Sätra Äng,8.301441175681921,2.821011673151751
01620103,Klingsta,7.592201375118177,1.834061135371179
01620104,Kevinge Strand-Charlottenberg,7.142964375425687,2.496217851739788
01620105,Kevinge-Mörbyskogen,12.036372857946036,3.8567493112947657
01620106,Berga-Rinkeby,12.022605453910696,5.873015873015873
01620107,Mörby,11.493016170568373,2.4707412223667102
01620108,Nora,5.701187883923922,1.3392857142857142
01620109,Anneberg,7.649757792509203,1.6608391608391608
01620110,Norra Djursholm,9.386674192859491,1.2935323383084578
01620111,Mellersta Djursholm,4.347844794716225,0.8839779005524862
01620112,Djursholms Ekeby,9.265873156455699,2.151639344262295
01620113,Långängen-Tranholmen,6.1111067238314005,2.357207615593835
01620114,Stocksund,7.474369078330258,2.109300095877277
01620115,Svalnäs,7.209002965837875,0.5230125523012552
01620116,Södra Djursholm,4.188103926539758,0.21645021645021645
01620117,Djursholms Ösby,5.599504313980048,0.2918287937743191
01620118,Sikreno,5.601971536112867,1.387604070305273
01620119,Inverness,19.201973308748734,8.923643054277829
01620120,Västra Enebyberg,5.267357347283618,0.5046257359125316
01630110,10 Mellersta Rotebro,12.829066826181846,4.9010367577756835
01630111,11 Gillbo-Gillberga,7.299401647950065,3.3391915641476273
01630112,12 Södra Rotebro,33.51826626580568,15.620641562064156
01630113,13 Rotsunda,35.90964628924064,14.383561643835616
01630114,14 Rotsunda gård,26.4008066915559,10.06993006993007
01630115,15 Rotsunda strand,21.192428544100107,9.078947368421053
01630121,21 Södra Viby,6.885919708913934,2.1514629948364887
01630122,22 Norra Viby,8.304307166933198,3.4653465346534653
01630123,23 Östra Viby,11.42028209065044,2.816901408450704
01630131,31 Norra Norrviken,13.016762337514399,6.2132661628883294
01630132,32 Södra Norrviken,11.621116304492128,4.05040504050405
01630140,40 Norra Väsjön,13.874771349845057,9.166666666666666
01630141,41 Södra Väsjön,22.219193541834887,7.125603864734299
01630142,42 Edsängen-Solängen,16.756383202464416,3.9682539682539684
01630143,43 Tunberget,17.715084205705686,5.811138014527845
01630151,51 Östra Häggvik,17.199507710910094,5.7057057057057055
01630152,52 Västra Häggvik,24.254233083820676,8.302919708029197
01630153,53 Skälby-Edsbacka,18.436627457684576,4.295051353874883
01630154,54 Nytorp,12.748805858412,5.817452357071214
01630155,55 Södra Häggvik-Ängstorp,21.542040898385405,13.363533408833522
01630156,56 Hersby-Skansen,12.654017795209905,3.285968028419183
01630157,57 Sollentuna centrum,17.689190229417754,8.366935483870968
01630160,60 Östra Edsberg,38.458596743737054,19.932810750279955
01630161,61 Edsbergs centrum,30.52204785247003,14.814814814814815
01630162,62 Västra Edsberg,33.48722104164131,17.964071856287426
01630164,64 Norra Landsnora,27.226183728275256,9.035409035409035
01630165,65 Edsbacka-Edsängen,22.900276202743658,12.280701754385966
01630170,70 Södra Töjnan,21.2235567540981,8.006814310051107
01630171,71 Norra Töjnan,16.613978306145384,5.731922398589065
01630172,72 Knista,24.492745471148236,11.834961997828447
01630173,73 Östra Bagarby,47.20094438492927,23.66148531951641
01630174,74 Västra Bagarby,42.873533742818154,21.446700507614214
01630175,75 Fågelsången,14.168931037934865,4.0126715945089755
01630178,78 Norra Bagarby,24.957927848004893,11.618669314796424
01630179,79 Mellersta Bagarby,46.807264153716176,29.84822934232715
01630180,80 Södra Landsnora Falkberget,15.841304165578265,2.1863117870722433
01630181,81 Västra Sjöberg,11.95930868631097,3.3444816053511706
01630182,82 Östra Sjöberg,16.774513451942298,5.6353591160221
01630183,83 Kärrdal,17.670153170292302,6.966773847802787
01630190,90 Tegelhagen,7.970533384906548,3.9904229848363926
01630191,91 Eriksberg,16.972479924535435,8.075772681954138
01630192,92 Helenelunds centrum,34.26487365362396,15.084388185654008
01630193,93 Norra Silverdal,11.465380776038165,3.2416502946954813
01630194,94 Edsviken,5.420926346049587,1.4649190439475712
01630195,95 Södra Silverdal,13.615444278579716,2.845528455284553
01630196,96 Kummelby,13.128164655928062,3.347639484978541
01800101,Domkyrko 1 Gamla stan inre,5.533914645038375,7.670720299345183
01800102,Domkyrko 2 Gamla stan yttre,7.03766361947704,7.9962370649106305
01800103,Domkyrko 3 Norrmalm nedre,13.640302640386567,6.45848119233499
01800401,Johannes 1 Johannes S,8.757752042749946,3.229665071770335
01800402,Johannes 2 Vanadislunden SÖ,7.655856039628725,5.6835637480798775
01800403,Johannes 3 Norrmalm N,7.8939140079497285,4.873646209386282
01800404,Johannes 4 Vanadislunden SV,7.7773844967516625,5.376344086021505
01800405,Johannes 5 Monica Zetterlunds Park,6.915390976493496,2.204724409448819
01800406,Johannes 6 Vanadislunden Ö,8.76005061120157,3.076923076923077
01800407,Johannes 7 Vanadislunden N,18.00311569662781,4.666666666666667
01800408,Johannes 8 Karl Staafs Park,8.691071510979548,5.691056910569106
01800501,Adolf Fredrik 1 Tegnérlunden V,8.143527333469475,4.827586206896552
01800502,Adolf Fredrik 2 Rådmansgatan mfl,11.11771022721874,5.663716814159292
01800503,Adolf Fredrik 3 Kv Grönlandet mfl,10.392898690783749,3.672316384180791
01800504,Adolf Fredrik 4 Norra Bantorget,10.313666848614565,4.334677419354839
01800505,Adolf Fredrik 5 Spökparken,8.053196423175093,3.982300884955752
01800506,Adolf Fredrik 6 Tegnérlunden S,9.534460283292704,6.7085953878406706
01800601,Gustav Vasa 1 Sabbatsberg,8.318091599894364,8.257638315441783
01800602,Gustav Vasa 2 Luntmakarg. N mfl,7.804574086461569,4.031551270815075
01800603,Gustav Vasa 3 Kv Riddarsporren mfl,8.318979402661794,4.024297646165528
01800604,Gustav Vasa 4 Observatorielunden,7.640894211296218,4.61121157323689
01800605,Gustav Vasa 5 Odenplan V,8.289076454845334,4.83271375464684
01800606,Gustav Vasa 6 Atlasområdet,5.766961091389355,6.185567010309279
01800607,Gustav Vasa 7 A. Lindgrens terrass,7.128866122814127,3.996282527881041
01800608,Gustav Vasa 8 Kv Nejlikan mfl,5.875107894470283,2.5662959794696323
01800609,Gustav Vasa 9 Odenplan NV,6.867819251025546,3.4837688044338875
01800701,Matteus 1 Vanadislunden V,8.064575863101936,4.945054945054945
01800702,Matteus 2 Enkehusparken,6.276009227949673,4.235294117647059
01800703,Matteus 3 Vanadisplan SÖ,6.0994715892342475,4.470359572400389
01800704,Matteus 4 Kv Sleipner-Midgård,5.725060971332258,2.806122448979592
01800705,Matteus 5 S:t Eriksparken,6.244524917397199,5.301645338208409
01800706,Matteus 6 Norra station V,15.443208712241862,3.8461538461538463
01800707,Matteus 7 Röda bergen Ö,8.800352964256767,4.3577981651376145
01800708,Matteus 8 Röda bergen V,8.06257222205555,4.938271604938271
01800709,Matteus 9 Gästrikegatan mfl,6.036852443390137,3.568929321203639
01800710,Matteus 10 Hälsingehöjden,7.293408968919718,3.2367972742759794
01800711,Matteus 11 S:t Eriksplan,7.194761567949829,4.481327800829876
01800712,Matteus 12 Birkastan Ö,4.846487151008937,3.2554257095158596
01800713,Matteus 13 Rörstrand,6.027397259523362,4.562043795620438
01800714,Matteus 14 Birkastan S,5.239617335526699,4.58477508650519
01800715,Matteus 15 Karlberg,5.483920701789473,3.8983050847457625
01800716,Matteus 16 Birkastan V,5.225067437173452,3.0402629416598193
01800717,Matteus 17 Norrbackatäppan,12.573391315576199,7.631318136769078
01800718,Matteus 18 Norrtull,6.671414545974524,4.033613445378151
01800719,Matteus 19 Gävlegatan mfl,7.398658254541368,5.296950240770466
01800720,Matteus 20 Torsplan,15.200500865597371,3.8461538461538463
01800721,Matteus 21 Norra station N,12.430123965448395,5.575326215895611
01800901,Engelbrekt 1 Humlegården,6.4677810180678,2.2222222222222223
01800902,Engelbrekt 2 Engelbrektsgatan mfl,5.418075411844141,1.5772870662460567
01800903,Engelbrekt 3 Östra station,46.3692415805942,7.331730769230769
01800904,Engelbrekt 4 Villastaden,6.423990827434724,2.1756021756021755
01800905,Engelbrekt 5 Eriksberg,6.553426279081959,1.9504876219054763
01800906,Engelbrekt 6 Lärkstan,6.669620682025844,1.6551724137931034
01800907,Engelbrekt 7 Kv Trasten mfl,8.32541724633491,2.983539094650206
01800908,Engelbrekt 8 Roslagstull,15.135993912905821,10.899182561307901
01800909,Engelbrekt 9 Hjorthagen C,7.158408321308768,8.380952380952381
01800910,Engelbrekt 10 Hjorthagen V-Värtahamn,6.405856939578323,6.480117820324006
01800911,Engelbrekt 11 Lappkärrsberget V,47.572819665511666,15.777262180974478
01800912,Engelbrekt 12 Ekhagen-Frescati,24.5254021968989,7.452574525745257
01800913,Engelbrekt 13 Kv Beckasinen mfl,8.449590293692298,4.5822102425876015
01800914,Engelbrekt 14 Husarviken,7.7369125421929255,4.6875
01800915,Engelbrekt 15 Storängstorget,8.209162024547021,4.565408252853381
01800916,Engelbrekt 16 Stålklockan,6.999634681661436,5.022421524663677
01800917,Engelbrekt 17 Körsbärsvägen mfl,17.731864586365106,10.377358490566039
01800918,Engelbrekt 18 Gasklockorna,6.724153641031296,3.9014373716632442
01800919,Engelbrekt 19 Lappkärrsberget Ö,48.362072645827,21.095890410958905
01801001,Hedvig Eleonora 1 Kv Rådjuret mfl,7.368417034945754,2.422145328719723
01801002,Hedvig Eleonora 2 Kv Bävern mfl,6.312290133597388,1.3195098963242224
01801003,Hedvig Eleonora 3 Kv Ynglingen mfl,6.250010861951097,2.5614754098360657
01801004,Hedvig Eleonora 4 Nybergsgatan mfl,5.317578209008426,1.256544502617801
01801005,Hedvig Eleonora 5 Östermalmstorg,9.394837585876672,1.9101123595505618
01801006,Hedvig Eleonora 6 Nybroplan,6.597932286650325,2.0793950850661624
01801007,Hedvig Eleonora 7 Tyskbagarområdet,5.560103114817653,2.8272251308900525
01801008,Hedvig Eleonora 8 Kv Guldfisken mfl,6.671837669683646,1.5102481121898597
01801101,Oscar 1 Djurgården,4.371722168840023,4.020979020979021
01801102,Oscar 2 Garnisionen-Diplomatstaden,5.67616704661876,1.0718113612004287
01801103,Oscar 3 Strandvägen mellersta mfl,6.33911462021967,1.490066225165563
01801104,Oscar 4 Storgatan-Grevgatan mfl,5.011156900837033,1.7843289371605897
01801105,Oscar 5 Strandvägen Ö mfl,7.352063500890945,2.0276497695852536
01801106,Oscar 6 Karlaplan S,5.260218351492649,1.492537313432836
01801107,Oscar 7 Karlaplan V,6.7168367283952755,2.260327357755261
01801108,Oscar 8 Fältöversten mfl,5.396609928661441,2.0833333333333335
01801109,Oscar 9 Gustav Adolfsparken,5.396474275366793,1.3824884792626728
01801110,Oscar 10 Karlaplan N,4.679824228346658,1.9668737060041408
01801111,Oscar 11 Starrängsringen S,6.72126938742847,2.6761819803746656
01801112,Oscar 12 Tessinparken V,3.803435867092685,3.2714412024756854
01801113,Oscar 13 Olaus Petris park mfl,4.927081047600765,3.397212543554007
01801114,Oscar 14 Tessinparken S,6.368770540051722,1.9113814074717637
01801115,Oscar 15 Tessinparken N,6.441913954436893,2.97790585975024
01801116,Oscar 16 Rindögatan mfl,5.263219404670727,3.7256562235393735
01801117,Oscar 17 Starrängsringen N,8.94943226480785,2.925531914893617
01801118,Oscar 18 Studentbacken mfl,14.941638814957365,6.557377049180328
01801119,Oscar 19 Sandhamnsgatan N mfl,11.893736184943632,10.19047619047619
01801120,Oscar 20 Smedsbacken,7.45687960252829,4.396551724137931
01801121,Oscar 21 Ladugårdsgärdet,7.045600674521787,1.6304347826086956
01801122,Oscar 22 Kampementsbacken mfl,6.7491623570743124,4.704944178628389
01801123,Oscar 23 Tessinparken Ö,6.651656808937139,1.9400352733686066
01801124,Oscar 24 Wittstocksgatan mfl,5.000002218196635,2.5064822817631804
01801125,Oscar 25 Öregrundsgatan mfl,7.031801102463521,6.598513011152416
01801126,Oscar 26 Skeppargatan N mfl,4.91965206757361,1.7874875868917577
01801301,Maria 1 Ivar Lo:s park mfl,6.329187608287853,10.67463706233988
01801302,Maria 2 Mariaberget V,5.906322558911952,10.354477611940299
01801303,Maria 3 Mariatorget V,8.529595100736238,13.202247191011235
01801304,Maria 4 Bergsgruvan,6.19750187476911,12.131147540983607
01801305,Maria 5 Mariatorget S,5.488542896061359,11.238720262510254
01801306,Maria 6 Mariatorget C,4.523854877745904,9.46236559139785
01801307,Maria 7 Skaraborgsgatan mfl,8.369081069947619,8.829174664107486
01801308,Maria 8 Södra station N,9.88295177291333,10.727611940298507
01801309,Maria 9 Södra station S,8.026918529261616,13.254310344827585
01801310,Maria 10 Södra station Ö,10.821293341234284,9.825145711906744
01801311,Maria 11 Södra station V,8.659735089816143,11.089866156787762
01801312,Maria 12 Fredmansgatan mfl,6.350183416146273,9.95475113122172
01801313,Maria 13 Mariaberget Ö,4.696602270466683,12.396694214876034
01801401,Högalid 1 Reimersholme N-Långholmen,4.7153885739462496,10.911424903722722
01801402,Högalid 2 Reimersholme S,4.680189916078988,9.969788519637461
01801403,Högalid 3 Pålsundsparken,6.241571042663474,8.17347789824854
01801404,Högalid 4 Högalidsgatan Ö mfl,5.474780272455307,7.8431372549019605
01801405,Högalid 5 Bergsund S,5.889121916755296,15.533980582524272
01801406,Högalid 6 Tobakspinnargatan mfl,5.602251665879267,13.823163138231632
01801407,Högalid 7 Hornstull,8.659654022163506,12.216131558339859
01801408,Högalid 8 Bergsund N,6.529135408272078,15.283018867924529
01801409,Högalid 9 Högalidsparken,6.088384777799078,12.8
01801410,Högalid 10 Drakenberg,6.711328116482569,15.958668197474168
01801411,Högalid 11 Zinkensdamm N,10.126550284342029,17.986230636833046
01801412,Högalid 12 Skinnarviksparken,5.854838071317033,9.533468559837727
01801413,Högalid 13 Zinkensdamm Ö,6.9901820939938855,8.834586466165414
01801414,Högalid 14 Zinkensdamm V,5.904606979418326,13.6
01801415,Högalid 15 Rackarbergen,7.101693623512188,22.065727699530516
01801416,Högalid 16 Kv Svärdet-Skottet,10.730991958679592,14.132553606237817
01801417,Högalid 17 Zinkensdamms IP,6.449373222377143,11.805026656511805
01801418,Högalid 18 Lundagatan S mfl,8.14585860703624,14.10118406889128
01801419,Högalid 19 Heleneborg,4.996645087753396,10.159817351598173
01801420,Högalid 20 Folkskolegatan mfl,6.108583184172662,11.941848390446522
01801421,Högalid 21 Tanto,6.998548532015402,11.363636363636363
01801422,Högalid 22 Tobaksmonopolet,7.722647665742293,11.131221719457013
01801501,Katarina 1 Björns Trädgård,8.097526462895516,9.609375
01801502,Katarina 2 Mosebacke,7.4700572149698905,11.248966087675765
01801503,Katarina 3 Katarina N,5.9071819671182295,11.61790017211704
01801504,Katarina 4 Axel Landquists park,6.0192297563049895,10.78838174273859
01801505,Katarina 5 Bondegatan V mfl,8.347192661852445,13.231323132313232
01801506,Katarina 6 Nytorgsg-Bondeg mfl,5.564484130157741,9.345794392523365
01801507,Katarina 7 Kv Linjalen mfl,16.013286074897085,20.178926441351887
01801508,Katarina 8 Medborgarplatsen-Skrapan,8.429661310692927,15.989159891598916
01801509,Katarina 9 Helgalunden,7.2266828981070095,12.405063291139241
01801510,Katarina 10 Kv Ingenjören-Ritaren,8.189186045302222,11.99364575059571
01801511,Katarina 11 Hallandsgatan mfl,5.584064649047194,11.962470680218921
01801512,Katarina 12 Eriksdal Ö,7.662235838605685,14.37699680511182
01801513,Katarina 13 Rosenlund,9.130474482231318,15.89648798521257
01801514,Katarina 14 Bjurholmsplan mfl,6.257344530992795,12.015810276679842
01801515,Katarina 15 Ölandsgatan mfl,12.4682678662508,14.641148325358852
01801516,Katarina 16 Blekingegatan Ö mfl,6.0157097806914805,12.314225053078557
01801517,Katarina 17 Gotlandsgatan Ö mfl,6.385124296149456,10.11139674378749
01801518,Katarina 18 Nytorget,5.49030353656825,13.333333333333334
01801519,Katarina 19 Nackas hörna,5.456537609811719,12.630792227204783
01801520,Katarina 20 Ringen,9.412178901546628,11.633875106928999
01801521,Katarina 21 Fatburen S,10.84416691866954,13.223938223938225
01801701,Sofia 1 Mandelparken,6.087481810459417,7.07635009310987
01801702,Sofia 2 Åsöberget,7.062163510365048,14.670380687093779
01801703,Sofia 3 Vita berget,7.6532476516499,10.365853658536585
01801704,Sofia 4 Stigbergsparken,5.126547973600613,10.413080895008607
01801705,Sofia 5 Sågargatan mfl,6.504483424269178,11.488250652741515
01801706,Sofia 6 Luma,7.628058408132278,8.017621145374449
01801707,Sofia 7 Kv Vitbetan,6.356251867608413,14.655942806076855
01801708,Sofia 8 Hammarby Allé Ö,6.940919945339803,4.945515507124895
01801709,Sofia 9 Skanstull,6.405168361563546,11.692307692307692
01801710,Sofia 10 Vintertullen,5.341690122605407,10.084626234132582
01801711,Sofia 11 Barnängen N,6.535043926483715,13.194444444444445
01801712,Sofia 12 Danviksklippan mfl,8.606819607105805,7.525870178739416
01801713,Sofia 13 Sickla udde,7.366594139812433,3.476669716376944
01801714,Sofia 14 Sickla kanal,5.876342027464234,8.26044703595724
01801715,Sofia 15 Mårtensdal,10.433750966359947,5.794831636648395
01801716,Sofia 16 Sickla Park,7.760679451099254,8.238636363636363
01801717,Sofia 17 Lugnet,7.831580288935146,9.31174089068826
01801718,Sofia 18 Rutger Fuchsgatan mfl,6.814585842011901,11.608093716719916
01801719,Sofia 19 Blecktornsområdet,5.13033546651985,12.301957129543336
01801720,Sofia 20 Klippgatan mfl,5.428233684543185,12.598425196850394
01801721,Sofia 21 Lumabryggan,7.705376946659862,5.301645338208409
01801722,Sofia 22 Hammarbyterrassen,9.674624382053937,6.501547987616099
01801723,Sofia 23 Henriksdalshamnen,7.87515820534627,2.83436669619132
01801724,Sofia 24 Virkesvägen mfl,9.669899509732808,4.89443378119002
01801725,Sofia 25 Barnängen mellersta,6.517388877124249,12.749349522983522
01801726,Sofia 26 Barnängen S,6.2041338817760705,8.80503144654088
01801801,Kungsholm 1 Ture Nermans gränd mfl,7.178289709565769,4.270462633451957
01801802,Kungsholm 2 Pontonjärparken,6.889353574712108,4.400749063670412
01801803,Kungsholm 3 Celsiusgatan mfl,6.562710619633293,4.306632213608958
01801804,Kungsholm 4 S:t Eriksområdet,5.9968520620425325,2.359882005899705
01801805,Kungsholm 5 Kronoberg,7.2662755645926955,3.294573643410853
01801806,Kungsholm 6 Kungsholmstorg V,5.596138686582071,4.216867469879518
01801807,Kungsholm 7 Kungsholmstorg Ö,6.576995816727603,2.0669291338582676
01801808,Kungsholm 8 Piperska muren,7.0940624802739345,4.314002828854314
01801809,Kungsholm 9 Kungsklippan mfl,9.656403279138702,4.995970991136181
01801810,Kungsholm 10 Ragnar Östbergs plan,5.701589828790197,2.8957528957528957
01801811,Kungsholm 11 Barnhusviken,8.274766772545636,4.83271375464684
01801812,Kungsholm 12 Justitiabrunnen,6.518727568304108,4.178272980501393
01801813,Kungsholm 13 John Ericssonsgatan mfl,6.7879634414776495,4.5967042497831745
01801901,S:t Göran 1 Fredhäll S,6.464162343145127,11.155378486055778
01801902,S:t Göran 2 Fredhäll N,7.582810829458152,7.5829383886255926
01801903,S:t Göran 3 Fredhäll V,4.033134693291351,6.054872280037843
01801904,S:t Göran 4 Kristinebergsparken,10.398545219359022,5.787234042553192
01801905,S:t Göran 5 Kristinebergs strand,9.152702921466735,3.210576015108593
01801906,S:t Göran 6 Geijersvägen mfl,14.123195185467488,7.227615965480044
01801907,S:t Göran 7 Marieberg S,8.598704276683439,5.1573426573426575
01801908,S:t Göran 8 Rålambshov,8.53965423561011,7.43879472693032
01801909,S:t Göran 9 Stadshagen N,14.95580418460003,9.693372898120673
01801910,S:t Göran 10 Svarvargatan V mfl,7.606428427530591,6.133979015334948
01801911,S:t Göran 11 Industrigatan mfl,9.830489625510323,4.638364779874214
01801912,S:t Göran 12 Kv Dykaren-Färjan,6.641252840023562,4.0241448692152915
01801913,S:t Göran 13 Fridhemsplan V,8.77367872944643,7.805907172995781
01801914,S:t Göran 14 Kronobergsgatan N mfl,9.201966255186427,5.806938159879336
01801915,S:t Göran 15 Fridhemsplan S,7.111960117164649,4.310344827586207
01801916,S:t Göran 16 Lilla Västerbron,7.94658346677018,4.283360790774299
01801917,S:t Göran 17 Kv Karlsvik mfl,5.38253981453803,3.2553407934893186
01801918,S:t Göran 18 Fridhemsplan Ö,9.747686173873813,6.888168557536467
01801919,S:t Göran 19 S:t Göransområdet,14.410206348874489,3.642384105960265
01801920,S:t Göran 20 Kv Trossen mfl,8.291134500515458,5.892547660311958
01801921,S:t Göran 21 Fredhäll mellersta,6.200323547228008,5.528612997090204
01801922,S:t Göran 22 Thorildsplan,8.985149255261435,7.202216066481994
01801923,S:t Göran 23 Nelly Sachs Park,13.106381216669192,6.809338521400778
01801924,S:t Göran 24 Kristineberg S,7.790552323669347,10.369068541300527
01801925,S:t Göran 25 Hornsbergs strand,10.883625943861455,4.657070279424217
01801926,S:t Göran 26 Stadshagen V,15.22527212460895,6.370070778564206
01801927,S:t Göran 27 Stadshagen Ö,14.899522864778701,8.41683366733467
01802101,Brännkyrka 1 Västertorp Ö,7.957608095050714,17.476489028213166
01802102,Brännkyrka 2 Västertorpsparken,11.218246472678292,20.188195038494438
01802103,Brännkyrka 3 Västertorp C,11.501659503724264,18.80199667221298
01802104,Brännkyrka 4 Västertorp V,19.750676481920404,20.55984555984556
01802105,Brännkyrka 5 Fruängen Ö,10.346608380096988,13.338997451146984
01802106,Brännkyrka 6 Fruängen mellersta,10.259397421001243,16.372093023255815
01802107,Brännkyrka 7 Fruängen N,9.927586371206766,16.486486486486488
01802108,Brännkyrka 8 Fruängen S,12.922241693898744,17.634635691657866
01802109,Brännkyrka 9 Herrängen V,3.8419383443107935,2.7250206440957885
01802110,Brännkyrka 10 Långbroparken,5.622561342792947,5.493562231759657
01802111,Brännkyrka 11 Långsjö S,4.474828744394159,4.3264503441494595
01802112,Brännkyrka 12 Älvsjö S,22.346144060531024,15.553339980059821
01802113,Brännkyrka 13 Långbrogårdsparken,5.137885558855624,4.787644787644788
01802114,Brännkyrka 14 Långbro V,5.138055599897939,5.047318611987381
01802115,Brännkyrka 15 Långbro Ö,11.317915520284037,8.983050847457626
01802116,Brännkyrka 16 Herr Stens väg mfl,20.538708071216114,12.607099143206854
01802117,Brännkyrka 17 Solberga V,14.934103693385085,21.033544877606527
01802118,Brännkyrka 18 Solberga Ö,15.601426655203761,15.694164989939638
01802119,Brännkyrka 19 Solberga mellersta,16.29707705446173,18.676627534685167
01802120,Brännkyrka 20 Liseberg,6.3301447683462095,6.86175580221998
01802121,Brännkyrka 21 Örby slott,10.751676725878552,8.326848249027238
01802122,Brännkyrka 22 Östbergahöjden,32.553807510530724,23.954372623574145
01802123,Brännkyrka 23 Gamla Östberga,17.525825522599305,14.598540145985401
01802124,Brännkyrka 24 Östbergabackarna,32.60950591466762,25.0
01802125,Brännkyrka 25 Herrängen Ö,3.216255379717736,4.698512137823022
01802126,Brännkyrka 26 Långsjö N,5.427334516143309,4.545454545454546
01802127,Brännkyrka 27 Fruängen V,13.903736631926437,15.737051792828685
01802128,Brännkyrka 28 Kristalltorget mfl,16.79463587850164,12.285714285714286
01802129,Brännkyrka 29 Älvsjö Ö,25.41821618895555,17.653167185877468
01802130,Brännkyrka 30 Gyllene Ratten,13.104391290806516,19.09722222222222
01802131,Brännkyrka 31 Älvsjö N,20.733404236074872,10.801080108010801
01802132,Brännkyrka 32 Älvsjö V,20.474022549580983,20.642201834862384
01802301,Vantör 1 Stureby N,7.50092598050553,6.938775510204081
01802302,Vantör 2 Sturebyhöjden,8.857764201428825,12.989690721649485
01802303,Vantör 3 Stureby C,5.966127100482735,6.54281098546042
01802304,Vantör 4 Stureby S,6.751168686808643,9.991673605328893
01802305,Vantör 5 Bandhagen Ö,16.451742501040076,21.217712177121772
01802306,Vantör 6 Bandhagen S,21.382442131708057,27.051671732522795
01802307,Vantör 7 Bäckahagen,14.579816969099511,22.737556561085974
01802308,Vantör 8 Högdalen Ö,21.804787409013713,24.65923172242875
01802309,Vantör 9 Högdalen mellersta,21.65263093652969,25.35816618911175
01802310,Vantör 10 Högdalen V,14.789187491051072,20.661985957873622
01802311,Vantör 11 Skebokvarnsvägen Ö mfl,18.597137310619388,29.469790382244142
01802312,Vantör 12 Skebokvarnsvägen N,14.848245635444208,24.15795586527294
01802313,Vantör 13 Örby V,11.260587275279192,9.826589595375722
01802314,Vantör 14 Örby S,6.893007102834784,5.801526717557252
01802315,Vantör 15 Örby N,8.121861134046986,7.191780821917808
01802316,Vantör 16 Snösätrahöjden,42.887790236737004,42.45049504950495
01802317,Vantör 17 Gillerbacken mfl,36.70798057929361,36.353591160220994
01802318,Vantör 18 Rågsved N,40.615302200098284,37.1875
01802319,Vantör 19 Rågsved V,33.01402230682835,27.142857142857142
01802320,Vantör 20 Rågsved Ö,34.31037670474035,31.94263363754889
01802321,Vantör 21 Hagsätra Ö,29.426545392672313,20.65997130559541
01802322,Vantör 22 Hagsätra C,27.30726721831181,28.72340425531915
01802323,Vantör 23 Hagsätra V,36.40026800229856,33.994334277620396
01802324,Vantör 24 Ormkärr N,17.787079015237328,14.1280353200883
01802325,Vantör 25 Hagsätra N,33.59230362622191,23.45191040843215
01802326,Vantör 26 Rågsved C,41.78414266081795,32.8125
01802327,Vantör 27 Bandhagen C,15.655518516923042,22.760800842992623
01802328,Vantör 28 Rågsved S,30.24342923745264,33.87909319899244
01802329,Vantör 29 Högdalen S,22.150585631110633,25.441329179646935
01802330,Vantör 30 Ormkärr S,29.442086952588873,23.065693430656935
01802331,Vantör 31 Högdalen C,21.398551874684365,24.23913043478261
01802332,Vantör 32 Bäckaskiftsvägen mfl,10.201622297446177,14.008179959100204
01802333,Vantör 33 Bandhagen N,16.223784298766052,25.025125628140703
01802501,Farsta 1 Svedmyra N,7.548139886644959,6.812842599843383
01802502,Farsta 2 Svedmyra S,11.510743159642606,17.519685039370078
01802503,Farsta 3 Tallkrogen N,10.82401677659008,12.71551724137931
01802504,Farsta 4 Olympiaområdet,5.479470879574982,8.15018315018315
01802505,Farsta 5 Gubbängen Ö,8.17373127528331,14.0625
01802506,Farsta 6 Gubbängen S,9.342244216865586,16.666666666666668
01802507,Farsta 7 Gubbängen V,9.987172505518917,17.829457364341085
01802508,Farsta 8 Skönstaholm,11.598817641399618,22.529644268774703
01802509,Farsta 9 Lingvägen S,15.72326359138121,24.789915966386555
01802510,Farsta 10 Kryddhyllan,13.414653767474338,24.522292993630572
01802511,Farsta 11 Fagerlid,12.409021266173417,25.376344086021504
01802512,Farsta 12 Hökarängen V,14.178360637561422,23.590333716915996
01802513,Farsta 13 Fagersjö yttre,27.37206945144628,18.854748603351954
01802514,Farsta 14 Tallkrogen V,9.023719450948883,16.52249134948097
01802515,Farsta 15 Farsta Strand V,10.173904551823965,12.693246541903987
01802516,Farsta 16 Farsta Strand C,26.448392602425656,21.46490335707019
01802517,Farsta 17 Farsta Strand Ö,27.420277446215795,23.106060606060606
01802518,Farsta 18 Larsboda,14.139802530717244,13.797634691195794
01802519,Farsta 19 Hästhagen,21.630744815842586,22.47765006385696
01802520,Farsta 20 Ekebergabacken mfl,18.898568291080966,20.266412940057087
01802521,Farsta 21 Farsta C,17.437579581760485,17.146017699115045
01802522,Farsta 22 Farstaängen,22.75831534444302,19.08177905308465
01802523,Farsta 23 Nykroppagatan mfl,29.07122564053527,24.745269286754002
01802524,Farsta 24 Värmlandsvägen mfl,10.206021285658567,14.498432601880877
01802525,Farsta 25 Sköndal V,6.36161582898907,8.442622950819672
01802526,Farsta 26 Norra Sköndal,8.31279450945292,8.212996389891696
01802527,Farsta 27 Dalbrobranten mfl,6.924169377810656,10.390689941812136
01802528,Farsta 28 Stora Sköndal,12.125958197975272,10.467479674796747
01802529,Farsta 29 Sköndal C,11.487817567670746,11.669829222011385
01802530,Farsta 30 Torsbygatan mfl,24.487347236019772,21.516164994425864
01802531,Farsta 31 Fagersjö inre,32.100485814436915,23.59882005899705
01802532,Farsta 32 Västboda,25.508994827067696,27.7841561423651
01802533,Farsta 33 Ågesta Broväg mfl,14.435295806117248,17.857142857142858
01802534,Farsta 34 Kristinehamnsgatan S mfl,21.18642169393602,18.660812294182218
01802535,Farsta 35 Russinvägen mfl,14.336676745477096,25.64366632337796
01802536,Farsta 36 Karin Larssons väg mfl,9.683555990203017,8.508014796547473
01802537,Farsta 37 Hökarängen N,14.609354620459317,25.984251968503937
01802538,Farsta 38 Gubbängen N,9.489235655758415,17.3963133640553
01802539,Farsta 39 Östmarksgatan mfl,17.840147198000647,15.978695073235686
01802701,Bromma 1 Abrahamsberg S,9.45063990283457,7.296137339055794
01802702,Bromma 2 Abrahamsberg N,8.300186971618203,7.51131221719457
01802703,Bromma 3 Åkeslund mellersta,9.761568475714272,7.506361323155216
01802704,Bromma 4 Riksby N,13.567814576529251,10.201149425287356
01802705,Bromma 5 Åkeshov,14.863776188979585,11.443661971830986
01802706,Bromma 6 Riksby V-Brommaplan,14.863743172840131,8.909090909090908
01802707,Bromma 7 Riksby Ö,10.608792756987908,7.171314741035856
01802708,Bromma 8 Bromma kyrka S,5.373525969007655,2.479338842975207
01802709,Bromma 9 Bromma kyrka N,5.9176671221336585,2.8947368421052633
01802710,Bromma 10 Beckomberga S,10.449690054789027,5.848513902205178
01802711,Bromma 11 Bällstavägen S mfl,4.343175698268681,2.886836027713626
01802712,Bromma 12 Norra Ängby Ö,7.39868894503417,5.47945205479452
01802713,Bromma 13 Norra Ängby V,8.20505920741327,9.467455621301776
01802714,Bromma 14 Blackeberg V,17.681483189839984,15.454545454545455
01802715,Bromma 15 Blackeberg mellersta,13.138531790837769,12.13640922768305
01802716,Bromma 16 Blackeberg gård,10.73171244584478,10.113960113960115
01802717,Bromma 17 Blackeberg Ö,17.001928273727497,16.43243243243243
01802718,Bromma 18 Södra Ängby,2.442032730137275,1.3066202090592334
01802719,Bromma 19 Johannesfred Ö,11.146498368416626,11.491442542787286
01802720,Bromma 20 Johannesfred V,13.130915584038826,9.12906610703043
01802721,Bromma 21 Bällsta,7.913202235955365,5.065666041275797
01802722,Bromma 22 Beckomberga N,17.567624392630634,4.9079754601226995
01802723,Bromma 23 Mariehäll S,9.442719726049019,7.248764415156508
01802724,Bromma 24 Blackeberg N,14.693431892490395,13.3130081300813
01802725,Bromma 25 Karsvikshage,4.8233758269130105,2.608695652173913
01802726,Bromma 26 Åkeslund V,11.197130573253569,10.012836970474968
01802727,Bromma 27 Eneby,5.923305125083777,3.820598006644518
01802728,Bromma 28 Annedalsparken,12.636834484426522,8.70712401055409
01802729,Bromma 29 Linaberg,12.038024940692825,8.146821844225604
01802730,Bromma 30 Beckomberga mellersta,16.25395457092668,9.466911764705882
01802731,Bromma 31 Blackeberg S,11.905171967990992,14.537902388369679
01802732,Bromma 32 Lönnebergaparken,12.656850828875205,7.956448911222781
01802733,Bromma 33 Mariehäll V,11.169733998818836,3.7193575655114115
01802734,Bromma 34 Åkeslund Ö,8.171219555667761,9.622411693057247
01802735,Bromma 35 Mariehäll N,11.856804728922757,5.583756345177665
01802801,Essinge 1 Lilla Essingen mellersta,7.493541001160771,8.699472759226714
01802802,Essinge 2 Lilla Essingen N,8.256703279412566,8.790252393385552
01802803,Essinge 3 Stora Essingen S,6.2323588560587995,5.888538380651945
01802804,Essinge 4 Stora Essingen N,7.164170180071748,5.535714285714286
01802805,Essinge 5 Stora Essingen Ö,5.961765741514253,5.951115834218916
01802806,Essinge 6 Luxområdet,5.878939318115546,4.097714736012608
01802901,Västerled 1 Smedslätten V,3.9537700606191644,2.1788990825688073
01802902,Västerled 2 Äppelviken,4.423723236462279,1.8910741301059002
01802903,Västerled 3 Stora Mossen,4.596926464936,2.541630148992112
01802904,Västerled 4 Alvik,7.868181700211348,7.596253902185223
01802905,Västerled 5 Johannelund,9.768767923564418,8.79765395894428
01802906,Västerled 6 Traneberg S,7.392196934372204,7.516891891891892
01802907,Västerled 7 Traneberg Ö,6.973615499870794,6.508875739644971
01802908,Västerled 8 Minneberg,6.249122912213615,3.048780487804878
01802909,Västerled 9 Ulvsunda trädgårdsstad,9.109470788829315,4.450261780104712
01802910,Västerled 10 Nockebyhov V,6.420401551485926,4.4673539518900345
01802911,Västerled 11 Nockebyhov Ö,3.2376554951772047,4.436557231588288
01802912,Västerled 12 Nockeby S,3.2010733827764923,1.1904761904761905
01802913,Västerled 13 Nockeby N,3.7385605431258933,3.8237738985868663
01802914,Västerled 14 Höglandet-Olovslund,4.18185633814271,1.5467904098994587
01802915,Västerled 15 Ålsten S,1.8305251018973616,1.098901098901099
01802916,Västerled 16 Ålsten N,2.441865426526185,1.2248468941382327
01802917,Västerled 17 Traneberg mellersta,7.755353546334984,7.224334600760456
01802918,Västerled 18 Ulvsunda N,8.190310304186617,7.142857142857143
01802919,Västerled 19 Smedslätten Ö,3.9191955364652316,2.92326431181486
01803101,Vällingby 1 Vällingby N,8.993729834242394,9.742647058823529
01803102,Vällingby 2 Vällingby V,23.229111108887025,15.613825983313468
01803103,Vällingby 3 Vällingby Ö,24.371858138058908,21.75032175032175
01803104,Vällingby 4 Vällingby C,26.21904096883555,17.755856966707768
01803105,Vällingby 5 Grimsta V,31.341399869697312,27.377521613832855
01803106,Vällingby 6 Grimsta Ö,32.98742374130832,22.410865874363328
01803107,Vällingby 7 Råcksta Ö,23.46964491630726,19.23474663908997
01803108,Vällingby 8 Råcksta V,24.18821677890806,15.91796875
01803109,Vällingby 9 Råcksta N,22.869563216867434,13.764705882352942
01803110,Vällingby 10 Nälsta Ö,11.992146783852503,6.704545454545454
01803111,Vällingby 11 Nälsta V,10.826363786980586,6.460176991150442
01803112,Vällingby 12 Grimsta mellersta,37.77640337043645,25.905292479108635
01803113,Vällingby 13 Kälvesta V,13.032115681328241,5.5396370582617
01803114,Vällingby 14 Kälvesta S,19.29582720178655,10.073710073710073
01803115,Vällingby 15 Vinsta V,19.371193016616328,10.450819672131148
01803116,Vällingby 16 Vinsta Ö,22.87518559750248,11.186903137789905
01803117,Vällingby 17 Råcksta S,36.45066648105055,20.403022670025187
01803118,Vällingby 18 Nälsta gård,22.08876920587252,7.710557532621589
01803119,Vällingby 19 Vällingby mellersta,29.903776191469348,21.580188679245282
01803120,Vällingby 20 Johannelund trädg.stad,22.596652635363,20.61855670103093
01803121,Vällingby 21 Vällingby Parkstad,36.04037757888077,18.367346938775512
01803122,Vällingby 22 Kälvesta Ö,15.959836368259538,6.469920544835414
01803401,Enskede 1 Årstaberg,7.4402674833110725,14.335664335664335
01803402,Enskede 2 Sköntorpsvägen V,6.617099763716256,13.032581453634085
01803403,Enskede 3 Siljansvägen V,8.403498980659865,12.698412698412698
01803404,Enskede 4 Årsta Centrum,9.294438358457958,17.752442996742673
01803405,Enskede 5 Valla torg V,12.733302901852529,17.004405286343612
01803406,Enskede 6 Valla torg Ö,12.637595374969395,22.898799313893655
01803407,Enskede 7 Långhalsvägen mfl,6.851240406991783,15.132105684547637
01803408,Enskede 8 Årstaskogen,6.284459842196915,15.701668302257115
01803409,Enskede 9 Sköntorpsvägen Ö,6.436551417897591,12.601260126012601
01803410,Enskede 10 Bolmensvägen mfl,8.596072396266088,14.786324786324787
01803411,Enskede 11 Gullmarsplan,11.427796029163387,14.358108108108109
01803412,Enskede 12 Skärmarbrink,11.494998020127404,16.29955947136564
01803413,Enskede 13 Blåsut,10.162835506256243,13.815187557182067
01803414,Enskede 14 Globen,8.881628816904284,15.013404825737265
01803415,Enskede 15 Enskede Gård N,9.383179124112555,11.754537597234226
01803416,Enskede 16 Enskede Gård S,7.944546903034344,8.857142857142858
01803417,Enskede 17 Enskedefältet,5.858357739852634,4.939516129032258
01803418,Enskede 18 Gamla Enskede S,3.7207048112471455,6.454388984509467
01803419,Enskede 19 Gamla Enskede N,3.9496398495021454,5.882352941176471
01803420,Enskede 20 Skogskyrkogården,6.034596326017129,10.283315844700944
01803421,Enskede 21 Dalen N,20.183967187381892,24.07199100112486
01803422,Enskede 22 Dalen S,18.065094558845455,19.41941941941942
01803423,Enskede 23 Enskede IP,11.928255233185029,11.260709914320685
01803424,Enskede 24 Dalen V,21.099849652598376,24.195624195624195
01803425,Enskede 25 Ottsjövägen mfl,6.612975837379408,15.282685512367491
01803426,Enskede 26 Årstavägen Ö,7.7902193860509525,12.422907488986784
01803601,Skarpnäck 1 Bagarmossen S,8.904346858517023,28.23639774859287
01803602,Skarpnäck 2 Brotorp,6.413570062492981,17.342879872712807
01803603,Skarpnäck 3 Ljusnevägen mfl,12.01924798223557,24.134419551934826
01803604,Skarpnäck 4 Bergsrådsvägen mfl,9.08866277413925,27.171903881700555
01803605,Skarpnäck 5 Bagarmossen N,27.134350907961437,24.681933842239186
01803606,Skarpnäck 6 Bagarmossen C,11.783894294911597,28.232758620689655
01803607,Skarpnäck 7 Skarpnäcks trädgårdsstad,3.168953944305685,7.430617726051925
01803608,Skarpnäck 8 Enskededalen Ö,3.9215867026243503,9.365244536940686
01803609,Skarpnäck 9 Kärrtorp S,7.635286885089274,21.748400852878465
01803610,Skarpnäck 10 Kärrtorp V,6.247251865304778,18.164794007490638
01803611,Skarpnäck 11 Björkhagen Ö,7.383861573508814,17.22272317403066
01803612,Skarpnäck 12 Björkhagen V,6.607411655469818,16.05351170568562
01803613,Skarpnäck 13 Björkhagen N,5.6642385231992485,14.335360556038228
01803614,Skarpnäck 14 Hammarbyhöjden S,6.685133162263043,14.418125643666324
01803615,Skarpnäck 15 Hammarbyhöjden N,5.589783517638843,10.12536162005786
01803616,Skarpnäck 16 Hammarbyhöjden Ö,6.959475609177294,17.770767613038906
01803617,Skarpnäck 17 Hammarbyhöjden NV,7.399746650485524,15.72700296735905
01803618,Skarpnäck 18 Skarpnäck Ö,16.981506343389324,18.967052537845056
01803619,Skarpnäck 19 Skarpnäck S-Orhem,16.7073401303447,22.106261859582542
01803620,Skarpnäck 20 Skarpnäck V,24.691313424372893,31.888544891640866
01803621,Skarpnäck 21 Pungpinan mfl,14.004830394078398,17.523975588491716
01803622,Skarpnäck 22 Hammarbyhöjden NÖ,6.223815635320638,11.444652908067543
01803623,Skarpnäck 23 Skarpnäck C,22.81801712039521,25.617283950617285
01803624,Skarpnäck 24 Bagarmossen V,10.852109316707722,23.92703862660944
01803625,Skarpnäck 25 Enskededalen V,4.433892001024704,9.404761904761905
01803626,Skarpnäck 26 Kärrtorp mellersta,7.143483951294221,22.727272727272727
01803627,Skarpnäck 27 Björkhagen mellersta,6.916315565959745,18.13953488372093
01803628,Skarpnäck 28 Hammarbyhöjden mellan,6.473931277535627,11.38888888888889
01803629,Skarpnäck 29 Blåsut Ö,11.636646746304407,7.728119180633147
01803630,Skarpnäck 30 Kärrtorp N,6.9262604773169585,20.851528384279476
01803801,Hässelby 1 Hässelby Strand V,29.772472592950198,22.234891676168758
01803802,Hässelby 2 Hässelby Strand S,24.734339097001897,10.640732265446225
01803803,Hässelby 3 Hässelby Strand N,30.088891083902087,21.883289124668433
01803804,Hässelby 4 Hässelby Strand Ö,34.14623805161757,18.65671641791045
01803805,Hässelby 5 Hässelby slott,33.61137208679155,29.819277108433734
01803806,Hässelby 6 Hässelby Gård Ö,35.369418247074286,27.39322533136966
01803807,Hässelby 7 Hässelby Gård mellersta,30.57182754985221,28.90625
01803808,Hässelby 8 Hässelby Gård S,39.388331568257136,25.411061285500747
01803809,Hässelby 9 Hässelby Gård V,29.876728692670703,16.74641148325359
01803810,Hässelby 10 Hässelby Villast. mellan,12.46511327135379,4.919583727530747
01803811,Hässelby 11 Hässelby Villastad V,8.057692513977283,3.9634146341463414
01803812,Hässelby 12 Hässelby Villastad Ö,14.63306487570358,6.9979716024340775
01803813,Hässelby 13 Hässelby Villastad NV,15.528782030550381,11.163670766319774
01803814,Hässelby 14 Lövsta,13.04768227722062,6.857142857142857
01803815,Hässelby 15 Backlura N,14.85500184570315,8.305369127516778
01803816,Hässelby 16 Backlura S,20.38335742826044,9.805735430157261
01803817,Hässelby 17 Hässelby Villastad NÖ,28.09404871420559,17.291666666666668
01803818,Hässelby 18 Smedshagen,27.09359246714199,24.477244772447726
01803819,Hässelby 19 Hässelby Villastad S,12.253169800766637,5.378304466727439
01803820,Hässelby 20 Hässelby Gård N,29.991243753294608,20.662251655629138
01803821,Hässelby 21 Hässelby Strand mellan,32.17266926730298,21.225710014947683
01803822,Hässelby 22 Ormängsgatan m fl,34.195495327610715,24.31906614785992
01803901,Hägersten 1 Nybohov V,19.23614318771447,18.59557867360208
01803902,Hägersten 2 Nybohov Ö,19.129161931251723,20.592193808882907
01803903,Hägersten 3 Stora Fågelsången,4.876429354442258,13.587921847246891
01803904,Hägersten 4 Gröndal C,4.813431819313798,11.690821256038648
01803905,Hägersten 5 Gröndal V,8.278425198247684,20.070011668611436
01803906,Hägersten 6 Ekensberg,7.1752867733562145,9.808102345415778
01803907,Hägersten 7 Gröndal N,5.47820183382383,11.671686746987952
01803908,Hägersten 8 Aspudden Ö,9.474143166224225,16.60015961691939
01803909,Hägersten 9 Aspudden C,6.14495550475827,13.864628820960698
01803910,Hägersten 10 Örnsberg,11.103592383826106,15.841584158415841
01803911,Hägersten 11 Vinterviken,10.209082391519473,16.513761467889907
01803912,Hägersten 12 Midsommarkransen N,5.874400225007544,15.806988352745424
01803913,Hägersten 13 Telefonplan V,9.762037152745403,11.626016260162602
01803914,Hägersten 14 Midsommarkransen S,7.3258995742039605,16.038562664329536
01803915,Hägersten 15 Svandammen,7.416921456051778,18.65492393915132
01803916,Hägersten 16 Midsommarkransen C,6.600030228764507,17.939282428702853
01803917,Hägersten 17 Korpmossen,8.853316444181264,14.084507042253522
01803918,Hägersten 18 Radiusparken,11.398411239497362,14.446529080675422
01803919,Hägersten 19 Hägerstensåsen S,12.941726599169623,18.01125703564728
01803920,Hägersten 20 Hägerstensåsen Ö,7.1046100785938355,20.77338129496403
01803921,Hägersten 21 Hägerstensåsen V,7.942388326605317,20.053475935828878
01803922,Hägersten 22 Hägerstensåsen N,7.343016022651755,15.749525616698293
01803923,Hägersten 23 Hägerstenshamnen,5.948482202026693,12.384615384615385
01803924,Hägersten 24 Axelsberg,7.168765055982011,13.527397260273972
01803925,Hägersten 25 Mälarhöjden Ö,5.847969318611074,6.238361266294227
01803926,Hägersten 26 Mälarhöjden mellersta,5.486299276173035,4.0913415794481445
01803927,Hägersten 27 Mälarhöjden N,5.445265365593398,4.843304843304844
01803928,Hägersten 28 Mälarhöjden S,9.69552224968784,6.958393113342898
01803929,Hägersten 29 Nybodahöjden,10.217927572003308,12.335958005249344
01803930,Hägersten 30 Trekanten,11.919067219358237,11.872146118721462
01803931,Hägersten 31 Marievik,12.478104921615545,4.048892284186402
01803932,Hägersten 32 Liljeholmskajen V,9.544194398052328,8.759757155247181
01803933,Hägersten 33 Aspudden N,8.407399029647628,19.340159271899886
01803934,Hägersten 34 Klubbacken mfl,6.298536902517155,11.796982167352537
01803935,Hägersten 35 Midsommarkransen Ö,10.803198254485238,19.58855098389982
01803936,Hägersten 36 Västberga Ö,16.841685224528923,21.673819742489272
01803937,Hägersten 37 Årstadal,13.402648817296557,15.748031496062993
01803938,Hägersten 38 Gösta Ekmans väg mfl,8.276370948715433,16.616616616616618
01803939,Hägersten 39 Liljeholmstorget,13.276480397085855,13.001215066828676
01803940,Hägersten 40 Hökmossen mfl,11.810933402826784,17.294685990338163
01803941,Hägersten 41 Aspudden mellersta,6.207326889623029,13.699825479930192
01803942,Hägersten 42 Liljeholmskajen Ö,13.070825903099022,5.729632945389436
01803943,Hägersten 43 Hägerstensåsen mellan,7.117664475706557,15.004336513443192
01803944,Hägersten 44 Sjövikshöjden,10.75066397269856,8.84297520661157
01803945,Hägersten 45 Telefonplan Ö,9.55147663530506,19.43711521547933
01803946,Hägersten 46 Ekensbergskajen,8.42911137707577,10.770855332629356
01803947,Hägersten 47 Tellusborgsvägen S,11.75081340465122,10.29252437703142
01803948,Hägersten 48 Sjöviksbacken S,16.573457629959837,9.039087947882736
01804001,Skärholmen 1 Bredäng NÖ,28.233410844409097,31.78053830227743
01804002,Skärholmen 2 Bredäng NV,32.660085684757306,34.32245301681503
01804003,Skärholmen 3 Bredäng V,34.11431234974671,32.34244946492271
01804004,Skärholmen 4 Bredäng Ö,23.25462887265578,29.193109700815956
01804005,Skärholmen 5 Bredäng S,31.865433145592455,32.29665071770335
01804006,Skärholmen 6 Sätra N,37.88723722167445,32.047872340425535
01804007,Skärholmen 7 Sätra V,32.583861661980826,25.179856115107913
01804008,Skärholmen 8 Sätra S,35.44998083041271,31.130268199233715
01804009,Skärholmen 9 Vårberg N,31.507930260597544,32.122093023255815
01804010,Skärholmen 10 Portholmsgången mfl,43.275794872976014,33.19209039548023
01804011,Skärholmen 11 Ekholmshöjden,44.05397682026568,36.93251533742331
01804012,Skärholmen 12 Skärholmen S,37.161360227274336,28.700906344410875
01804013,Skärholmen 13 Skärholmens gård,38.50768660373848,25.690021231422506
01804014,Skärholmen 14 Stångholmsbacken mfl,40.20317074242007,34.602076124567475
01804015,Skärholmen 15 Vårberg S,45.68994352645792,34.678899082568805
01804016,Skärholmen 16 Vårbergs IP,42.47019498942559,30.192307692307693
01804017,Skärholmen 17 Vårberg V,29.290140328435132,24.23945044160942
01804018,Skärholmen 18 Sätra gård,22.829855181966177,22.62008733624454
01804019,Skärholmen 19 Skärholmen C,41.83800207756927,34.967320261437905
01804020,Skärholmen 20 Bredäng mellersta,32.750263880718975,34.894259818731115
01804021,Skärholmen 21 Vårberg C,39.90373372037239,38.13813813813814
01804101,Spånga 1 Sundby S,9.619133539399405,4.457527333894029
01804102,Spånga 2 Flysta,8.179104015548864,5.767894371091035
01804103,Spånga 3 Solhem Ö,8.138083888546435,4.963898916967509
01804104,Spånga 4 Solhem S,8.34153808367882,3.4668721109399074
01804105,Spånga 5 Solhem V,6.114619053476472,4.1864139020537126
01804106,Spånga 6 Solhem N,27.52935316516787,15.643105446118192
01804107,Spånga 7 Bromsten N,21.4074097102051,14.367160775370582
01804108,Spånga 8 Bromsten mellersta,22.260141790891776,20.069808027923212
01804109,Spånga 9 Bromsten S,27.279582968779096,9.30451127819549
01804110,Spånga 10 Hjulsta V,54.0973334501356,50.821744627054365
01804111,Spånga 11 Erikslund,47.734033909033926,45.90964590964591
01804112,Spånga 12 Nydal,54.44545998460151,40.034364261168385
01804113,Spånga 13 Tensta C,54.45133761250789,54.33168316831683
01804114,Spånga 14 Gullinge,56.72567685603224,51.14678899082569
01804115,Spånga 15 Risingeplan mfl,52.46100224162864,50.777934936350775
01804116,Spånga 16 Glömminge,52.028981912473405,55.87467362924282
01804117,Spånga 17 Rinkebysvängen N,40.24834034667532,54.48179271708683
01804118,Spånga 18 Rinkebystråket,53.39237372920525,53.452685421994886
01804119,Spånga 19 Rinkebysvängen V,49.46666572128953,46.03825136612022
01804120,Spånga 20 Kvarnbyvägen mfl,48.78660319124743,56.13608748481167
01804121,Spånga 21 Rinkeby C,51.64022313469857,50.992555831265506
01804122,Spånga 22 Rinkebysvängen Ö,62.36612389345456,43.65384615384615
01804123,Spånga 23 Rinkebysvängen S,52.08525325781981,60.32953105196451
01804124,Spånga 24 Spånga by,49.277008133887755,34.63476070528967
01804125,Spånga 25 Hjulsta Ö,47.24098626577799,47.107438016528924
01804126,Spånga 26 Spånga torg-Lunda,18.44304619124914,14.636871508379889
01804127,Spånga 27 Rinkeby mellersta,48.448928451598455,56.96055684454756
01804128,Spånga 28 Bromsten C,22.29859676182612,18.007202881152462
01804129,Spånga 29 Sundby N,37.93575523278715,20.0
01804130,Spånga 30 Bromsten V,21.019990585412796,15.621788283658788
01804201,Kista 1 Akalla C,56.29491374226788,33.333333333333336
01804202,Kista 2 Akalla Ö,56.02304932870272,27.217125382262996
01804203,Kista 3 Akalla N,57.239238585323875,22.052067381317
01804204,Kista 4 Akalla V,40.88872081648789,19.053398058252426
01804205,Kista 5 Akalla S,42.51805000932123,27.99511002444988
01804206,Kista 6 Lofotenparken,53.64449031909652,30.171073094867808
01804207,Kista 7 Oslogatan,50.559590210971535,50.11337868480726
01804208,Kista 8 Nidarosgatan,53.390956012828624,44.539249146757676
01804209,Kista 9 Bergensgatan,51.09665274375272,43.556085918854414
01804210,Kista 10 Nordkapsgatan,47.10743735855194,42.78438030560272
01804211,Kista 11 Trondheimsgatan,51.783510118765626,46.94708276797829
01804212,Kista 12 Kista mellersta,43.99424426683983,24.81203007518797
01804213,Kista 13 Helsingörsgatan mfl,42.881669350642696,26.31578947368421
01804214,Kista 14 Kista V,45.07944609769202,25.925925925925927
01804215,Kista 15 Ärvinge S,46.16855437122304,35.67035670356704
01804216,Kista 16 Kista Gård,46.08814578846409,28.532608695652176
01804217,Kista 17 Ärvinge N,41.31488244192276,20.58823529411765
01804218,Kista 18 Kista S,37.95129605258332,20.209059233449477
01804219,Kista 19 Kista Ö,54.3801553038556,33.493975903614455
01804220,Kista 20 Husby C,52.58257134717342,32.42009132420091
01804221,Kista 21 Kista N,45.87296512817879,34.29054054054054
01810101,Södertälje 1 Södra-Värdsholmen,26.90841673647455,11.159737417943107
01810102,Södertälje 2 Saltskog östra,34.74845034611818,10.984308131241084
01810103,Södertälje 3 Saltskog västra,38.949042220326426,21.646341463414632
01810104,Södertälje 4 Västergård-Vibergen,29.620492806514054,7.385229540918163
01810105,Södertälje 5 Mariekälla södra,26.945725995613433,6.705202312138728
01810106,Södertälje 6 Västergård-Högmohöjden,41.37897984457188,8.895131086142323
01810107,Södertälje 7 Mariekälla norra,20.673131794737333,7.6767676767676765
01810108,Södertälje 8 Centrum södra,26.200616850838294,10.923535253227408
01810109,Södertälje 9 Västra Blombacka,49.33667028182802,20.48
01810110,Södertälje 10 Tälje,25.256746286167786,9.26517571884984
01810111,Södertälje 11 Centrum norra,28.65975567560169,9.538950715421304
01810112,Södertälje 12 V. Bårsta - Blombacka,27.698534633830597,8.059023836549375
01810113,Södertälje 13 Bårstabergen östra,31.96640069764474,8.85509838998211
01810114,Södertälje 14 Snäckviken,43.661217575894405,13.442622950819672
01810152,Södertälje 52 Bårstafältet,51.92845535023049,9.895833333333334
01810215,Södertälje 15 Glasberga,30.06920541434677,4.920767306088407
01810216,Södertälje 16 Östertälje,21.455496737247433,5.692599620493358
01810217,Södertälje 17 Fornbacka,45.557422838597205,20.66590126291619
01810218,Södertälje 18 Hagaberg-Majtorp,11.19567298083448,5.383936451897617
01810219,Södertälje 19 Rosenlund västra,23.476688387192123,10.0
01810220,Södertälje 20 Rosenlund östra,22.674091034839478,9.90990990990991
01810221,Södertälje 21 Grusåsen västra,23.514159476430606,9.090909090909092
01810222,Södertälje 22 Grusåsen östra,30.283734006891926,11.421911421911421
01810223,Södertälje 23 Brunnsäng östra,29.762294958814792,9.642470205850488
01810224,Södertälje 24 Brunnsäng västra,49.11545335128666,19.541984732824428
01810225,Södertälje 25 Bergvik,22.258921957147514,6.412825651302605
01810226,Södertälje 26 Fornhöjden,43.143968872868214,12.919463087248323
01810227,Södertälje 27 Viksberg,18.78592034713204,2.816901408450704
01810228,Södertälje 28 Ritorp,18.372223780938793,3.8077969174977335
01810229,Södertälje 29 Ragnhildsborg,20.409148474332916,5.405405405405405
01810330,Södertälje 30 Pershagen,11.33220028458548,4.8556430446194225
01810331,Södertälje 31 Hovsjö norra,62.80074528648562,20.118343195266274
01810332,Södertälje 32 Hovsjö södra,49.94580769624374,16.41509433962264
01810333,Södertälje 33 Hovsjö-Tveta,42.90712982284603,9.939759036144578
01810435,Södertälje 35 Enhörna-Ekeby,12.231765298123689,4.211663066954643
01810436,Södertälje 36 Enhörna västra,2.7888663965325255,3.2228360957642725
01810640,Södertälje 40 Vårdinge,5.276433252865821,7.061688311688312
01810741,Södertälje 41 Järna centrum,7.176643376405087,7.258064516129032
01810742,Södertälje 42 Järna norra,13.693111823742356,15.288788221970554
01810743,Södertälje 43 Järna västra,5.245570945357696,6.407942238267148
01810744,Södertälje 44 Järna-Kallfors,6.960953747287031,2.789518174133559
01810745,Södertälje 45 Järna landsbygd,5.152844425880927,5.27803958529689
01810746,Södertälje 46 Järna östra,6.118261204798205,7.3991031390134525
01810848,Södertälje 48 Hölö-Mörkö,3.61992156415486,6.163828061638281
01811047,Södertälje 47 Hölö västra,5.224294809783568,5.1958433253397285
01811250,Södertälje 50 Geneta södra,34.89033183436419,2.7777777777777777
01811251,Södertälje 51 Geneta norra,51.73492400914669,13.520408163265307
01811253,Södertälje 53 Ronna södra,54.90571132603037,14.352392065344224
01811254,Södertälje 54 Ronna västra,48.488830900393985,12.760736196319018
01811255,Södertälje 55 Ronna norra,58.65067618834402,20.87912087912088
01811256,Södertälje 56 Ronna-Karlhov,46.014195824763846,11.745334796926455
01811257,Södertälje 57 Lina västra,42.991641021701014,8.111239860950175
01811258,Södertälje 58 Lina östra,26.654281459125976,4.971751412429379
01811259,Södertälje 59 Glasberga V-Gärtuna,22.750402794758312,6.001936108422072
01820101,"Danviken, Saltsjöqvarn",5.163255387619169,3.3944331296673456
01820102,Henriksdal,17.713147868946123,15.222222222222221
01820103,Finnboda,7.219515160361343,3.099510603588907
01820104,"Finnberget, Kvarnholmen V",8.580421866638277,4.498269896193771
01820106,Kvarnholmen NÖ,9.100124889288528,2.8337061894108873
01820107,Kvarnholmen SÖ,10.463219736113961,2.8858218318695106
01820110,Sickla V,6.632528271251238,4.805077062556664
01820111,Alphyddan,9.032658687684187,11.764705882352942
01820112,"Sickla Ö, Tallbacken",5.803666884725788,8.153701968134957
01820113,"Nysätra, Hästhagen, Ekudden",6.910762607567023,5.0271739130434785
01820114,Järla sjö,4.647489458600497,4.425410421127766
01820115,Finntorp S,8.593047742431096,7.334525939177102
01820116,"Finntorp N, Marinstaden, Birka",8.454037855173857,9.693877551020408
01820117,"Järlahöjden, Nya gatan",13.43619687249359,6.33879781420765
01820118,"Lillängen, Storängen",5.332908278825442,2.511627906976744
01820119,"Nacka strand, Vikdalen",7.764299598883156,2.7906976744186047
01820121,Jarlaberg N,12.367230848289692,6.628242074927954
01820122,Jarlaberg S,10.108374784080176,8.085430968726163
01820123,Nacka Centrum,18.930708781820886,8.586296617519514
01820124,Skogalund,10.07144869715261,5.873715124816447
01820125,"Ekängen, Saltängen V",5.818676437495434,4.113924050632911
01820126,"Saltsjö-Duvnäs, Saltängen Ö",3.732859427452805,3.6109064112011793
01820127,Ektorp,10.327476559972741,8.740157480314961
01820128,Skuru,8.61713907206567,2.549342105263158
01820129,Duvnäs Utskog,4.616081669598161,2.171945701357466
01820132,Fisksätra V,33.58908042086838,27.04031465093412
01820133,Fisksätra Ö,38.46731048716264,35.042735042735046
01820134,Fisksätra S,36.22869057927309,22.83205268935236
01820135,Fisksätra N,43.10990259134577,32.01634877384196
01820161,Kolarängen,4.079740722435908,3.7520391517128875
01820162,Älta gård,3.2446454417504365,3.5960214231063503
01820163,Stensö N,17.409923369366656,9.81169474727453
01820165,Stensö S,22.993617464735326,18.09045226130653
01820166,Hedvigslund,5.077530085273457,4.3119266055045875
01820167,Sigfridsborg,4.475765634545555,2.125984251968504
01820168,"Ältadalen, Södra Hedvigslund",5.019782643046297,2.552415679124886
01820201,"Skogsö, Baggensudden, Neglinge N",4.3181950682976264,1.2396694214876034
01820202,"Igelboda, Neglinge S",3.84454813961755,1.9469026548672566
01820203,"Igelbodaplatån, Ljuskärrsberget",7.962355988847244,4.782993799822852
01820204,"Tattby, Solsidan N",4.640247281270696,2.2380467955239065
01820205,Rösunda,2.625350456778193,1.0124610591900312
01820206,"Solsidan S, Älgö",4.390465021539215,0.8627450980392157
01820301,"Lilla Björknäs, Björknäs N",5.387266976790333,3.0789825970548863
01820302,Björknäs S,9.698826448717735,6.0855263157894735
01820303,"Eknäs Ö, Hjortängen, Lännersta V",5.567785963884184,2.318840579710145
01820304,Lännersta N,2.413713656845779,2.3314429741650913
01820305,Lännersta S,4.654685170201421,0.9917355371900827
01820306,Källvägsområdet,5.372180421467445,2.008269344359126
01820307,Krokhöjden,9.038637562782068,7.594936708860759
01820308,Orminge C,18.434245262395134,12.003780718336484
01820309,Orminge S,18.578801169328163,11.13490364025696
01820310,Orminge N,17.612186005918556,11.777535441657578
01820311,Orminge Ö,5.296265804978071,5.9790732436472345
01820312,"Hasseludden, Kummelnäs V",7.498257515693559,3.15712187958884
01820314,"Gustavsvik, Insjön, Velamsund",4.034115266449933,2.716914986853637
01820315,"Mensättra, Eriksvik",6.525779341394895,4.176706827309237
01820316,"Eknäs V, Tollare V",6.14107957814389,4.913294797687861
01820317,Tollare Ö,7.543241785545267,2.3183925811437405
01820318,Kummelnäs Ö,4.4817773451963,3.099361896080219
01820319,Vikingshill,4.3109998345675145,2.320675105485232
01830101,Lilla Alby Östra,12.763651958030765,9.112709832134293
01830102,Lilla Alby Mellan,9.880336395143495,7.339449541284404
01830103,Lilla Alby Signalfabriken,11.993675869197583,8.742774566473988
01830104,Centrala SBG Kyrkparken,10.344009264867497,8.003857280617165
01830105,Centrala SBG Östra,10.423167185934043,7.503410641200546
01830106,Centrala SBG Mellersta,10.033981301806243,8.508014796547473
01830107,Centrala SBG Esplanaden,9.241204625551596,8.779011099899092
01830108,Centrala SBG Västra,6.974256123486097,8.83435582822086
01830109,Centrala SBG Norra,7.356861011795265,8.084074373484237
01830110,Tulemarken,9.646516278636295,8.297690333618478
01830111,Storskogen Västra,12.425759666695097,8.92687559354226
01830112,Storskogen Östra,11.768989464235798,9.719438877755511
01830113,Ör,23.873870977161047,15.677966101694915
01830114,Hallonbergen Norra,42.259297504648785,24.58745874587459
01830115,Hallonbergen Östra,42.11882371796728,25.34013605442177
01830116,Hallonbergen Västra,49.217686150585735,27.2
01830117,Duvbo Södra,10.95797056685593,5.821917808219178
01830118,Duvbo Norra,8.318423674505832,4.624277456647399
01830119,Rissne Sydvästra,33.61285989297239,19.48051948051948
01830120,Rissne Nordvästra,38.4808469407013,21.95416164053076
01830121,Rissne Nordöstra,38.76926086751601,21.53163152053274
01830122,Rissne kv. Skvadronen m.fl.,30.631982944571185,22.74774774774775
01830123,Stora Ursvik Milot,20.276211170028176,7.537154989384288
01830124,Brotorp/Kymlinge,15.81036991351313,7.2727272727272725
01830125,Centrala SBG Tornparken,8.57947203383481,6.568712186689715
01830126,Stora Ursvik Kvarnkullen,33.30663855991821,11.03238866396761
01830127,Stora Ursviks Gård,31.467474140303686,22.976190476190474
01830128,Lilla Alby Bällstaviken,10.398683529743456,3.3676333021515434
01830129,Stora Ursvik Forskningsringen,26.23448843031776,22.976190476190474
01830130,Lilla Ursvik,15.449147526163834,4.24886191198786
01830131,Hallonbergen Mellan,47.756483503326585,27.965043695380775
01830132,Rissne kv. Batteriet m.fl.,34.831318948834344,22.403003754693366
01830133,Stora Ursvik Västra,33.112531159654075,21.757322175732217
01840101,1 Järvastaden S,19.824493359497108,9.58904109589041
01840102,2 Ritorp-Nya Ulriksdal,27.999520945903722,15.316045380875202
01840103,3 Kungshamra,33.510335460614186,22.748091603053435
01840104,4 Bergshamra Ö,15.278952811373411,6.993006993006993
01840105,5 Haga,24.63717421643692,10.068426197458455
01840106,6 Huvudsta Ingenting,30.362289696439316,8.506787330316742
01840107,7 Huvudsta SO - Västraskogen,20.185448860343744,8.341056533827619
01840108,8 Huvudsta S,20.324883758017407,9.449465899753493
01840109,9 Huvudsta Centrum Ö,22.156942555565983,10.258780036968577
01840110,10 Huvudsta N,14.82431897064518,7.647058823529412
01840111,11 Huvudsta V,32.27471814436215,9.730848861283643
01840112,12 Huvudsta SV,25.57922780010989,10.531309297912713
01840129,29 Frösunda N,17.268985843706048,3.4538152610441766
01840131,31 Frösunda Centrum,16.44893307103966,5.025553662691652
01840132,32 Bergshamra N,21.76858548205555,12.536443148688047
01840133,33 Bergshamra S,10.754511074667677,8.581436077057793
01840134,34 Ulriksdal- Bergshamra,19.1286047475195,11.193339500462535
01840135,35 Huvudsta Ö,40.576144590482976,15.141430948419302
01840137,37 Agnesberg,20.895890387855044,13.360323886639677
01840138,38 Bagartorp,27.917088027734945,20.790629575402637
01840139,39 Huvudsta Centrum V,21.299471634898023,12.313803376365442
01840142,42 Järvastaden N,17.480247963046494,5.48172757475083
01840143,43 Ritorp S-Frösunda,18.9861732961609,6.846673095467695
01840144,44 Huvudsta pampasparken,32.93329875555659,8.095238095238095
01840146,46 Järvastaden V,24.771587333727915,7.03953712632594
01840213,13 Skytteholm SO,21.934856203292494,8.991008991008991
01840214,14 Skytteholm S,17.535631896073834,12.447078746824724
01840215,15 Solna Centrum,20.79421241275025,9.193548387096774
01840216,16 Skytteholm SV,18.07148880079522,8.803986710963455
01840217,17 Råsunda SV,15.021577681409635,8.498808578236696
01840218,18 Råsunda Centrum,12.907463760077256,6.120527306967985
01840219,19 Råsunda V,12.626141115462705,8.936484490398819
01840220,20 Råsunda Filmstaden,10.793219457563698,4.057971014492754
01840221,21 Råsunda N,12.53081298294485,5.206073752711497
01840222,22 Arenastaden,22.600291494682338,9.537037037037036
01840223,23 Råsunda SO,12.193397645355525,7.3311367380560135
01840224,24 Råsunda Ö,17.029048481127845,9.84
01840225,25 Haga Norra,12.474269730394075,8.75842155919153
01840226,26 Hagalund NV,29.039925627570067,21.669980119284293
01840227,27 Rudviken Västravägen,23.81996962639462,13.169845594913715
01840228,28 Hagalund S,29.547988925553277,15.977653631284916
01840230,30 Frösunda S,20.554689109535342,13.26530612244898
01840236,36 Råsunda NV - Näckrosen,9.536023874361339,6.350420811017598
01840240,40 Skytteholm N,12.720228570188233,8.314263920671243
01840241,41 Råsunda NO,12.051965971530882,7.63416477702192
01840245,45 Hagalund N,23.755332662770666,18.023787740164686
01860101,Sticklinge N,4.316197180088361,0.7320644216691069
01860102,Sticklinge S - Islinge,3.468751435860105,2.23342939481268
01860103,Näset V,7.618994428088821,3.8910505836575875
01860104,Näset Ö,6.559925620399951,2.2169437846397466
01860105,Bo - Björnbo,3.3888727758017003,0.9966777408637874
01860106,Rudboda V - Bosön,4.698847797951583,1.6755521706016756
01860107,Rudboda Ö - Yttringe - Elfvik,3.681379101084809,1.3108614232209739
01860108,Torsvik N - Hersby N,4.083170178324763,1.8414731785428342
01860109,Torsvik S - centrum,7.932807433497565,4.136833731105807
01860110,Herserud,4.788043553168471,1.597676107480029
01860111,Hersby S,5.019690752167739,1.485884101040119
01860112,Baggeby,10.481336008548427,5.671077504725898
01860113,Bodal,6.948113436661431,3.9682539682539684
01860114,Hersby SÖ - Mosstorp,5.349835229684546,2.7121001390820583
01860115,Gångsätra V,27.7883509772123,11.864406779661017
01860116,Larsberg N,19.806949000465753,10.758513931888546
01860117,Larsberg S,17.7957741863166,10.071942446043165
01860118,Gångsätra Ö,5.106723609076591,2.036363636363636
01860119,Skärsätra,7.917458031493827,3.723404255319149
01860120,Stockby - Mölna V - Fjäderholmarna,4.272180996916995,1.7857142857142858
01860121,Mölna Ö - Brevik V,5.594073639783064,2.127659574468085
01860122,Brevik Ö - Käppala S,5.089916377516605,1.2307692307692308
01860123,Gåshaga,5.365301911047635,0.7148530579825259
01860124,Ekholmsnäs - Killinge,6.822423961193557,3.7181996086105675
01860125,Käppala N,22.700701649911917,12.620192307692308
01860126,Dalénum,6.943596390766363,3.0065359477124183
01870101,Vaxön Öst-Tynningö,3.308067341269285,3.460514640638864
01870102,Vaxön Mitt,4.114180024066927,2.1739130434782608
01870103,Vaxön Väst-Karlsudd,7.999494552144259,3.9961941008563273
01870104,Resarö Väst,3.1752896089604223,1.7085427135678393
01870105,Resarö Öst,2.638495000007321,1.0731707317073171
01870106,Rindö-Skarpö,3.062361097455785,3.235747303543914
01870107,Kullö-Eriksö-Bogesund,7.679059816063056,2.242152466367713
01880101,Norrtälje - Kvisthamra,2.8714943039423075,3.592814371257485
01880102,Norrtälje - Flygfältet,8.88073697928241,8.738938053097344
01880103,Norrtälje - Grossgärdet - Nordrona,13.783054798190628,8.846153846153847
01880104,Norrtälje - Bryggården,7.661484256109,6.3515509601181686
01880105,Norrtälje - Övre Bryggårdsgärdet,15.307455282072059,7.8783690393918455
01880106,Norrtälje - Gransäter,6.890669835329928,4.16243654822335
01880107,Norrtälje - Grind,4.920048479111339,3.928266438941076
01880108,Norrtälje - Solbacka - Fågelsången,4.0841710723882265,3.700848111025443
01880110,Norrtälje - Vigelsjö,12.108629501829332,11.686879823594268
01880111,Norrtälje - Stadskärnan,3.8909830709724877,5.292096219931271
01880112,Norrtälje - Bältartorp,6.02327668482127,5.613472333600641
01880113,Norrtälje - Norra,4.9747954348177865,6.01589103291714
01880114,Norrtälje - Norrtälje hamn,7.227222646349622,1.8285714285714285
01880115,Norrtälje - Östra,3.8249155772384786,3.657142857142857
01880201,Väddö Södra,4.179213672840463,4.701834862385321
01880301,Väddö Norra,1.9610930754815783,3.8506417736289382
01880302,Älmsta,6.012194329869714,5.835543766578249
01880501,Hallsta - Centrum,15.092235632809565,7.119741100323624
01880502,Hallsta - Norra,16.401911955729776,7.652399481193256
01880503,Herräng,2.56540680863375,5.028735632183908
01880504,Edebo och Häverö,3.4261138052725877,3.050595238095238
01880801,Edsbro och Ununge,2.88749766834155,4.49438202247191
01880901,Fasterna,4.017319705853528,4.924242424242424
01881001,Rimbo - Bålbro-Västertorp,15.398739011777685,7.1094480823199255
01881002,Rimbo - Centrum - Långsjö,8.34714287189027,6.765327695560254
01881003,Rimbo - Östra & Rö,5.356513787739994,5.258386219401632
01881004,Rimbo - Håsta-Vallby,10.681317834915637,7.556427870461237
01881101,Skederid och Husby-Sjuhundra,3.2337289712564905,3.816793893129771
01881401,Gottröra och Närtuna,3.3877803620273217,4.364694471387003
01881601,Lohärad - Malsta,1.3624943745772609,2.2193211488250655
01881801,Estuna,3.9904737713965086,4.004854368932039
01881901,Söderbykarl,3.445333081072619,4.214123006833713
01882001,Roslags-Bro,2.608103769334798,4.062229904926534
01882101,Vätö,2.4807528397930736,1.94884287454324
01882201,Rådmansö - Västra,2.577818954520473,2.2316684378320937
01882202,Rådmansö - Östra,2.6079136396635656,3.9548022598870056
01882301,Frötuna - Östra,2.1172173072738327,2.4596464258262873
01882302,Frötuna - Västra,7.0438547040502195,4.204545454545454
01882401,Blidö,1.1461371346058933,4.3424317617866
01882501,Bergshamra,2.7976105237235034,4.392386530014641
01882502,Hysingsvik,2.0312346592055004,3.8048780487804876
01882601,Riala,2.3422637008313507,3.762376237623762
01910101,Sjudargården-S:t Per,6.677464328937881,2.227722772277228
01910102,Centrala Sigtuna-Utsikten-Viken,6.345556320864643,2.818886539816772
01910103,Brännbo-Klockbacken,15.30920242706179,4.822565969062785
01910122,Norra Sigtuna-Prästängen,9.142509008035788,2.6609442060085837
01910125,Stadsängarna-Ragvaldsbo,14.52387929186032,7.024793388429752
01910204,Munkholmen,8.393374237419511,2.8477546549835706
01910205,Björkbacka-Charlottenberg-Til,12.898659610003973,5.128205128205129
01910226,Rävsta-Steningehöjden,21.578808805708558,7.860262008733624
01910605,Arenberga,25.500949295335914,9.286262471220262
01910606,Östra Norrbacka-Rolsta,38.88658879951415,18.06451612903226
01910607,Gamla Märsta,29.98161591855655,14.949037372593432
01910608,Sätuna,30.04407797588773,12.366737739872068
01910609,Norra Ekilla,18.302591313410897,7.289002557544757
01910610,Centrala Märsta,33.85529626132864,12.27154046997389
01910611,Sundveda-Södra Ekilla,29.775382522682705,14.204545454545455
01910612,Tingvalla,53.44306934442596,27.575757575757574
01910617,Odensala,7.363768613420516,3.7486218302094816
01910624,Nymärsta,36.304336566507665,20.610687022900763
01910819,Norra Rosersberg-Skånela,9.489675715428808,3.6876355748373104
01910820,Södra Rosersberg,16.989605760929972,4.953917050691245
01910918,Lunda-Skepptuna-Vidbo,3.855371738028033,3.048780487804878
01911213,Östra Valsta,50.60728800247132,24.530831099195712
01911214,Norra Valsta,46.81183733603671,25.806451612903224
01911215,Valsta Centrum,52.04522283343359,21.333333333333332
01911216,Östra Steninge,31.414114160091916,15.613382899628252
01911221,Västra Steninge,24.035279834586518,11.655011655011656
01911223,Södra Valsta,48.62039046915811,25.0
01911224,Steninge slottsby,25.475039263910986,7.877280265339967
01920101,Nynäshamn  1 Sandhamn,5.677733893002789,4.472049689440993
01920102,Nynäshamn  2 Estö Ö,8.27439345428954,4.745762711864407
01920103,Nynäshamn  3 Estö V,8.238169385563635,5.026737967914438
01920104,Nynäshamn  4 Centrala Nynäs,7.496390229739932,4.789430222956234
01920105,Nynäshamn  5 Gröndal,12.995832656915338,10.207336523125997
01920107,Nynäshamn  7 Via,4.271441318212856,4.186795491143317
01920108,Nynäshamn  8 Kullsta,7.104913953366941,5.841924398625429
01920109,Nynäshamn  9 Nicksta,28.391749170012794,17.796610169491526
01920110,Nynäshamn 10 Vaktberget,18.185226633736267,11.027568922305765
01920111,Nynäshamn 11 Hacktorp,5.997791529035286,3.6986301369863015
01920218,Nynäshamn 18 Sorunda S,3.445413077263813,4.035087719298246
01920219,Nynäshamn 19 Mellersta Sorunda,3.4526700198119826,2.2157996146435455
01920220,Nynäshamn 20 Sorunda N,3.5614699067690267,3.434065934065934
01920317,Nynäshamn 17 Torö,3.5367941830016307,1.650943396226415
01920413,Nynäshamn 13 Ösmo V,13.486223051149944,6.385869565217392
01920414,Nynäshamn 14 Ösmo Ö,12.860080573487334,10.821643286573146
01920415,Nynäshamn 15 Ösmo S,7.530229039019559,7.163601161665054
01920416,Nynäshamn 16 Ösmo N,2.8421296694065954,2.6923076923076925
03050101,Mansängen - Draget,22.625176471915793,11.020104244229337
03050102,Skörby - Gillmarken,6.214296187778929,3.0936454849498327
03050103,Västerängen - Åkerby,5.916036500922114,4.181818181818182
03050104,Råby - Frösunda,3.1373159148723286,2.0644095788604457
03050106,Väppeby äng - Kalmarsand,5.950391186720639,4.749787955894826
03050107,Väppebyberget - Viby äng,4.91433227329374,2.522255192878338
03050206,Gamla Bålsta - Pomona,7.174799403672701,5.6
03050207,Åsenområdet,5.952581643758255,4.294478527607362
03050309,Häggeby - Övergran,4.66504633427722,3.611556982343499
03050310,Krägga - Graneberg,6.274105781347047,3.945371775417299
03050410,Skokloster,5.0906024073477205,4.735376044568246
03190106,Gårdskär,4.193459049225049,3.194103194103194
03190107,Östanån,3.7712891987555683,2.773109243697479
03190108,Älvkarleö bruk - Marma,3.987253412956336,3.7821482602118004
03190202,Jungfruholmen,8.873750439530102,5.863708399366086
03190204,Skutskärs Centrum,18.234075765107203,13.194959229058561
03190205,Boda,5.02453462716474,3.219871205151794
03303259,Lagga - Östuna,2.948144588997077,3.3707865168539324
03303363,Vassunda,3.706568688538899,3.7075180226570548
03303364,Norra Alsike,8.552908605859205,4.675876726886291
03303365,Vrå,7.967010914749339,4.653130287648054
03303366,Boängen,7.050586356635251,2.494802494802495
03303369,Sågen,15.366169380686273,12.618724559023066
03303566,Tallbacken,18.364255667393543,13.131313131313131
03303567,Östra Knivsta,4.479768853767229,4.679802955665025
03303568,Södra Knivsta,18.17930989943293,9.361997226074896
03303570,Västra Knivsta,13.446915171927774,8.209959623149395
03303571,Gredelby,10.12054484899484,6.18860510805501
03303775,Husby - Långhundra,2.345059117194008,2.8683181225554106
03310101,Västerlövsta Västra - Enåker,8.986039507044074,7.832545577312627
03310102,Västerlövsta Östra - Huddunge,7.160979017808665,4.769114307342922
03310405,Morgongåva,10.94594724611322,7.3838319541693185
03310508,Tärnsjö,3.045452302812492,3.3333333333333335
03310609,Östervåla,4.147439152175885,3.4566403881140086
03310711,Harbo,3.134818021320565,4.183757178014766
03600101,Vallskoga,5.01033655025607,5.550952775476388
03600102,Tierps köping södra,17.73487940523534,9.734513274336283
03600103,Tierps köping norra,8.141641368763343,4.65587044534413
03600104,Svanby,14.77617753883283,7.492795389048991
03600302,Örbyhus Sydväst,5.557867892065923,7.722007722007722
03600303,Örbyhus Nordost,5.629149798809631,7.931034482758621
03600305,Vendel,2.494323505336686,4.475524475524476
03600406,Tobo,6.636829795230856,6.140350877192983
03600508,Kyrkbyn,8.419784442602738,3.67553865652725
03600510,Månkarbo,2.6138910939848325,2.176403207331042
03600611,Söderfors,11.600913735170687,8.19672131147541
03600713,Västland - Karlholm,4.621668288241064,3.902439024390244
03600817,Skärplinge,1.3601418039496143,2.449324324324324
03600918,Hållnäs,1.3029319426902146,3.5661218424962855
03800001,Fjärdingen-Vasaparken,4.88345545313274,5.863539445628998
03800002,Fjärdingen-Sankt Johannes,10.06084050546381,11.798287345385347
03800003,Fjärdingen-Odinslund,7.334709124679762,8.333333333333334
03800004,Luthagen östra,8.88163408546274,8.502994011976048
03800005,Fjärdingen-Orphei Drängars plats,6.718377992571566,6.944444444444445
03800006,Centrum-Linnéträdgården-Mikaelsplan,10.215641439294407,11.092851273623666
03800008,Centrum-Stora torget,25.672942080693133,10.042432814710043
03800009,Centrum södra,11.04808176062176,9.429280397022332
03800010,Centrum-Samariterhemmet,13.21304610878041,11.663066954643629
03800011,Höganäs västra,9.52335925377264,8.301158301158301
03800012,Centrum-Höganäs-Kvarnen,10.431893894670585,11.61217587373168
03800013,Fålhagen-Östra station,8.849925157147633,9.744094488188976
03800014,Kungsängen mellersta,8.579919814389715,5.077720207253886
03800015,Kungsängen södra,19.37389518355696,13.574660633484163
03800016,Kungsängen-Hovstallängen,12.7211076010527,10.231660231660232
03800017,Kungsängen västra,9.305668630788352,5.509181969949917
03800018,Kungsängen nordöstra,14.50952382427381,15.924528301886792
03800042,Svartbäcken södra,11.661741096321744,12.016129032258064
03800043,Svartbäcken-Fyrishov,6.585579585842222,11.507936507936508
03800044,Tuna backar,8.012348586593747,14.469078179696616
03800045,Bärby hage-Tunaberg,5.065562923525144,7.461645746164574
03800048,Svartbäcken norra,5.449543011433237,7.503410641200546
03800049,Kapellgärdet-Tornet,10.915428170975096,8.264462809917354
03800050,Kapellgärdet norra,13.19131883381992,11.11111111111111
03800051,Kapellgärdet-Djäknegatan,19.638838164804106,17.32882502113271
03800052,Kapellgärdet-Väktargatan,23.209936954302474,19.318181818181817
03800053,Kapellgärdet-Kantorsgatan,29.22212965613447,24.930232558139537
03800055,Höganäs östra,11.136671083311642,11.666666666666666
03800056,Kvarngärdet södra,36.224928627484225,25.2465483234714
03800057,Kvarngärdet norra,31.040521543290073,28.42105263157895
03800058,Gränby södra,36.451904414676505,18.005808325266216
03800059,Gränby norra-Brillinge,26.634896729820372,18.15718157181572
03800060,Gränby sydvästra,49.42631787831569,42.016806722689076
03800061,Gränby nordvästra,49.410811853261386,26.789366053169733
03800063,Löten östra,27.350620534082033,21.387283236994218
03800064,Löten norra,36.8217275470396,29.28759894459103
03800065,Löten västra,21.224018463031857,14.541832669322709
03800066,Nyby gård,15.446769991742723,12.238325281803542
03800067,Gamla Uppsala-Yrsaparken,14.361709749549878,10.371318822023047
03800068,Nyby södra,20.71492810428143,11.48989898989899
03800069,Nyby norra,24.891481060839332,14.21188630490956
03800070,Gamla Uppsala,8.299873382534766,5.172413793103448
03800091,Luthagen norra,6.786514612767029,7.906458797327394
03800092,Luthagen mellersta,3.4103094482733627,6.296296296296297
03800093,Studentstaden-Observatoriet,8.920181062864016,12.1524201853759
03800094,Studentstaden-Rackarberget,10.693344133532593,16.998950682056662
03800095,Studentstaden-Studentvägen,11.375436465073768,16.81109185441941
03800096,Luthagen sydvästra,6.9533421005707545,9.430255402750491
03800097,Luthagen-Tiundaskolan,6.612086700314355,8.225108225108226
03800098,Rickomberga,8.773331580584005,11.201629327902241
03800100,Luthagen-Seminariet,11.483597775482465,13.423517169614984
03800101,Luthagen-Eriksdal,4.8721761721512795,6.092254134029591
03800102,Luthagen-Prästgårdsgatan,5.846714915054162,12.822966507177034
03800103,Husbyborg-Börjetull,11.69216488997205,11.027568922305765
03800104,Luthagen-Mimmi Ekholms plats-Hällby,15.253533945212215,14.858490566037736
03800105,Stenhagen norra,25.594502450091568,20.921985815602838
03800106,Stenhagen västra-Kvarnbo,29.361572648778857,15.502183406113538
03800108,Stenhagen södra,30.696610977065525,34.13461538461539
03800131,Fålhagen-S:t Göransplan,9.249502818070757,10.96345514950166
03800132,Fålhagen-Almtuna,3.5027977939667974,7.317073170731708
03800133,Fålhagen norra,8.494067289164624,10.759493670886076
03800135,Fålhagen södra-Boländerna,6.606502640265889,5.250965250965251
03800138,Sala backe västra,18.3584496244616,16.060225846925974
03800139,Sala backe-Byggmästaren,6.6820483829862125,9.966777408637874
03800140,Sala backe södra,7.756307099083973,12.723449001051526
03800141,Sala backe-Skomakarberget,14.491753451882644,15.977961432506888
03800142,Sala backe norra,13.121517696215102,9.67741935483871
03800143,Sala backe-Källparken,24.39312684745899,23.80952380952381
03800144,Sala backe-Östra Sala backe,18.167206352011398,17.274305555555557
03800145,Sala backe-Byggmästarparken,20.37061030579726,13.236481033091202
03800146,Årsta norra,10.63015067947031,7.5910931174089065
03800147,Årsta mellersta,10.750616842032628,10.427807486631016
03800149,Årsta-Körveln,11.20791472365674,7.227615965480044
03800150,Årsta östra,10.093887886580138,5.576923076923077
03800151,Slavsta-Fyrislund,12.614369386811273,6.382978723404255
03800181,Ekeby,18.492636482075888,20.49934296977661
03800182,Berthåga-Flogsta Flogstavallen,10.4464111040851,12.23021582733813
03800183,Flogsta södra-Ekeby södra,6.5061427383971155,11.416921508664627
03800184,Flogsta-Sernanders väg,53.16957711635824,31.586402266288953
03800186,Flogsta västra,16.89072488511779,37.12707182320442
03800187,Kåbo östra,14.000307600945561,14.916286149162861
03800188,Kåbo västra-Kungsgärdet,10.227062911650485,5.7567316620241415
03800190,Eriksberg-Sommarro,6.451273490040444,14.098972922502334
03800191,Eriksberg-Västertorg,17.07407286760872,21.83406113537118
03800192,Eriksberg östra,15.294528197039707,21.08374384236453
03800193,Eriksberg-Marmorvägen,34.38552110368966,31.189320388349515
03800195,Norby östra,4.341622317771794,4.878048780487805
03800196,Norby västra,6.151152335266074,6.453851492019431
03800197,Eriksberg-Håga,9.038085122422626,16.717325227963524
03800221,Kungsängens gård-Vilan-Bergsbrunna,6.627531465869923,4.585300067430883
03800222,Nåntuna,7.843396666200699,4.376899696048632
03800225,Sävja nordvästra,20.708251403574938,12.958115183246074
03800226,Sävja nordöstra,25.90771685241602,19.584837545126355
03800228,Sävja södra,27.786224473783758,21.305841924398624
03800241,Rosendal västra,12.663910367382218,13.380909901873327
03800243,Rosendal nordvästra,13.782801856568707,10.770855332629356
03800244,Rosendal nordöstra,13.274158133992822,15.560640732265446
03800245,Rosendal mellersta,14.667238187094718,21.070811744386873
03800246,Rosendal sydöstra,13.270084465426814,12.834821428571429
03800250,Ultuna-Ulleråker-Polacksbacken,14.376387283229043,17.16566866267465
03800251,Ulleråker södra,14.161786604890153,9.317443120260021
03800253,Bäcklösa norra,25.65891850061552,15.728476821192054
03800254,Bäcklösa södra,46.225635989922544,29.47761194029851
03800262,Valsätra norra,11.913698968207873,10.510732790525537
03800265,Valsätra-Spinnrocksvägen,36.97774643078074,26.602564102564102
03800266,Valsätra sydvästra,63.42830440632213,48.028673835125446
03800267,Gamla Gottsunda-Vårdsätra,7.724094709516048,4.318181818181818
03800268,Gottsunda norra,54.111020465269306,43.25032765399738
03800269,Gottsunda-Stenhammarsparken,53.49914520943431,43.973509933774835
03800270,Gottsunda Centrum,37.634591989550195,29.54822954822955
03800271,Gottsunda mellersta,45.615634514642565,37.12230215827338
03800272,Gottsunda östra,34.33708166212295,32.05128205128205
03800274,Sunnersta östra,6.889233376723849,4.5584045584045585
03800275,Sunnersta norra,27.836735608027087,5.184174624829468
03800276,Sunnersta mellersta,7.384080612157915,3.8948393378773125
03800277,Sunnersta södra,4.84482963880125,4.8025613660619
03800301,Björklinge västra,4.712202064533035,4.101221640488657
03800302,Björklinge östra,2.0467932230157024,3.8147138964577656
03800305,Björklinge glesbygd-Viksta västra,3.3352483661455277,5.193578847969783
03800310,Tensta södra-Viksta östra,3.8213234083903185,4.278074866310161
03800311,Skyttorp-Tensta norra-Lena norra,3.3092624238887227,6.135770234986945
03800312,Vattholma tätort,2.0803443854404082,4.296455424274973
03800321,Storvreta-Lyckebo,10.518433395311844,8.456659619450317
03800325,Storvretabygden-Fullerö hage,7.395911952887286,6.107954545454546
03800328,Storvreta norra,6.056241960207866,5.849802371541502
03800329,Storvreta mellersta,4.0433396678914235,3.8178164768921636
03800340,Börje-Vänge östra,10.317372383419617,4.848484848484849
03800342,Lövstalöt,8.975385467071824,5.118483412322274
03800343,Jumkil-Åkerby,2.413344564224647,4.783092324805339
03800344,Bälinge västra tätort,4.073840632882609,4.974619289340102
03800348,Bälinge glesbygd och östra tätort,4.37208673428333,2.479338842975207
03800349,Skuttunge-Åkerlänna,3.104290263347471,2.97951582867784
03800360,Lindbacken,12.489009622511283,8.579881656804734
03800361,Vaksala-Jälla-Skölsta,9.051296667737192,6.119287374128582
03800363,Gåvsta,3.755968298176945,1.925545571245186
03800367,Rasbokil-Södra Rasbobygden,3.32601041315866,4.166666666666667
03800368,Stavby-Tuna,2.2483090665682224,4.330708661417323
03800381,Danmark-Kumla,14.923041908069953,4.199475065616798
03800382,Gunsta tätort,8.702449213861952,6.871794871794871
03800383,Funbo-Marielund,5.2103932868351635,5.0
03800384,Länna,3.257182404672918,5.345911949685535
03800385,Almunge,4.037375935320993,3.8669760247486464
03800389,Knutby-Faringe-Bladåker,2.597268340807071,4.015151515151516
03800401,Vreta Ytternäs-Bodarna-Uppsala Näs Ö,3.7608182287920897,4.156769596199525
03800402,Dalby-Uppsala Näs västra-Västeråker,4.390050211401062,2.7777777777777777
03800403,Balingsta-Ramsta-Hagby,3.2070147516317995,5.927342256214149
03800404,Vänge tätort,7.274119365297792,6.495263870094723
03800408,Vänge västra-Skogstibble,4.951209774281339,4.1227229146692235
03800409,Järlåsa-Skyttstennäs,6.527773130824314,5.758157389635317
03810105,Kryddgården,6.833286095810705,4.1540785498489425
03810106,Munksundet,5.741766405185706,5.14993481095176
03810107,Västerleden S,31.85985056287908,16.733067729083665
03810108,S:t Ilian S,11.056993776655032,7.314897413024085
03810109,Bergvreten,10.156355872815983,5.732484076433121
03810110,Korsängen,14.991446366855776,6.5198237885462555
03810111,Gånsta,4.312681931337762,3.0627871362940278
03810112,Fanna,10.509747005890397,6.406149903907751
03810113,Åkersberg,8.958270639634232,4.7225501770956315
03810114,Bredsand,3.7009885726850467,2.427564604541895
03810120,S:t Ilian N,16.820762614093987,7.569444444444445
03810122,Enögla,26.413891861573028,17.391304347826086
03810123,Västerleden N,22.088028026650708,11.758118701007838
03810124,Romberga,33.95222746155331,16.70886075949367
03810127,Sparrsätra,3.205079770098379,2.7370478983382207
03810225,Svinnegarn,2.765072979765646,2.5742574257425743
03810526,Hummelsta,4.3001134940183965,3.534136546184739
03810901,Lillkyrka,2.654756416697796,2.31023102310231
03811703,Grillby,4.067691278930912,3.961848862802641
03811804,Skolsta,3.3550015151772197,2.5943396226415096
03812128,Örsundsbro Ö,3.3012589871278837,4.245591116917048
03812629,Örsundsbro V,2.8334181905187115,4.384724186704385
03813132,Fjärdhundra,3.5785975155436596,3.586321934945788
03813331,Torstuna,1.7222056525849743,3.5964912280701755
03820101,Östhammars centrum,4.204942470748385,3.9122137404580153
03820118,Kristinelund - Boda,8.506766790846141,6.4402810304449645
03820208,Norrskedika - Valö - Forsmark,2.3981400727009214,2.176278563656148
03820403,Öregrund norra - Gräsö,1.694344465744194,2.845927379784102
03820404,Öregrund södra - Söderön,1.8548972543972022,1.7120622568093384
03820405,Ed,4.782020936481595,3.1746031746031744
03820606,Hargshamn - Boda,4.9070908523218115,4.385964912280702
03820910,Alunda tätort,3.5410702063890924,4.711055276381909
03820911,Alunda - Ekeby,2.292819369913153,2.716225875625447
03821113,Gimo Västra,14.737994738044494,8.976833976833976
03821114,Gimo - Hökhuvud - Vattensta,3.557205717010118,2.9880478087649402
03821315,Österbybruk - Morkarla,3.0040034369655624,3.3088235294117645
03821316,Österbybruk - Dannemora - Film,3.5970924018211687,4.587869362363919
04280101,Centrum,22.24223827606649,9.84009840098401
04280102,Norra,9.043560605241296,3.9592760180995477
04280104,Södra,12.789389287240235,5.267778753292362
04280105,Högsjö,4.079334612222115,4.004004004004004
04280106,Baggetorp-Marmorbyn,3.71544882264729,3.0878859857482186
04280201,Österåker,3.021100016579256,2.2041763341067284
04610101,Freja,7.060187910257618,7.788461538461538
04610102,Dansut,4.7692201886599515,5.983606557377049
04610103,Gnesta Centralt,11.959145413083489,9.49868073878628
04610104,Frönäs,4.065407471544004,5.813953488372093
04610305,Gåsinge-Dillnäs,1.7521903544185087,6.862745098039215
04610406,Björnlunda,3.176895236950828,5.104408352668213
04610506,Gryt,6.779660546538368,8.291873963515755
04800001,Centrum,10.02785255056065,10.0
04800002,Väster,6.753774652772843,6.824146981627297
04800003,Nicolai,7.483771650468762,7.055630936227951
04800004,Stadsfjärden,11.76036324188616,5.200945626477542
04800005,Högbrunn,7.014385038510852,4.7368421052631575
04800006,Arnö Långsätter,8.470940155689238,6.637649619151252
04800007,Arnö Herrhagen,15.585692191650416,14.335664335664335
04800008,Rosenhill,7.289818950573326,4.069767441860465
04800009,Oppeby,5.832958567872285,4.682926829268292
04800010,Oppeby gård,8.65372202991365,5.945121951219512
04800011,Alla Helgona,12.276472258166043,7.328605200945627
04800012,Öster,8.484073043969333,7.766990291262136
04800013,Isaksdal,14.744265696292873,10.570626753975679
04800014,Östra Brandkärr,39.95003673744419,25.162689804772235
04800015,Ekensberg,24.49578608470298,15.501519756838906
04800016,Västra Brandkärr,40.50663024350565,13.861386138613861
04800017,Östra Bergen,5.832987172651847,7.397737162750218
04800018,Stenkulla,19.944846405100602,10.888501742160278
04800019,Rosenkälla,11.247137215146232,6.795131845841785
04800020,Brandholmen,7.312435722764039,3.3022254127781765
04800021,Bryngelstorp,3.7583500985231124,3.22265625
04800022,Ängstugan,5.253593565922483,4.9523809523809526
04800023,Helgona,4.825686501536119,3.269447576099211
04800024,Hagalund,4.813764563673284,5.334846765039727
04800025,Svärta,2.7475370874646363,5.014464802314368
04800026,Tystberga,3.8888822980997846,5.4985337243401755
04800027,Koppartorp,1.410258009854107,2.6
04800028,Nävekvarn,2.710780638345743,6.392045454545454
04800029,Bergshammar,5.393078406777045,4.153686396677051
04800030,Tuna,4.220715496931065,4.681647940074907
04800031,Lunda,1.4718616271059277,1.7879948914431674
04800032,Kila,2.782070912952174,4.535147392290249
04800033,Stigtomta Centrum,1.7667844183303483,2.8058361391694726
04800034,Stigtomta Ytterområde,1.4130795281312467,3.3300685602350635
04800035,Vrena,3.3645885427034337,4.269081500646831
04800036,Råby-Ripsa,3.364582577196761,3.549060542797495
04800037,Runtuna,2.3174157529243127,3.4943473792394655
04800038,Folkungavägen,12.276545456579159,7.962529274004684
04800039,Bränn-Ekeby,6.949078382267526,5.006954102920723
04810101,Norra innerstaden,24.32937558523186,8.251231527093596
04810102,Södra innerstaden,19.855795652504057,12.793733681462141
04810103,Dalgången,4.91214443851453,3.755522827687776
04810104,Frösäng,17.35534136695567,10.872313527180784
04810105,Sunda,3.8706070214515234,4.3478260869565215
04810106,Peterslund,5.7979653736070595,5.053449951409135
04810107,Danvik,2.551872726034646,3.9752650176678443
04820101,Flens västra,16.140538495343606,8.75912408759124
04820102,Flens norra,7.622900064085074,5.208333333333333
04820103,Flens östra,13.302530890416731,6.976744186046512
04820104,Flens södra,39.79932955488024,27.194244604316548
04820105,Flens centrum,26.231721729751804,18.52367688022284
04820209,Helgesta-Hyltinge,1.8147615705111084,4.965243296921549
04820507,Malmköping västra,8.955185954497795,8.372641509433961
04820508,Malmköping östra,8.261232441651064,5.084745762711864
04820705,Mellösa,3.0790077075762414,4.447115384615385
04820706,Hälleforsnäs,10.035616635392541,6.836616454229432
04820810,Bettna,2.189817325714527,3.510531594784353
04830001,Gamla vattentornet,24.080674635570904,13.961407491486947
04830002,Norr city,24.66425347083026,16.629213483146067
04830003,Lövåsen,17.46887238550718,5.052878965922444
04830004,Lokstallarna,23.61130331312251,10.344827586206897
04830005,Öster,12.321623463101927,4.662491301322199
04830006,Centrum,21.352680551699375,9.503424657534246
04830007,Oppunda,12.52068433510029,6.178707224334601
04830008,Skogsborg,8.540359275135962,5.239786856127886
04830009,Duveholm,7.569204782607659,3.451043338683788
04830010,Laggarhult,6.415027749156637,3.4389750505731627
04830011,Nyhem,25.978846345265183,14.70878578479763
04830012,Nävertorp,23.958669838575307,11.391223155929039
04830013,Värmbol,8.874171333574413,5.286343612334802
04830014,Bie,2.620135335766569,4.21455938697318
04830015,Julita,0.7402033396811057,4.795321637426901
04830016,Sköldinge-Floda,3.41756801095451,5.074626865671642
04830017,Valla,6.255286005355486,4.750402576489533
04830018,Forssjö,2.3275254959527025,3.2315978456014363
04830019,Björkvik,0.7607843778677419,2.8776978417266186
04840101,Eskilstuna Centrum Norra,24.57557611605683,12.371134020618557
04840102,Nyfors Centrum Västra,40.623227365579474,19.1129883843717
04840103,Nyfors Centrum Östra,46.135811890858854,22.451790633608816
04840104,Nyfors Östra,27.9129638181698,12.937743190661479
04840106,Övre Nyfors,32.62114102255464,12.186689714779602
04840107,Västermalm - Brunnsbacken,47.27795715975439,20.397350993377483
04840108,Västermalm - Myrtorp,26.354837885789546,11.895424836601308
04840109,Fröslunda-Tallåsparken,50.92450856642338,25.821596244131456
04840110,Fröslunda-Björkhultsvägen,56.04907197582911,24.29530201342282
04840111,Råbergstorp - Lagersberg,59.0494007324537,25.40045766590389
04840112,Tunavallen,15.208422730210186,7.112526539278131
04840113,Lundby - Gredby,16.478416491702397,5.645161290322581
04840114,Ekeby - Brottsta,10.94848257387364,4.765751211631664
04840115,Stenby,29.019214684375967,10.882956878850102
04840116,Mesta,15.037961438906853,6.228668941979522
04840117,Gamla Staden,11.268536878508788,7.6923076923076925
04840118,Slottsbacken,17.42684176574496,8.76993166287016
04840119,Stadsparken Östra,20.255383708066113,18.055555555555557
04840120,Ekbacken,18.474019081102064,8.897126969416126
04840121,Eskilshem - Röksta,25.326342384715854,11.288604898828542
04840122,Årby,46.719678428882645,29.10360884749709
04840124,Munktellstaden - Valhalla,14.000945590641203,9.0311986863711
04840125,Ärna,14.178082015099948,6.218274111675127
04840126,Måsta - Helgestahill,13.637900687442949,6.1200923787528865
04840127,Slagsta,14.071640476657707,6.984667802385008
04840128,Ärsta - Sal - Skiftinge Norra,35.458448226045086,12.705272255834053
04840129,Skiftinge Södra,32.3504922164376,18.282828282828284
04840130,Östermalm,18.56703476552716,9.873417721518987
04840131,Hisingsbacke,16.165723432798288,9.140767824497258
04840132,Sveaplan - Sjukhusområdet,15.24712087807514,10.180275715800637
04840134,Eskilsparken,9.004575632403197,7.32484076433121
04840135,Söderängsparken,14.438771114222224,7.984790874524715
04840136,Lustigbacke,15.077156695923698,8.248587570621469
04840137,Snopptorp - Skogsängen Västra,16.51005346338575,7.658833768494343
04840138,Viptorp - Skogsängen Östra,30.498556306574336,17.696969696969695
04840139,Odlaren - Hagnestahill,8.118640484420613,4.726027397260274
04840140,Solvik - Kogne - Roxnäs,6.530574998803104,3.433922996878252
04840141,Krusgården,16.800393552411617,12.223858615611192
04840142,Göksten,12.700978939084827,5.490196078431373
04840143,Torshälla Centrum och Gamla staden,5.736983920867357,8.88030888030888
04840144,Edvardslund - Haga,7.3122145084260755,3.8392857142857144
04840145,Kjula,2.9470973906327016,3.5480859010270773
04840146,Barva - Jäder,1.9383524895474444,3.781094527363184
04840147,Hammarby - Vallby,6.161197094375729,3.251231527093596
04840148,Hällbybrunn Södra - Råby-Rekarne,8.218504380611899,3.203125
04840149,Hällbybrunn Norra,9.126289224014286,5.0395256916996045
04840150,Kvicksund,3.132561172285549,1.7355371900826446
04840151,Gillberga - Lista,2.8155934701314216,3.094606542882405
04840152,Öja - Västermo,2.3331171188092927,3.125
04840153,Näshulta,1.9888127830959748,3.6984352773826457
04840154,Skogstorp Norra,5.275007002444283,5.95903165735568
04840155,Skogstorp Södra,7.515169781795408,4.6660567246111615
04840156,Hållsta,5.607887825840859,5.194805194805195
04840157,Hällberga,4.589554839304771,3.7484885126964933
04840158,Ärla,2.8079699742165873,3.563791874554526
04840159,Borsökna Västra,8.60313122564077,3.545232273838631
04840160,Eskilstuna Centrum Södra och Väster,32.108707285714424,11.883802816901408
04840161,Sundbyholm,2.628719469761909,2.418379685610641
04840162,Mälarbaden - Mälby - Ängsholmen,5.72754725097071,0.9927797833935018
04840164,Borsökna Östra,8.707767177108984,3.851091142490372
04840165,Stadsparken Västra,18.236764931322984,10.918114143920596
04860101,Eldsund-Tingstuhöjden,17.903259303967722,13.043478260869565
04860102,Ulvhäll-Långberget,9.179485746942733,6.224066390041494
04860103,Tallåsen-Sörgärdet,6.8145604347872215,4.709418837675351
04860104,Kyrkberget-Kvarnbacken,5.597023460363715,4.317180616740088
04860105,Stadsskogen,23.986059984467065,13.104325699745548
04860106,Finninge,10.366216380568433,5.510653930933137
04860107,Dammen-Malmby-Löt,9.171392726920972,8.668076109936575
04860108,Strängnäs centrum,7.701042526380311,5.19774011299435
04860109,Stavlund -Södra Tosterö,9.732915153176254,4.375804375804376
04860110,Norra Tosterö - Aspö,3.6838488970247028,2.5191675794085433
04860111,Storgärdet-Sidöparken,16.004360599679405,4.531085353003161
04860112,Abborrberget - Sundby,5.638728452279036,5.686695278969957
04860401,Mariefred C,3.030203175687987,3.909090909090909
04860402,Öster-Ekhov-Kalkudden,4.912608190938142,3.902439024390244
04860403,Slottsbrinken-Viggeby,2.70981178391083,3.1044214487300095
04860404,Marielund-Hedlandet,4.3417427618781925,3.193916349809886
04860501,Länna,3.1814632620967687,2.070393374741201
04860601,Åker S,10.204452322897257,4.73186119873817
04860602,Åker N,6.693485337945212,4.1191936897458366
04860701,Toresund,3.335621689888401,3.4580098800282286
04860801,Ytterselö-Överselö,3.0849706074683043,5.516637478108581
04861301,Härad,3.7780937308972056,4.571428571428571
04861401,Vårfruberga,2.5968864310347675,3.426791277258567
04880101,Trosa sydost,6.426269956690004,3.676470588235294
04880102,Trosa sydväst,2.2682214111782133,3.7344398340248963
04880103,Trosa södra,3.4035634256175853,1.8386108273748722
04880104,Trosa centrum,3.3759363641291644,3.6601307189542482
04880105,Trosa nordväst,2.1715408070496958,2.4618991793669402
04880106,Trosa norra,4.756730701105522,4.108463434675431
04880201,Vagnhärad norra,6.42746447347902,5.509641873278237
04880202,Vagnhärad södra,3.7468453784374502,3.239289446185998
04880203,Vagnhärad västra,10.93300019382757,7.6923076923076925
04880204,Vagnhärad östra,8.538229178540742,5.1317614424410545
04880301,Västerljung,2.304601029185563,4.881450488145049
05090401,Alvastra,3.4550223544340506,3.3482142857142856
05090501,Ödeshög,7.667174876860566,3.8856304985337244
05090601,Holaveden,1.857211782846887,2.193548387096774
05120501,Österbymo-Norra Vi-Rydsnäs-Svinhult,4.946081421849161,3.9552880481513326
05120601,Hestra-Asby,1.4445174358369757,2.583423035522067
05130201,Kisa samhälle,5.891364476782085,4.012345679012346
05130202,Kisa västra,10.182765209093928,4.74090407938258
05130203,Kisa sydöstra,11.515940150394025,6.139438085327783
05130401,Horn-Hycklinge-Björkfors,1.2168933215618538,3.7735849056603774
05130901,Rimforsa S,1.3411077214893738,3.4111310592459607
05130902,Rimforsa N,2.0210783207105583,3.6750483558994196
05600201,Boxholm Östra-Malexander-Blåvik,5.076916611962629,5.394190871369295
05600202,Boxholm Västra m fl,6.811730418465786,7.199367088607595
05600401,Strålsnäs-Åsbo-Ekeby-Rinna,1.4076726450116281,2.981651376146789
05610301,Åtvidabergs centrum 1,4.880317300164868,5.442176870748299
05610302,Åtvidabergs centrum 2,3.867043816268612,3.604193971166448
05610303,Åtvidaberg syd,3.4813180375802313,2.8928850664581702
05610304,Åtvidaberg öst,8.517304684112814,5.41740674955595
05610305,Åtvidaberg nord,0.976277922822153,2.2501654533421576
05620101,Centrum,8.870122291383067,6.217616580310881
05620102,Bergska,6.472696053855433,6.614785992217898
05620103,Svälthagen,7.636834857710269,5.8441558441558445
05620105,Viggestorp,3.055005271114734,2.9322548028311424
05620106,Östermalm,11.048626538898416,6.355511420059583
05620108,Storängen,17.89068311633018,8.088235294117647
05620109,Grosvad,12.368251480130064,11.088504577822992
05620110,Lotorp,4.717621505404995,2.803738317757009
05620111,Hårstorp Södra,15.637804936093035,9.69441517386723
05620112,Hårstorp Norra,12.058925023172135,8.771929824561404
05620113,Nyhem,19.24621850803867,9.113607990012484
05620205,Grytgöl-Ljusfallshammar,1.6597509960227967,3.8940809968847354
05620206,Hällestad-Sonstorp,1.3331009598352097,3.104575163398693
05620301,Regna,1.9963703215397028,5.912596401028278
05620402,Rejmyre,2.0763563631402024,3.982300884955752
05620404,Hävla,2.0334921792960166,4.329004329004329
05630101,Valdemarsvik 1,10.052128898485476,7.351555136663525
05630102,Valdemarsvik 2,8.737454784000878,6.50730411686587
05630201,Ringarum,1.07181145778491,3.8135593220338984
05630202,Gusum,5.4579079894045535,3.9613526570048307
05630401,Gryt,0.8947288677106147,2.5295109612141653
05630501,Tryserum-Östra Ed,1.7489094102302032,2.7729636048526864
05800101,Domkyrko 1 (Nedre Vasastaden V),7.76147819910871,6.666666666666667
05800102,Domkyrko 2 (Hunneberg),4.663352127442252,7.547169811320755
05800103,Domkyrko 3 (Övre Vasastaden Ö),8.927422301744405,8.395324123273113
05800104,Domkyrko 4 (Övre Vasastaden V),18.5215783594109,14.849428868120457
05800105,Domkyrko 5 (Nedre Vasastaden Ö),8.858650821366721,6.525735294117647
05800106,Domkyrko 6 (Kanberget mfl),6.978294749665926,6.255283178360101
05800107,Domkyrko 7 (Innerstaden S),10.391053150299989,7.153846153846154
05800108,Domkyrko 8 (Ekkällan-Stolplyckan),10.981634205548039,12.47987117552335
05800109,Domkyrko 9 (Gottfridsberg NO),14.782773872961439,10.20910209102091
05800110,Domkyrko 10 (Gottfridsberg SO),8.479550607222812,8.325952170062001
05800111,Domkyrko 11 (Fridhem),5.839687289995125,6.454816285998014
05800112,Domkyrko 12 (Barhäll-Tornhagen),6.626418153794308,6.330275229357798
05800113,Domkyrko 13 (Åbylund),12.70923609249285,10.261780104712042
05800114,Domkyrko 14 (Valla),5.871924333241442,5.6055363321799305
05800115,Domkyrko 15 (T1 N),8.213206998975702,8.926673751328375
05800116,Domkyrko 16 (T1 S),7.849061633756092,7.535986452159187
05800117,Domkyrko 17 (Innerstaden N),10.941082661451805,8.333333333333334
05800118,Domkyrko 18 (Övre Vasastaden N),10.391747146192296,5.434782608695652
05800119,Domkyrko 19 (Folkets Park),6.183065733492495,5.657237936772047
05800120,Domkyrko 20 (Vallastaden N),10.650872114778164,7.468354430379747
05800121,Domkyrko 21 (Vallastaden S),11.78485801689344,6.93717277486911
05800122,Domkyrko 22 (Ebbe Park),8.21181119507581,6.862745098039215
05800201,S:t Lars 1 (Innerstaden NO),15.938577622038192,10.434782608695652
05800202,S:t Lars 2 (Innerstaden Ö),10.107410335143477,6.95142378559464
05800203,S:t Lars 3 (Hejdegården),8.08781076540286,6.47419072615923
05800204,S:t Lars 4 (Kungsberget V mfl),5.792325906046811,5.7947019867549665
05800205,S:t Lars 5 (Kungsberget-Tannefors N),10.860562818879002,7.884972170686456
05800206,S:t Lars 6 (Råberga-Tannefors S),10.754901776623306,6.666666666666667
05800207,S:t Lars 7 (Innerstaden SO),8.547275157567901,4.609929078014185
05800208,S:t Lars 8 (Stångån V),12.938320274963827,8.34990059642147
05800301,Landeryd 1 (Hackefors mfl),3.0684275232513736,1.606425702811245
05800302,Landeryd 2 (Ekholmen NO mfl),15.484500000223033,9.463414634146341
05800303,Landeryd 3 (Kvinneby mfl),4.891187059725972,3.8112522686025407
05800304,Landeryd 4 (Ekholmen NV),11.311549477063654,5.877413937867338
05800305,Landeryd 5 (Ekholmen SO),9.886591185668113,5.609284332688588
05800306,Landeryd 6 (Hjulsbro mellersta),5.0857079759203,2.986161689730517
05800307,Landeryd 7 (Ekholmen SV),7.065366732986833,4.496402877697841
05800308,Landeryd 8 (Ullstämma),4.945798888078158,3.1645569620253164
05800309,Landeryd 9 (Möjetorp-Holmen),4.807613375319441,3.233256351039261
05800401,Slaka 1 (Lambohov C),22.84285136553908,20.491803278688526
05800402,Slaka 2 (Lambohov Ö),17.163546355796935,7.424242424242424
05800403,Slaka 3 (Slaka-Lilla Mjärdevi),11.855420421681652,5.182481751824818
05800404,Slaka 4 (Lambohov S),15.996282905405556,10.993843447669304
05800405,Slaka 5 (Lambohov N),23.241022570206766,15.888778550148958
05800501,Kärna 1 (Malmslätt SO mfl),13.236626760302512,3.576158940397351
05800502,Kärna 2 (Malmslätt mellersta),5.634012466507035,3.4360189573459716
05800503,Kärna 3 (Tokarp),10.103773688266873,4.385964912280702
05800504,Kärna 4 (Malmslätt V),7.467205727919664,3.5608308605341246
05800601,Kaga-Ledberg,4.597491207417441,2.4132730015082955
05800801,Vist 1 (Vist-Sturefors S),2.347935700668563,3.3737024221453287
05800802,Vist 2 (Sturefors N),3.445372247516256,3.695806680881308
05800901,Vårdnäs,1.512195133468175,2.7453671928620453
05801001,Skeda,2.1824319705353235,3.2822757111597376
05801101,Nykil-Gammalkil,2.3763894499380513,2.723004694835681
05801201,Ulrika,2.376389330220971,3.937007874015748
05801401,Sjögestad,2.8646633684253544,2.1442495126705654
05801501,Västerlösa-Björkeberg,2.230483150369044,3.5511363636363638
05801701,Rappestad (Rappestad-Vikingstad N),2.5235578638518654,2.938388625592417
05801801,Vikingstad (Vikingstad S),5.473115696825301,3.381962864721485
05801901,Vreta Kloster 1 Berg-Vreta Kloster S,2.6124955690365423,2.562170308967596
05801902,Vreta Kloster 2 Ljungsbro-Vreta Kl N,2.4775520731053478,3.1171019376579614
05801903,Vreta Kloster 3 (Ljungsbro Ö),4.123995620732204,4.3119266055045875
05801904,Vreta Kloster 4 (Ljungsbro S),4.4640330700248025,2.9285099052540913
05801905,Vreta Kloster 5 (Ljungsbro V),5.566183262783883,3.9385206532180597
05802001,Flistad-Ljung,1.7850593417559744,1.7293997965412005
05802201,Stjärnorp,0.9922822996951353,2.460456942003515
05802401,Östra Harg-Rystad 1 (Ö Harg-Rystad),5.151320427796864,2.0903010033444818
05802402,Rystad 2 (Tallboda V),8.456363547609463,5.29595015576324
05802403,Rystad 3 (Tallboda Ö),8.194692752293715,3.1604538087520258
05802404,Rystad 4 (Ekängen),5.5948249193353705,2.2111269614835947
05802501,Törnevalla (Linghem Ö),2.3726421085694414,2.599388379204893
05802701,Lillkyrka-Gistad-Ö Skrukeby,2.3533309480783586,2.510460251046025
05802901,Örtomta-Askeby,2.681159321991176,2.947598253275109
05803101,Bankekind,2.113459421885043,3.694267515923567
05803201,Vårdsberg (Linghem S),1.9841426299700922,2.728613569321534
05803301,Berga 1 (Ramshäll),20.34572249567163,12.235915492957746
05803302,Berga 2 (Berga NO),38.22286929907887,25.84973166368515
05803303,Berga 3 (Berga NV),44.2513603022591,31.823204419889503
05803304,Berga 4 (Berga SO),9.289088808991627,6.954689146469969
05803305,Berga 5 (Vidingsjö N),4.155290012230242,2.854122621564482
05803306,Berga 6 (Berga SV),22.763895090246645,18.042226487523994
05803307,Berga 7 (Vidingsjö S),4.903684538698871,3.810504634397528
05803308,Berga 8 (Haninge mfl),6.240094797566251,5.52423900789177
05803309,Berga 9 (Hagaberg),7.68861509479691,4.62882096069869
05803310,Berga 10 (Södra Ekkällan N),9.638459579160497,5.3097345132743365
05803311,Berga 11 (Södra Ekkällan S),7.777187760850772,7.5535512965050735
05803401,Johannelund 1 (Vimanshäll),12.214489264673352,7.440476190476191
05803402,Johannelund 2 (Johannelund NV),15.154754100824546,12.162162162162161
05803403,Johannelund 3 (Johannelund NO),10.89638847946038,7.922912205567452
05803404,Johannelund 4 (Ånestad),3.894515918325718,4.863481228668942
05803405,Johannelund 5 (Johannelund SV),7.4221654736266105,7.859848484848484
05803406,Johannelund 6 (Johannelund SO),11.346998850997682,6.952965235173824
05803501,Skäggetorp 1 (Skäggetorp C),51.11750591973444,27.473958333333332
05803502,Skäggetorp 2 (Nygård),43.409883334383245,23.272727272727273
05803503,Skäggetorp 3 (Skäggetorp SV),48.212730700050926,26.86390532544379
05803504,Skäggetorp 4 (Skäggetorp V),52.1674758833909,27.892234548335974
05803505,Skäggetorp 5 (Tornby-Skäggetorp N),42.52309453526066,28.733997155049785
05803601,Ryd 1 (Ryd N),16.561627034034593,11.450381679389313
05803602,Ryd 2 (Ryd SO),28.301717951862894,18.81188118811881
05803603,Ryd 3 (Ryd SV),42.63459314491494,24.852941176470587
05803604,Ryd 4 (Ryd NO),35.55876963754394,31.025641025641026
05803605,Ryd 5 (Ryd mellersta),24.717705659282228,14.396456256921374
05810104,Hultdalen-Skriketorp,3.406335937680498,3.5803497085761866
05810105,Jursla,3.477659134988363,2.733485193621868
05810106,Åbymo,8.825519733763155,8.265213442325159
05810107,Åby Östra,2.7729756228373277,4.471544715447155
05810108,Torshag-Simonstorp,2.2091258585188323,3.7854889589905363
05810111,Hallberga-Fyrby,6.905250194000102,4.197761194029851
05810112,Pryssgården,5.3620211253971775,2.8933092224231465
05810113,Eneby Centrum,8.136576534534724,5.631067961165049
05810114,Karlshov-Sandbyhov,8.972912394270606,2.4667931688804554
05810115,Taborsberg,8.845082055999882,6.9109947643979055
05810123,Saltängen-Nya torget,11.810075936663786,5.843071786310517
05810124,Lagerlunda-Herstadberg,10.226621950051095,6.644880174291939
05810125,Strömparken-G:a Rådstugugatan,14.375061034082778,11.267605633802816
05810126,Rosen-Gamla staden,18.31720189112009,14.50381679389313
05810129,Djäknepark,15.271140436769667,16.646562123039807
05810131,Söder Tull,22.22711687368452,16.42935377875137
05810134,Såpkullen,12.201889788880917,7.247796278158668
05810201,Kvarnberget-Tingstad,28.822709033350375,4.343220338983051
05810203,Mamre,32.98195947023326,12.607449856733524
05810204,Vrinnevi-Klingsborg,34.93701868223796,23.57247437774524
05810205,Portlåset,49.44187262300277,25.801749271137027
05810206,Hageby Centrum,43.02503361363055,23.73949579831933
05810207,Smedby,4.606195427600309,3.070539419087137
05810208,Brånnestad,9.413251658353296,2.76981852913085
05810211,Ljunga,3.0164311563608655,2.0422535211267605
05810212,Kuddby,1.567653788784503,2.3700305810397553
05810213,Östra Husby,2.1528746899698463,2.6203966005665724
05810214,Kättinge,0.615070654074328,2.8472821397756687
05810217,Berga-Långtorp,5.132444841384022,1.2234910277324633
05810218,Ljura,28.37452722222505,19.04218928164196
05810219,Sankt Johannes,13.36866876099637,6.951340615690169
05810220,Klingsberg,11.850814637615434,8.423913043478262
05810223,Kneippen,4.026846898724493,3.7914691943127963
05810224,Skarphagen,10.664260943325127,5.981308411214953
05810225,Björkalund-Kårtorp,8.848664485444736,3.8461538461538463
05810231,Borg,13.620170666054234,4.081632653061225
05810232,Kullerstad-Vickelby,3.0775652107885203,2.7005559968228754
05810233,Mosstorp,2.8942892877200195,3.5313001605136436
05810234,Vånga,1.2493590583715624,2.9736618521665252
05810235,Kimstad,2.7328556351413065,4.516129032258065
05810236,Norsholm-Skärkind,1.4440695465483417,3.0120481927710845
05810237,Kärrhagen-Kättsätter,5.704796242965984,2.9100529100529102
05810238,Atriumhusen,32.261130855408936,18.79021879021879
05810239,Ringdansen,30.335528281962866,30.77777777777778
05810240,Vasaparken-Ljurafältet,16.268139748129656,16.095534787123572
05810241,Vidablick,9.293199149749396,5.9145673603504925
05810242,Söderporten,53.58082522123792,23.71475953565506
05810243,Porten,48.151404871577704,23.76425855513308
05810301,Kolmården Västra,2.023945521753858,2.980769230769231
05810302,Kolmården Östra,1.9124180305024219,4.795204795204795
05810401,Krokek Södra,1.8502376040039539,3.5429583702391496
05810402,Krokek Norra,1.9993089897571856,3.4313725490196076
05810501,Svärtinge Mellersta,3.4471154802132435,2.241793434747798
05810502,Svärtinge Västra,3.941097903307458,2.380952380952381
05810503,Svärtinge Östra,3.8974918110628414,2.914389799635701
05810601,Haga Södra,11.901112266349093,8.482142857142858
05810602,Haga Norra,11.602755980118065,7.992007992007992
05810701,Marielund Mellersta,23.256650771500723,28.67867867867868
05810702,Marielund Västra,10.712162294624196,10.169491525423728
05810703,Marielund Södra,26.30967529900032,9.66824644549763
05810801,Nordantill Nordväst,20.518033983877327,24.67866323907455
05810802,Nordantill Nordost,14.546782668387475,9.193245778611633
05810803,Nordantill Sydväst,14.749273895635987,12.429378531073446
05810804,Nordantill Sydost,13.520201974766469,8.982035928143713
05810901,Östantill Östra,29.43009702259591,16.41443538998836
05810902,Östantill Västra,26.813632348423912,17.024128686327078
05811001,Oxelbergen Norra,6.062899884923837,7.560756075607561
05811002,Oxelbergen Södra,12.873436511367949,10.531496062992126
05811101,Söderstaden Östra,11.426156170600342,7.3502722323049
05811102,Söderstaden Västra,11.808481635834744,10.47008547008547
05811201,Berget Norra,18.33810677158443,8.83084577114428
05811202,Berget Västra,23.49835915951213,16.26865671641791
05811203,Berget Östra,12.734105994753122,16.791979949874687
05811301,Rambodal Södra,6.975645045347567,2.867383512544803
05811302,Rambodal Norra,5.898955962228292,2.9552715654952078
05811401,Lindö Östra,5.103453000153218,1.4878621769772906
05811402,Lindö Västra,6.224897962119261,1.468048359240069
05811501,Ektorp Södra,9.773732327368123,9.333333333333334
05811502,Strömbacken-Ektorp,19.355539485723902,13.029989658738366
05811503,Ektorp Centrum,27.837089179479978,16.916780354706685
05811601,Vilbergen Norra,6.8730002493923195,9.129511677282379
05811602,Vilbergen Södra,9.701305420283637,5.155642023346304
05811603,Vilbergen Västra,10.59745601019076,6.313645621181263
05811701,Klockaretorpet Östra,11.603989909268172,7.890070921985815
05811702,Klockaretorpet Norra,24.074666027338683,12.882298424467098
05811703,Klockaretorpet Södra,21.840708574521084,11.361310133060389
05820101,S:t Laurentii,5.61801501390142,4.56140350877193
05820102,Bossgård,3.1204613869307205,3.826955074875208
05820103,Alboga,7.448779352334755,5.200433369447454
05820201,Drothem,2.300523850548053,2.5499655410062028
05820301,Skönberga,3.959490844842816,4.0669856459330145
05820401,Västra Husby-Gårdeby,1.2237797067886076,2.926115581565472
05820601,Östra Ryd,1.2924071361275447,2.8400597907324365
05820701,Skällvik-Mogata,1.6313935335354768,2.785782901056676
05820801,Sankt Anna-Börrum,1.6313932247663523,1.6304347826086956
05830101,Bispmotala,14.61021042404592,9.538152610441767
05830102,Centrum,7.891214626787377,4.711111111111111
05830103,Hyddmarken,20.192235401021655,8.244422890397672
05830104,Marieberg -Västra,7.990430469033085,3.5878564857405704
05830105,Östermalm,6.532246188939015,4.83005366726297
05830106,Bergsätter,12.195447998876038,4.256965944272446
05830107,Borenshult,2.2340316857833904,4.287690179806362
05830108,Bråstorp,4.076916173891097,2.825278810408922
05830109,Söder,3.267501323922376,2.5069637883008355
05830110,Ekenäs,19.029432813577372,10.725893824485373
05830111,Charlottenborg,19.90576889558782,11.54903758020165
05830112,Holm,4.564674278991101,4.36477007014809
05830113,Mossen,9.187587711065854,3.8704581358609795
05830114,Samuelsberg,9.438743658203004,6.722689075630252
05830115,Ekön,31.423813610661764,27.376425855513308
05830116,Brunnsvik,4.539833082147893,2.8995756718528995
05830117,Marieberg-Östra,24.366985559000046,15.741935483870968
05830301,Nykyrka,1.555464327769174,2.570480928689884
05830401,Godegård,1.8303836784186125,3.9080459770114944
05830601,Borensberg Västra - Kristberg,1.4982862593865196,2.4035420619860846
05830602,Borensberg Östra,2.257360418641313,5.0271739130434785
05830801,Fornåsa - Österstad,1.6843922915906715,2.921195652173913
05832201,Tjällmo,1.804328588943143,2.7548209366391183
05832301,Fågelsta,2.22565146340894,3.948896631823461
05840101,Innerstaden,2.3535620300596376,4.797979797979798
05840102,"Kvissberg, Borgmästarområdet mfl",9.170406340925872,7.777777777777778
05840103,Gamla Söder-Nya Söder-Hertigen mfl,4.14731142285482,5.240549828178694
05840105,"Birgitta, Haga, Hagebyhöga, Hov mfl",1.5584758934616998,2.956989247311828
05840301,"Borghamn, Skedet, Rogslösa mfl",1.020337602898469,4.705882352941177
05860101,Dacke-Egebybacken,9.182371491884266,3.9593908629441623
05860102,Västra Lundby,18.67976900319068,8.421052631578947
05860103,Slomarp-Egeby-Prästgårdsliden,20.974639613577747,11.753371868978805
05860104,Östra Lundby mfl,14.309313877399667,7.724601175482787
05860105,Norrgården-Albacken mfl,10.976735555575406,4.712041884816754
05860106,Vasastaden,3.9676446864741655,3.9390088945362134
05860107,Eldslösa,4.216247063899852,4.438860971524288
05860108,Lagman,12.322238482047512,8.722358722358722
05860201,Högby,15.048615516329027,6.74955595026643
05860301,Västra Lund-Trojenborg,3.8611336038297353,4.618937644341801
05860302,Skänninge landsbygd,2.754135273574299,2.756892230576441
05860303,Skänninge centrum-Hattorp,6.642115790876743,6.621004566210046
05860701,Normlösa mfl,1.0714391584598328,1.7569546120058566
05861001,Väderstad-Appuna-Hogstad-Kumla,1.792826608177874,2.4928092042186
05861401,Sya-Västra Harg-Östra Tollstad,1.794919977166095,2.423112767940354
05861701,Viby,4.07841304856381,2.949438202247191
05861801,Veta,2.6591921729828876,2.1714285714285713
05861901,Mantorps centrum mfl,4.142509106428964,3.406113537117904
06040103,Aneby Västra,3.208743329944424,3.026775320139697
06040202,Aneby Södra,12.851456849980245,6.106870229007634
06040301,Aneby Östra,3.6715365758262632,3.1014249790444257
06170202,Åsenhöga-Källeryd,2.0833730677154962,3.663003663003663
06170303,Kävsjö,11.107660558508577,3.173076923076923
06170404,Kulltorp,5.410345331183301,1.1173184357541899
06170501,Gnosjö Norra,15.072748196717152,6.221719457013575
06170502,Gnosjö Östra,12.456809615929572,3.942652329749104
06170503,Gnosjö Västra,25.224616116407795,7.601572739187418
06420103,Sandhem-Utvängstorp,3.0469220145286227,4.580152671755725
06420301,Mullsjö västra,4.953092153385028,3.6878216123499143
06420302,Mullsjö östra,6.436766365401058,5.271828665568369
06420304,Mullsjö södra-Bjurbäck,5.1932426351683745,3.0483271375464684
06430101,Bränninge,6.1349299171415455,4.39882697947214
06430102,Centrum-Gunnarsbo,7.655029014272603,4.381443298969073
06430104,Kyrkbyn-Furusjö,1.8249519650080432,3.4836065573770494
06430105,Gustav Adolf-Brandstorp,1.4450321481423078,2.5157232704402515
06430107,Kärr,4.286980760870895,2.65748031496063
06430108,Kråkeryd-Mölekullen,4.969589408742655,2.256317689530686
06430110,Kärnekulla-Sjogarp,3.5361380975830445,1.3623978201634876
06620101,Gislaved  C,22.811074585508283,18.295218295218294
06620102,Gullvivan,37.67058981242759,21.58774373259053
06620103,Lundåker,13.901213372036604,8.633093525179856
06620104,Sörgården,7.12487082442206,3.912647861692448
06620105,Henja,13.18889467868246,11.98589894242068
06620106,Gyllenfors-Hult,13.857582947113025,9.066305818673884
06620107,Våthult-Bosebo-Båraryd,10.114732829564296,1.9434628975265018
06620408,Anderstorp C,7.058212187158866,5.492424242424242
06620409,Anderstorp N,13.487642487900017,4.647006255585344
06620410,Anderstorp S,18.443716522590794,9.89247311827957
06620913,Smålandsstenar C,9.529484014658102,6.430868167202572
06620914,Smålandsstenar V,8.224092935738767,5.276174773289365
06620915,Smålandsstenar Ö,13.73774832430365,6.595995288574794
06621017,Burseryd-Sandvik,4.994319796840158,5.140758873929008
06621218,Gryteryd-Södra Hestra,1.3689915296613344,2.1937842778793417
06621419,Ås-Kållerstad,0.8464543668809826,1.5827338129496402
06621620,Reftele,6.494822189711704,2.6778242677824267
06621621,Norra Hestra,5.217555766435872,3.722943722943723
06650101,Vaggeryd västra,3.6384269599207846,1.8126888217522659
06650102,Vaggeryd norra,8.771928387094261,6.778309409888357
06650103,Vaggeryd östra,9.806834584467309,6.490727532097004
06650104,Byarum-Bondstorp,2.3996003034834925,2.215508559919436
06650305,Västra Skillingaryd-Tofteryd,6.4108204428378395,4.516539440203562
06650306,Skillingaryd östra,18.842222169137344,9.39183987682833
06650509,Åker-Hagshult,2.093211851864167,2.3529411764705883
06650610,Hok-Svenarum,3.0221336384756388,3.1287605294825513
06800120,Samset-Sveahäll,10.973655944264369,4.244482173174872
06800121,Sofia,10.932103774519069,5.243088655862726
06800125,Mariebo,5.077389744173847,3.6603221083455346
06800126,Centrum V,11.658134767380645,7.366296670030272
06800127,Söder,6.548558619890357,6.058446186742694
06800128,Västra Torget,10.170482070079787,8.898305084745763
06800129,Friaredalen,10.554394685221009,9.316239316239317
06800130,Munksjö,12.498078623816646,8.968609865470851
06800131,Torpa Ö,8.044301635880243,4.804804804804805
06800132,Torpa V,6.527183613544722,4.351939451277199
06800133,Tokarp,5.033263781524628,5.008635578583765
06800134,Gräshagen-Torpa,8.831091193473076,7.314974182444062
06800135,Bäckalyckan,6.933390470395418,4.799370574350905
06800136,Hisingstorp-Dalvik,11.08368422512644,6.741573033707865
06800137,Skänkeberg-Dalvik,8.964337433847719,6.862745098039215
06800138,Bymarken,5.620209082533108,1.4738393515106853
06800139,Vätterslund - Åbolid,8.491790915516264,2.3890784982935154
06800140,Munksjöstaden,9.824374493220137,4.361702127659575
06800141,Dunkehalla,7.620750002997456,4.061251664447403
06800142,Kortebo-Strandängen,8.229474207232096,8.249496981891348
06800200,Kålgården Ö,8.386316571268447,3.0728709394205445
06800201,Centrum Ö,11.026978559187992,7.5
06800202,Erik Dahlberg,15.875079422601786,9.127301841473178
06800203,Kålgården V,9.817911479540422,4.0358744394618835
06800204,Liljeholmsparken,14.822382977779718,7.23404255319149
06800205,Ekhagen S,21.753576509706253,13.325867861142218
06800206,Ekhagen N,25.83283964394647,13.095238095238095
06800207,Bondberget,14.399231796057375,6.399235912129895
06800211,Rosenlund S,14.86953899927258,7.535641547861507
06800212,Rosenlund N,16.844823971205496,7.740324594257179
06800213,Vättersnäs,12.301969153829523,3.2638259292837715
06800214,Österängen V,52.23044479995932,28.640192539109506
06800215,Österängen Ö,46.661147327055524,23.603192702394526
06800216,Liljeholmen,15.03210010020662,9.315589353612168
06800318,Kättilstorp-Haga-Gamla Råslätt,7.150096640772284,4.6276211135213305
06800319,Skeppsbron-Fridhem,7.773401391554784,7.554417413572343
06800320,Råslätt-Lockebo,31.901123710656655,21.6
06800321,Ljungarum,6.82826262501168,4.55820476858345
06800322,Råslätt V,48.21878631982345,30.638297872340427
06800324,Råslätt Ö,43.140248480163265,25.39021852237253
06800522,Huskvarna Smedbyn,24.09298904719951,10.783055198973042
06800542,Öxnehaga S,36.673037258293014,15.940766550522648
06800543,Öxnehaga C,47.3889545629323,21.997755331088666
06800544,Öxnehaga N,35.234697077506375,13.486238532110091
06800545,Norrängen-Brunstorp,10.246443680581729,3.3523537803138375
06800547,Rosendala,17.577286030790674,8.365384615384615
06800548,Huskvarna C,20.802229398143066,7.495429616087751
06800549,Huskvarna Gråbo,18.96464980790468,8.20419325432999
06800551,Huskvarna Tormenås,17.72021389917238,11.211573236889693
06800553,Huskvarna Bråneryd,27.321878622972605,11.870967741935484
06800654,Stensholm-Jöransberg,7.705735823536378,2.3181454836131095
06800655,Egnahem-Fagerslätt,5.530303642431699,3.7598944591029024
06800656,Petersberg-Jutaholm,10.643982732094583,3.027245206861756
06800657,Kungsängen-Ekhagen Ö,20.83005629832622,6.7157313707451705
06800760,Gränna S,3.986583383224386,3.312302839116719
06800761,Gränna N,5.363784291853039,5.031948881789138
06800863,Norrahammar C-Flahult,12.65769737513392,5.574614065180103
06800864,Norrahammar S,15.990965748889808,6.298533218291631
06800865,Hovslätt,11.627174428212255,2.6753434562545193
06800896,Hovslätt N,5.586103642415401,3.68
06800897,Hovslätt S-Norrahammar N,12.127037411892111,8.90890890890891
06800967,Visingsö,1.6417909788040679,4.040404040404041
06801068,Skärstad,3.4687439401394675,4.02621722846442
06801069,Kaxholmen,3.405850833263052,1.5425888665325285
06801170,Ölmstad,2.305313909131681,2.971014492753623
06801473,Lekeryd-Järsnäs-Svarttorp,2.002948415966054,2.566225165562914
06801474,Lekeryd,1.1992729187482882,1.9250253292806485
06801574,Tenhult N-Öggestorp,7.933409262389042,2.2425249169435215
06801575,Tenhult S-Ödestugu,2.899804450068087,2.0042194092827006
06801576,Tenhult C,4.629903730450531,2.3767605633802815
06801676,Barnarp C,11.231631134476629,4.304029304029304
06801689,Barnarp,10.606470685016921,3.4482758620689653
06801979,Månsarp,4.290564521201484,2.7410207939508506
06801980,Taberg V,4.419319219933393,3.536977491961415
06801988,Taberg Ö,6.073287269775046,3.0588235294117645
06802081,Attarp-Sjöåkra,10.228073301173392,6.955046649703139
06802082,Backamo,3.4019269224072697,2.19941348973607
06802083,Trånghalla-Järstorp,5.646780252447393,2.014388489208633
06802085,Torp,4.2289968187666,3.2420749279538903
06802086,Nyarp,4.936088701206838,2.303120356612184
06802184,Bottnaryd,7.812291454210612,2.2248243559718968
06802285,Angerdshestra-Mulseryd-N Unnaryd,2.1136140811390605,1.6476552598225602
06820101,Nässjö centrum,19.817195912901916,6.633380884450784
06820103,Nässjö landsbygd,9.875242655039692,2.4186046511627906
06820104,Handskeryd,14.768904913666344,7.47599451303155
06820105,Ingsberg,8.65682097123279,3.7037037037037037
06820106,Nyhem,13.256984532638873,6.235385814497272
06820107,Runneryd,36.78505766709528,14.96
06820108,Norrboda,25.121440996799944,12.816041848299912
06820109,Åker,9.443337068753054,3.9726027397260273
06820110,Södergården,15.667407760501058,8.275328692962104
06820315,Bodafors,11.934754129199542,6.7426400759734095
06820317,Grimstorp/Sandsjöfors,2.5801851845299604,2.962962962962963
06820519,Anneberg,3.961338228454873,4.434149569821311
06820724,Forserum,7.656152709070742,4.6568627450980395
06820726,Barkeryd/Äng,3.416711860086108,2.1989528795811517
06820929,Malmbäck,5.0487613510349165,2.3112480739599386
06830101,Västhorja,4.878388703134026,1.5449438202247192
06830102,Trälleborg,19.033683873998505,12.738214643931796
06830103,Norregård,12.746589982865926,7.0559610705596105
06830104,Pilagården,12.613407390855938,6.344950848972297
06830105,Skogsfållen,21.784718785506804,10.276679841897232
06830106,Rörstorp,13.329311038200952,5.52423900789177
06830107,Apladalen,8.662431586712332,4.291417165668663
06830108,Mossle,22.09748154467046,11.342592592592593
06830109,Lillegård,12.79989447209872,3.4319526627218937
06830111,Gröndal,3.9647156359133766,2.838827838827839
06830123,Nylund,8.50282400161225,2.3346303501945527
06830124,Hornaryd,7.339046555768199,5.412844036697248
06830125,Vråen,12.824537151047043,9.010011123470523
06830209,Bredaryd,4.6067524266636735,1.9723865877712032
06830512,Hånger,1.8908430446743512,1.6025641025641026
06830613,Forsheda,6.013291038321449,3.3650329188002925
06830916,Nöbbele,2.0214894504976133,1.4962593516209477
06831017,Bor,4.023990885960864,3.3200531208499338
06831220,Rydaholm,7.6896708770351,3.4320323014804845
06831321,Fryele,2.1835298209762843,2.5551684088269453
06840101,Sävsjö stad,16.38760867898771,7.983761840324763
06840102,Sävsjö Ljunga,12.19531974812521,5.927835051546392
06840103,Sävsjö Vallsjö,16.410364392829116,7.65625
06840304,Vrigstad,5.799057117842565,3.0327868852459017
06840605,Rörvik,3.7819802586820863,2.130492676431425
06840706,Stockaryd,9.647554360411393,5.469556243550052
06850101,Mellangården,11.461764035934113,6.2783171521035595
06850102,Brunnsgård,12.515658727445949,5.964368706429124
06850103,Vetlanda Flugeby-Näsby,22.398008122892044,11.759581881533101
06850104,Pukaregården,13.824529464425222,7.390510948905109
06850105,Tomaslunden,11.057990011514287,7.583774250440917
06850106,Karlslund,9.165917313909544,6.203007518796992
06850107,Ekenässjön-Björköby,9.177435205378497,6.557377049180328
06850309,Bäckseda,4.030330112447807,2.6395939086294415
06850511,Bäckaby-Ramkvilla,1.085486702809409,1.4341590612777053
06850816,Korsberga,3.5635150298749645,3.407755581668625
06851320,Nye-Näshult,2.2373978350535584,3.690888119953864
06851522,Holsbybrunn,5.311259780525367,4.940014114326041
06851623,Kvillsfors-Pauliström,4.466934559987533,4.201680672268908
06851926,Landsbro-Myresjö,6.686379296757509,4.0
06860101,Sjöängen/Prästängen m.fl.,6.086420748670926,4.634146341463414
06860102,Norrtull med landsbygd,4.816112901456106,3.4210526315789473
06860103,Gamla Stan m.fl.,18.10049654074676,11.94915254237288
06860104,Grevhagen med landsbygd,6.41681679293478,4.718417047184171
06860105,Blåsippan-Kaffekullen,16.99769603283411,9.108341323106425
06860106,Kvarnarp,7.66202088367836,4.0201005025125625
06860207,Mariannelund-Hässleby-Kråkshult,9.31355882348465,3.937728937728938
06860514,Ingatorp-Hjältevad-Bellö,4.410256363489933,2.834008097165992
06860615,Hult-Bruzaholm,3.3324494084220944,2.96377607025247
06860820,Höreda-Mellby,1.8976731261941886,1.1892963330029733
06870101,Tranås Norra-Sommen,15.932527748154072,8.065915004336514
06870102,Tranås Kvarn,7.213108341702374,4.344453064391001
06870103,Ängaryd,11.072025798822283,8.222222222222221
06870104,Centrum,18.884688045427367,9.045584045584045
06870105,Ekmarksberg,13.936573498774514,9.146341463414634
06870106,Junkaremålen,3.2983107208810565,3.181489515545915
06870107,Fröafall,3.0800603464589913,1.6331658291457287
06870108,Tranås Södra,10.27987124393153,6.628940986257073
06870109,Tranås Västra,1.8047993588874767,2.674230145867099
07600101,Åseda N,14.966560537082856,7.578740157480315
07600102,Åseda S,12.264241152095714,7.526881720430108
07600305,Lenhovda,8.50336226482885,5.212922173274596
07600407,Nottebäck,4.23153958572147,5.209397344228805
07600511,Älghult,7.220364590537092,6.718924972004479
07610101,Lessebo N,25.482370462138345,13.806451612903226
07610102,Lessebo S,24.768212183831636,16.066481994459835
07610203,Hovmantorp Ö,10.349240434678252,9.099018733273862
07610206,Hovmantorp V,6.659249329769128,6.349206349206349
07610304,Ekeberga,9.648245498363409,8.80281690140845
07610405,Ljuder,3.941549041903193,3.8910505836575875
07630101,Tingsryd 1,16.378572512359003,7.485380116959064
07630102,Tingsryd 2,7.744353776455294,4.126984126984127
07630204,Almundsryd,8.298969351073442,4.382826475849732
07630309,Älmeboda-Linneryd,2.7214513262327036,3.6939313984168867
07630511,S Sandsjö,3.5087718648473043,4.529616724738676
07630612,Väckelsång,3.784569167623218,5.13347022587269
07630716,Urshult,5.819809263257709,5.253623188405797
07640101,Alvesta N,27.37471299118698,15.860517435320585
07640102,Alvesta S-Blädinge,14.823428210368895,9.052808046940486
07640103,Aringsås,5.0733375143907065,4.11214953271028
07640104,Alvesta V,21.035313741114017,15.03623188405797
07640105,Lekaryd-Härlöv-Prästängen,5.692559164606492,5.143721633888048
07640408,Hjortsberga,2.7089849443793894,3.741007194244604
07640509,Slätthög-Mistelås-Moheda V,2.1513817212624096,3.4262948207171315
07640510,Moheda Ö,2.580352370190972,5.004468275245755
07640914,Vislanda,6.5059954952675865,5.502567865003669
07641017,Skatelöv,1.627392908343741,2.1486123545210387
07641119,Västra Torsås,1.9114393917886772,3.179190751445087
07650101,Gemön-Möckeln,21.06835905498419,4.503582395087001
07650103,Klöxhult,11.6276718884442,3.360581289736603
07650115,Norregård,11.071916854411416,3.87858347386172
07650116,Froafälle,14.324219832569817,6.781609195402299
07650117,Haganäs,45.835036322973245,18.982630272952854
07650118,Centrum,14.108487676261754,6.142857142857143
07650204,Häradsbäck-Bråthult,3.676936194034361,3.1289111389236544
07650305,Virestad-Eneryda,3.8330953894782698,3.543307086614173
07650408,Diö-Stenbrohult,3.800326172891614,4.480286738351254
07650511,Göteryd,2.2963604548340895,2.2267206477732793
07670101,Markaryd 1 V,13.473806393129232,8.263598326359833
07670103,Timsfors-Råstorp,5.59319595170086,3.508771929824561
07670104,Markaryd 1 Ö,7.17998018480151,3.642671292281006
07670205,Traryd-Hinneryd,5.558552054525419,2.2696929238985315
07670308,Strömsnäsbruk,16.54504275754091,8.064516129032258
07800115,Centrum,9.605199618983915,8.587257617728532
07800116,Bäckaslöv,7.044673131079418,7.63430725730443
07800117,Söder,7.3267291812219435,3.36
07800118,Öster,10.080679795661334,7.238095238095238
07800119,Kvarnhagen,15.734761476828195,13.601532567049809
07800120,Högstorp-Hollstorp,4.370778758545411,3.8861901457321304
07800121,Väster,8.341362517328548,5.546995377503852
07800171,Museet,7.0288869505053375,4.420731707317073
07800225,Furuby,1.4790200463051681,5.010438413361169
07800326,Braås,11.261374678568469,7.6923076923076925
07800630,Dädesjö,5.3243336283893985,6.78391959798995
07800731,Åryd,3.4497876518991304,6.238532110091743
07800833,Ingelstad,4.110365673576333,5.171299288946348
07800934,Värends Nöbbele,1.4196984169583218,3.4557235421166306
07801338,Tävelsås-Uråsa,2.3598575828935404,3.6903690369036903
07801439,Vederslöv,1.6669599676669427,3.2139577594123048
07801641,Gemla,3.2041738611098296,3.9408866995073892
07801742,Bergunda-Bredvik,5.497212416789147,5.844748858447488
07801853,Öjaby norra,3.272094994758657,1.9565217391304348
07801854,Öjaby södra-Räppe,5.610149913851099,3.409090909090909
07801944,Åby,1.295198569363347,2.823018458197611
07802045,Sandsbro östra,2.6826934795804616,3.55297157622739
07802062,Sandsbro västra,5.106278329524992,2.5525525525525525
07802154,Rottne södra,6.075513175750666,6.755373592630502
07802155,Rottne norra,8.208639781447962,6.666666666666667
07802449,Lammhult,10.77192599490943,5.405405405405405
07802551,Asa-Berg-Tolg,2.11989872810083,3.90625
07802855,Kungsmad,22.509091625712923,10.406272273699216
07802865,Ringsberg,8.674637684641576,8.587257617728532
07802866,Norrelid,11.192716337172099,8.773784355179703
07802868,Fagrabäck,7.4024751702358955,7.722007722007722
07802869,Norr,3.5666268638244607,4.78515625
07802870,Teknikum,11.378008140871197,13.301088270858525
07802960,Östra Lugnet,6.314910784399971,4.0310077519379846
07802974,Pilbäcken,25.519804530629017,17.139852786540484
07802975,Hov,7.132592450158257,5.24822695035461
07802976,Dalbo centrum,45.17220901043158,38.800904977375566
07802977,Araby,52.313809580153865,40.436590436590436
07802978,Nydala,44.22152285550529,37.3266078184111
07802979,Danneborg-Östra Hovshaga,9.618925738811887,7.517619420516836
07802980,Arenastaden,18.335534726854696,11.28491620111732
07802981,Gustavslund,7.180147643433626,6.583760058522311
07802982,Ulriksberg,8.33085507507592,5.307050796057619
07802988,Hovshaga centrum,8.023345437863371,7.836456558773424
07802989,Norra Hovshaga-Evedal,4.943201820703503,3.086862885857861
07802990,Liedbergsgatan,30.804299483688308,22.471910112359552
07803082,Kampen-Sigfrid,9.945868010058309,7.706422018348624
07803083,Ljungfälle,19.251923139166582,13.238967527060783
07803085,Torparängen,11.206649378648395,9.75609756097561
07803086,Furutå,14.48378857798039,5.705229793977813
07803087,Universitetet södra,17.062460974861935,17.92782305005821
07803088,Teleborg södra-Telestad,8.849975687935917,8.0042689434365
07803089,Teleborg centrum,27.337310446179718,22.89855072463768
07803090,Universitetet västra,29.539169669860048,16.05231866825208
07803091,Vikaholm,9.353349940975248,7.435197817189632
07803092,Universitetet norra,17.25992212647448,7.621951219512195
07810103,Astrad,9.659141121071695,6.2380038387715935
07810104,Ljungsätra,5.786223611640252,4.6223224351747465
07810105,Ekebacken,5.756337481038744,4.4529262086514
07810106,Stensberg,5.507115623632127,5.089820359281437
07810107,Hammaren,14.589777926925423,9.639830508474576
07810108,Hjortsberg Väst,12.219960125165043,8.457711442786069
07810109,Hjortsberg Öst,16.978094380686308,11.147540983606557
07810110,Kungshög Väst,8.435638777134239,7.471264367816092
07810111,Kungshög Öst,17.231101982175627,11.637931034482758
07810112,Sunnerbo,6.17289908649026,2.859545836837679
07810310,Ryssby,2.960671412310453,4.25531914893617
07810311,Agunnaryd,2.4291641484235904,2.557544757033248
07810715,Hamneda,2.76163300732127,3.0409356725146197
07810815,Berga Väst,5.0152374785572436,2.3715415019762847
07810816,Berga Öst,5.355778344301803,3.297997644287397
07810817,Vittaryd-Bolmsö,2.3124346787139776,3.6613272311212817
07811119,Angelstad,1.5781925209754148,3.4006376195536663
07811624,Lidhult,4.309874035655607,4.855842185128983
07811625,Torpa,3.6706855094269533,2.3094688221709005
08210101,Fågelfors,3.0563523230590928,4.608294930875576
08210201,Högsby,14.418613158486176,5.56745182012848
08210202,Berga,6.616256405904942,4.077669902912621
08210301,Ruda,7.705626913363676,4.593639575971731
08210401,Fagerhult,3.056417022151302,4.248366013071895
08340101,Gullabo,1.6307512855081274,2.4456521739130435
08340201,Torsås landsbygd,2.6523749996229316,4.462474645030426
08340202,Torsås samhälle,4.299153474352254,4.991087344028521
08340401,Söderåkra,5.149403702010762,4.952581664910432
08340402,Bergkvara,4.098545363776406,4.057709648331831
08400105,Vickleby-Resmo,1.8008072407961888,5.092592592592593
08400303,Mörbylånga-Kastlösa,8.268061250053126,7.960893854748603
08400401,Gårdby,1.8842727954092222,3.402646502835539
08400811,Sydöland,4.431808646806008,6.499261447562777
08401304,Glömminge,2.0662249460328224,2.272727272727273
08401406,Algutsrum,2.2527410389753277,2.1830394626364398
08401501,Snäckstrand,2.2110799082081347,1.8575851393188854
08401502,Talludden,8.901448298584134,5.130890052356021
08401503,Runsbäck,3.5459820165977773,2.717391304347826
08401504,Skogsby,1.953530080606804,3.992901508429459
08401505,Färjestaden Östra,3.443554939099918,3.062200956937799
08600101,Ekeberg,16.394367314151108,14.519650655021834
08600102,Hultsfred S,22.300720667687653,17.507723995880536
08600103,Hultsfred N,9.538495135210285,6.138107416879795
08600201,Lönneberga,4.527023083824318,6.2157221206581355
08600301,Målilla,5.015706188158183,4.310344827586207
08600401,Järeda,1.8472086474281664,1.607717041800643
08600501,Virserum,7.951405969298433,5.161290322580645
08600601,Vena,0.7352947648234366,4.700162074554295
08600801,Mörlunda,3.4885234082284478,3.098927294398093
08610101,Mönsterås Centrum S,11.11869580118898,7.423580786026201
08610102,Mönsterås Centrum N,13.479618587614084,12.82442748091603
08610103,Mönsterås Landsbygd S,11.164254423746307,7.609988109393579
08610104,Mönsterås Landsbygd N,6.919011949979948,2.8662420382165603
08610105,Mönsterås Ljungnäs,2.1992355174439515,2.7058823529411766
08610201,Fliseryd,2.1754554034873506,1.8518518518518519
08610301,Blomstermåla,7.944708493946514,5.737704918032787
08610302,Ålem,2.469456950142975,3.430079155672823
08610303,Timmernabben,2.311660109172866,2.6812313803376364
08620101,Emmaboda södra,21.661988342651036,13.861386138613861
08620102,Emmaboda norra,10.995394928916467,6.615532118887824
08620201,Lindås,6.709134806164601,4.9837486457204765
08620202,Vissefjärda,1.9583070712334392,2.898550724637681
08620301,Algutsboda,3.868702309261915,4.130434782608695
08620401,Långasjö,1.5402845825565443,1.953125
08800101,Kvarnholmen,5.010123664465124,5.373342637822749
08800107,Malmen V,9.095501229580053,7.302075326671791
08800108,Malmen Ö-Norrgårdsgärdet Ö,5.512775999314209,4.21455938697318
08800122,Malmen S,10.740421814717886,8.075370121130552
08800124,Ängö-Varvsholmen,3.4470809968354277,2.3391812865497075
08800201,Lindsdal NV-Förlösa,3.599491980022423,3.3557046979865772
08800202,Lindsdal NO,5.287091346303321,4.6267087276550996
08800203,Lindsdal SV-Kläckeberga,8.009261306602257,4.837013669821241
08800204,Lindsdal SO-Fjölebro,5.749306855998401,3.9443155452436196
08800205,Vimpeltorpet,12.19847517899535,4.580152671755725
08800206,Snurrom,12.406062481061515,14.229249011857707
08800301,Smedby Ö,11.547866370407958,7.4183976261127595
08800302,Smedby V,19.495267788567617,13.381123058542414
08800303,Smedby S-Rinkabyholm N-Boholmarna,4.426005481464716,3.383793410507569
08800401,Rinkabyholm S-Hossmo,1.7457613191736427,2.19941348973607
08800501,Rockneby,2.2696296080490845,4.569606801275239
08800502,Drag-Revsudden,2.26964778074369,1.8163471241170535
08800601,Läckeby,3.449925044933461,4.216867469879518
08800801,Trekanten,3.247529610895046,3.701117318435754
08800802,Ljungbyholm-Vassmolösa N,3.6574279473320055,3.573667711598746
08800901,Hagby Vassmolösa S,1.9906168788886365,3.38855421686747
08801001,Halltorp-Voxtorp,2.0333391190868637,3.056768558951965
08801301,Tvärskog,1.65253556627555,4.954367666232073
08801401,Påryd,2.2598869628778395,4.8169556840077075
08801502,Gamla stan,4.7264204547620166,4.642014162077104
08801503,Kalmarsundsparken-Stensö,2.297729920691207,4.396632366697848
08801504,Sandås-Stensberg,6.436140075504354,7.374631268436578
08801505,Falkenberg,15.03872417399166,10.40983606557377
08801506,Tegelviken-Johannesborg,6.036651158655764,4.466727438468551
08801609,Norrgårdsgärdet V,7.814453318157621,6.516290726817043
08801610,Oxhagen,26.897279822521742,16.351684470008216
08801611,Getingen-Tallhagen,6.8510696462575815,7.14828897338403
08801621,Skälby,10.398550111961077,11.228070175438596
08801712,Funkabo,23.424354787042386,16.148445336008024
08801713,Djurängen V,14.439551704817848,8.414872798434443
08801714,Djurängen Ö,12.608644731437831,8.673790069138906
08801715,Berga Centrum,15.884820883584101,11.36173767752715
08801716,Berga,2.8034011970644457,1.9271948608137044
08801817,Norrliden V,36.53529760864437,27.137970353477765
08801818,Norrliden Ö,41.49922012857895,28.224917309812568
08801820,Bergavik,4.840091886620478,5.684995340167754
08801823,Björkenäs mfl,5.775375528917488,2.913752913752914
08810101,Nybro Centrum,13.356774913826534,9.742120343839542
08810102,Myrdalen,12.844092988085729,12.75626423690205
08810103,Kungshall,42.918322603207756,35.23676880222841
08810104,Paradiset,10.978523330338735,11.975435005117708
08810105,Hanemåla Norra,8.707830012946145,5.774783445620789
08810106,Västeräng,5.445860351614035,2.9657089898053752
08810107,Hanemåla Södra,5.784962841845768,3.8901601830663615
08810201,Alsterbro,2.492211946447097,2.4813895781637716
08810301,Bäckebo,2.4922119173574857,2.7649769585253456
08810401,Kristvallabrunn,2.0956719267102124,1.6470588235294117
08810501,Madesjö Södra,3.682262013578836,3.7720033528918693
08810502,Madesjö Norra,7.2280329226667055,3.7937743190661477
08810601,Örsjö-Alsjöholm,1.708542965278647,3.6163522012578615
08810901,Orrefors,6.8686784838163035,6.532066508313539
08820101,Saltvik-Mockebo,2.7810748339981406,1.1534025374855825
08820102,Kolberga-Humlekärrshult,7.604244739261884,4.213298222514813
08820103,Norrtorn,11.806778092949731,7.483629560336763
08820104,Orrängen-Tratten,7.247868119292097,3.8425492033739457
08820105,Centrum,16.54253828441679,8.184383819379116
08820106,Kikebo-Åsa,13.0462092528352,9.276018099547512
08820107,Södertorn,19.295756351416884,10.287081339712918
08820108,Gröndal,8.264293744508768,5.493133583021224
08820109,Kristineberg-Stångehamn-Mysingsö,16.498703842064707,7.517084282460137
08820110,Kristineberg Västra,14.278840278520809,10.0177304964539
08820319,Fårbo-Misterhult,1.5344495947121413,2.1761658031088085
08820321,Figeholm,2.176846181852096,2.0107238605898123
08820411,Kristdala-Bråbo-Ishult,1.7854341468886954,2.3346303501945527
08820513,Svalliden-Bockara,4.664061786534942,2.986161689730517
08820514,Rödsle-Norrby-Björnhult,3.166543115479691,3.14026517794836
08820517,Påskallavik,2.4267075501955175,4.859335038363171
08830101,Centrum,4.162048468953918,5.401350337584396
08830102,Västralund-Stenhagen,2.8250642056909525,3.380281690140845
08830103,Marieborg,5.73176346664416,5.383848454636092
08830104,Peru,10.273538317899067,8.02721088435374
08830105,Brevik,3.7698656847801355,4.405737704918033
08830106,Skogshaga,9.378023086735968,6.06312292358804
08830107,Jenny-Kvännaren,2.6386791293300225,4.253308128544424
08830108,Karstorp,13.702249965571912,12.33160621761658
08830109,Piperskärr-Gränsö,2.959578070041502,2.1846370683579988
08830112,Johannesdal,8.493370056602293,8.69205298013245
08830113,Ludvigsdal-Hornslandet,4.006995575504228,4.929577464788732
08830115,Östermalm,6.624112114669697,7.4866310160427805
08830118,Södermalm,16.199935166016537,11.854460093896714
08830209,Djurgården-Törnsfall,2.728030131915361,3.5031847133757963
08830310,Gladhammar-Västrum,8.332999344451952,6.555671175858481
08830514,Ukna-Västra Ed,3.1096561781951704,4.511278195488722
08830720,Överum,6.073160250587128,4.679802955665025
08830922,Loftahammar,2.4802127848222257,1.618705035971223
08831124,Gamleby 1,7.885274746470304,5.642923219241443
08831126,Gamleby 2-Lofta,5.785740383942337,5.646630236794171
08831430,Blackstad-Odensvi,0.7287451118359611,3.936039360393604
08831431,Ankarsrum,3.89080301439219,4.271356783919598
08831532,Hjorted,1.7531788141151203,4.326328800988875
08840101,Vimmerby 1,7.034864612867527,6.284153005464481
08840102,Vimmerby 2,20.542813489208797,10.20812685827552
08840103,Vimmerby 3,3.321301847959792,4.915102770330653
08840104,Vimmerby 4,19.091603148476526,9.775280898876405
08840105,Vimmerby 5,3.717308239353168,2.411873840445269
08840106,Storebro,7.91534503752638,5.131964809384164
08840301,Rumskulla-Pelarne,1.2768429293143164,2.375296912114014
08840501,Frödinge,2.019068938075434,3.4755134281200633
08840601,Locknevi,1.30804438008348,3.717472118959108
08840701,Djursdala,1.3080446553515312,1.5625
08840801,Gullringen,1.3080444632852724,2.830188679245283
08840802,Södra Vi,4.312291321940072,4.707112970711297
08840901,Tuna,2.019068875784487,3.695150115473441
08850101,Borgholms 1,7.761732799962685,4.910714285714286
08850102,Borgholms 2,7.9096040748354834,5.714285714285714
08850203,Alböke-Föra-Bredsättra-Egby-Löt,1.6591252244549457,2.5641025641025643
08850707,Köping,5.985557343261407,3.5347776510832385
08850808,Räpplinge-Högsrum,3.3561802953440365,4.497907949790795
08851010,Gärdslösa-Långlöt-Runsten,1.7738359301740572,3.859250851305335
08851313,Böda,2.5629886483316136,1.7786561264822134
08851415,Högby,2.5629886681772076,2.9453015427769986
08851516,Källa-Persnäs,2.5629887018450686,3.648068669527897
09800101,Visby Innerstaden,5.181508202646905,8.441558441558442
09800102,Visby Norr,9.021739231288027,12.103321033210332
09800103,Visby Öster,6.693438545528999,6.332992849846782
09800104,Visby Skarphäll/Östra Vi,3.4406777345181214,5.669291338582677
09800105,Visby Länna,4.592100455962685,9.273903666427032
09800106,Visby Visborgsst/Halsjärnet,6.564652671347238,6.284153005464481
09800107,Visby A7/Östra Vi,8.072911773149043,5.592991913746631
09800108,Visby Djuplunda/Södervärn,4.656696172813752,6.7588325652841785
09800109,Visby Furulund,13.043460980210337,12.0
09800110,Visby Bingeby,15.8071440121115,13.386613386613387
09800111,Visby Pilhagen/Gråbo,4.527743195236654,7.017543859649122
09800112,Visby Yttre Furulund,13.373494652808725,13.947128532360985
09800113,Visby Terra Nova,7.127617888992592,5.7894736842105265
09800114,Visby Galgberget/Snäck,3.2539662830895737,4.62962962962963
09800115,Visby Söder,11.087964761418782,7.8431372549019605
09800201,Slite Othem/Hellvi,4.111880592435459,7.132243684992571
09800202,Slite Othem/Boge,5.7895424471820265,6.930693069306931
09800401,Fårö,3.126879105767361,2.557544757033248
09800501,Fårösund,3.1268791166012706,7.5495049504950495
09801001,Lärbro,2.217936345458538,5.084745762711864
09801401,Tingstäde,2.2209566723398777,5.119735755573906
09801801,Väskinde,1.8174333834179435,4.92030492030492
09802401,Vallstena,1.533979603045654,5.361050328227571
09802901,Dalhem,2.1132075078675667,4.829210836277974
09803101,Endre,4.073234389682924,5.405405405405405
09803501,Roma,2.30895092500005,4.453870625662779
09804001,Vänge,1.5446195327034313,6.398996235884567
09804401,Kräklingbo,1.8220792964644013,5.465288035450517
09804801,Västerhejde,2.430147801933328,4.289372599231754
09805301,Stenkumla,2.4474526226886457,4.427333974975938
09805501,Eskelhem,1.7082571770847392,3.8694992412746587
09805701,Sanda,1.336956554203629,5.684007707129094
09806101,Klinte,4.457129109175981,8.442776735459661
09806301,Eksta,1.2812826995600983,5.875706214689266
09806701,Garde,1.364670067842658,5.387931034482759
09807301,Stånga,0.7219187207795533,3.6893203883495147
09807601,Hemse/Alva,7.170571041069504,6.6505441354292625
09807602,Hemse/Rone,4.9130794681155185,5.958549222797927
09808401,Havdhem,1.9573039139730195,3.9190897597977243
09809101,Burgsvik,2.3633287850326306,6.074074074074074
10600101,Vilboken,8.653916612571143,5.8884297520661155
10600102,Kyrkhult-Hemsjö,3.172520826839544,3.7785588752196837
10600103,Jämshög,4.139163033226989,5.597014925373134
10600104,Brännaregården,12.039173220962894,4.332552693208431
10600105,Ekeryd-Gränum,9.431278059631236,6.546854942233633
10600106,Oredslund,10.965973530586552,9.100204498977504
10600107,Olofström-Vilshult,8.657772692601958,5.223880597014926
10600108,Olofström C,11.103562664586052,8.255813953488373
10800127,Långö-Gräsvik,11.987390253838152,9.671532846715328
10800128,Saltö-Björkholmen,5.470106755794127,4.624277456647399
10800131,Västerudd,4.322099340232618,4.606830818109611
10800132,Rosenfeldt m.fl.,5.275653877366888,4.801829268292683
10800133,Trossö Ö,6.3292065116463245,5.393743257820928
10800134,Möllebacken m.fl.,6.551593040555283,6.115810019518543
10800135,Wachtmeister m.fl.,5.289421962309794,5.310457516339869
10800136,Hogland m.fl.,9.044101303119387,5.95482546201232
10800137,Pantarholmen,8.694460622227288,7.022995649471722
10800138,Galgamarken,23.726739542289273,16.89342403628118
10800139,Bergåsa m.fl.,11.42048442034758,6.221719457013575
10800140,Hästö,2.1046831554572396,3.0303030303030303
10800141,Marieberg m.fl.,34.70657971045857,17.78265642151482
10800142,Kungsmarken,47.687933566565704,33.168927250308265
10800143,Mariedal-Backabo-Torskors,9.738173086440616,7.342378292098963
10800430,Aspö,0.7309476181991593,1.1848341232227488
10800508,Kronotorp m.fl.,17.071696721064555,11.457174638487208
10800509,Verkö m.fl.,7.164598737958118,4.138594802694899
10800510,Lyckeby V,6.755090698670093,5.545286506469501
10800606,Kättilsmåla,2.7413018553323676,2.2267206477732793
10800611,Lyckeby Ö,7.758875672126626,4.372019077901431
10800612,Spandelstorp m.fl.,6.37214478015216,5.351906158357771
10800613,Hässlegården,3.938301529867239,3.7383177570093458
10800801,Kristianopel,1.4132546814195879,2.7
10800903,Jämjö N,1.8759372158560497,2.8771384136858478
10800904,Jämjö S,2.801338872699251,3.872216844143272
10801002,Torhamn,1.4101778396855102,3.406998158379374
10801107,Sturkö,0.9697363289338136,2.229299363057325
10801205,Ramdala,2.070485283772106,3.228962818003914
10801214,Trummenäs,2.0725388118451633,1.8537590113285274
10801421,Strömsberg,1.5938925829333912,4.176334106728539
10801422,Rödeby N,3.2731283008136978,4.297159504734159
10801423,Rödeby S,3.1498279790810075,3.5714285714285716
10801518,Fridlevstad,2.156431670781571,2.7439024390243905
10801616,Sillhövda,2.5486503231315485,3.6101083032490973
10801720,Tving,1.9931876765652188,2.763819095477387
10801824,Nättraby V,3.5431503387688053,3.468780971258672
10801825,Nättraby Ö,1.7761324960491354,2.194907813871817
10801844,Nättraby S,1.7998401280308738,1.9830028328611897
10801926,Hasslö,1.578476343547706,4.486133768352365
10810101,Centrum,17.36471677680955,10.443349753694582
10810102,Fredriksberg,10.769174648595714,5.233111322549952
10810103,Hulta,4.636535024173376,4.487179487179487
10810104,Blekan,14.841789125162624,7.212475633528265
10810105,Lugnet,7.672575583474601,9.04716073147257
10810106,Espedalen,34.76756183654883,23.96694214876033
10810107,Älgbacken,41.87696975745507,18.592964824120603
10810108,Persborg,7.764574754438676,5.62015503875969
10810109,Varan,3.5617526278804763,2.8846153846153846
10810110,Hasselstad-Eringsboda,1.2731269652023598,2.2485207100591715
10810111,Häggatorp,9.598385764347,5.889014722536806
10810112,Kalleberga,6.840932966772916,5.419222903885481
10810113,Kallinge,16.316291425856367,11.031664964249234
10810314,Backaryd-Öljehult,2.134755955736198,4.501607717041801
10810617,Förkärla-Listerby N,1.677163723144071,2.641509433962264
10810718,Listerby S,1.8925281567640808,2.5297619047619047
10810920,Hjortsberga-Edestad,1.8668836493806888,3.5358114233907525
10811021,Bräkne-Hoby Landsbygd,1.469579590203073,4.809619238476954
10811022,Bräkne-Hoby Samhälle,4.237215699700166,5.40788267644363
10820101,Högadal,17.977717288219367,8.413001912045889
10820102,Prästslätten,6.984425626169103,6.976744186046512
10820103,Stadsporten,10.883855200995914,8.087535680304471
10820104,Torget,11.00190564782442,8.708133971291867
10820105,Österslätt,17.116490486053983,10.576923076923077
10820106,Tubbaryd,14.684708671207554,8.673469387755102
10820107,Skogsborg,4.078349313137114,5.667627281460135
10820108,Vägga,3.074608762281943,3.242446573323508
10820310,Hällaryd,2.840675615550542,4.831625183016105
10820512,Horsaryd,7.360503263444623,5.07399577167019
10820513,Korpadalen,4.982910539400222,3.6626916524701874
10820514,Froarp,3.0755354190945496,4.380053908355795
10820515,Centrala Asarum,11.903976131570857,8.78323932312651
10820517,Svängsta nordöst,6.337538834077738,5.66873339238264
10820518,Svängsta sydväst,7.35953417460097,4.03530895334174
10820619,Mörrum västra,7.093530638276807,6.019007391763464
10820620,Mörrum östra,6.387361180669735,4.072398190045249
10820621,Gustavstorp,6.020599069025394,4.972972972972973
10830101,Furulund,12.959487838877846,6.88550840672538
10830102,Möllebacken,3.430231972973806,3.3684210526315788
10830103,Falkvik,6.875009118673442,3.9382239382239383
10830104,Hjortakroken,7.320829918903406,6.551724137931035
10830105,Norje m fl,2.4542183913059366,1.893939393939394
10830106,Gammalstorp m fl,1.956271079103087,2.969121140142518
10830107,Mjällby m fl,2.333919939621032,2.366255144032922
10830108,Hörvik m fl,1.9859433905332173,1.524390243902439
10830109,Hällevik m fl,1.1456081064964605,1.6843971631205674
10830110,Siretorp m fl,4.879335473425288,2.820746132848044
12140101,Svalöv Östra,8.830759611088949,11.12618724559023
12140201,Svalöv Norra,10.104576001362574,7.8
12140301,Svalöv Västra,8.569183304727675,3.2901296111665004
12140501,Kågeröd - Stenestad,2.727704241496598,3.2899246058944485
12140601,Billeberga - Tågarp,3.8328159785303133,3.8162544169611308
12140801,Teckomatorp Norra,7.6101363389821275,7.468879668049793
12140901,Teckomatorp Södra,6.726724442760596,5.569306930693069
12141401,Röstånga - Konga-Ask,3.4059178535042363,5.216622458001768
12300101,Kyrkheddinge,6.798443209279455,3.5460992907801416
12300409,Uppåkra,8.91847826869462,4.6789989118607185
12300702,Borggård,7.416121052599838,3.6958817317845827
12300703,Central Södra,6.768753594561656,4.008908685968819
12300704,Bråhög,13.164345329260051,9.684684684684685
12300705,Aspvägen,7.794347187880546,4.400440044004401
12300706,Stanstorp,8.4222607871595,4.025974025974026
12300707,Mellanvången,6.362184438555134,4.213771839671121
12300708,Annero,5.99841542168956,3.3851784080512353
12300709,Central Norra,8.452036371605095,4.404145077720207
12300710,Kyrkbyn,7.056858349977092,2.5595763459841128
12300711,Vikhem,8.136026576574118,3.6542515811665495
12300712,Hagalid,8.491274091878324,3.1472081218274113
12300713,Jakriborg,6.5697139430661045,6.912442396313364
12300714,Hjärup Norra,4.754397857493686,3.506311360448808
12300715,Hjärup  Södra,3.165727479090357,3.2771535580524342
12300911,Tottarp,7.05438966583716,6.045081967213115
12310101,Karstorp-Svanetorp,6.6050940800916145,4.4901065449010655
12310102,Gamla Åkarp-Dalslund-Kockumsområdet,7.833691197041191,5.56745182012848
12310103,Harakärrsområdet-Mossvägen-Lyckö äng,6.206593818286342,3.923076923076923
12310104,Tågarp Ö.,19.66591970269362,17.5561797752809
12310105,Centrala Arlöv,18.715834846215166,16.97860962566845
12310106,Elisetorp V.,20.47293490291093,14.025245441795231
12310107,Elisetorp Ö.,22.870198362974023,19.40740740740741
12310108,Svenshög,28.196829967994425,23.57630979498861
12310109,Kronetorp-Burlövs egna hem m.fl.,22.864274676638075,18.86120996441281
12310110,Tågarp V.,13.804911924173982,13.31236897274633
12310111,Lillevång,23.151093729826915,16.804407713498623
12330201,Vellinge Eskilstorp,2.457836248409052,0.8390541571319603
12330301,Hököpinge-Gessie,3.7090200240317435,2.1103896103896105
12330302,Hököpinge-Bruksparken,3.922867417958954,2.1800947867298577
12330401,Vellinge södra,2.3581873321944116,1.0067114093959733
12330402,Vellinge väster,3.558016137280549,1.849112426035503
12330403,Vellinge centrum,4.751670788466257,3.0997304582210243
12330404,Vellinge Herrestorp,4.700391695150979,2.9205607476635516
12330501,Skanör västra,2.518071901035441,1.4804845222072678
12330502,Skanör östra,2.7952040371515463,1.171875
12330503,Ljunghusen västra,2.5462043320521937,0.6042296072507553
12330504,Ljunghusen östra,2.945828588656961,1.1695906432748537
12330505,Skanör centrum,1.9623524542334114,1.3364779874213837
12330601,Falsterbo södra,4.507476731755571,1.3043478260869565
12330602,Falsterbo norra,2.472279310297245,0.7751937984496124
12330801,Höllviken norra,2.551006105081449,1.2779552715654952
12330802,Höllviken västra-centrum,2.608760593796727,0.936768149882904
12330803,Höllviken östra-centrum,2.343958412164785,0.10101010101010101
12330804,Kronodal-Granviks,2.6247602234708083,1.6637478108581436
12330805,Höllviken Gya,2.2478027772464184,0.9128630705394191
12330901,Höllviken-Kämpinge,3.059223822978921,0.8547008547008547
12330902,Höllviken-Höllviksstrand,1.6926398938795135,0.3067484662576687
12330903,Räng,2.4197360970684296,1.0973936899862826
12331201,Östra Grevie,3.3829551087854655,4.489795918367347
12331301,Västra Ingelstad,3.9458191073662947,2.3876404494382024
12560103,Knislinge Öster,11.056864390817081,7.762096774193548
12560104,Knislinge Väster,5.7713857568819735,3.7811745776347547
12560301,Hanaskog,12.134194237239473,7.3979591836734695
12560401,Hjärsås,1.8186241646780987,3.4328358208955225
12560402,Sibbhult,9.237881484397313,4.805194805194805
12560601,Broby Väster,9.208733940934705,5.27681660899654
12560603,Broby Öster,19.28320684170656,7.76173285198556
12560701,Glimåkra,7.095011104975582,4.009252120277564
12570102,Åsljunga,2.5966900229128456,2.423112767940354
12570103,Örkelljunga Centrum,8.538926100355363,5.0814956855225315
12570104,Örkelljunga Norra,8.934777618881629,3.937007874015748
12570105,Örkelljunga Mellan,7.558993594531794,6.364428945074106
12570206,Rya,2.4535806741808064,2.6683608640406606
12570307,Skånes Fagerhult,2.9993048709713697,1.87018701870187
12600101,Bjuv 1,9.039979928635173,4.112337011033099
12600102,Bjuv 2,12.05628188317127,6.337135614702155
12600103,Bjuv 3,15.792130941360679,6.314432989690721
12600104,Bjuv 4,18.04216448407217,10.955056179775282
12600105,Bjuv 5,14.413948467268204,9.170854271356784
12600106,Billesholm 3,8.281600693390182,6.44718792866941
12600201,Billesholm 1,10.869560770524746,5.980066445182724
12600302,Billesholm 2,5.510095105876209,2.342786683107275
12600401,Ekeby 1,4.176218566879874,3.902439024390244
12600402,Ekeby 2,4.794860860739344,4.634831460674158
12600403,Ekeby 3,4.321561095719061,4.532967032967033
12610102,Kävlinge Söder,7.908794514475339,4.827586206896552
12610103,Södervidinge/Gryet,3.9798104633984903,2.586206896551724
12610104,Kävlinge Väster,10.311539837058513,3.889457523029683
12610301,Karaby/Dösjebro,3.1788053760666823,2.8451882845188283
12610302,Ålstorp,2.893977828482607,2.121212121212121
12610401,Lackalänga,2.2308730608270353,2.18522372528616
12610402,Furulund Centrum,10.36699057144816,5.986261040235525
12610403,Stävie,3.906511707140933,3.983050847457627
12610504,Sandskogen,3.9129760183042612,1.2552301255230125
12610505,Löddeköpinge Norr,5.08955562403003,2.645985401459854
12610506,Stationsstaden,9.373153035879028,6.066536203522505
12610507,Kävlinge Centrum/Korsbacka,15.912274142288458,11.379310344827585
12610901,Harrie,4.042150733237378,4.514154552410099
12610902,Rinnebäck,4.36006805922689,3.6939313984168867
12611001,Hofterup,2.4948612475909613,1.5429831006612784
12611201,Barsebäck/Järavallen,2.151400797720287,0.8390541571319603
12611203,Vikhög/Lyckorna,2.931580292275748,1.4629049111807733
12611204,Tolvåker,4.401474634467384,1.0967098703888336
12611205,Löddeköpinge Centrum,4.273726842678983,4.8025613660619
12620101,Lilla Lomma - Lomma Ö - Alnarp,6.201526912113023,4.658385093167702
12620102,Lomma Hamn,3.2596889336417796,0.7982583454281568
12620103,Båt- och Fågelgatorna,2.0668602253146324,2.427564604541895
12620104,Piläng,4.315116030657019,2.735229759299781
12620105,Karstorp,8.313075396437263,2.7085590465872156
12620106,Lervik,6.95965661809136,2.198768689533861
12620107,Lomma Centrum,3.9996083070650306,1.6888888888888889
12620108,Lomma Strand - Habo Ljung,3.9699023252319376,0.6944444444444444
12620109,Vinstorp,5.05825469439351,3.196803196803197
12620201,Bjärred N - Borgeby,4.036360553199942,1.5484922575387123
12620202,Löddesnäs,4.112740183463915,2.155887230514096
12620301,Bjärred S,2.872901343305332,1.4285714285714286
12620302,Bjärehov,2.913964305766333,1.6374269005847952
12620303,Flädie-Fjelie,4.288696293060806,3.5058430717863107
12620304,Bjärred V,2.7190294729983515,0.5411255411255411
12620305,Bjärred Ö,4.552119606580881,3.592814371257485
12630101,Svedala centrum,6.21773969044439,4.79285134037368
12630102,Svedala stadsparken-Sjödiken,7.626090293035904,3.8062283737024223
12630103,Svedala kyrka,4.551302878491166,2.9657089898053752
12630104,Svedala väster–Skabersjö,3.1184092239750614,2.629416598192276
12630105,Svedala norr,4.291538561595702,3.011583011583012
12630106,Svedala öster-Börringe,3.0881106809785632,1.9588638589618022
12630107,Svedala söder,4.076625650705489,2.1011673151750974
12630108,Svedala gamla Sockerbruket,8.442447852663312,5.3728949478749
12630703,Bara centrum,5.75341344317729,6.4805583250249255
12630704,Bara Torup,5.176717786893899,3.9832285115303985
12630705,Bara Bjärshög,4.934170031209058,3.8537549407114624
12630801,"Klågerup, Hyby, Holmeja",4.142297910533228,3.168685927306617
12630802,Klågerup Centrum,4.804045567533091,4.9397590361445785
12640101,Skurup NV,6.635296333047522,5.829285218598196
12640102,Skurup NO,10.171871788733194,8.32646331409728
12640103,Skurup SV,5.556221215327382,4.131054131054131
12640104,Skurup SO,5.911969695011399,4.749841671944268
12640601,Skivarp N,3.036750418750776,4.0551500405515
12640602,Skivarp S - Abbekås,3.142028057530103,2.3297491039426523
12641001,Rydsgård,3.5790404227215027,4.400977995110025
12641101,Slimminge,3.730535865455185,4.081632653061225
12650101,Sjöbo Sandbäck,3.5767101798224687,3.315412186379928
12650301,Sjöbo Emanuel,4.2630933959402375,3.601108033240997
12650302,Sjöbo Centrum,4.007343456407998,5.011933174224343
12650303,Sjöbo Färsinga,4.86488434195627,3.4452296819787986
12650304,Sjöbo Linné,2.7994082281822337,2.488335925349922
12650401,Sövde,1.6904641185953144,2.55863539445629
12650501,Blentarp,2.6969154110229727,2.2775800711743774
12650601,Everlöv,2.144740217540059,3.7786774628879893
12650901,Vanstad,1.76883154145617,2.4777006937561943
12651001,Lövestad,3.064274712608994,5.058365758754864
12651101,Fränninge,2.248404569170721,3.9355992844364938
12651201,Vollsjö,2.9123152524003215,4.190260475651189
12651501,Östra Kärrstorp,3.912647151835812,3.2203389830508473
12660201,Hörby väst,3.3616044440473085,2.312925170068027
12660202,Hörby norr,7.855852389372814,3.6458333333333335
12660203,Hörby sydväst,3.913967401312261,2.787967718268525
12660204,Hörby öst,7.2769716790551096,4.568965517241379
12660301,Långaröd,3.5421961046989527,6.382978723404255
12660501,Ludvigsborg,2.321543973187406,3.741280913126189
12660701,Östraby-Västerstad,1.6847182453885927,4.217432052483599
12660801,Svensköp,3.232207016775467,2.9529130087789306
12670201,Höör/Bokeslund,3.3879385282328633,5.0127442650807135
12670202,Höör/Ormanäs,5.593823086850694,10.41869522882181
12670203,Höör/Veterinärsområdet,3.4645654771671253,6.596306068601583
12670204,Höör/Centrum,5.4219216836548565,7.674144037780401
12670205,Höör/Åkersberg,3.038804501795623,4.428571428571429
12670206,Höör/Stanstorp,5.362696608590281,4.497607655502392
12670301,Höör/Snogeröd,2.8402392518051154,2.376425855513308
12670401,Höör/Orup,2.7231859275781223,2.5833333333333335
12670601,Höör/Frostavallen,2.4819861578196627,6.720977596741344
12670801,Höör/Tjörnarp,4.007582378080269,7.38581146744412
12700510,Tomelilla S,7.245133931435828,5.856189770200149
12700511,Tomelilla tätort SV,13.262224777222409,9.494324045407637
12700512,Tomelilla Ö,9.683199126985464,5.918727915194347
12700513,Tomelilla V och Tryde,4.4782418813233935,4.496253122398001
12700607,Onslunda,1.6584771461917676,4.38871473354232
12700910,Smedstorp,2.7157234428389456,4.780114722753346
12701113,Brösarp,1.7807610823752524,4.9306625577812015
12720101,Ivetofta,3.4140318180440685,3.5807860262008733
12720102,Bromölla Västra,11.39967583356075,7.110091743119266
12720103,Bromölla Östra,7.287820337296024,5.899419729206963
12720104,Bromölla Centrala,13.324560244843033,3.5576923076923075
12720105,Bromölla Södra,13.339215520403018,9.309021113243762
12720201,Nymölla-Gualöv-Valje,5.684179547653533,3.127506014434643
12720301,Näsum,2.7882632866950097,3.5684647302904566
12730101,Osby Sydväst,6.973841452841275,3.881511746680286
12730102,Osby Nordväst,12.365633851039197,6.366723259762309
12730103,Osby Norra,10.356993682456729,4.588910133843212
12730104,Osby Nordöst,9.821278134447455,4.862579281183932
12730105,Osby Södra,5.840120344817758,2.9023746701846966
12730201,Örkened Centralt,8.33333331476846,3.5322777101096223
12730202,Örkened,5.540721449709187,3.061224489795918
12730301,Loshult/Killeberg,5.70610457194139,3.977272727272727
12750101,Södra,14.755045234915288,6.973684210526316
12750102,Västra,19.09812281183656,11.048158640226628
12750103,Östra,13.534729129528788,6.048906048906049
12750104,Centrum och Norra,18.176458338807596,9.67238689547582
12750105,Oderljunga,5.333620934186423,3.017832647462277
12760101,Klippan N-Gråmanstorp mfl,11.025153019384208,9.143518518518519
12760102,Klippan NÖ-Solslätt,6.2965099302610374,5.107252298263535
12760103,Klippan V,11.560689790368201,7.442748091603053
12760106,Klippan SÖ-Nyslätt-Elfdalen,6.523988655921292,6.430338004946414
12760204,Storäng-Vedby mfl,2.3723428408778173,2.440884820747521
12760305,Krika-Bonnarp-Nybygget,3.1919543985324896,2.682926829268293
12760410,Riseberga-Färingtofta mfl,2.0097224071161226,3.8509316770186337
12760507,Ljungbyhed N,4.411546614671283,5.109489051094891
12760508,Ljungbyhed S,4.2910197653176265,4.1184041184041185
12760711,Östra Ljungby,2.6542504937433375,2.5974025974025974
12760712,Stidsvig,2.825270461671164,3.4420289855072466
12770101,Åstorp  Centrum,13.682508742541925,7.376283846872083
12770102,Åstorp  Björnekulla,7.945093347454803,5.51948051948052
12770105,Åstorp  Bjärshög,25.66169595010358,22.172619047619047
12770106,Åstorp  Dala,15.492769990653011,8.850726552179657
12770107,Åstorp  Öster,5.460681891686904,3.1490015360983103
12770110,Åstorp Norr,13.971257395369156,8.170310701956272
12770203,Nyvång,14.010647612610382,9.75609756097561
12770204,Hyllinge,11.668680339530333,6.775067750677507
12770308,Kvidinge tätort,4.384236463260672,4.4491525423728815
12770309,Kvidinge landsbygd,3.4685269154097362,3.4055727554179565
12780101,Båstad Västra,6.873960409763389,2.7309236947791167
12780102,Båstad Östra,6.94544167602261,3.671562082777036
12780202,Förslöv Västra,5.276607118252246,4.545454545454546
12780203,Förslöv Östra,5.039912087876899,2.9918404351767904
12780303,Grevie,5.121047993196356,3.816793893129771
12780404,Västra Karup,3.2429333143843224,2.7160493827160495
12780607,Torekov-Hov,2.971435125028249,2.170138888888889
12780703,Östra Karup,4.32691523988505,2.4691358024691357
12780704,Hemmeslöv-Riviera,3.167931161536316,2.1512838306731434
12800101,Gamla staden V,8.096424628935813,9.815950920245399
12800102,Gamla staden-Stortorget,11.549387473333137,7.525325615050651
12800103,Gamla staden-Caroli,14.796416880260503,14.270941054808686
12800104,Gamla staden-Ö Tullgatan,13.2692106595082,10.849056603773585
12800105,Gamla staden-Österport,16.66562193607379,14.689265536723164
12800106,Davidshall,8.85085195457416,9.482129832239242
12800107,Davidshall-Lugnet,11.786257118148399,12.889637742207245
12800108,Västra hamnen,8.346482651251327,5.319969159599075
12800109,Västra hamnen-Flaggskeppet,13.100649427151165,6.679209783631232
12800110,Västra hamnen-Dockplatsen,7.142829227844935,2.843601895734597
12800111,Slussen-Ö Förstadsg,14.330558793158392,14.591920857378401
12800112,Slussen,15.83858882897622,14.909090909090908
12800113,Östervärn-Fredsgatan,27.686520501860123,28.694714131607334
12800114,Östervärn-Nobelv,13.962942281016943,24.885635864592864
12800115,Ellstorp,10.915948109852879,11.821366024518388
12800116,N Sorgenfri,29.556538568958967,25.86387434554974
12800117,Värnhem,24.555690360985437,27.636363636363637
12800118,Rörsjöstaden-Rörsjöparken,9.38395147632331,20.16376663254862
12800119,Rörsjöstaden-Kungsgatan,9.497352274235366,17.69041769041769
12800120,V Sorgenfri-Betania,11.385568730146186,19.548872180451127
12800121,V Sorgenfri-Rörsjö,20.76474565608555,25.213675213675213
12800122,Lugnet-Rörsjö,13.90432086823881,15.123094958968347
12800123,Lugnet,19.894615114687426,14.86910994764398
12800124,Rådmansvången-Triangeln,13.99678491783258,17.103109656301147
12800125,Rådmansvången-Stadshuset,14.537968672487906,23.069590085795998
12800126,Rådmansvången-S Förstadsgatan,15.183079226268106,26.16651418115279
12800127,Rådmansvången-Tandläkarhögskolan,18.19567670809783,22.794691647150664
12800128,Västra hamnen-Fullriggaren,14.70092571696918,9.569798068481123
12800129,Gamla staden-S Promenaden,13.457146930330769,10.82529474812433
12800130,Rörsjöstaden-Föreningsgatan,6.446067442781421,10.03976143141153
12800131,Västra hamnen-Kockum fritid,12.778736677401247,8.700834326579262
12800132,Katrinelund-Värnhem,20.967621127961994,29.680759275237275
12800133,Västra hamnen-Isbergs gata,10.042044585987323,7.536231884057971
12800134,Västra hamnen-Bassängkajen,11.424493860481595,4.382761139517896
12800135,Västra hamnen-Bomgatan,13.318019195784322,7.396149949341439
12800136,Västra hamnen-Varvsparken,14.014853162573162,6.477732793522267
12800137,Värnhem-Rörsjö,21.10650658958186,21.15009746588694
12800201,Möllevången-Bergsgatan,24.281674771866708,30.939226519337016
12800202,V Sorgenfri-Mariagatan,6.552807325287715,22.530864197530864
12800203,V Sorgenfri-Nobelv,14.321485183185906,34.08029878618114
12800204,Möllevångstorget N,19.06427444801736,36.170212765957444
12800205,Möllevången-Folkets park,11.588150982594444,38.49329205366357
12800206,Möllevången-Karlskronaplan,12.0746131261146,30.829694323144103
12800207,Möllevången-Bangatan,33.374554363106306,36.10738255033557
12800208,Möllevången-Södervärnsplan,19.904510901246482,29.26553672316384
12800209,Södervärn,19.418812255944815,32.918552036199095
12800210,Flensburg-Allm sjukhuset,24.584089860054007,27.225806451612904
12800211,S Sofielund-Seved,32.29811417964763,38.50931677018634
12800212,N Sofielund-Sofielundsskolan,22.042035289314565,34.41226575809199
12800213,S Sofielund-Bryggeriet,32.10275525620385,41.44893111638955
12800214,N Sofielund-Nobelv,15.33853724223866,35.72778827977316
12800215,N Sofielund-Nobeltorget,12.380584661735238,35.257214554579676
12800216,Ö Sorgenfri-Kiviksgatan,10.873761629427756,32.369942196531795
12800217,Ö Sorgenfri-Nobelv,16.910854342215874,30.582010582010582
12800218,Ö Sorgenfri-Sorgenfrivägen,30.21790168816722,39.48186528497409
12800219,Ö Sorgenfri-Brantevik,12.059255876331818,24.84774665042631
12800220,Annelund,24.991881625773352,33.333333333333336
12800221,Lönngården,23.2003694959988,32.645161290322584
12800222,Möllevångstorget S,18.288434155015107,40.944017563117455
12800301,Hästhagen,4.1376915700939625,9.486166007905139
12800302,Fågelbacken N,8.498067275864294,9.289617486338798
12800303,Kronprinsen,12.251930405219964,11.499436302142051
12800304,Fågelbacken S,10.744995640703097,12.57995735607676
12800305,Kronborg-Teatern,9.962354091960584,10.957324106113033
12800306,Rönneholm SO,9.744484569262518,14.073426573426573
12800307,Rönneholm-Mariedalsv,5.730046565373314,7.7
12800308,Rönneholm NV,5.468259914951217,12.567811934900542
12800309,Rönneholm NO,5.4707198712174785,10.663308144416456
12800310,Rönneholmsparken,6.253480615342788,8.152173913043478
12800311,Ribersborg SO,4.9965167247432705,10.865191146881287
12800312,Ribersborg NO,4.834186987618085,7.601572739187418
12800313,Ribersborgsskolan,3.7285127393002044,9.083191850594227
12800314,Ribersborg-Limhamnsvägen,4.928969583801279,7.685185185185185
12800315,Ribersborg-Nicoloviusg,3.9400980301783157,5.509433962264151
12800316,Ribersborg-Regementsg,4.284970630179342,5.508474576271187
12800317,Fridhem,6.742700255833192,4.034582132564841
12800318,Västervång-Fridhem,3.9541909040466634,3.7585421412300684
12800319,Mellanheden,12.951510732119454,12.637828668363019
12800320,Dammfri-Köpenhamnsvägen,11.177344411342135,9.85663082437276
12800321,Dammfri-Korsörvägen,8.936664263674338,11.329479768786127
12800322,Solbacken,11.538015014451824,11.497005988023952
12800323,Dammfri-John Ericssons väg,13.177988850596256,15.795868772782503
12800324,Kronborg,15.746049575597613,14.426229508196721
12800401,Bellevue-Nya Bellevue,5.068402905899401,1.7210144927536233
12800402,Rosenvång,4.657738270955242,2.6079136690647484
12800403,Gamla Limhamn-Bellevue,7.338980872636707,2.3032629558541267
12800404,"Limhamn, Ön",8.3504011537439,2.6679841897233203
12800405,Gamla Limhamn-Tegnérgatan,6.862360819681223,3.90625
12800406,Gamla Limhamn-Linnéskolan,6.769878283563142,6.719367588932807
12800407,Sibbarp N,9.848344314588301,8.341143392689785
12800408,Annetorp N,8.280431521561841,4.780114722753346
12800409,Djupadal N,2.8281701369743386,3.6943744752308985
12800410,Annetorp S,10.626767803372712,7.471852610030706
12800411,Sibbarp S,6.6712576662641965,3.2846715328467155
12800412,Sibbarp-Hammars Park,7.437061461130069,4.380341880341881
12800413,Djupadal-Ö Rosenvång,3.7510998496824794,3.503787878787879
12800414,Djupadal-Broddaparken,6.820317945635037,3.2511210762331837
12800415,Hyllieby,7.197998473728615,3.909952606635071
12800416,Bunkeflostrand N,9.595155490048619,2.9732408325074333
12800417,Bunkeflostrand-Fjärilsg,5.385397995839288,2.4704618689581097
12800418,Bunkeflostrand-Ängslätt,8.754356447873613,3.8259564891222806
12800419,Bunkeflostrand-Strandhem,9.69175612334801,3.620564808110065
12800420,Annestad N,23.46818236821288,17.700258397932817
12800421,Bunkeflo-Vintrie,11.450509114801891,4.732824427480916
12800422,Klagshamn N,6.3904490249226,4.815573770491803
12800423,Tygelsjö Ö,5.548935437927026,2.3360964581763377
12800424,V Klagstorp-Tygelsjö V,6.024774655087625,4.714828897338403
12800425,Limhamn-Dragörkajen,9.015354274644055,3.4739454094292803
12800426,Kalkbrottet,17.26097999088232,5.343511450381679
12800427,Annestad S,19.784418288886517,9.802073515551367
12800428,Elinelund N,17.785781616653264,12.467866323907455
12800429,Limhamn-Cementparken,20.326802376133895,10.964912280701755
12800430,Limhamn-Fendertorget,27.247148974552644,12.808988764044944
12800431,Limhamn-Fernissagatan,18.238397391801964,8.35010060362173
12800432,Limhamn-Formgatan,14.735622657718,8.184679958027282
12800433,Limhamn-Rosengrens gata,14.224227668207995,1.9743336623889438
12800434,Klagshamn S-Tygelsjö vång,7.150122671652047,3.89363722697056
12800435,Elinelund S,17.89926968218203,7.282051282051282
12800436,Gamla Limhamn-Valborgsgatan,7.080962166923178,5.27363184079602
12800501,Lorensborg N,23.257694898538148,19.39711664482307
12800502,Lorensborg V,41.04886866334408,33.56164383561644
12800503,Lorensborg SO,29.31272656245567,20.593869731800766
12800504,Bellevuegården V,27.199230880867837,13.949843260188088
12800505,Bellevuegården Ö,45.58906494906642,38.89447236180904
12800506,Kroksbäck N,21.068271297565254,18.659658344283837
12800507,Kroksbäck V,6.5088286570923595,4.044489383215369
12800508,Kroksbäck S,47.841869015206065,44.66477809254013
12800509,Borgmästaregården S,12.773400400534213,12.37864077669903
12800510,Borgmästaregården N,9.017313017481804,6.892655367231638
12800511,Södertorp,13.20003014035545,9.989373007438894
12800512,Gröndal,16.674420350653104,11.904761904761905
12800513,Kulladal N,17.593100316946717,12.79503105590062
12800514,Kulladal-Per Albin Hanssons väg,11.484015849831318,10.829103214890017
12800515,Kulladal-Kulladalsgatan,15.097443584350213,12.808988764044944
12800516,Holma N,36.16641939950612,27.906976744186046
12800517,Holma S,48.48058418493594,38.34586466165413
12800518,Lindeborg-Axel Danielssons väg,20.76173303837146,13.192346424974824
12800519,Lindeborg Centrum,21.168070017397536,10.266535044422508
12800520,Lindeborg-Stolpalösaparken,21.27275595241396,15.856481481481481
12800521,Hyllievång-Tennisgränd,35.91276969232132,15.968586387434556
12800522,Hyllievång-Allétorget,29.562200515522477,11.550632911392405
12800523,Hyllievång-Dagvattenparken,31.16753347182621,25.192012288786483
12800524,Hyllievång-Sagas gränd,27.83468064068466,17.993630573248407
12800525,Hyllievång-Skrivaregatan,28.296606091043284,12.062256809338521
12800526,Bellevuegården-Hålsjön,27.202066547594693,28.338762214983714
12800601,Heleneholm,33.611378600230644,31.092436974789916
12800602,Eriksfält,20.36859118390266,17.451523545706372
12800603,Almhög V,31.630817082253078,23.28767123287671
12800604,Almhög Ö,40.704786167566645,33.170731707317074
12800605,Augustenborg N,40.72600115856357,38.89515219842165
12800606,Augustenborg S,40.88453457040956,32.083333333333336
12800607,Hindby,19.086317304785574,24.603174603174605
12800608,Nydala NV,37.757319307298744,27.323943661971832
12800609,Nydala NO,40.8928296581814,28.95086321381142
12800610,Nydala SO,36.706938326378925,27.790697674418606
12800611,Gullviksborg,45.058488186562485,40.10989010989011
12800612,Gullvik,26.574752680354536,22.99412915851272
12800613,Ö Söderkulla,20.34426325518968,15.394736842105264
12800614,Hermodsdal,45.92004140494112,41.30105900151286
12800615,Hermodsdal-Gullviksborg,36.965475008534135,32.962447844228095
12800616,V Söderkulla-Söderkullagatan,18.424688790739527,17.702227432590856
12800617,V Söderkulla Centrum,21.846870167057794,17.31651376146789
12800618,V Söderkulla-Fosietorp,22.307765459909795,22.68041237113402
12800619,Lindängen N,29.948438872836185,21.1287988422576
12800620,Lindängen Centrum,39.143239729623104,32.544378698224854
12800621,Almvik,31.95774256119461,21.655172413793103
12800622,Lindängen Ö,38.414903382853424,35.84637268847795
12800623,Lindängen-Almvik,37.75900537385625,18.73198847262248
12800624,Lindängen-Kastanjegården,33.104176250352914,26.155580608793688
12800625,Lindängen-Vårsången,47.182976485413924,36.51452282157676
12800701,Oxie Kyrkby N,16.5020694378455,15.875754961173426
12800702,Oxie Kyrkby Ö,16.32303339113662,13.817809621289662
12800703,Oxie Kyrkby-Toarp,13.338510097336929,13.333333333333334
12800704,Kristineberg,25.891837893947073,15.044971381847915
12800705,Käglinge,13.241553242482455,10.535557506584723
12800706,Oxievång Ö,18.834232527317237,14.039125431530495
12800707,Oxievång V,24.16524902889853,19.798994974874372
12800708,Käglinge-Lockarp,12.391490576916963,5.945945945945946
12800801,Törnrosen,47.957572180877186,41.97530864197531
12800802,Örtagården V,44.97701396596341,40.284974093264246
12800803,Persborg,38.47330034336637,33.08457711442786
12800804,V Kattarp,20.817421269993265,28.668941979522184
12800805,Rosengård centrum,51.931158647729646,41.211401425178146
12800806,Apelgården S,29.294924602330255,28.3072546230441
12800807,Apelgården N,24.5254487101468,31.50537634408602
12800808,Kryddgården S,26.10983733050783,30.899830220713074
12800809,Herrgården,56.44884101160089,45.666666666666664
12800810,Kryddgården N,52.099869496410506,47.333333333333336
12800811,Törnrosen-Örtagården,50.30018192626466,42.555685814771394
12800812,Örtagården Ö,45.76114554522652,40.58479532163743
12800901,Riseberga-Storhällagatan,8.745426972887902,7.569386038687973
12800902,Riseberga-Ringbergagatan,10.884404695551801,8.895131086142323
12800903,Videdal N,18.470988920599073,17.288444040036396
12800904,Videdal S,12.769916760890013,14.237668161434977
12800905,Virentofta V,13.45944101116984,12.841530054644808
12800906,Virentofta Ö,11.613239097981596,9.322033898305085
12800907,Höja,13.320538675874879,14.415437003405222
12800908,Stenkällan-Höja,13.758912053045842,13.232323232323232
12800909,Stenkällan-Jägersro Villastad,24.72563760096674,21.605550049554015
12800910,Ö Skrävlinge-Kvarnby,11.223985261539177,10.403587443946188
12800911,S Sallerup,10.164480627362963,6.469500924214418
12800912,Almgården,20.774917039747294,20.72599531615925
12800913,Ö Skrävlinge-Gyllins,10.747414511418295,10.061242344706912
12800914,Riseberga-Elsa Anderssons gata,10.884952281797021,11.35135135135135
12801001,Kirsebergsstaden-Rostorp,14.133409366036338,20.263157894736842
12801002,Kirsebergsstaden-Solgatan,13.910166254887423,23.536036036036037
12801003,Kirsebergsstaden-Kirsebergstornet,19.05684839222284,27.849740932642487
12801004,Johanneslust,7.944023897754829,18.54140914709518
12801005,Kirsebergsstaden-Beijers park,13.871943531213793,19.689737470167064
12801006,Segevång Ö,31.949633647663013,20.28985507246377
12801007,Segevång V,26.721888089420737,20.59925093632959
12801008,Segevång N,24.620099942273423,27.216748768472907
12801009,Håkanstorp,11.82401125657823,12.195121951219512
12801010,Bulltofta-Valdemarsro,13.247457206863482,11.820083682008368
12801011,Segevång S,24.03082225874579,29.583333333333332
12810101,"Centrum, Krafts rote",6.700775306715531,7.770961145194274
12810102,"Centrum, Clemens rote",7.679471612321433,6.376518218623482
12810103,"Centrum, Vårfru rote",7.840438782509889,8.103294746215495
12810104,Mårtenslund,6.794883100618178,10.134310134310134
12810105,Nöden,7.523946117267527,8.918406072106261
12810106,Revingelyckan-Margretedal,6.210280580488733,5.340557275541796
12810107,Stampelyckan-Planetstaden,7.097709998471,8.904810644831116
12810108,"Centrum,  Drottens rote-Svanelyckan",9.223941480772615,7.888040712468193
12810109,Ulrikedal,10.03147818216316,8.953341740226985
12810110,Gylleholm,8.089038396513152,12.735849056603774
12810111,"Centrum, Färgaren",8.45662492261953,11.618257261410788
12810201,Kobjer-Sliparelyckan,10.730072457327903,10.838272650296359
12810202,Pilelyckan-Rådmansvången,16.574301497880132,9.738219895287958
12810203,Papegojelyckan Ö,8.20031708866575,7.314974182444062
12810204,Väster,9.743586948556205,9.201213346814965
12810205,Spoletorp V,4.987254435606391,4.708699122106943
12810206,Papegojelyckan V,15.47122456862321,17.47388414055081
12810207,Värpinge - Klosters Fälad,12.98296413881309,11.512027491408935
12810208,Värpinge gård,17.82224025249361,15.74585635359116
12810209,Vildanden,24.60412845092505,19.72534332084894
12810210,Måsen,15.53099374829132,6.862745098039215
12810211,Klosterhusen,5.673904570182024,7.099035933391762
12810301,Råbylund Öster,16.88581959752742,10.03167898627244
12810302,"Linero, Vikingaparken",35.90141892820835,30.4093567251462
12810303,"Linero, Tre högars park",25.734871045169616,13.723696248856358
12810304,"Linero, Gårdarike",20.57646203335795,9.5703125
12810305,Norränga,17.730663101833358,12.552891396332862
12810306,Råbylund Väster,20.1434578660748,13.908629441624365
12810401,Olshög-Professorsstaden,7.972775295568041,6.106870229007634
12810402,Spoletorp Ö,17.5111822973113,9.142857142857142
12810403,Tuna Öster,20.161290289576257,9.885931558935361
12810404,Galjevången,9.974507613311651,8.672294704528012
12810405,Möllevången Ö,12.369389991136357,10.231923601637108
12810406,Möllevången V,14.45179317654696,8.811748998664887
12810407,Plantagelyckan,8.170178485883573,5.767731878409976
12810408,Tuna Väster,19.530069403278976,12.549537648612946
12810501,Nöbbelövs centrum,19.42913641640595,13.452492944496708
12810502,Nöbbelöv-Oscarshem,9.919803380545627,6.866325785244705
12810503,Gunnesboparken,19.039779385996,12.724167378309138
12810504,"Gunnesbo, Fornängen",11.65613342576502,9.443954104148279
12811301,"Sandby, Västervång-Hardeberga",9.222430462849585,3.567787971457696
12811302,"Sandby, Kyrkovång",7.2759232685296595,6.538461538461538
12811303,"Sandby, Fågelsång-Assarhusa",6.38033649160406,4.832424006235386
12811304,"Sandby, Östervång-Revinge",5.635525046342177,4.720692368214005
12811305,Sandby Centrum,6.930292544363233,5.640423031727379
12811601,"Dalby, Centrum-Nyvång",6.416696629451746,6.882168925964546
12811602,"Dalby, Norrevång",4.59435309803596,5.3977272727272725
12811603,"Dalby, Stationen-Påskagänget",8.892475090261028,6.658739595719382
12811604,"Dalby, Pinnmöllan-Rökepipan",4.4100757069255625,9.512485136741974
12811605,Torna Hällestad,2.5181392691895295,6.315789473684211
12811606,Dalby Kolonin,7.243607675421192,8.032955715756952
12812001,"Genarp, Slätterna",8.904891660500134,6.169871794871795
12812002,"Genarp, Ekesvång",3.1522802875466316,3.8405797101449277
12812101,"Veberöd, Björkhaga-Trulsbo",4.017472463656405,3.8461538461538463
12812102,"Veberöd, Gamla byn",4.862831470823148,3.6429872495446265
12812103,"Veberöd, Idala",4.334836494409169,4.381694255111976
12812104,Veberöd Raggeborg,4.422553711527333,4.709748083242059
12812401,Hospitalsgården-Järnåkra,12.40596586995461,10.229007633587786
12812402,Nilstorp,5.662432266634375,6.953125
12812403,Klostergården SV,13.330054409914236,12.021857923497267
12812404,Klostergården N,28.77466930358232,7.769423558897243
12812405,Sankt Lars,16.491457713678088,10.336341263330599
12812406,Klostergården SÖ,23.091373484274925,22.902097902097903
12812407,Klostergården Centrum,22.6853436102315,24.466571834992887
12812501,"N Fäladen, Kämnärsrätten SÖ",11.614892436531397,14.693877551020408
12812502,Sankt Hans park,26.891999638012962,14.638157894736842
12812503,Fäladstorget,26.06511179306449,12.65474552957359
12812504,"N Fäladen, Borgareparken",12.038949243060246,10.991636798088411
12812505,Ladugårdsmarken,23.002502917857736,16.807738814993954
12812506,Annehem,10.519938254977852,3.2846715328467155
12812507,Delfi,24.66823828897676,15.967365967365968
12812508,"N Fäladen, Kämnärsrätten NV",11.614856990018618,21.142857142857142
12812509,"N Fäladen, Rådhusrätten",29.75796505867591,25.918153200419727
12812510,Offerkällan,26.182955840119217,25.653206650831354
12812511,Brunnshög,23.00724265299964,10.946196660482375
12812512,"Brunnshög, Solbjer",19.69658317196471,13.249211356466876
12812601,"Östra Torn, Spexaren",13.099450185422278,18.86429258902791
12812602,Vipelyckan,8.503265684720994,3.4305317324185247
12812603,"Östra Torn, Gåsatoften",14.76815168021459,10.522151898734178
12812604,"Östra Torn, Vänortsparken",22.641036008201123,10.896130346232178
12812605,"Östra Torn, Orkesterparken",14.034499664891944,12.613636363636363
12812606,Mårtens Fälad,10.82620891702274,8.426073131955485
12812701,Vallkärra,7.513975433591175,6.753458096013019
12812702,Torn,7.898794035307771,6.9049553208773355
12820101,Citadellstaden,7.267244287852356,6.17828773168579
12820102,Fröjdenborg,12.332815334145868,11.89827429609446
12820103,Norra Förstaden,19.72735985967486,15.648148148148149
12820104,Centrum,18.142975691069452,10.017574692442881
12820105,Dammhagen,24.467491393335823,22.16157205240175
12820106,Gustav Adolf,18.899585811903467,17.839444995044598
12820107,S:t Olov,14.083222809998663,7.976190476190476
12820108,Albano,11.70649307676906,11.009174311926605
12820109,Larvi,8.027083386876743,7.359705611775529
12820110,Sandvången,6.807724389393054,8.91218872870249
12820111,Helgebröten,4.283247375693267,7.5
12820112,Norrestad,22.910372075110853,29.278350515463917
12820113,Karlslund,20.42830683134832,16.986564299424185
12820114,Västra Fäladen,4.026823216533625,4.262295081967213
12820115,Drottningen,2.627729771173131,1.918819188191882
12820116,Svaneholm,2.346034974345895,1.002004008016032
12820117,Norra Borstahusen,2.9516183442974007,2.1208907741251326
12820118,Weibullsholm,22.74601322089066,22.983425414364643
12820201,Ven,4.670433036753417,4.7101449275362315
12820301,Annelöv,3.281590303240202,3.8817005545286505
12820401,Häljarp Norra,3.4412718143740944,2.8934368383909668
12820402,Häljarp Södra,3.8159173896232272,2.656137832017229
12820501,Asmundtorp,4.922427966223642,4.034582132564841
12820801,Härslöv,6.667381667374414,8.521303258145364
12820802,Glumslöv Norra,2.95408826148255,1.320754716981132
12820803,Glumslöv Södra,3.3493563747296444,1.9607843137254901
12830101,Olympia,15.811676809130368,5.9869036482694105
12830102,Centrum S,9.907584708589955,7.797270955165692
12830103,Centrum V,5.731893016918066,1.7227235438884332
12830104,Slottshöjden S,7.697512263833111,3.971756398940865
12830105,Slottshöjden N,15.568455829814381,10.443349753694582
12830106,Stattena,14.994546719170497,9.556650246305418
12830107,Centrum Ö,7.0343387352016435,3.5353535353535355
12830108,Tågaborg Ö,9.97909604402364,6.796116504854369
12830109,Tågaborg S,7.138994895939078,4.4180118946474085
12830110,St Jörgens plats,4.3313595204750674,2.37467018469657
12830111,Tågaborg M,8.096330425682243,4.2152466367713
12830112,Tågaborg N,5.537985258864083,2.9049295774647885
12830113,Pålsjöbaden,3.5391149058671947,0.8454106280193237
12830114,Pålsjö Ö,11.29374442470938,4.967801287948482
12830115,Ringstorp C,10.647827787588387,5.658709106984969
12830116,Berga,15.048123348138908,8.949771689497718
12830117,Mariastaden N,14.059906258335266,5.323868677905945
12830118,Mariastaden V,6.831787280051588,5.564516129032258
12830119,Mariastaden Ö,19.47592050927293,11.609498680738787
12830120,Ringstorp Ö,10.918952143362695,11.3658070678128
12830121,Tågaborg C,6.8670289010294105,4.57516339869281
12830122,Margaretaplatsen,3.7194948468147144,3.293084522502744
12830123,Ringstorp N,9.647346885539832,6.938020351526364
12830124,Mariastaden S,10.207558600431113,6.053268765133172
12830201,Furutorp,32.5978864274391,30.44189852700491
12830202,Stadsparken,37.69234957609472,24.65753424657534
12830203,Högaborg V,38.74735403797049,25.3781512605042
12830204,Eneborg V,37.171906394989314,29.545454545454547
12830205,Wilson park,10.067547032562704,8.159392789373815
12830206,Eneborg M,29.88544774216207,21.143847487001732
12830207,Högaborg Ö,33.88911510821756,31.309041835357625
12830208,Viskängen,13.547017684308358,9.221902017291066
12830209,Närlunda,35.88321407586715,21.82857142857143
12830210,Eskilsminne,14.311948153345545,10.38197845249755
12830211,Ragnvalla,26.201383746406695,21.780986762936223
12830212,Adolfsberg-Västergård S,21.216470520938827,12.746386333771353
12830213,Sofieberg,8.002807925857576,5.583250249252243
12830214,Husensjö,5.519881523001531,3.9548022598870056
12830215,Rosengården Ö,18.725324452462793,10.906862745098039
12830216,Rosengården V,17.5980106789393,8.316008316008316
12830217,Västergård N,19.802355711762374,14.733969986357435
12830218,Gustavslund Ö,10.195606881741565,4.197761194029851
12830219,Söder,37.96532950466723,28.79432624113475
12830220,Gustav Adolf,41.29906928982687,22.893481717011127
12830221,Oceanhamnen,26.71034626770662,6.834030683403069
12830222,Eneborg Ö,28.165306625119985,9.710982658959537
12830223,Rosengården C,19.088594092680886,21.913236929922135
12830224,Gustavslund V,9.768719183170278,3.7681159420289854
12830301,Råå S,1.8132420492207884,1.8760195758564437
12830302,Råå N,2.2332731762723212,3.1746031746031744
12830303,Högasten,14.28399936059154,10.955056179775282
12830304,Lussebäcken,17.36449786464465,12.69276393831554
12830305,Planteringen S,29.234996633448564,21.284755512943434
12830306,Planteringen N,42.11784774399393,33.969010727056016
12830307,Elineberg,32.23861804098732,30.975348338692392
12830308,Ramlösabrunn,10.378494638535969,4.3644716692189895
12830309,Ramlösa N,5.860266122516247,3.626473254759746
12830310,Humlegården,5.7036866638755175,3.444976076555024
12830311,Ättekulla N,14.030667805079364,5.5813953488372094
12830312,Raus S,10.254230132853612,4.954954954954955
12830313,Ramlösa Ö,7.4695481083884125,1.8416206261510129
12830314,Ättekulla Ö,10.55145490298174,6.589147286821706
12830401,Kattarp N,5.6517817311231875,3.951701427003293
12830501,Kattarp S,7.971725900701005,7.563025210084033
12830601,Allerum,5.657785854361732,1.640926640926641
12830602,Hittarp-Domsten,3.3233824225948863,1.0889292196007259
12830603,Laröd V,3.321240807488505,1.1484823625922889
12830604,Laröd Ö,4.351269707915698,2.6813880126182967
12830701,Ödåkra V,12.670880539919198,4.466727438468551
12830702,Ödåkra Ö,12.434743976523576,7.130872483221476
12830703,Björka-Väla,20.472626121315884,13.420427553444181
12830901,Påarp V,9.047241870600235,5.2631578947368425
12830902,Påarp Ö,4.190936192912571,2.763385146804836
12831201,Mörarp V,4.751780252185432,3.5495716034271725
12831202,Mörarp Ö,5.805285473382144,5.966850828729282
12831301,Bårslöv Ö,9.477626647967027,8.34403080872914
12831302,Bårslöv V,16.567251425396933,10.409745293466223
12831601,Rydebäck N,3.081876613479407,2.2872827081427265
12831602,Rydebäck S,1.909833702745474,1.053639846743295
12831603,Gantofta,2.8861213904703678,2.0034843205574915
12831604,Vallåkra-Ottarp,2.9360078461996486,3.7593984962406015
12831605,Rydebäck Ö,2.9271102838677843,2.2920203735144313
12831606,Rydebäck M,2.6713239660743953,2.3890784982935154
12831701,Fredriksdal V,31.588791598708738,17.785630153121318
12831702,Fredriksdal M,34.85066541091954,26.31578947368421
12831703,Drottninghög Ö,37.35676259577409,33.94607843137255
12831704,Drottninghög V,32.85711034439771,25.6
12831705,Dalhem-Källstorp,23.014606856303303,18.30663615560641
12831706,Dalhem S,31.640840337085372,25.54824561403509
12831707,Brohult,19.807007789805162,14.814814814814815
12831708,Lundsbäck,38.82414438101536,10.419313850063533
12831709,Fredriksdal Ö,40.56322692599991,36.507936507936506
12840001,Nyhamn V,2.9575422086611294,2.641802641802642
12840002,Nyhamn Ö - Brunnby,2.7819139897874847,2.527646129541864
12840003,Jonstorp V - Ingelsträde,3.0579182586055635,2.317415730337079
12840004,Jonstorp Ö,1.6884789218143832,1.7845340383344348
12840005,Höganäs NV,5.234543813962899,4.575645756457565
12840006,Höganäs NÖ - Väsby,4.234694772884087,3.2590051457975986
12840007,Höganäs C,8.586305678366347,4.2476601871850255
12840008,Höganäs S,13.054167885370699,8.719560094265514
12840009,Höganäs SÖ,11.807567127630492,10.110450297366185
12840010,Höganäs Ö,9.090880398022547,7.2344322344322345
12840011,Lerberget N,2.9030414677965117,1.6339869281045751
12840012,Lerberget S,3.896721958430035,2.087912087912088
12840013,Viken N,1.5340992653604655,0.9654062751407884
12840014,Viken Ö,2.9856209097122535,2.1319120586275817
12840015,Viken S,2.19376117799198,1.0128913443830572
12850101,Centrum Sydost,15.883985683861388,8.878048780487806
12850102,Centrum Väster,16.50766650485995,10.151006711409396
12850103,Karlsro,7.824058346558206,5.227655986509275
12850104,Norr,16.995866771724973,9.329446064139942
12850105,Rönneberga,20.436523187865664,13.8996138996139
12850106,Solkullen,7.078451136047762,5.0
12850107,Väster,4.283155735485338,4.783258594917788
12850108,Sallerup,12.979094021546269,7.6523031203566125
12850109,Berga,15.913787268346967,16.64712778429074
12850110,Örtofta,7.770644988099542,7.659574468085107
12850111,Centrum,18.750742973867744,16.434540389972145
12850201,Stehag,2.5578985543380854,5.199430199430199
12850401,Västra Strö,10.390440605820347,3.4074074074074074
12850801,Billinge,4.595401540323043,6.991869918699187
12850901,Skarhult,3.2107256620638105,5.995475113122172
12851101,Marieholm,9.511958743475217,5.963699222126189
12851301,Löberöd,5.172906700107524,4.415823367065317
12851401,Harlösa,2.8999067527962255,4.6351084812623276
12851601,Flyinge,5.071316123042386,5.1003344481605355
12860101,Edvinshem SÖ-Gjuteriet,7.24952274062079,7.191780821917808
12860102,Edvinshem N,3.629665218651693,2.696272799365583
12860103,Bellevue S,6.012810445015336,3.0988274706867673
12860104,Bellevue N,6.209382076611001,5.0463439752832135
12860105,Solbacken N,4.776673183049984,4.2198233562316
12860106,Hälsobacken,3.8037701898133727,2.7468448403860433
12860107,Egna hem-Solbacken SÖ,3.913443681467096,3.631010794896958
12860108,Surbrunnen-Östra förstaden N,5.67010741859257,6.4840182648401825
12860109,Ö förstaden S-Regementet-Sandskogen,8.984749294986536,7.495590828924162
12860110,Gamla staden V,8.756369099153295,6.9243156199677935
12860111,Västra Sjöstaden-Åkesholm,4.316875833629815,2.1524663677130045
12860112,Gamla staden Ö,9.506726367536967,8.5
12860401,Svarte-Snårestad-Bjäresjö-Sjörup mfl,2.38398033398115,3.5880398671096345
12860701,StHerrestad-Hedeskoga-Bussjö-Källesj,2.7793807061153015,2.466525722339676
12861101,Nybrostrand-St Köpinge-Svenstorp,1.5592261269407885,2.720114531138153
12861102,Köpingebro,3.5248622714891487,3.1438935912938333
12861201,Sövestad-Baldringe-Högestad m fl,1.9181388157783732,2.549889135254989
12861601,Löderup m fl,4.452054452347988,3.90625
12861801,Glemmingebro-Ingelstorp-Kåseberga,4.2604499961875,3.70843989769821
12870101,Fuglie-Hammarlöv-Alstad,3.0422894658276354,2.557755775577558
12870102,Skegrie,2.9626313748461817,2.285263987391647
12870103,Skåre-Maglarp-Västra Tommarp,3.8775629281714936,1.921470342522974
12870104,Tågarp-Västervång,4.1946954704891795,2.422145328719723
12870105,Högalid-Lundhög,4.26587497892928,3.194103194103194
12870106,Granlunda-Söderslättshallen,5.3893855367822905,3.2169117647058822
12870107,Barnängen-Liljeskolan,5.944020800690183,8.249721293199554
12870108,Parken-Trelleborg Övre,7.823026674420642,4.008016032064128
12870109,Vannhög-Bastionen,6.199539650623784,3.5901926444833627
12870110,Söderslättsgymnasiet-Hamngatan,10.60384940351983,7.209302325581396
12870111,Trelleborgen-S:t Nicolai,9.871721009681096,8.396946564885496
12870112,Friheden,8.420923706298675,6.554121151936445
12870113,Flaningen,4.742183399287741,4.178537511870845
12870201,Centralstationen-Hamnen,9.380131420321861,10.698689956331878
12870202,Wemmenhögsgatan-S:ta Gertruds väg,8.864458901643602,5.759682224428997
12870203,Klockaregatan-Österlid,12.955642639122292,12.110726643598616
12870204,Flintedal-Kyrkoköpinge-Malörten,10.482153579554183,7.9113924050632916
12870205,Pilevall-Dalköpinge kyrka,13.808068081529663,11.177884615384615
12870206,Fagerängen-Östra stranden,14.49293353600451,9.50048971596474
12870207,Dalköpinge-Svartesjö,3.2410027448073215,1.0027347310847767
12870208,Gislövs läge-Gylle-Bösarp,2.8512241477557083,2.243313201035375
12870209,Norra Åby-Böste,2.106864767793971,2.202283849918434
12870210,Stora Isie-Äspö-Smygehamn,2.3864787108223524,3.4181240063593004
12870211,Beddingestrand,1.9885289866183589,2.6380873866446826
12870212,Jordberga-Klagstorp-Önnarp,2.2171555109874643,4.247787610619469
12870213,Anderslöv östra-Grönby-Näsbyholm,2.4162327815489926,4.62962962962963
12870214,Anderslöv västra-Lilla Alstad,2.7119424922305533,3.1219512195121952
12900101,Centrum,23.131425166687507,14.153132250580047
12900102,Söder-Udden,18.14567763180205,12.88888888888889
12900103,Söder,16.74621440386165,9.03225806451613
12900104,Östermalm,13.422662044765417,11.428571428571429
12900105,Egna Hem - Parkstaden,12.54812326446233,7.12
12900106,Lyckans Höjd,20.65642775381603,11.986863711001641
12900107,Östra Fäladen,25.326491815790288,17.449664429530202
12900108,Gamlegården1,56.110208844175894,43.610785463071515
12900109,Gamlegården2,52.50444656897576,36.507936507936506
12900111,Kulltorp,14.465305893463974,8.752166377816291
12900112,Näsby norra,24.968354245519805,17.8125
12900113,Näsby södra,22.79884405912164,14.228052472250253
12900114,Österäng,29.02628436997644,27.790697674418606
12900115,Öllsjö,5.151751867011901,4.061538461538461
12900116,Sommarlust,22.603831577443483,15.248796147672552
12900209,Charlottesborg - Härlöv,18.286348374143813,13.839750260145681
12900210,Hedentorp - Åsum,7.888297009300928,4.407514450867052
12900216,Vilan-Långebro,18.681761905626292,12.758620689655173
12900402,Träne - Djurröd - Skepparslöv,4.233633713918308,2.208682406702209
12900702,Vä,4.694343619972926,3.4346103038309117
12900803,Köpinge - Nöbbelöv,2.3856986043723794,2.347826086956522
12900901,Hammar,8.521426829071983,4.6685340802987865
12900902,Nosaby,11.93429167541011,6.134969325153374
12900903,Hammarslund-Gamla Hammar och Araslöv,10.684705171119367,6.740681998413957
12901103,Österslöv - Balsby - Fjälkestad,18.100632253870973,3.7735849056603774
12901303,Önnestad-Norra Strö,3.4731538617556383,3.7062937062937062
12901401,Färlöv,5.135554958471982,4.434907010014306
12901501,Åhus centrum,2.986503079708389,2.3480662983425415
12901502,Åhus-Täppet,1.505072840143825,1.0058675607711651
12901503,Åhus Transval-Sånna,1.9851413395222768,2.2620169651272386
12901505,Åhus Vattentornet-Ripa,1.6189322217811177,1.2978585334198571
12901506,Åhus Äspet,1.5928105696103056,0.7953723788864787
12901507,Åhus Vanneberga - Östra Sand,1.7163834325780227,0.9502923976608187
12901701,Everöd - Östra Sönnarslöv - Huaröd,3.10818547404886,5.143721633888048
12902301,Bäckaskog,2.2359746834215546,2.7842227378190256
12902401,Fjälkinge - Nymö,4.119710870817234,3.9634146341463414
12902501,Gustav Adolf - Rinkaby,4.9109033716798836,3.938115330520394
12902901,Degeberga - Hörröd,2.3421898603771423,4.00320256204964
12903001,Yngsjö - Vittskövle - Maglehem,2.079525309015135,2.5043680838672104
12903103,Tollarp-Linderöd-Äsphult,3.335268184843508,5.378973105134475
12903201,Tollarp centrum södra,4.800730458215777,3.459119496855346
12903202,Tollarp centrum norra,4.713794946429081,3.3135089209855564
12903501,Oppmanna - Vånga - Arkelstorp,2.6797615556836822,3.1550068587105624
12910101,Simrishamn N,5.786773447358618,6.015037593984962
12910102,Simrishamn C,15.173061529273049,12.63573543928924
12910103,Simrishamn S,11.55164719693083,7.655116841257051
12910204,Simris,6.662837522523457,4.792043399638336
12910408,Gladsax,3.987285653696164,2.6666666666666665
12910609,Skillinge,2.1291859324347246,2.736318407960199
12910710,Borrby,3.3526174076955355,3.1487513572204127
12911114,Gärsnäs,4.196863472421475,5.307096004770424
12911316,Hammenhög,4.809591456843483,6.537282941777324
12911720,S:t Olof,2.950638949831874,5.6172436316133245
12911922,Kivik,2.453323278136174,4.3866774979691305
12920101,Ausås-Strövelstorp,3.9647651919731404,2.4787535410764874
12920102,Höja-Starby,3.3875712158627223,1.7582417582417582
12920103,Skörpinge,4.902297959672586,2.6
12920104,Södra Utmarken,3.269576574564679,3.7997587454764776
12920105,Willan,17.13813679044412,11.219081272084805
12920106,Ängavången,10.534047532104626,5.813953488372093
12920107,Centrum S,5.227008054903965,3.2201914708442123
12920108,Nya Torg,9.01829492201816,5.7567316620241415
12920109,Sockerbruket,5.410120764986618,2.8210838901262063
12920110,Danielslund,4.602133577732861,1.9893899204244032
12920111,Centrum N,8.080299566360255,5.658914728682171
12920201,Kungsgården,12.786218445605487,6.956521739130435
12920202,Munka Ljungby S,5.686221234499798,4.081632653061225
12920203,Tåssjö-Össjö,1.817491300034706,4.150702426564496
12920204,Munka Ljungby N,2.9026771115760335,4.3343653250774
12920205,Rebbelberga,3.8546059869855127,3.6939313984168867
12920206,Pomona,2.9378296968054656,3.2233307751343054
12920207,Skälderviken,2.7110049611636535,1.1786038077969174
12920208,Magnarp,1.2400842304924375,1.3636363636363635
12920209,Vejbystrand,2.8495394133592353,2.247191011235955
12920210,Hjärnarp S,2.854869654199227,2.2850924918389555
12920211,Hjärnarp N,2.1534880790239295,1.9462465245597775
12930101,T4-området,14.48142982900759,10.206084396467125
12930102,Gäddastorp,11.464399232269287,2.867383512544803
12930103,Bokeberg,10.170621178863023,9.1792656587473
12930104,Stattena,10.98074892106906,7.3584905660377355
12930105,Hässleholm C,16.957324688519915,16.29901960784314
12930106,Djupadal,17.329179435731465,7.3842302878598245
12930107,Haga,15.388263054408034,12.820512820512821
12930108,Kristinehem-Ekedal,11.889385791592384,6.031746031746032
12930109,Sjörröd,3.625971111635107,1.8484288354898337
12930110,Östervärn-Röinge,13.573289301273173,5.6325823223570195
12930111,Läreda,40.545786236937715,34.52685421994885
12930112,Ljungdala,10.405632884141177,6.691800188501413
12930113,Fredentorp,7.838259579951794,8.29817158931083
12930114,Bokalyckan,11.37965449865796,6.013363028953229
12930301,Stoby-Ignaberga,4.53829471399303,2.877070619006103
12930302,Ballingslöv,3.449709547618364,5.338541666666667
12930501,Vinslöv C,2.222222911570056,2.338709677419355
12930502,Vinslöv N,2.5711865015727837,3.1197301854974704
12930503,Vinslöv S,2.167795430909533,2.2913256955810146
12930901,Hästveda V,3.4067034828187808,3.156708004509583
12931002,Hästveda Ö,5.975025355591282,4.693140794223827
12931203,Vittsjö utom tätorten,4.027638971750224,2.766798418972332
12931204,Vittsjö tätort,9.480686803030027,7.000946073793756
12931301,Bjärnum S,5.9811589160552865,5.625717566016074
12931302,Bjärnum N,5.390833297703476,5.776892430278885
12931402,Vankiva,7.3885843702213645,3.4620505992010653
12931503,Sösdala Ö,4.962750822320426,7.255936675461742
12931504,Sösdala V,6.847331404809345,5.537098560354374
12931704,Tormestorp,3.6146565209245716,3.2017075773746
12931901,Tyringe N,10.24743114617142,9.497206703910615
12931902,Tyringe V,7.403198825499077,6.217070600632244
12931903,Finja,3.826771841054234,4.040404040404041
12931904,Tyringe S,3.089905448750374,3.012633624878523
12932005,Röke-Hörja,1.2299665700722033,3.236245954692557
13150101,Torup,9.587444044851683,5.90030518819939
13150102,Rydöbruk-Femsjö,4.899938896203288,3.8901601830663615
13150201,Kinnared-Drängsered,3.635252615668206,3.8817005545286505
13150401,Landeryd-Långaryd,2.0095772111454826,2.635046113306983
13150501,Hyltebruk,15.900872841675703,13.91304347826087
13150502,Örnabäckshult,21.2258495726222,15.869017632241814
13150503,Staffansbo,13.9028681128233,8.005082592121981
13150701,Unnaryd-Jälluntofta,4.483089812144341,4.761904761904762
13800101,Centrum norra,8.209741866230027,4.18041804180418
13800102,Centrum västra,7.86572380686203,7.3347107438016526
13800103,Centrum södra,8.035947729827328,7.1973827699018535
13800104,Galgberget västra,7.124361816343973,4.67479674796748
13800105,Galgberget östra,7.619493819893645,7.677165354330708
13800106,Kärleken-Sofieberg västra och södra,5.160585116830326,2.799552071668533
13800107,Kärleken-Sofieberg östra,5.279670813204855,6.0676779463243875
13800108,Mickedala,4.9609671020257515,4.114490161001789
13800109,Rotorp norra,9.460583750867466,9.08193484698914
13800110,Rotorp södra-Alet,6.315501430955803,2.0855057351407718
13800111,Kattegatt,6.136145685149734,4.244897959183674
13800112,Slottsjord,5.9148549406744975,5.170821791320407
13800201,Centrum östra-Gamletull södra,13.55140461634563,8.61344537815126
13800202,Gamletull västra,5.646183273904449,3.35195530726257
13800203,Gamletull norra och östra,9.61821466743912,7.835051546391752
13800204,Furet,6.556604952941141,5.273250239693192
13800205,Frennarp,3.5462008148394815,5.864811133200795
13800206,Nyatorp norra,18.108463582744523,6.188340807174888
13800207,Nyatorp södra,15.809007601123675,12.5
13800208,Nyhem västra,23.961187309077793,16.122448979591837
13800209,Nyhem norra och östra,22.173835489067923,16.586306653809064
13800210,Nyhem södra,24.94322145272061,13.921360255047821
13800211,Engelbrekt västra och södra,12.966735204956194,10.552147239263803
13800212,Östra Förstaden-Engelbrekt norra,10.370495619657198,8.771929824561404
13800213,Engelbrekt östra-Östra Stranden,25.792922303543147,5.958549222797927
13800214,Linehed södra,25.7601971943089,28.413793103448278
13800215,Linehed norra,23.148970070211476,9.989484752891693
13800216,Gustavsfält norra,28.778424356312406,15.052356020942408
13800217,Gustavsfält södra,32.18898957209296,26.31578947368421
13800218,Andersberg norra,47.141580340304834,37.44239631336406
13800219,Andersberg södra,43.840659204784934,34.90658800393314
13800301,Vallås västra,23.2307124974257,17.08229426433915
13800302,Vallås norra,16.010058449352357,10.21671826625387
13800303,Vallås östra,11.925520379870951,8.560311284046692
13800304,Vallås södra,14.690542538699106,9.472551130247577
13800305,Snöstorp östra-Brogård,4.581578841386223,3.90104662226451
13800306,Snöstorp västra,5.347199651131989,4.705882352941177
13800307,Fyllinge norra,9.052321298875661,9.456521739130435
13800308,Fyllinge södra,11.048385029642125,6.244653550042772
13800309,Skedala-Marbäck,2.9932241864037095,2.8625954198473282
13800401,Simlångsdalen,2.0985506902538233,2.402957486136784
13800501,Oskarström västra och södra,6.898135280798388,7.274969173859433
13800502,Oskarström norra,6.409748763506028,5.442176870748299
13800503,Oskarström östra,4.536762159649126,3.6771300448430493
13800701,Eldsberga-Tönnersjö,1.8650764640764528,3.4482758620689653
13800702,Gullbranna-Laxvik,2.744729249350535,2.38353196099675
13800801,Trönninge,5.466500654014218,4.438860971524288
13800901,Söndrum södra,2.7016922919338886,2.20125786163522
13800902,Eketånga-Stenhuggeriet östra,3.452535678826061,1.342281879194631
13800903,Söndrum norra-Vapnö,2.615360916483454,2.2613065326633164
13800904,Bäckagård-Pålsbo norra,5.760835688045965,4.123711340206185
13800905,Bäckagård-Pålsbo södra,5.086080215328252,8.415841584158416
13800906,Bäckagård-Trottaberg västra,3.0949720668669674,2.484472049689441
13800907,Frösakull östra,1.9389603394848014,1.1385199240986716
13800908,Frösakull västra-Tylösand,3.3386224008499235,0.802407221664995
13800909,Eketånga-Stenhuggeriet västra,2.7209439993402986,2.028397565922921
13800910,Bäckagård-Trottaberg östra,5.704229877962671,0.49800796812749004
13801001,Kärleken-Sofieberg norra-Holm,3.175762958717257,2.9115341545352744
13801101,Gullbrandstorp södra-Villshärad,1.7179306126393368,2.345215759849906
13801102,Gullbrandstorp norra-Onsjö-Ågarp,1.8651952283737712,2.233502538071066
13801103,Haverdal,2.3050271290178164,1.990391214824983
13801104,Harplinge,1.7493186334235449,3.3798677443056575
13801201,Steninge-Särdal,1.9040205277505364,1.467710371819961
13801401,Getinge södra-Rävinge,5.0997681787867535,4.820627802690583
13801402,Getinge norra,5.963695588036909,5.897771952817824
13801701,Kvibille-Slättåkra,1.2610420939624158,2.491408934707904
13801901,Åled västra,3.4036579034720496,3.8845726970033296
13801902,Åled östra-Sennan,3.463615432367275,3.085714285714286
13810101,Laholm Centrum,11.278795450210248,6.402439024390244
13810102,Laholm Östra,13.722280220364961,12.921810699588477
13810103,Laholm Västra,6.1984676753616785,3.935860058309038
13810104,Laholm Norra,6.896736337440804,5.448449287510478
13810105,Laholm Södra,12.343527546288533,7.219827586206897
13810106,Mellbystrand Södra,1.8520586377666537,1.0964912280701755
13810107,Mellbystrand Norra,1.850531455419878,0.8333333333333334
13810301,Våxtorp,4.439559170512722,3.343949044585987
13810501,Hasslöv-Skottorp,4.6184629817601515,2.9002320185614847
13810502,Skummeslöv,2.123215778964197,2.0408163265306123
13810601,Hishult,2.202365905879206,1.6455696202531647
13810701,Ränneslöv,1.143352727086931,3.7691401648998824
13810801,Vallberga-Ysby,4.1864585933330165,3.8802660753880267
13810901,Knäred,7.90926518615577,5.180840664711632
13811101,Veinge,3.0197184319337844,3.3362598770851624
13811102,Tjärby,7.934193448560758,6.948968512486428
13820101,FBG 1 V Gärdet-Hamnen-Gamla stan,12.409295930225639,8.992506244796003
13820102,FBG 2 Arvidstorp,11.196328101206474,10.822510822510823
13820103,FBG 3 Herting,15.662817218762605,9.494232475598935
13820104,FBG 4 V Gärdet-Smedjeholm,9.3398234983408,7.8348778433024435
13820105,FBG 5 Centrum,14.026255800961348,7.221812822402359
13820106,FBG 6 Ö Gärdet-Vindilen-Fajans,9.067091423080967,7.137601177336276
13820107,FBG 7 N Skrea Strand,5.387599668717325,2.5283347863993026
13820108,FBG 8 Hjortsberg,4.37073703355041,4.747774480712166
13820109,FBG 9 Tånga-Sloalyckan-V Tröinge,16.299212594440462,12.50996015936255
13820110,FBG 10 Falkagård-Stafsinge,12.141339248877793,10.370994940978077
13820112,FBG 12 S Skrea Strand-Ringsegård,3.0458066760732945,1.7482517482517483
13820201,Skrea Samhälle-Ringsegård,2.3253107032983635,2.5435073627844713
13820202,FBG 11 Slätten,5.235286871003374,4.330708661417323
13820301,Årstad,4.870066098646509,3.952569169960474
13820601,Slöinge,8.003920807931545,5.366492146596858
13820701,Ugglarp-Långasand,2.001537206522391,4.503464203233256
13820801,Skogstorp,7.716646515887033,7.018763029881862
13820901,Glommen-Olofsbo,2.4857812030836945,2.4529844644317254
13820902,Långås-Morup,4.400626997456297,5.6351480420248325
13821001,Ljungby,2.1858325705600383,3.5110533159947983
13821101,Tröingeberg,6.278822730645772,6.1882817643186305
13821102,Vinbergs Samhälle och kyrkby,6.16586109553331,4.983012457531144
13821201,Vessigebro,4.09149293240763,4.887218045112782
13821501,Köinge-Okome,4.7249985347066845,3.9726027397260273
13821901,Ätran-Fegen,3.1381001796479047,2.642007926023778
13822301,Ullared,8.189476707916286,5.077262693156733
13822401,Älvsered,3.2477432529541304,3.0120481927710845
13830121,Värö,3.3145356518953504,2.8452463566967383
13830122,Stråvalla,3.523921727568402,2.043269230769231
13830123,Veddige V,3.6380450651753353,3.543647363872083
13830124,Veddige Ö,5.202058271908011,4.066073697585769
13830126,Bua,5.257348978441431,4.363376251788269
13830129,Tångaberg-Kärra-Åskloster,2.223346193909946,3.5073409461663947
13830130,Bläshammar-Trönningenäs,2.6959013537201484,2.824360105913504
13830131,Lindberg-Tofta-Torpa,2.649823230878381,2.051282051282051
13830132,Valinge-Stamnared,2.1069621558989287,3.0478955007256894
13830135,Brunnsberg-Norrdal,8.951177612278215,9.275618374558304
13830136,Stenåsa-Äckregården,9.46613343638255,6.182795698924731
13830137,Gamleby,6.971913385194293,5.087319665907366
13830138,Trädlyckan,6.190555899345892,4.298356510745891
13830139,Håsten,13.047283435115636,15.014720314033367
13830140,Karlberg,8.166716961646951,2.723004694835681
13830151,Kungsäter-Karl Gustav-Gunnarsjö,1.9541668296252543,2.3837902264600714
13830152,Derome-Sällstorp-Grimmared,2.1139842880549855,3.1578947368421053
13830153,Getterön-Lugnet-Göingegården Ö,7.060340206165012,3.7007240547063556
13830154,Trönninge-Göingegården V,3.221808232823683,3.435672514619883
13830221,Skällinge-Nösslinge,1.2763197344325217,3.901734104046243
13830222,Rolfstorp,2.6591706848237595,5.089408528198074
13830223,Träslöv N,2.890735919671294,3.1746031746031744
13830224,Grimeton-Gödestad-Hunnestad,1.3388718405379414,3.316326530612245
13830225,Varberg centrum S,4.09985637759114,3.984375
13830226,Varberg centrum N,8.320880371236491,7.246376811594203
13830227,Lorensberg-Tranelyckan,5.337251823023206,3.6263736263736264
13830228,Lilla Träslöv,3.600744147169744,5.063291139240507
13830229,Hästhaga-Rosenfred,3.474119265245694,4.191114836546522
13830230,Mariedal,6.242998788641591,7.402760351317441
13830231,Sörse-Apelvikshöjd,11.920246127948364,9.495798319327731
13830232,Sörse-Ranelid,14.48807133763581,10.29082774049217
13830235,Apelviken-Nygård,3.4318494766780563,2.4390243902439024
13830237,Träslövsläge NV,2.0299040071627545,1.8067556952081696
13830238,Träslövsläge SÖ,3.0388281981226197,2.3276633840644583
13830239,Tvååker V,3.712701922936708,5.1226551226551225
13830240,Tvååker Ö,3.6002944845546834,2.9702970297029703
13830251,Breared,3.877189721225215,4.237918215613383
13830252,Träslöv S,3.3509421566878954,2.771362586605081
13830253,Spannarp-Sibbarp-Dagsås,2.015731454792668,4.36105476673428
13840101,Innerstaden,9.05922368190885,3.56111645813282
13840102,Västra Villastaden,4.825413356787183,3.60082304526749
13840103,Ö Villastaden/Signeskulle/Gårdskulla,4.612577019816576,5.565217391304348
13840104,Hålabäck,9.72693439826803,5.603448275862069
13840105,Hammerö,12.412588605593273,7.224334600760456
13840106,Hammerö Södra/Västra,8.03538084355983,3.7948717948717947
13840107,Tingberget,10.926138925567443,8.021978021978022
13840201,Varla Södra,14.573493144323908,10.978956999085087
13840202,Varla Norra,5.807720805510532,4.21735604217356
13840203,Tölö,4.165816016039194,2.0276497695852536
13840204,Fors,2.744919469097306,2.233502538071066
13840205,Hede,3.101845194267262,3.4232365145228214
13840206,Björkris,5.788852555660093,4.620203602192639
13840301,Anneberg,6.47880705357653,4.15944540727903
13840302,Älvsåker,3.0434490323543764,3.5866780529462
13840401,Vallda Sandö,3.061227593211667,1.8257261410788381
13840402,Vallda Lerkil,2.1841467833865638,1.4162077104642015
13840403,Vallda Bröndome,5.803757834891111,2.7262813522355507
13840404,Vallda Backa,3.0180829992327745,1.7647058823529411
13840501,Kyvik,2.5528382648567978,0.7178750897343862
13840502,Kullavik Centrum,4.50498115828063,2.3076923076923075
13840503,Släps Kullen,2.7240564737842177,1.2265978050355069
13840504,Malevik/Släps Inland,4.287297841443777,2.1609538002980626
13840505,Bukärrs Centrum,2.64607785281243,2.0066889632107023
13840506,Särö,2.9877883397861034,0.8928571428571429
13840601,Frillesås Landsbygd,3.3277953710642847,4.829770387965162
13840602,Frillesås Kust,5.066411939064752,4.046692607003891
13840801,Ölmevalla Östra,4.488425110189522,3.151862464183381
13840802,Ölmanäs,1.560311097496835,1.669449081803005
13840803,Åsa Centrum,4.635150927674429,4.110738255033557
13840901,Gällinge/Idala/Förlanda,2.7159182538458904,3.105095541401274
13841201,Fjärås Norra,3.571251781868284,2.24475018102824
13841202,Fjärås/Må,5.9634130674233745,4.054982817869416
13841203,Fjärås Södra,3.0448237908315847,3.4729315628192032
13841301,Hanhals,5.259826570536297,2.2222222222222223
13841401,Forsbäck/Oskarsberg,3.9292856157935936,2.1210230817217717
13841402,Presse/Skällared,2.4930609752688473,1.295731707317073
13841403,Onsala Kyrka,3.2196898839664088,2.075019952114924
13841404,Onsala Rydet,2.078130713496188,1.9933554817275747
13841405,Gottskär,3.2555317271935476,1.8682399213372665
13841406,Vässingö/Röda Holme,2.3040366123496883,4.033771106941838
13841407,Onsala Västra,2.1558370180191786,2.5259067357512954
13841408,Kolla Norra,5.303676828244626,3.3003300330033003
13841409,Kolla Södra,5.54707462420543,2.335766423357664
13841411,Onsala Södra,2.8258468255622238,2.3333333333333335
13841412,Åsa kust,4.304336633532764,2.345415778251599
14010101,Härryda,4.802113412136663,5.6859205776173285
14010201,Backa-Eskilsby m.fl.,5.001365250633358,4.845505617977528
14010202,Landvetter centrum V-Skårtorp m.fl.,9.791079978304031,5.603112840466926
14010203,Landvetter centrum Ö-Snåkered m.fl.,4.30369192325651,3.494837172359015
14010204,Önneröd-Salmered,2.807987186996099,2.318840579710145
14010205,Tahult-Byvägen m.fl.,4.158861599881442,2.264685067232838
14010301,Kindbogården-Solsten m.fl.,5.3078432003797085,3.4338358458961475
14010302,Säteriet-Bråta m.fl.,20.086540169104662,15.809167446211413
14010303,Mölnlycke centrum m.fl.,6.133973137339899,5.63265306122449
14010304,Pixbo m.fl.,3.9119383614214662,2.7110766847405112
14010305,Högadal-Övre Skogen m.fl.,8.41637858533067,4.23634336677815
14010306,Djupedalsäng m.fl.,6.088147591232504,3.41726618705036
14010307,Nedre Skogen-Skinnefjäll m.fl.,9.888176908264471,5.248868778280543
14010308,Orrekullen-Långetjärnshöjd,3.629781250459056,2.0120724346076457
14010309,Båtsmanstorpet m.fl.,4.547770598209192,4.297520661157025
14010310,Nysäter-Benareby m.fl.,4.37392602846006,3.336422613531047
14010311,Mölnlycke fabriker m.fl.,8.148958001013144,6.993006993006993
14010401,Älmhult-Bocköhalvön m.fl.,3.4779299450323804,5.304518664047151
14010402,Rävlanda,6.5095727747949175,6.127450980392157
14010403,Hällingsjö,4.286130330290031,5.8118081180811805
14010404,Hindås centrum-Ingelse m.fl.,4.79803953971442,5.565217391304348
14020101,Brattåskärr S–Fröjasten–Soldatängen,6.317635711267819,4.280442804428044
14020102,Oxled–Soldatheden,12.589790692379346,11.009174311926605
14020103,Kullegården S–Puketorp,6.361948564785239,3.490136570561457
14020104,Vallhamra C–Ljungkullen,14.541322153500323,10.571923743500866
14020105,Brattåskärr N–Sotenäs S,7.377286131558252,4.712041884816754
14020106,Bethala-Sotenäs N,7.543398501509995,3.40393343419062
14020107,Kullegården N-Finngösa,11.655805457949622,8.251900108577633
14020108,Övre Björndammen-Björndammsterassen,17.35473707109986,10.773130544993663
14020109,Östra Centrum-Brodalen-Lexby Ö,16.24759295519066,10.886075949367088
14020110,Oluf Nilssons väg,28.529410308529215,20.79701120797011
14020111,Partille Centrum,24.51615917958696,13.793103448275861
14020112,Mellby-Paradiset,14.825144143482241,6.729857819905213
14020113,Lexbydal-Lexby V-Kåhög,7.908742655515209,5.932203389830509
14020114,Jonsered-Uddared,7.336949687496904,11.231527093596059
14020115,Skulltorp-Kåbäcken,15.834840152798598,10.680628272251308
14020116,Nedre Björndammen-Furuskog,23.469014275020413,9.766454352441613
14020117,Furulund,6.953617269761189,4.6660567246111615
14020118,Timmerslätt,7.268096030828284,6.979405034324943
14020119,Björndammens Torg-Stenliden,17.022452975368914,14.001986097318769
14020120,Hålsjöområdet-Öjersjö S,5.0178124003100795,1.8650088809946714
14020121,Kåsjöområdet-Öjersjö N,6.008763942124311,2.6957637997432604
14020122,Öjersjö Ö,6.518696751017988,4.953820319059614
14070101,"Björkö, Grötö och Kalvsund",2.699525330519229,3.90279823269514
14070105,"Hyppeln, Hälsö, Knippla och Rörö",2.2724629762706123,3.002070393374741
14070106,Hönö Nordväst,3.5731296583970438,2.8665028665028665
14070107,Hönö Nordost,2.0682225119024835,3.3191489361702127
14070110,Öckerö Norra,2.9354437556477864,2.5732031943212066
14070111,Öckerö Södra,3.0642007922941374,3.0493273542600896
14070112,Fotö och Hönö Södra,2.755020122661353,2.67538644470868
14150101,Spekeröd,1.7489767395475513,4.112808460634548
14150201,Stenungestrand-Stenungsön-S Askerön,6.856071567704366,5.533904910366329
14150202,Doterödsvägen-Nyborg,5.666281820011308,4.838709677419355
14150203,Brudhammar-Kopper-Kristinedal,7.799356744131759,6.521739130434782
14150204,Hasselbacken-Uppegårdsvägen,30.079803391845306,21.46067415730337
14150205,Ekbacken-Hällebäck-Högenorum,4.263490772441529,3.4170854271356785
14150206,Kyrkenorum,3.621043635864066,2.6582278481012658
14150207,Hallerna-Strandkärr,3.5455179499232083,3.476669716376944
14150208,Strandnorum-Kåkenäs,2.636917779289688,1.9586507072905333
14150209,Kvarnberget-Solgårdsterassen,10.556911666974088,5.383022774327122
14150301,Näs-Apleröd-Stripplekärr,2.4894232639486895,4.065040650406504
14150302,Berg-Käderöd-Hällesdalen,2.3267986758521295,5.231984205330701
14150401,Svenshögen-Ucklum,3.000882335930787,5.483870967741935
14150501,Getskär-Valeberget,1.9890602188709088,2.857142857142857
14150502,Anrås-VästraTorp-Saxeröd,1.686974435076346,3.0720338983050848
14150503,Källsby-Sävelycke-Timmervik,3.671740429695461,4.524886877828054
14150504,Gilltorp-Rämma-Högen,2.70584347445183,3.9001560062402496
14190101,Myggenäs,2.489374973002141,3.1
14190102,Valla,3.040700765825266,3.8810900082576385
14190103,Höviksnäs-Hakenäset,4.425204158680745,5.571847507331379
14190201,Södra Skärhamn,4.702863804971977,2.295332823259373
14190202,Norra Skärhamn,5.2717771779005895,3.266787658802178
14190203,Bleket-Klädesholmen,2.953427836911593,1.7777777777777777
14190204,Kållekärr,8.022743042792246,5.597964376590331
14190205,Stenkyrka,2.4604461542323564,2.998065764023211
14190303,Rönnäng,3.0158731491559276,2.3640661938534278
14190501,Klövedal,2.3744993312534177,4.448742746615087
14210101,Orust västra,0.5645038930386617,3.1323414252153485
14210201,Henån södra,5.070129562227415,4.674610449129239
14210202,Henån norra,6.8137802311490345,3.3307513555383426
14210301,Varekil,2.409810643840309,2.908805031446541
14210401,Svanesund norra,2.419031625920143,3.6870503597122304
14210402,Svanesund centrum,4.361404538350774,4.357298474945534
14210601,Orust nordöstra,2.3406204442374077,6.273062730627307
14211001,Ellös,3.785588756497345,3.5476718403547673
14270104,Kungshamn södra,4.341932197803925,2.0811654526534857
14270109,Kungshamn Norra-Hovenäset,7.871191784223392,5.097613882863341
14270306,Askum-Väjern-Malmön,4.6275035245844665,3.076923076923077
14270401,Smögen,2.931855150491655,1.9517795637198623
14270507,Hunnebostrand,5.013361755328062,3.9401103230890464
14270508,Bovallstrand-Tossene,3.5514334104758722,3.5573122529644268
14300101,Munkedal 1-Söder-Håby-Tungenäset,4.424941376675428,3.112033195020747
14300102,Munkedal 2-Väster-Centrum,10.377417540883465,5.434782608695652
14300103,Munkedal 3-Öster-Valbo Ryr,2.9082449605322895,4.611443210930829
14300505,Dingle-Bärfendal,5.5918657505370195,5.748502994011976
14300506,Hällevadsholm-Svarteborg,2.7341080186173516,3.080568720379147
14300808,Sörbygden,2.0935101606582744,3.1070195627157653
14350203,Tanumshede,14.384471617727288,4.970178926441352
14350204,Grebbestad norra,3.6650344276324276,2.710843373493976
14350205,Grebbestad södra,3.5103792355558787,3.2679738562091503
14350301,Tanumshede-Lur,6.485241979167568,4.715127701375246
14350401,Bullaren,1.536406206177666,3.1446540880503147
14350601,Hamburgsund,1.6330983219188357,5.886792452830188
14350603,Kville-Rabbalshede,1.4375003592187618,3.5339063992359123
14350701,Fjällbacka,4.822615986335265,2.857142857142857
14380101,Dals-Ed Nord,4.632480293859458,4.225352112676056
14380102,Dals-Ed Syd,2.2759984141889658,1.3824884792626728
14380103,Dals-Ed Centrum,4.867327277448365,2.9357798165137616
14390101,Färgelanda,5.869942168845889,4.402054292002934
14390205,Ödeborg-Stigen,4.33396913296193,3.9420756234915526
14390811,Högsäter och norra kommundelen,3.2887974579192503,1.9559902200488997
14400101,Nödinge södra,7.18887384670067,5.924739791833467
14400102,Nödinge östra,14.533506643986943,7.596153846153846
14400103,Surte norra,12.77701102484355,11.016949152542374
14400104,Surte södra,14.167782153565382,12.25596529284165
14400105,Bohus södra,12.41571702925803,11.645101663585953
14400106,Bohus norra,12.585236381368984,12.99638989169675
14400107,Nödinge centrum,28.708681501143744,22.07547169811321
14400210,Skepplanda norra - Hålanda,2.3458811098163688,3.9487726787620065
14400311,Skepplanda östra,5.291230259599792,5.751533742331288
14400312,Skepplanda västra,5.853902832110354,6.790697674418604
14400414,Starrkärr,1.926504169447587,4.1118421052631575
14400515,Älvängen centrum,6.744767666850476,4.356243949661181
14400516,Älvängen södra,6.204589238367115,6.302916274694262
14400517,Älvängen norra,6.6596646355236535,6.175771971496437
14400518,Nol norra,12.833988906667308,12.347826086956522
14400519,Nol södra,7.986047738120695,6.279287722586692
14400521,Älvängen östra,6.44469776353817,6.476190476190476
14400622,Alafors västra,5.62440787244065,9.55497382198953
14400623,Alafors östra,5.387607977744489,7.413249211356467
14410101,Västra Hulan - Bråta,7.12250166183641,7.314725697786333
14410102,Östra Hulan - Öxeryd,5.073224186662156,6.098654708520179
14410103,Rydsberg - Almekärr,4.492087829238592,4.556354916067146
14410104,Ljungsbacken - Stamsjön,2.841290850665818,1.4473684210526316
14410105,Södra Lerum - Slätthult,3.6754927243348794,3.860294117647059
14410106,Centrala Lerum,7.0389987692351434,5.593607305936073
14410107,Norra Aspenäs - Axåsen,3.0053041976397683,3.641207815275311
14410108,Södra Aspenäs - Torpadal,3.2729926765763446,2.615844544095665
14410109,Södra Hallsås,4.681747793918678,3.4482758620689653
14410110,Norra Hallsås - Höjden,5.274602276186237,5.39568345323741
14410111,Stenkullen - Hedefors,5.342465015708778,6.153846153846154
14410212,Uddared - Oryd,3.416334597884721,4.855275443510737
14410213,Centrala Floda - Nordåsen,5.7908815818348796,6.706281833616298
14410214,Drängsered - Hästhagen,5.671007489004036,8.319327731092438
14410215,Hyltorna - Öjared,4.197321348330309,5.657093124456049
14410216,Berghult - Ryggebol,4.554430733177217,6.153846153846154
14410217,Kyrkmossen - Lindskogen,5.519900911564858,4.148471615720524
14410218,Tollered - Norsesund,4.192814848595447,7.953340402969247
14410319,Olstorp,5.335265413903881,5.908683974932856
14410320,Stannum - Ljungvik,4.779723380929615,7.083825265643448
14410321,Aggetorp - Björboholm,6.24488069305999,7.442596991290578
14410322,Centrala Gråbo,11.102486050915275,9.795570698466781
14410323,Brattås - Hjällsnäs,6.5514049982374525,6.4696485623003195
14410424,Sjövik,9.140857177710767,8.378088077336198
14420101,Lena-Bergstena-Fullestad,1.4987511946604153,2.1352313167259784
14420402,Siene-Hol-Horla,2.463119245575853,3.2132424537487827
14420703,Nårunga-Ornunga m.fl.,1.5109890878497525,3.1553398058252426
14421305,Algutstorp-Landa,6.801019190122053,4.021739130434782
14421407,Vårgårda N,5.280866640483745,3.484688489968321
14421408,Vårgårda V,11.683944812410628,3.067484662576687
14421409,Vårgårda Centrum,19.545962562912344,15.252416756176155
14421410,Vårgårda Centrum Ö,25.12342688994708,9.67741935483871
14430201,Olsfors,5.320400117341568,5.025125628140704
14430202,Bollebygd Väst,3.1130818979997525,3.9016115351993212
14430203,Bollebygd Syd,5.563686993797812,3.7545787545787546
14430204,Bollebygd Öst,3.591096289093979,2.224199288256228
14430205,Töllsjö,2.131734945170933,4.794520547945205
14430206,Bollebygd Centrum,6.698936016146096,4.57516339869281
14440404,Grästorps Landsbygd,1.652988802152327,3.141361256544503
14440503,Grästorps Norra,5.3360961293177045,2.5
14440906,Grästorps Södra,2.3591212622297344,2.8292682926829267
14450101,Bredöl,2.6965519551838257,3.347732181425486
14450403,Nossebro,7.399378215879391,5.336426914153132
14450606,Jonslund,2.0937826264697224,2.9107981220657275
14460101,Karlsborg centrum-södra,6.663669868435522,4.857997010463378
14460108,Karlsborg norra,3.878572954487937,3.2996632996632997
14460304,Mölltorp - Brevik,3.6371695107289863,3.6525974025974026
14460405,Undenäs - Forsvik,1.7837294724830761,3.692762186115214
14470101,Amnehärads Norra,9.987091489333979,6.972477064220183
14470102,Amnehärads Södra,5.054578992202,3.885135135135135
14470203,Hova,5.681973734312633,4.965753424657534
14520104,Tranemo Östra,8.977629569927698,7.827616534740545
14520108,Tranemo Västra,6.128712569958282,7.572815533980583
14520201,Ambjörnarp-Sjötofta,12.08586501321877,7.699037620297463
14520409,Grimsås,4.246235960316303,2.761795166858458
14520505,Limmared,13.987521697152124,9.82961992136304
14520606,Länghem,2.067606173934662,2.4096385542168677
14521012,Dalstorp,3.719015141215311,3.32541567695962
14600101,Nordvästra,14.902934343752596,7.18232044198895
14600102,Norra,4.301286453499857,2.9490616621983916
14600613,Nordöstra,7.710693092364903,4.632768361581921
14600616,Sydöstra,6.098206195777097,10.948081264108351
14600919,Sydvästra,1.942117362623941,4.562268803945746
14610101,Fagerlid/Järn,7.4013889271011974,3.9158810732414793
14610105,Mellerud/Holm,20.053608412069476,8.291636883488206
14610309,Bolstad,1.2549537890355493,2.225130890052356
14610714,Rostock/Dalskog/Ör,1.5455952381179927,3.4453781512605044
14610918,Skållerud,4.300341071875575,3.3823529411764706
14620101,Göta,9.705939274782812,7.6923076923076925
14620102,Lilla Edet Södra,10.585185662373833,9.770114942528735
14620103,Lilla Edet Norra,13.314521639657677,10.935856992639327
14620305,Lödöse,8.15349275268073,8.420056764427626
14620506,Nygård,2.7737212197335808,4.073714839961203
14620608,Västerlanda,3.4918522883570513,5.122950819672131
14620712,Hjärtum,2.4232179903044626,4.121863799283154
14620713,Ström,6.48659831434087,5.889423076923077
14630101,Kinna centrum,8.374694030740075,5.942622950819672
14630102,Kinna-Näs-Vallås,5.538153268524303,5.2453468697123515
14630103,Kinna-Rydal-Kinnaström,2.1575831762301982,4.312354312354312
14630104,Kinna-Marieberg-Kinnahult,5.258695662903037,4.175152749490835
14630105,Kinna-Aspäng,16.83981594130749,9.578107183580387
14630307,Skene-Sandvallsäng,7.091767380409024,7.672955974842767
14630308,Skene-Hedbo,13.927221218053825,11.23110151187905
14630309,Örby-Krok-Brättingstorp,2.184358937343081,3.4129692832764507
14630328,Skene-Assberg,13.19575340588843,13.349814585908529
14630329,Örby centrum,2.5810781825318423,3.896103896103896
14630411,Ubbhult-Sätila,3.1081892477443778,2.7053140096618358
14630513,Hyssna,2.223860690544947,3.94842868654311
14630615,Fritsla,8.127672518249412,11.404561824729893
14630716,Skephult-Fritsla,2.1016495941610343,6.642512077294686
14630918,Berghem-Hajom,1.5803813979651435,3.913491246138002
14631019,Fotskäl-Tostared-Björketorp,2.2890607472621753,3.1687546057479734
14631626,Torestorp-Öxabäck-Älekulla,1.5341702850414352,3.106508875739645
14631701,Sätila V,2.3622737889721255,4.645161290322581
14631702,Sätila Ö,2.181420154047791,4.153686396677051
14631703,Horred-Öxnevalla,2.742759078622985,4.119850187265918
14631704,Horred-Istorp,2.9163841249295013,5.925925925925926
14631705,Skene-Haby,14.423111861341347,8.217270194986073
14650113,Svenljunga öster,7.020767758588658,3.54251012145749
14650114,Svenljunga söder,10.351258332193533,5.882352941176471
14650115,Svenljunga väster,12.028106670228963,6.5610859728506785
14650303,Högvad,3.137995879870841,3.0176899063475546
14650505,Kindaholm,1.8881500765778207,3.3410138248847927
14651212,Sexdrega,3.0873427024331064,3.2846715328467155
14651414,Hillared,3.1446033721583073,3.4965034965034967
14660107,Herrljunga Västra,3.0962940541219885,4.355400696864112
14660601,Herrljunga Centrum,10.218945790257552,8.734939759036145
14660705,Herrljunga Östra,3.359422538431103,4.497907949790795
14660903,Gäsene Östra,0.8608323418256942,1.7410228509249184
14661406,Ljung,3.2946035433906578,3.492786636294609
14700101,Vara Östra,10.584044488630472,7.117437722419929
14700102,Vara Västra,7.87259240670724,4.073150457190358
14700103,Vara Centrum,10.049809239813593,6.0889929742388755
14700204,Levene,2.109938913083343,4.399633363886343
14701006,Arentorp,2.6650677999559247,2.859778597785978
14701210,Vedum,3.1083322514027194,3.9154267815191854
14702424,Larv,1.542983170519577,3.4831460674157304
14702725,Skarstad,2.4666993696490502,3.574788334901223
14702927,Kvänum,4.266434647281787,5.581039755351682
14710111,Sil-Husaby,4.177798128905762,3.45679012345679
14710203,Götene 1,9.26574395924895,5.057096247960848
14710214,Götene 2,8.32366513777374,6.725468577728776
14710215,Götene-Holmestad,14.481332140126856,8.757819481680071
14710608,Källby norra,1.7466265238479766,3.004291845493562
14710609,Källby södra,1.7257992591216027,2.8378378378378377
14710705,Lundsbrunnsorten,1.9767906207720063,5.217391304347826
14711513,Hällekis-Forshem,1.402102214238933,8.178438661710038
14720101,Smuleberg m.fl.,11.386534327805022,6.465067778936392
14720102,Södra centrum,8.94619101467229,4.478827361563518
14720103,"Häggetorp, Katrineberg m.fl.",11.923819173185166,6.10134436401241
14720104,Skattegården m.fl.,25.1595085473136,9.438202247191011
14720106,"Hörnebo, Kvarnhagen m.fl.",4.438817740057506,3.3658104517271923
14720205,"Fagersanna, Ransberg m.fl.",1.1561024311425376,2.9411764705882355
14730101,Älgarås,2.7723302612438494,2.502844141069397
14730102,Kilen,3.7167507543438467,4.93009565857248
14730103,Moholm,2.3796931488019735,4.1459369817578775
14730104,Björkäng,12.386393519682061,10.335689045936396
14730105,Kårtorp,16.40730085532444,10.90308370044053
14800101,"Nordöstra Göteborg, Bergum",7.365996230466386,8.094645080946451
14800102,"Nordöstra Göteborg, Olofstorp",7.737237411261345,8.646188850967008
14800103,"Nordöstra Göteborg, Björsared",8.840072514474784,9.048723897911833
14800104,"Nordöstra Göteborg, Gunnilse",13.788645998041854,8.241758241758241
14800105,"Nordöstra Göteborg, Linnarhult",18.620043167204447,15.098722415795587
14800106,"Nordöstra Göteborg, Angereds Centrum",38.653935466304205,34.30051813471503
14800107,"Nordöstra Göteborg, Storås",36.884950098445366,34.63302752293578
14800108,"Nordöstra Göteborg, Eriksbo Östra",44.764903812504166,41.32841328413284
14800109,"Nordöstra Göteborg, Hammarkullen C",58.93223776386807,41.57608695652174
14800110,"Nordöstra Göteborg, Hammarkullen Ö",49.623279740769114,39.21568627450981
14800112,"Nordöstra Göteborg, Hammarkullen V",50.85350479768117,34.523809523809526
14800113,"Nordöstra Göteborg, Eriksbo Västra",46.402732908497185,30.72378138847858
14800114,"Nordöstra Göteborg, Bläsebo",42.7363341231956,39.77900552486188
14800115,"Nordöstra Göteborg, Hjällbo Norra",50.90109107907553,42.59028642590287
14800116,"Nordöstra Göteborg, Skolspåret",49.488147918746186,42.44505494505494
14800117,"Nordöstra Göteborg, Hjällbo Södra",50.644213872625066,46.666666666666664
14800118,"Nordöstra Göteborg, Agnesberg",39.51382051388883,23.15950920245399
14800119,"Nordöstra Göteborg, Gårdsten Västra",32.48490688834304,35.10520487264673
14800120,"Nordöstra Göteborg, Gårdsten Södra",44.28512923547566,39.57286432160804
14800122,"Nordöstra Göteborg, Gårdsten Östra",43.345384989831565,34.76890756302521
14800123,"Nordöstra Göteborg, Saffransgatan",35.812913093000844,34.797891036906854
14800124,"Nordöstra Göteborg, Gårdsten Norra",38.158991129215,34.323922734026745
14800125,"Nordöstra Göteborg, Lövgärdet C",47.27221216166692,37.868852459016395
14800126,"Nordöstra Göteborg, Senapsgatan m fl",39.0591436732902,38.27751196172249
14800128,"Nordöstra Göteborg, Lövgärdet Övre",46.17876162626404,41.220423412204234
14800129,"Nordöstra Göteborg, Lövgärdet Nedre",37.29654139481649,35.54778554778555
14800130,"Nordöstra Göteborg, Trädgårdsgärdet",34.795835342141864,31.48479427549195
14800131,"Nordöstra Göteborg, Titteridamm",36.02500961222516,24.682651622002822
14800132,"Nordöstra Göteborg, Rannebergen S",50.60747474386474,35.92375366568915
14800133,"Nordöstra Göteborg, Rannebergen C",49.434105412923415,37.32970027247956
14800134,"Nordöstra Göteborg, Rannebergen N",40.600187278743086,25.1621271076524
14800201,"Östra Göteborg, Rymdtorget",55.36587998559439,41.26163391933816
14800202,"Östra Göteborg, Gärdsmosse",40.839273176232965,37.264150943396224
14800204,"Östra Göteborg, Bergsjön Östra",45.42760678001762,42.6367461430575
14800205,"Östra Göteborg, Bergsjön Norra",30.885773648178464,32.32445520581114
14800207,"Östra Göteborg, Siriusgatan",55.275173121461556,36.77018633540373
14800208,"Östra Göteborg, Gärdsås",38.801672455399036,26.034858387799563
14800209,"Östra Göteborg, Bergsjön Södra",46.897670786332256,40.10471204188482
14800210,"Östra Göteborg, Komettorget",43.67050852628344,34.64052287581699
14800212,"Östra Göteborg, Fjällbo",8.125053892485075,12.541254125412541
14800213,"Östra Göteborg, Utbynäs",6.603347256419945,8.557457212713937
14800214,"Östra Göteborg, Utby",6.814624211501719,9.344790547798066
14800215,"Östra Göteborg, Kamgatan m fl",5.892392789051468,7.6923076923076925
14800216,"Östra Göteborg, Kviberg Östra",17.559291753259597,22.201834862385322
14800217,"Östra Göteborg, Kvibergsnäs",16.58343556712713,13.708260105448154
14800218,"Östra Göteborg, Bellevue Park",18.32407900042431,18.623024830699773
14800219,"Östra Göteborg, Bellevue",16.196392667879618,21.794871794871796
14800220,"Östra Göteborg, Gamlestaden Norra",20.469543190047172,28.35671342685371
14800221,"Östra Göteborg, Gamlestaden Södra",20.149863575296678,23.522727272727273
14800222,"Östra Göteborg, Nylöse",21.62009210588858,26.813471502590673
14800223,"Östra Göteborg, Kviberg Västra",26.332147281277237,27.34375
14800224,"Östra Göteborg, Kortedala Södra",18.998120777186756,22.036082474226806
14800225,"Östra Göteborg, Månadsparken",39.07382159418283,33.81389252948886
14800226,"Östra Göteborg, Gregorianska G. m fl",31.605162491559174,34.323922734026745
14800227,"Östra Göteborg, Kortedala Västra",25.743635555602754,26.417233560090704
14800228,"Östra Göteborg, Kortedala Torg",35.468776005977276,32.20088626292467
14800229,"Östra Göteborg, Förstamajgatan m fl",35.67153381026017,29.379310344827587
14800230,"Östra Göteborg, Kortedala Östra",40.277873671415,34.73684210526316
14800231,"Östra Göteborg, Månadsgatorna m fl",38.64511729564821,27.943078913324708
14800232,"Östra Göteborg, Adventsparken Östra",37.84200559557136,37.309292649098474
14800233,"Östra Göteborg, Adventsparken Västra",36.9689923751373,25.511596180081856
14800235,"Östra Göteborg, Kortedala Norra",39.04574597998585,26.720647773279353
14800301,"Östra Centrum, Fräntorp",5.54678655420399,7.973102785782901
14800302,"Östra Centrum, Vidkärr",12.183986583310743,22.596754057428214
14800303,"Östra Centrum, Munkebäck Norra",9.598559742219676,9.44700460829493
14800304,"Östra Centrum, Munkebäck Södra",10.651631399410663,9.280500521376434
14800305,"Östra Centrum, Kålltorp Norra",9.963831402314884,13.7123745819398
14800306,"Östra Centrum, Torpa",13.318731521367502,11.497584541062801
14800307,"Östra Centrum, Björkekärr Norra",7.613097871123642,13.470993117010815
14800308,"Östra Centrum, Smörslätten",20.179126578480187,17.62948207171315
14800309,"Östra Centrum, Björkekärr Östra",16.99159425180342,15.042117930204572
14800310,"Östra Centrum, Robertshöjd m fl",11.882359751329824,15.37828947368421
14800311,"Östra Centrum, Björkekärr Västra",19.84571520124502,18.68231046931408
14800312,"Östra Centrum, Kålltorp Östra",8.136647931476691,14.558689717925386
14800313,"Östra Centrum, Solrosparken",8.817593941485667,13.72549019607843
14800314,"Östra Centrum, Kålltorp Västra",4.9687795308469855,9.761634506242906
14800315,"Östra Centrum, Kålltorp Södra",4.283478968820339,7.879772542648253
14800316,"Östra Centrum, Björkekärr Södra",3.656740561428327,8.120035304501323
14800317,"Östra Centrum, Kallebäck Östra",15.24260895306993,9.474768280123584
14800318,"Östra Centrum, Kallebäck Västra",24.207224028735144,9.857978279030911
14800319,"Östra Centrum, Kallebäck Norra",19.63345008710194,11.733615221987314
14800320,"Östra Centrum, Skår Södra",7.115933869726138,2.140672782874618
14800321,"Östra Centrum, Jakobsdal",6.290125104788975,6.153846153846154
14800322,"Östra Centrum, Skår Norra",4.441047848528222,2.950152594099695
14800323,"Östra Centrum, Stora Torp",5.784539319032554,3.6263736263736264
14800324,"Östra Centrum, Lilla Torp",5.489744472817112,5.913978494623656
14800325,"Östra Centrum, Bö",4.393111022060296,5.691854759568204
14800326,"Östra Centrum, Örgryte",8.174971259335438,5.125148986889154
14800327,"Östra Centrum, Prästgårdsängen m fl",5.063150705724158,7.174490699734278
14800328,"Östra Centrum, Kärralund Södra",7.343163339549153,4.8152295632698765
14800329,"Östra Centrum, Kärralund Norra",7.642452627687926,12.535612535612536
14800330,"Östra Centrum, Härlanda",4.7120653643831885,6.051587301587301
14800331,"Östra Centrum, Lunden Nya",6.416054054626962,10.867052023121387
14800332,"Östra Centrum, Danska Vägen m fl",5.187073175030343,8.305647840531561
14800333,"Östra Centrum, Nobelplatsen",7.312871791817191,16.417910447761194
14800334,"Östra Centrum, Sankt Pauli",4.8875215234005145,13.147792706333973
14800335,"Östra Centrum, Lunden Gamla",6.076024773916699,9.494451294697903
14800336,"Östra Centrum, Överås",8.295018466355549,12.5
14800337,"Östra Centrum, Gubbero",8.24575440809684,12.554585152838428
14800338,"Östra Centrum, Gubberoparken",8.374721870674826,12.05098493626883
14800339,"Östra Centrum, Redbergsplatsen",9.168673751783677,11.71960569550931
14800340,"Östra Centrum, Olskroken",18.743681783127663,17.408906882591094
14800341,"Östra Centrum, Redberget",10.320074355600731,15.754189944134078
14800342,"Östra Centrum, Bagaregården",4.895095263944553,13.626373626373626
14800343,"Östra Centrum, Redbergslid",7.41336423684207,12.686567164179104
14800344,"Östra Centrum, Ånäs",8.644457922380253,10.609756097560975
14800345,"Östra Centrum, Strömmensberg Västra",8.204797554777077,12.26725082146769
14800346,"Östra Centrum, Strömmensberg Östra",6.807122662007724,10.588235294117647
14800347,"Östra Centrum, Kallebäck Södra",17.738929674439696,11.764705882352942
14800401,"Centrum, Otterhällan",12.40447051854551,6.285072951739618
14800402,"Centrum, Inom Vallgraven",9.530373832253991,9.30232558139535
14800403,"Centrum, Nordstan",12.832744557461078,14.002478314745973
14800404,"Centrum, Stampen Västra",11.711221065454428,6.127770534550195
14800405,"Centrum, Odinsgatan m fl",11.720083421702865,13.458950201884253
14800406,"Centrum, Stampen Östra",11.93616388083506,12.923462986198244
14800407,"Centrum, Friggagatan m fl",11.569362435629326,8.970976253298153
14800408,"Centrum, Svingeln",11.39181760601846,15.584415584415584
14800409,"Centrum, Gårda Norra",17.59776295433803,10.519645120405576
14800410,"Centrum, Gårda Södra",13.213087141786032,16.90694626474443
14800411,"Centrum, Bohusgatan m fl",12.453402922526736,5.725971370143149
14800412,"Centrum, Sten Sturegatan m fl",12.993515547887753,8.50546780072904
14800413,"Centrum, Heden",10.54936173911653,6.506506506506507
14800414,"Centrum, Hedås",8.00129579881425,3.278688524590164
14800415,"Centrum, Götaplatsen",9.930334100811171,3.7735849056603774
14800416,"Centrum, Carlandersplatsen",9.03400113530007,6.484641638225256
14800417,"Centrum, Eklanda Östra",9.96203793247988,9.989258861439312
14800418,"Centrum, Eklanda Norra",9.771304477080319,12.677484787018255
14800419,"Centrum, Johanneberg Övre",15.435105538981285,11.28640776699029
14800420,"Centrum, Johanneberg Östra",11.93305759341067,8.037578288100208
14800421,"Centrum, Eklanda Södra",9.463434903719644,7.341490545050056
14800422,"Centrum, Kristinehöjd Västra",17.563616027226928,12.875536480686696
14800424,"Centrum, Kristinehöjd Östra",12.73659654811505,11.483739837398375
14800425,"Centrum, Getebergsäng",29.045695103313808,15.25940996948118
14800426,"Centrum, Krokslätt Norra",13.75349748635697,7.113316790736145
14800427,"Centrum, Krokslätt Södra",15.75764520967714,5.357142857142857
14800428,"Centrum, Fredriksdal",13.928015375631535,10.253583241455347
14800429,"Centrum, Framnäs",15.383328501313342,14.62655601659751
14800430,"Centrum, Mossen",19.52233980348728,16.983372921615203
14800431,"Centrum, Fridkullagatan m fl",15.590680419660258,11.342351716961499
14800432,"Centrum, Guldheden Östra",16.385025952714162,13.362541073384447
14800433,"Centrum, Doktor Forselius Backe m fl",18.47936485477738,24.210526315789473
14800434,"Centrum, Guldheden Södra",13.129447418990534,18.47953216374269
14800435,"Centrum, Guldheden Vattentornet",12.61901292820218,16.381418092909534
14800436,"Centrum, Doktor Fries Torg",13.227893745128286,15.795328142380423
14800437,"Centrum, Guldheden Västra",11.529668277070904,17.701149425287355
14800438,"Centrum, Guldheden Norra",6.169396171734277,9.667359667359667
14800439,"Centrum, Landala Egnahem",7.565421224603393,11.253430924062213
14800440,"Centrum, Landalagången m fl",15.06343328536808,19.656019656019655
14800441,"Centrum, Johanneberg Västra",12.557755673694064,13.212435233160623
14800442,"Centrum, Johanneberg Nedre",13.949074234720769,4.260089686098655
14800443,"Centrum, Lorensberg",10.980548112533052,6.214039125431531
14800444,"Centrum, Vasastaden Södra",6.358761712097836,6.710671067106711
14800445,"Centrum, Kapellplatsen",10.558127740301991,16.62621359223301
14800446,"Centrum, Landalabergen m fl",16.864201852415214,15.855039637599093
14800447,"Centrum, Fogelbergsparken",8.919257994109469,7.820646506777893
14800448,"Centrum, Vasastaden Västra",8.926397361760438,8.009153318077804
14800449,"Centrum, Vasastaden Östra",9.282658029060702,5.139186295503212
14800450,"Centrum, Valand",9.737382599675787,6.293706293706293
14800451,"Centrum, Vasastaden Norra",10.091138262559028,7.048984468339307
14800501,"Västra Centrum, Långgatorna",8.938678797440545,10.600255427841635
14800502,"Västra Centrum, Masthuggstorget",14.6670214504333,13.10483870967742
14800503,"Västra Centrum, Stigberget",10.273334269195079,19.98175182481752
14800504,"Västra Centrum, Masthugget Övre",6.389995963759226,16.553067185978577
14800505,"Västra Centrum, Masthugget Nedre",6.054632934684504,18.068535825545172
14800506,"Västra Centrum, Oscar Fredrik",6.319633862499828,15.288788221970554
14800507,"Västra Centrum, Sjömansgatan m fl",5.504639725909696,19.2090395480226
14800508,"Västra Centrum, Vegastaden",10.559143859969733,14.784394250513348
14800509,"Västra Centrum, Slottsskogen",8.44227846938452,16.55239960822723
14800510,"Västra Centrum, Linnéplatsen",5.544794221163291,7.3908174692049275
14800511,"Västra Centrum, Sveaplan",7.69680282421105,6.155778894472362
14800512,"Västra Centrum, Kommendantsängen",7.364881079967559,9.86639260020555
14800513,"Västra Centrum, Linné",7.231609073198196,8.98876404494382
14800514,"Västra Centrum, Nordhem",7.00071293362282,8.8268156424581
14800515,"Västra Centrum, Risåsen",7.520344237361618,9.518213866039954
14800516,"Västra Centrum, Olivedal",7.7034504442077205,11.82033096926714
14800517,"Västra Centrum, Plantagegatan m fl",8.460199705204348,10.400763358778626
14800518,"Västra Centrum, Skansberget",9.884749658069834,17.945823927765236
14800519,"Västra Centrum, Haga Västra",9.72894989334242,19.43231441048035
14800520,"Västra Centrum, Haga Östra",9.923155048780016,15.434782608695652
14800521,"Västra Centrum, Nilssonsberg Västra",7.772877497761104,7.2434607645875255
14800522,"Västra Centrum, Nilssonsberg Östra",7.248023605774631,7.403055229142185
14800523,"Västra Centrum, Annedal Östra",7.4690726558048395,12.879708383961118
14800524,"Västra Centrum, Annedal Västra",7.81256200421286,11.518324607329843
14800525,"Västra Centrum, Änggården",10.210803363605132,7.807118254879449
14800526,"Västra Centrum, Svalebo",11.820710279962196,24.45019404915912
14800527,"Västra Centrum, Skytteskogen",6.378339420989125,15.117466802860061
14800528,"Västra Centrum, Kungsladugård Östra",8.339509892028563,24.63605823068309
14800529,"Västra Centrum, Kungsladugård Västra",7.189203814686797,22.198505869797224
14800530,"Västra Centrum, Mariaplan",8.506831485409037,28.543111992071356
14800531,"Västra Centrum, Silverkällan",7.487603221616577,19.982158786797502
14800532,"Västra Centrum, Sannaplan",7.173725546677254,28.09204218600192
14800533,"Västra Centrum, Sandarna",8.56013588881734,24.62908011869436
14800534,"Västra Centrum, Klippan",8.98858014321414,13.229252259654888
14800535,"Västra Centrum, Gröna Vallen",9.631947389320914,29.656607700312176
14800536,"Västra Centrum, Kusttorget",12.889619116186573,23.033067274800455
14800537,"Västra Centrum, Chapmans Torg",11.585208069307438,20.754716981132077
14800538,"Västra Centrum, Slottsskogsgat. m fl",9.893974951692377,21.042830540037244
14800539,"Västra Centrum, Gråberget Västra",6.386216512028368,20.223577235772357
14800540,"Västra Centrum, Gråberget Östra",6.919257119855747,20.62689585439838
14800541,"Västra Centrum, Godhem",8.850094203603465,25.798525798525798
14800542,"Västra Centrum, Marieberg",8.2611787654641,30.535152151101784
14800543,"Västra Centrum, Klareborgsgatan m fl",8.778385476195576,30.856553147574818
14800544,"Västra Centrum, Karl Johan",8.675429701091408,27.91932059447983
14800545,"Västra Centrum, Söderlingska Ängen",8.841535180525458,31.125131440588852
14800546,"Västra Centrum, Kommendörsgatan m fl",9.013511727053594,25.99388379204893
14800547,"Västra Centrum, Hängmattan",12.814238771682001,21.58968850698174
14800548,"Västra Centrum, Gatenhielmska",8.745034783397127,28.319405756731662
14800601,"Sydvästra Göteborg, Högsbohöjd Norra",24.8873959386351,20.535714285714285
14800602,"Sydvästra Göteborg, Högsbohöjd Södra",16.128298414622346,24.930232558139537
14800603,"Sydvästra Göteborg, Högsbohöjd Östra",17.18558097824973,33.1151832460733
14800604,"Sydvästra Göteborg, Högsbotorp V",12.496397914173901,18.799212598425196
14800605,"Sydvästra Göteborg, Högsbotorp S",16.036434180898727,27.019867549668874
14800606,"Sydvästra Göteborg, Högsbo",17.490537977485367,25.0
14800607,"Sydvästra Göteborg, Högsbotorp Östra",15.015453386875963,21.601016518424398
14800608,"Sydvästra Göteborg, Marklandsgatan",15.356054806892695,17.906976744186046
14800609,"Sydvästra Göteborg, Kapplandsgatan",14.006065636561111,16.196319018404907
14800610,"Sydvästra Göteborg, Flatås Västra",17.805185036718214,17.32418524871355
14800611,"Sydvästra Göteborg, Flatås Södra",17.451487445689047,14.003759398496241
14800612,"Sydvästra Göteborg, Kaverös Norra",21.151312157878728,26.72998643147897
14800613,"Sydvästra Göteborg, Kavås",12.720004900820188,14.90872210953347
14800614,"Sydvästra Göteborg, Kaverös Södra",9.215615014815544,12.903225806451612
14800615,"Sydvästra Göteborg, Altplatsen",26.985596388487963,17.988826815642458
14800616,"Sydvästra Göteborg, Ruddalen",19.43546202969846,13.470319634703197
14800617,"Sydvästra Göteborg, Gånglåten",35.96121808137687,20.72072072072072
14800618,"Sydvästra Göteborg, Frölunda",47.86341495525454,19.483315392895587
14800620,"Sydvästra Göteborg, Frölunda Torg",41.93923706325534,22.59953161592506
14800621,"Sydvästra Göteborg, Positivparken",39.138826156721045,25.53956834532374
14800622,"Sydvästra Göteborg, Spinetten",30.20840328594646,22.340425531914892
14800623,"Sydvästra Göteborg, Tofta",24.52097141060645,23.458445040214478
14800624,"Sydvästra Göteborg, Järnbrott Västra",13.155081240027501,14.545454545454545
14800625,"Sydvästra Göteborg, Järnbrott Östra",13.76474264732281,13.373493975903614
14800626,"Sydvästra Göteborg, Järnbrott Södra",13.440533906358322,9.647302904564315
14800627,"Sydvästra Göteborg, Flatås Östra",15.326579789986896,12.142038946162657
14800628,"Sydvästra Göteborg, Sisjön Norra",19.044185658225306,8.355795148247978
14800629,"Sydvästra Göteborg, Pilegården",24.05398048964012,12.91866028708134
14800630,"Sydvästra Göteborg, Kobbegården",24.37991630939115,11.03448275862069
14800631,"Sydvästra Göteborg, Askim",11.535210860583588,4.857444561774023
14800632,"Sydvästra Göteborg, Sisjön Västra",11.285916376689835,3.9959016393442623
14800633,"Sydvästra Göteborg, Sisjön Södra",11.027776279192178,2.2988505747126435
14800634,"Sydvästra Göteborg, Trollåsen",10.262221353506199,1.6725352112676057
14800635,"Sydvästra Göteborg, Lyckhem",7.950331587900764,2.455357142857143
14800636,"Sydvästra Göteborg, Lindås",2.735429428570673,2.106318956870612
14800637,"Sydvästra Göteborg, Billdal Södra",2.3708483732118055,1.0964912280701755
14800638,"Sydvästra Göteborg, Billdal Norra",2.421882224495092,1.419698314108252
14800639,"Sydvästra Göteborg, Nygård",4.850363542087731,2.095808383233533
14800640,"Sydvästra Göteborg, Skintebo Västra",2.8950959899928814,3.2740879326473338
14800641,"Sydvästra Göteborg, Skintebo Östra",8.238331216432712,4.1807909604519775
14800642,"Sydvästra Göteborg, Uggleberget",10.463121503742016,3.854875283446712
14800643,"Sydvästra Göteborg, Brottkärr Östra",7.289396314611706,2.9934518241347052
14800644,"Sydvästra Göteborg, Brottkärr Västra",5.377313950492013,1.1811023622047243
14800645,"Sydvästra Göteborg, Hovås Södra",4.928368666607043,0.9633911368015414
14800646,"Sydvästra Göteborg, Hovås Norra",11.423816978525789,6.189555125725338
14800647,"Sydvästra Göteborg, Hult",6.323045417098496,3.1578947368421053
14800701,"Västra Göteborg, Långedrag Västra",4.893063892081084,1.378579003181336
14800702,"Västra Göteborg, Långedrag Östra",5.288822663887328,2.819956616052061
14800703,"Västra Göteborg, Tångudden",6.028452349847017,2.5477707006369426
14800704,"Västra Göteborg, Hagen Norra",5.279312455194399,5.528846153846154
14800705,"Västra Göteborg, Nya Varvet",4.241122504571648,10.154905335628227
14800706,"Västra Göteborg, Kungsten",5.417454641055152,9.574468085106384
14800707,"Västra Göteborg, Ekebäck",11.594523087086857,7.996406109613657
14800708,"Västra Göteborg, Hagen Södra",5.169072757935904,4.391891891891892
14800709,"Västra Göteborg, Grimmered",6.3106903074872704,4.682622268470343
14800710,"Västra Göteborg, Påvelund",5.502108682413847,4.266389177939646
14800711,"Västra Göteborg, Björnekulla",4.6672978979761774,3.7037037037037037
14800712,"Västra Göteborg, Osberget",4.630851376352438,3.711340206185567
14800713,"Västra Göteborg, Källängen",3.0705945950705913,1.6649323621227887
14800714,"Västra Göteborg, Fiskebäck",3.4120821976266544,1.5037593984962405
14800715,"Västra Göteborg, Bratthammar",3.926174465496358,2.169421487603306
14800716,"Västra Göteborg, Tynnered Södra",14.584668384202066,7.543103448275862
14800717,"Västra Göteborg, Tynnered Norra",10.83131752180096,6.40279394644936
14800718,"Västra Göteborg, Guldringen m fl",14.309686542129484,10.244988864142538
14800719,"Västra Göteborg, Tynnered Östra",25.089288089733415,18.440463645943098
14800720,"Västra Göteborg, Skattegården",36.23371297925212,24.591947769314473
14800722,"Västra Göteborg, Ängås",37.35779915350044,26.88330871491876
14800723,"Västra Göteborg, Topasgatan",33.80273430837974,29.711141678129298
14800724,"Västra Göteborg, Korsåsen",25.958458402350384,6.307222787385554
14800725,"Västra Göteborg, Opaltorget Norra",31.98768361107912,19.576059850374065
14800726,"Västra Göteborg, Opaltorget Södra",30.875013495592686,27.538071065989847
14800727,"Västra Göteborg, Grevegården",39.57769100705409,24.56140350877193
14800728,"Västra Göteborg, Önnered Norra",16.389169850713134,7.781649245063879
14800729,"Västra Göteborg, Önnered Östra",6.740518299670966,5.316973415132924
14800730,"Västra Göteborg, Önnered Västra",3.588010891089489,2.391304347826087
14800731,"Västra Göteborg, Åkered",4.898076662065506,3.3763654419066533
14800732,"Västra Göteborg, Välen",5.513145175749778,3.736479842674533
14800733,"Västra Göteborg, Näset Norra",5.73511921304225,1.4031805425631432
14800734,"Västra Göteborg, Näset Södra",5.714285652028698,1.9
14800735,"Västra Göteborg, Donsö-Vrångö",2.313071630739269,4.024297646165528
14800736,"Västra Göteborg, Styrsö-Köpstadsö",2.7442911310175226,8.880666049953746
14800737,"Västra Göteborg, Brännö-Asperö",3.132350158904606,12.144420131291028
14800801,"Västra Hisingen, Länsmansgården Ö",40.64750437060904,36.76470588235294
14800802,"Västra Hisingen, Svartedalen Norra",29.715175437894853,27.2294887039239
14800803,"Västra Hisingen, Väderbodarna m fl",36.13953708312542,27.913669064748202
14800804,"Västra Hisingen, Önskevädersg. m fl",18.67264808085025,23.090586145648313
14800805,"Västra Hisingen, Svartedalen Södra",31.056806423372116,23.00163132137031
14800806,"Västra Hisingen, Kärrmossen",18.804964917064034,12.349397590361447
14800807,"Västra Hisingen, Jättesten",24.639803628330068,17.976318622174382
14800808,"Västra Hisingen, Treröset",42.575560645774054,35.63748079877112
14800809,"Västra Hisingen, Vårväderstorget",42.252032701237695,25.920245398773005
14800811,"Västra Hisingen, Biskopsgården Södra",34.9318403675395,26.246719160104988
14800812,"Västra Hisingen, Väderlekstorget",43.45540010132149,31.372549019607842
14800813,"Västra Hisingen, Biskopsgården Norra",48.30442308508267,40.360169491525426
14800814,"Västra Hisingen, Svarte Mosse",50.11853104722691,41.0
14800816,"Västra Hisingen, Länsmansgården S",48.37721272935092,38.21733821733822
14800818,"Västra Hisingen, Länsmansgården C",35.33870332538875,30.284301606922128
14800819,"Västra Hisingen, Länsmansgården N",28.408949838605082,25.814863102998697
14800820,"Västra Hisingen, Amhult-Arendal",10.619825049246835,2.990033222591362
14800821,"Västra Hisingen, Andalen",3.29159240316333,0.8928571428571429
14800822,"Västra Hisingen, Hjuvik",4.026056284480181,1.2218045112781954
14800823,"Västra Hisingen, Hällsvik",3.58267472861857,2.4539877300613497
14800824,"Västra Hisingen, Trånget",3.891390759086528,1.446480231436837
14800825,"Västra Hisingen, Tumlehed",3.0383144260384896,2.650356778797146
14800826,"Västra Hisingen, Torslanda Röd",4.339071501317529,3.1707317073170733
14800827,"Västra Hisingen, Gossbydal",3.487950216232341,2.4364406779661016
14800828,"Västra Hisingen, Nolered",8.63733279973373,4.158790170132325
14800829,"Västra Hisingen, Torslanda Torg",4.01220055979445,3.176470588235294
14800830,"Västra Hisingen, Torslanda",3.635619363854093,3.003875968992248
14800831,"Västra Hisingen, Domarringen m fl",3.952054407022625,3.4722222222222223
14800832,"Västra Hisingen, Änghagen",3.5062158128706806,3.3106134371957157
14800833,"Västra Hisingen, Älvegården",5.467662446442158,2.8523489932885906
14800834,"Västra Hisingen, Lilleby",3.3324274770658646,1.8311291963377416
14800835,"Västra Hisingen, Kvisljungeby",5.146969729352478,3.361344537815126
14800836,"Västra Hisingen, Björlanda",4.011581113033051,3.2535885167464116
14800837,"Västra Hisingen, Nolvik",3.3967134333906968,3.110704483074108
14800901,"Centrala Hisingen, Kärrdalen",10.480643881690591,9.34959349593496
14800902,"Centrala Hisingen, Tolered Norra",14.546266875711606,9.97920997920998
14800903,"Centrala Hisingen, Slätta Damm",14.655852185899128,17.05069124423963
14800904,"Centrala Hisingen, Bjurslätt Norra",17.39167305542138,17.548076923076923
14800905,"Centrala Hisingen, Hildedal",20.68994875861323,13.54625550660793
14800906,"Centrala Hisingen, Tolered Södra",12.045723998013505,11.30524152106886
14800907,"Centrala Hisingen, Tolered Östra",28.0241024866333,18.34862385321101
14800908,"Centrala Hisingen, Flunsås",23.53263654082215,22.310756972111555
14800909,"Centrala Hisingen, Wieselgrenspl.",23.371057996633247,22.22222222222222
14800910,"Centrala Hisingen, Bjurslätt Södra",36.32895350975619,27.03962703962704
14800912,"Centrala Hisingen, Kvillebäcken N",20.483227068243902,18.351063829787233
14800913,"Centrala Hisingen, Kvillebäcken S",19.94033748474938,22.634271099744247
14800914,"Centrala Hisingen, Kvillebäcken Ö",21.31484006595311,21.360381861575178
14800915,"Centrala Hisingen, Vågmästareplatsen",24.10772062338302,13.106295149638802
14800916,"Centrala Hisingen, Backaplan",29.327584916824648,13.676148796498905
14800917,"Centrala Hisingen, Lundbyvassen",29.331177463513402,7.262569832402234
14800918,"Centrala Hisingen, Porslinsfabriken",23.485729223801208,15.686274509803921
14800919,"Centrala Hisingen, Brämaregården S",16.574238695352875,25.775978407557353
14800920,"Centrala Hisingen, Kvillestaden",14.836431642398981,30.09478672985782
14800921,"Centrala Hisingen, Brämaregården N",16.699199600974403,20.804438280166437
14800922,"Centrala Hisingen, Rambergsstaden Ö",13.901869894616171,23.378212974296204
14800923,"Centrala Hisingen, Rambergsstaden N",22.97368445039122,17.093023255813954
14800924,"Centrala Hisingen, Rambergsvallen",24.027674514778656,22.83653846153846
14800925,"Centrala Hisingen, Rambergsstaden S",36.76004496274114,27.938671209540033
14800926,"Centrala Hisingen, Kyrkbyn Norra",20.257488968173064,19.225251076040173
14800927,"Centrala Hisingen, Lundby Norra",18.382232105515747,13.39522546419098
14800928,"Centrala Hisingen, Kyrkbyn Södra",18.171086241930613,24.246987951807228
14800929,"Centrala Hisingen, Lundby Södra",15.642175149978032,13.450937155457552
14800930,"Centrala Hisingen, Bräcke Norra",13.31017566417832,10.479375696767
14800931,"Centrala Hisingen, Bräcke Södra",11.792382730521346,10.767468499427263
14800932,"Centrala Hisingen, Pölsebo-Bratterås",13.666342362459936,5.824284304047384
14800933,"Centrala Hisingen, Färjenäs",11.680178314990078,5.520169851380042
14800934,"Centrala Hisingen, Eriksberg Västra",10.630367536363432,7.8817733990147785
14800935,"Centrala Hisingen, Eriksberg Östra",12.245938156321797,4.990583804143126
14800936,"Centrala Hisingen, Sörhallsberget S",11.803668914035747,4.243542435424354
14800937,"Centrala Hisingen, Sörhallsberget N",11.894592030083594,5.784204671857619
14800938,"Centrala Hisingen, Sannegården V",12.071368185637967,7.243243243243243
14800939,"Centrala Hisingen, Sannegården Ö",11.927153281938145,4.609929078014185
14800940,"Centrala Hisingen, Lindholmen Södra",11.687994258340915,14.367816091954023
14800941,"Centrala Hisingen, Lindholmen Norra",19.871666301676385,13.407407407407407
14801001,"Norra Hisingen, Rödbo",7.561666450979501,5.034324942791762
14801002,"Norra Hisingen, Mysterna-Svankälla",6.26118070849295,5.319148936170213
14801003,"Norra Hisingen, Gerrebacka-Ingebäck",8.860637712722781,6.787687450670876
14801004,"Norra Hisingen, Kärra Norra",10.143328901091502,7.891891891891892
14801005,"Norra Hisingen, Kärra Östra",14.03354235230958,8.00942285041225
14801006,"Norra Hisingen, Kärra Södra",16.390507307883865,7.707707707707708
14801007,"Norra Hisingen, Kärra Västra",11.805539943880108,6.178010471204188
14801008,"Norra Hisingen, Skogome",17.513067275726378,15.571776155717762
14801009,"Norra Hisingen, Åketorp",9.514402566204545,6.519742883379247
14801010,"Norra Hisingen, Bäckebol Norra",29.329510762449996,14.962962962962964
14801011,"Norra Hisingen, Backadalen",28.50612918655505,15.880503144654089
14801012,"Norra Hisingen, Bäckebol Södra",36.56076096829162,26.32794457274827
14801013,"Norra Hisingen, Skälltorp",23.690219280443234,15.08313539192399
14801014,"Norra Hisingen, Selma Lagerlöfs Torg",21.8416506614876,9.559748427672956
14801015,"Norra Hisingen, Sankt Jörgen",11.858956594717972,7.658643326039387
14801016,"Norra Hisingen, Backa Röd",35.23119104607908,25.683060109289617
14801017,"Norra Hisingen, Julias Gata m fl",39.1741982444281,38.60232945091514
14801018,"Norra Hisingen, Blendas Gata m fl",37.837545548951866,23.580786026200872
14801019,"Norra Hisingen, Backa Södra",24.974872337862106,17.446270543615675
14801020,"Norra Hisingen, Backa Norra",31.633156353007404,19.817997977755308
14801021,"Norra Hisingen, Bällskär",21.30706810757807,11.27659574468085
14801022,"Norra Hisingen, Tingstad",27.292813820821877,27.63938315539739
14801023,"Norra Hisingen, Brunnsbo Södra",34.55899982496185,32.90183387270766
14801025,"Norra Hisingen, Brunnsbo Norra",24.348696040563844,16.973415132924334
14801026,"Norra Hisingen, Aröd",30.943631394383065,13.123644251626898
14801027,"Norra Hisingen, Tuve Södra",11.405528969984337,8.47107438016529
14801028,"Norra Hisingen, Gunnestorp",11.424756867148862,8.072289156626505
14801029,"Norra Hisingen, Arvesgärde m fl",14.20499626584102,8.424507658643327
14801030,"Norra Hisingen, Glöstorp",12.439072423928078,9.008097165991902
14801031,"Norra Hisingen, Tuve Norra",24.41367806804678,19.587628865979383
14801032,"Norra Hisingen, Norumshöjd",27.393985402265,24.056603773584907
14801033,"Norra Hisingen, Tången",9.269367605055931,9.228039041703639
14801034,"Norra Hisingen, Säve",5.656250261907995,4.504504504504505
14810101,Stadshuset Södra,16.912988622882235,12.70860077021823
14810102,Fässberg Östra,12.570815304120568,9.30232558139535
14810103,Fässberg Västra,12.20815370299051,8.02547770700637
14810104,Ekhaga,13.895522440951355,8.419083255378858
14810105,Västerberg,21.174904898310125,18.19221967963387
14810106,Balltorp Västra,16.308509420201663,6.095679012345679
14810107,Broslätt Västra,12.272188930768563,7.702702702702703
14810108,Åby Östra,14.597717082758606,13.183279742765274
14810109,Åby Västra,21.287270390596696,10.539845758354756
14810110,Toltorp Södra,9.599874965799957,7.462686567164179
14810111,Bosgården Norra,13.365610283041958,7.908992416034669
14810112,Toltorp Norra,14.422463452443711,5.448354143019296
14810113,Krokslätt Södra,12.86106383639576,11.074918566775244
14810114,Sörgården Östra,9.952839918167111,5.645161290322581
14810115,Sörgården Västra,9.962723924757348,9.652509652509652
14810116,Eklanda Västra,7.548083423978156,4.98960498960499
14810117,Balltorp Östra,21.172781599420333,12.995594713656388
14810118,Broslätt Östra,16.416283558855124,12.900096993210475
14810119,Bosgården Södra,12.609465716425307,11.83574879227053
14810120,Eklanda Östra,7.845504622613119,4.975609756097561
14810121,Stadshuset Norra,14.47259851918055,7.664233576642336
14810122,Stallbacken Östra,12.713704005367093,6.2015503875969
14810123,Stallbacken Västra,13.318976722768229,6.042654028436019
14810124,Krokslätt Norra,12.135374202980763,9.847434119278779
14810201,Hallen Norra,11.885783554013601,9.045848822800496
14810202,Brattås Norra,21.831618265395765,12.742616033755274
14810203,Brattås Södra,10.435134640800571,7.481060606060606
14810204,Stretered,8.077077021435455,4.867256637168142
14810205,Hallen Södra,10.88421849361799,6.447831184056272
14810301,Skånhälla Västra,4.462262684523359,3.0681818181818183
14810302,Almås,15.033133724794933,10.045662100456621
14810303,Valås,5.116727261301248,3.930131004366812
14810304,Sinntorp Norra,4.231928824137044,3.9767216294859358
14810305,Hällesåker,2.5003079289706913,3.0901287553648067
14810306,Sinntorp Östra,4.635043148406443,4.824120603015075
14810307,Skånhälla Bräcka,7.215129483334151,4.081632653061225
14810308,Skånhälla Fågelsten,5.87876907016095,5.111524163568773
14810309,Sinntorp Västra,9.078298622276904,4.705882352941177
14810401,Lackarebäck Norra,7.31319707475197,3.2169117647058822
14810402,Kvarnbyn Norra,14.032216064927054,8.233532934131736
14810403,Glasberget Norra,5.105481516912669,6.347438752783964
14810404,Rävekärr Norra,8.262628474087293,4.697986577181208
14810405,Rävekärr Södra,15.15642212168781,9.289617486338798
14810406,Lackarebäck Södra,5.550971681662884,3.7962962962962963
14810407,Glasberget Södra,9.185940130575675,7.524271844660194
14810408,Kvarnbyn Södra,15.171075368535199,6.937561942517344
14821150,Ingetorp-Skålldal-Lundby,3.1200300328888964,2.6761819803746656
14821151,Norrmannebo-Solberg-Duvesjön,2.5289069283716024,3.8751345532831003
14821152,Diseröd-Häljeröd,4.936261205476833,4.448105436573312
14821153,Olseröd-Rävsal,5.2085917552061405,4.910714285714286
14821154,Rishammar-Ullstorp,4.104422494307744,2.594142259414226
14821155,Ulvegärde-Munkegärde,5.961245962173103,4.153605015673981
14821156,Fridhem-Rostock-Marieberg,6.083247172767394,5.345622119815668
14821157,Centrum N,8.418163336976859,6.126295947219604
14821158,Kongahälla,10.048698165514685,8.05084745762712
14821159,Centrum S,4.770234132539445,4.689203925845147
14821160,Tveten,7.851385931117127,5.39629005059022
14821161,Fontin-Gamla Staden,7.738902538207301,6.654343807763401
14829901,Kode,4.083389508209632,4.699093157460841
14829902,Solberga-Rörtången-Aröd,2.135962874849199,1.8156424581005586
14829903,Marstrand-Instön-Klåverön,2.167913465370738,2.1957913998170175
14829904,Tjuvkil-Tofta,2.2809173247591827,3.8102643856920686
14829905,Hålta-Lökeberg-Skårby,2.2295266707068184,3.045267489711934
14829906,Rollsbo-Bredsten-Vena,6.195652932291351,2.935222672064777
14829907,Kärna-Staby,3.632148906849734,3.531438415159345
14829908,Torsby-Kovikshamn-Glose,1.9190375979922862,3.2729805013927575
14829909,Harestad-Ulvesund,3.1575450040531163,6.525573192239859
14829910,Tega,4.339419208641394,3.6396724294813465
14829911,Sparrås-Nordtag,5.494595013437339,3.1279620853080567
14829912,Björkås-Tornhaga-Stället,7.2065311935393,9.92822966507177
14829913,Ytterby C-Kastellegården,8.002899999567092,6.491063029162747
14829914,Grinden-Komarken V,16.56031364608536,8.387698042870456
14829915,Komarken N,21.509596609200305,17.738970588235293
14829916,Komarken S,8.4844922816155,7.612179487179487
14840101,Lysekil Kyrkvik,4.561968519211397,4.334677419354839
14840102,Lysekil Bansvik,31.300151853077498,20.74074074074074
14840103,Lysekil Centrum,10.12783836872939,6.382978723404255
14840104,Lysekil Slätten,3.0084013319415854,3.9682539682539684
14840105,Lysekil Dalskogen,8.259580016120657,5.714285714285714
14840201,Lyse,3.446721255403242,4.1420118343195265
14840301,Skaftö,1.4524328703374099,2.3299161230195713
14840401,Bro,2.590190518011986,4.285714285714286
14840501,Brastad väster,5.378648436405652,3.5469107551487413
14840502,Brastad öster,4.701143978275292,4.853273137697517
14850101,Äsperöd-Ängebacken,6.796389263431661,4.880952380952381
14850102,Stenbacken-Karlsberg,10.624598949383435,9.051254089422029
14850103,Hönseberget-Östberget,26.79943711296314,5.931198102016608
14850104,Kapelle,4.335550738643998,5.489864864864865
14850105,Håljuteberget,13.1656042056033,10.197710718002082
14850106,Ridhuset-Folkets park,9.79047885426869,5.598621877691645
14850107,Walkesborg-Bohusgården,10.231258572145867,9.943181818181818
14850108,Kampenhof-Strömstadsvägen,15.081215812132319,10.37117903930131
14850109,Centrum-Margretegärde,9.921329108532813,9.851694915254237
14850110,Tureborg-Vadbacken,18.637172827692897,26.01522842639594
14850301,Berg-Simmersröd,3.897958446576664,3.8767395626242545
14850302,Hälle-Skafteröd,3.543372660452421,3.5608308605341246
14850303,Lyckorna-Grinneröd,1.7968205401256607,3.5405192761605035
14850501,Ammenäs-Sund-Bratteröd,2.5946558453259563,2.0030816640986133
14850502,Dramsvik-Forshälla-Stenshult,2.0006330826526937,2.121771217712177
14850503,Ulvesund-Resteröd-Vassbovik,3.060907410105506,2.5758969641214353
14850701,Bokenäs-Dragsmark,3.003194453615378,5.09433962264151
14850901,Skredsvik-Hogstorp,2.640597806411907,3.207547169811321
14850902,Högås-Sundsandvik,2.629263885221999,3.483043079743355
14851001,Utby-Lanesund,3.4886627713001666,2.551440329218107
14851002,Kissleberg-Smedseröd,3.868901657733765,3.078358208955224
14851003,Källdal-Misteröd-Sunningen,3.155769672233429,1.4296463506395787
14851101,Lane-Ryr,1.6105017389098786,2.341463414634146
14851201,Unneröd-Ramneröd,19.458327528013765,9.362279511533243
14851202,Skogslyckan,26.899555019229872,20.3125
14851204,Karlsruhe-Elseberg,13.347964973436278,12.104689203925846
14851205,Hedegärde-Vännerberg,11.725629508479553,11.928429423459244
14851206,Bleket-Södra Dalaberg-Vindfället,24.413541773446795,12.584053794428435
14851207,Dalaberg-Norra Hovhult,43.3967435739929,41.455160744500844
14851208,Hovhult,31.33006593170488,17.54601226993865
14851209,Fasseröd,14.053626142400502,6.900328587075575
14851210,Boxhult-Norra Unneröd,14.781458455046424,11.09040074557316
14851211,Helenedal-Norra Uddevalla,22.4814352317817,13.897596656217345
14851212,Kurveröd,7.228687488718653,3.0660377358490565
14860101,Centrum nord,17.6873458903041,7.854984894259819
14860102,Centrum syd,9.053349486236943,5.691854759568204
14860103,Strömstad södra,16.293443864282935,5.736981465136805
14860104,Seläter-Hällestrand,8.499360913760226,5.649717514124294
14860105,Bojar,14.355707876198734,4.804469273743017
14860203,Skee-Strömstad östra,6.95204614382983,4.88974113135187
14860401,Strömstad norra,9.744102321358806,8.787346221441124
14860701,Tjärnö/Koster,3.5243704937229614,3.2457496136012365
14870101,Frändefors/Sundals Ryr,2.1283053829974667,3.5294117647058822
14870102,Brålanda,5.8025431169859845,3.1781226903178124
14870103,Vänerkusten,2.381318547219666,3.102836879432624
14870104,Siviken/Väne Ryr,2.0798609351314585,3.442622950819672
14870105,Blåsut,3.0183625701118832,5.469327420546933
14870106,Öxnered/Vassända Naglum/Båberg,3.057259156405076,3.6016949152542375
14870107,Centrala Vänersborg norra,4.865143723758897,5.873493975903615
14870108,Centrala Vänersborg,7.221541827825982,9.894566098945662
14870109,Centrala Vänersborg södra,15.117342422790344,12.39109390125847
14870110,Holmängen,8.473479579492228,7.423117709437964
14870111,Lyckhem V/Fredriksberg/Centrum V,11.585743185581947,9.050576752440106
14870112,Hedmanstorget/Mariero östra,27.235978888193543,21.040723981900452
14870113,Lyckhem södra/Tenggrenstorp,13.349068564756227,13.595933926302415
14870114,Flanaden,33.14872682850241,32.357723577235774
14870115,Torpa,21.518364143858154,21.92
14870116,Mariedal/Fridhem,7.6475220799220205,7.945900253592561
14870117,Onsjö norra,3.720937903200868,4.031677465802736
14870118,Onsjö södra,3.44450934945494,4.62962962962963
14870119,Brinketorp/Restad,7.337186128022619,5.938242280285036
14870120,Vargön norra/Nordkroken,3.1295139905606577,3.8735177865612647
14870121,Vargön östra,3.8723329756685057,6.289308176100629
14870122,Centrala Vargön/Västra Tunhem,5.098486682362848,8.074534161490684
14870123,Vänersnäs/Lilleskog,2.8252531158875347,5.411030176899064
14880106,Strömslund,3.6787147395729365,3.3144704931285367
14880107,Torsred,3.550282679692679,3.9244186046511627
14880108,Björndalen,4.964029966484811,2.5
14880109,Centrum N,7.238231278260558,6.5055762081784385
14880110,Centrum V,13.286029225272033,5.660377358490566
14880111,Centrum S,9.278914670291865,9.170305676855895
14880113,Centrum Ö,14.967566491153226,12.786259541984732
14880114,Hjortmossen,16.828416568677905,12.667353244078269
14880119,Skoftebyn N,11.133472498697824,12.965050732807216
14880120,Skoftebyn V,5.036592141336894,4.343720491029273
14880125,Skogshöjden,7.188425661208983,5.7505601194921585
14880135,Källstorp,3.426674652524494,4.447115384615385
14880137,Skoftebyn Ö,8.07899299274455,3.248730964467005
14880327,Åsaka-Norra Björke,1.6426317128251204,3.020408163265306
14880428,Halvorstorp,4.187480909510434,2.781456953642384
14880429,Velanda,8.347025702513532,3.727714748784441
14880530,Upphärad,1.7256256656648872,3.5340314136125652
14880632,Sjuntorp S,3.1402168754855095,3.6117381489841986
14880731,Sjuntorp N,3.2116627418859998,3.9963669391462306
14880916,Karlstorp,23.134327759122918,11.784140969162996
14880917,Kronogården N,44.44846175564358,33.445945945945944
14880918,Kronogården S,42.2552364514922,31.049250535331907
14880921,Sylte S,15.84845107313858,16.449348044132396
14880922,Sylte N,32.25316894139505,26.28930817610063
14880923,Lextorp N,38.733304504921854,25.86015538290788
14880924,Lextorp S,22.331502367110932,20.22184300341297
14880936,Kronogården V,47.58577036433795,40.38199181446112
14881001,Dannebacken,6.05619731826994,6.207418622255867
14881002,Hjulkvarn,4.324340289271286,4.540867810292633
14881003,Stavre Ö,4.888896787895775,3.171806167400881
14881004,Stavre V,7.845489818668644,7.74378585086042
14881005,Sandhem,3.3123319579188433,3.510140405616225
14881033,Tingvalla S,12.196032753920528,6.010230179028133
14881034,Tingvalla N,12.19595612727164,9.004237288135593
14890101,Stora Mellby/Magra,2.232590266673671,3.5616438356164384
14890102,Erska/Sollebrunn,3.3990353523026067,3.633217993079585
14890103,Långared,2.116665938799561,3.4065934065934065
14890104,Anten/Gräfsnäs,1.4319126960161939,5.324675324675325
14890105,Tegelbruket/Simmenäs,4.014222630364565,4.9135577797998184
14890106,Kvarnbacken,5.071894036836654,5.701357466063349
14890107,Nolby V/Bolltorp,4.799411022998503,8.695652173913043
14890108,Nolby Ö/Rödene,5.605463822819382,5.835543766578249
14890109,Noltorp V,17.900471036106055,16.70020120724346
14890110,Noltorp Ö,18.834096312849695,13.81578947368421
14890111,Stadsskogen,5.744183707430476,7.2146118721461185
14890112,Sörhaga,4.443848437722441,3.371647509578544
14890113,Kullingsberg,5.439433004434666,4.344453064391001
14890114,Centrum N,4.796614317578698,6.932409012131716
14890115,Centrum S/Tuvebo,6.685780911242944,7.90616854908775
14890116,Östlyckan/Brogården,18.244876286535018,13.654301499605367
14890117,Stockslycke/Holmalund,16.046445747655554,10.08729388942774
14890118,Bälinge,9.122941786127381,10.09771986970684
14890119,Hemsjö/V Bodarne,3.0003865519771136,7.013201320132013
14890120,Dammen/Prästeryd,3.9383087679308075,4.510108864696734
14890121,Ängabo/Maryd,3.991354798940164,5.962264150943396
14890122,Ingared,2.907201703617115,5.8544303797468356
14890123,Hemsjö S,2.3993680952396867,4.2677824267782425
14890124,Ödenäs/Skaftared,2.5070827960181754,4.175824175824176
14890125,Lövekulle,6.481610085972227,2.73972602739726
14900101,Aplared,2.2463736262458283,3.3665835411471323
14900102,Bergsbo-Trandared,9.151554812905648,6.866952789699571
14900103,Bergsäter-Bergsbo,9.579829424283995,8.378378378378379
14900104,Boda-Brämhult,24.86269179715346,10.776942355889725
14900105,Brotorp,12.749028192052263,7.27069351230425
14900106,Brämhult-Ön,9.287350682195973,5.4989816700611
14900107,Brämhult-Kärra,9.971578291634732,5.176876617773943
14900108,Dalsjöfors Västra,3.852877256770506,4.225352112676056
14900109,Dalsjöfors Östra,3.867169738232799,3.4261241970021414
14900110,Dannike-Draered,3.1612286518492763,3.580901856763926
14900112,Gånghester,5.299404665077415,3.706972639011474
14900114,Hulta Östra,39.03194395100777,26.34088200238379
14900115,Hässleholmen-Brämhult,19.943668925628096,10.767326732673267
14900116,Hässleholmen-Distansgatan,41.19850664360515,29.43469785575049
14900117,Hässleholmen-Tunnlandsgatan,42.71806666208728,33.557046979865774
14900118,Hässleholmen-Våglängdsgatan,45.17547863245965,25.904761904761905
14900119,Målsryd,4.211645827703204,5.430463576158941
14900122,Svensgärde-Sörmarken,18.13085470649735,8.571428571428571
14900123,Trandared Södra,13.879735582036936,12.158469945355192
14900124,Trandared Västra,10.923783397801836,8.767123287671232
14900125,Trandared Östra,17.62459303566313,13.122721749696233
14900126,Äspered-Rångedala,2.745389494307123,2.8933092224231465
14900168,Hulta Västra,30.34163661889064,11.832460732984293
14900169,Dalsjöfors Centrum,2.6610806218062106,2.8430160692212607
14900227,Bergdalen-Liljeberget,13.776205670354093,5.9569074778200255
14900228,Bergdalen Södra,6.410574010645852,3.1578947368421053
14900229,Bosnäs-Viared,5.31466026856242,3.7735849056603774
14900230,Centrum,14.821529863261452,6.169296987087518
14900231,Centrum Norra,13.806580233997234,9.004092769440655
14900232,Centrum Östra,9.127215152375568,7.450980392156863
14900234,Druvefors Västra,22.520030307009613,9.692671394799055
14900235,Druvefors Östra,17.280350926763404,16.646562123039807
14900236,Göta,18.936373551120138,18.552036199095024
14900237,Göta-Kristineberg,25.9797304203722,18.37270341207349
14900238,Göta-Regementet,10.026187261500748,9.763617677286742
14900242,Kristineberg,28.248988904610545,25.37037037037037
14900243,Lugnet,8.727207696067719,7.110091743119266
14900244,Norrmalm-Sagavallen,12.534098305031765,8.762886597938145
14900245,Norrmalm-Hornsgatan,9.868338819465418,6.708074534161491
14900246,Norrmalm-Nedre,9.246144806725454,6.612529002320185
14900247,Norrmalm-Kype,11.033834888674765,12.125534950071327
14900248,Rydboholm,10.017934009053782,5.465288035450517
14900249,Salängen-Villastaden,15.783039408226337,7.088331515812432
14900251,Svaneholm-Seglora,7.605559677074154,8.120133481646274
14900252,Villastaden,8.265386434277334,7.4812967581047385
14900253,Viskafors-Kinnarumma,4.634902787684171,4.271844660194175
14900254,Viskafors Centrum,8.662863571237247,5.214723926380368
14900255,Östermalm,15.98420227659757,10.551558752997602
14900256,Kristineberg-Dammsvedjan,10.291910288567726,7.248322147651007
14900257,Hedvigsborg,9.019994906240582,8.152173913043478
14900258,Dammsvedjan-Gässlösa-Kråkered,10.774472409819476,7.936507936507937
14900357,Borgstena-Tämta-Vänga,2.8312239654119415,3.4285714285714284
14900358,Bredared,1.8386457632862447,2.89532293986637
14900359,Byttorp,10.379419523476404,6.965648854961832
14900360,Ekås-Hestra,6.008384671357186,4.008438818565401
14900361,Fristad-Kvarbo,3.4662348705492985,2.3640661938534278
14900362,Fristad-Gingri,2.7961093683265,3.2181168057210967
14900363,Fristad-Asklanda,4.902286923377681,2.33502538071066
14900365,Frufällan-Tosseryd,11.618389759727261,5.107084019769357
14900366,Hestra-Byttorp,8.499174034755384,7.754279959718026
14900367,Hestra Parkstad,6.896928510457294,3.5049288061336252
14900369,Knalleland-Alideberg,21.222747401207943,16.004296455424274
14900370,Lundaskog-Lyckebo,9.177068456251364,3.795966785290629
14900371,Sjöbo-Almenäs,21.029667189597603,10.146699266503667
14900372,Sjöbo-Långesten,17.826887671040918,14.723203769140165
14900373,Sjöbo-Nolhaga,23.575938558136553,16.386554621848738
14900374,Norrby Norra,55.07742854033157,33.333333333333336
14900375,Norrby Södra,50.77804106431598,29.175704989154013
14900377,Parkstaden-Byttorp,8.39528559012336,5.7640750670241285
14900378,Sandared Centrum,3.6450657011786487,3.4319526627218937
14900379,Sandared Västra,3.8256221512074364,3.6295369211514394
14900380,Sandared Östra,3.5246600276412106,1.5757575757575757
14900381,Sandhult-Hedared,2.812499935922089,4.48207171314741
14900382,Sjöbo-Ryda,24.166415597761684,12.236286919831224
14900383,Sjöbo-Johannelund,24.14379632328151,14.410480349344978
14900384,Sjömarken Norra,5.026960887672197,2.863202545068929
14900385,Sjömarken Södra,7.486266782700298,4.021164021164021
14900386,Sparsör,5.0209277668796695,2.7444253859348198
14900387,Tullen,12.889116812555924,11.52073732718894
14900388,Fristad Centrum,5.1292174446265655,7.780612244897959
14910101,Gunnarshill/Borgmästarhagen,15.89620983467912,6.488991888760139
14910102,Villastaden/Bronäs/Ekhagen/Karlsnäs,9.153893075243968,3.9347408829174664
14910103,Centrum/Tingsholm N.,12.706653289197266,7.079646017699115
14910104,Skarpås/Furet/Hemryd/Tingsholm S.,7.0058215839464,6.942889137737962
14910105,Fridhem/Paradiset/Centrum S.,5.55608150059335,3.758169934640523
14910106,Markuslyckan/Karlslätt/Härstorp,10.999694798315197,11.11111111111111
14910107,Marbäck/Fredriksberg/Fållorna,7.549736939716105,3.421787709497207
14910108,Blidsberg/Dalum/Trädet,6.545574127835017,6.3268892794376095
14910109,Gällstad/Rånnaväg/Grönahög,5.191510985485584,5.693664795509222
14910110,Hökerum/Nitta,2.252901455892924,3.8354253835425385
14910111,Hössna/Liared,1.3135936692915933,3.10077519379845
14910112,Timmele/Älmestad,3.1995119910253207,3.230890464933018
14910113,Tvärred/Vegby,2.9045629158830657,4.387417218543046
14920101,Åmål norra - Mo,5.396307179433283,4.534606205250597
14920102,Åmål nordvästra,9.045865130010824,10.206084396467125
14920103,Åmål sydvästra,5.74123289799167,7.4324324324324325
14920104,Åmål södra,6.973558069449346,7.142857142857143
14920105,Åmål centrala,23.09062109101957,16.084558823529413
14920607,Tösse - Fröskog - Ånimskog,1.3534643111035143,5.736301369863014
14930101,Näset,6.067769794474557,7.947805456702254
14930102,Madlyckan,6.330744298551622,4.278074866310161
14930103,Ladukärr,3.4580618816148565,5.509355509355509
14930104,Grangärdet,6.473257993720623,5.975609756097561
14930105,Trädgården,6.601638795962987,5.0476190476190474
14930118,Högelid,3.0548974303641825,3.06044376434583
14930206,Marieholm,16.313179924054978,10.913140311804009
14930207,Leksberg,3.6363698967893883,2.8792912513842746
14930208,Leverstad,17.232766185389067,11.23076923076923
14930216,Lockerud-Ekudden,6.195486265313357,6.516587677725118
14930217,Bråten-Västra skogen-Marieäng,12.520075033701707,8.553326293558607
14930314,Ullervad,1.0977596912369378,2.8947368421052633
14930315,Tidavad,1.025260542726507,3.5135135135135136
14931011,Lugnås,1.5141975406858537,4.380341880341881
14931409,Hassle-Torsö,1.2096474337819814,2.5316455696202533
14931813,Lyrestad-Sjötorp,1.9125558079984613,2.4598930481283423
14940101,Gamla stadens centrum,13.735638162311583,8.776844070961719
14940102,Margretelund N,22.987185987696005,11.559432933478735
14940103,Fredriksdal,18.67050955744797,9.73963355834137
14940104,Wennerberg,9.884501551677262,7.12041884816754
14940105,Lidåker-Ljunghed,4.669274256126164,4.229074889867841
14940106,Margretelund S,15.258201135605132,11.425873465533522
14940107,Nya staden N,8.519485093239158,7.452339688041595
14940108,Nya staden S,9.036415444618884,7.090464547677262
14940109,Ågårdsområdet,4.35884907664354,5.492851768246802
14940110,Dalängen,11.157199642689339,5.0
14940111,Framnäs,10.727048326510689,10.85427135678392
14940213,Järpås,1.691210703142863,4.30622009569378
14940514,Råda,2.6918053766679195,3.443328550932568
14940622,Tun-Gillstad,2.2831035475265122,3.278688524590164
14940816,Sunnersberg,1.5812748235666052,4.002965159377316
14941117,Otterstad,1.6801853349830576,2.814569536423841
14941315,Stenhammar,2.1326220811045755,1.7964071856287425
14941325,Tofta-Ulriksdal,1.5943957294829505,3.1093279839518555
14942020,Hovby-Majåker,2.721986813368784,2.9612756264236904
14942121,Saleby-Norra Härene,1.4336547835369196,4.199683042789223
14942424,Vinninga-Filsbäck,2.0292436999841037,3.6845983787767134
14942923,Örslösa,0.6313747088810266,3.1132075471698113
14950101,Marieberg,13.406657561159667,12.85140562248996
14950102,Västermalm-Domprostegården,10.544088714832874,11.956521739130435
14950103,Centrum,18.03791576528007,12.085561497326204
14950104,Skaraberg-Tveta,15.260677403638852,5.303678357570573
14950105,Gällkvist västra-Härlunda,12.699488366495228,7.919847328244275
14950106,Gällkvist östra-Skånings Åsaka,6.261306706202893,5.291576673866091
14950107,Hindsbo-Händene,10.354359567130256,4.994450610432852
14950514,Varnhem-Eggby,1.3931401434513302,5.26700804681785
14950813,Axvall,3.0907946394645944,3.213610586011342
14951609,Ardala,2.186773275388934,2.6515151515151514
14960101,Centrum västra,7.339089836608023,7.076566125290023
14960102,Kullen,6.745806045065233,5.5912007332722276
14960103,Billingssluttningen,6.118403085133009,4.705882352941177
14960104,Dälderna,10.58592463066209,7.1733561058924
14960105,Centrum östra,10.490024496191532,13.96574440052701
14960106,Havstena,16.391928295322273,12.654614652711704
14960107,Norrmalm,10.372143402258764,7.872696817420436
14960108,Västra Fältet,6.988405058060323,5.595854922279793
14960109,Rosenhaga,13.725495247513443,8.95813047711782
14960110,Lunden,13.570325129946317,7.433808553971486
14960111,Mariesjö,15.732084409473005,8.695652173913043
14960112,Östermalm,14.7349304133163,10.633946830265849
14960113,Trädgårdsstaden,10.080290388726976,3.9933444259567388
14960115,Källegården,5.729172906129925,5.394524959742351
14960129,Ekängen,7.319098909673008,2.9665071770334928
14960132,Aspö/Ulveket,5.24910746551493,5.87792012057272
14960134,Högskolan/Trängen,12.857137679190242,16.072980017376196
14960316,Våmb,4.950513144708419,3.3447684391080617
14960331,Hentorp,3.7318221181035534,3.6333608587943846
14960417,Södra Ryd,29.407220499584763,6.109022556390977
14960418,Ryds Centrum,42.72269991628505,14.285714285714286
14960419,Norra Ryd,30.521446087759028,9.896432681242807
14960521,Skultorps centrum,8.669437960524906,6.057142857142857
14960533,Skultorp nordväst,5.529686980077468,1.478743068391867
14960820,Skultorpsbygden,4.206997172081056,2.6387625113739763
14961223,Värsås,2.4964828796878678,2.785782901056676
14961322,Igelstorp,4.044702772928681,3.501945525291829
14961625,Väring,1.4163631609273186,2.7732463295269167
14961824,Frösve/Säter,1.7725088743184094,2.5449101796407185
14962226,Berg,1.4770371206418942,2.8518859245630175
14962427,Timmersdala,0.8437895438988808,3.172737955346651
14962628,Tidan,7.2677046018607605,6.641000962463908
14970101,"Hjo södra, Grevbäck",4.736784823523524,4.053000779423227
14970102,"Hjo västra, Mofalla, Långeruder m fl",2.4808482007114954,3.709810387469085
14970103,"Hjo mellersta, Hammarsjorden",8.396339894945516,6.9458631256384065
14970104,"Hjo norra, Smedstorp, Sanna",3.544264624193727,3.853211009174312
14970505,"Norra och Södra Fågelås, Gate",2.5337087338189774,2.824858757062147
14970706,"Korsberga, Blikstorp",1.3348164597605483,2.5684931506849313
14980101,Tidaholms Innerstad,11.146469269072828,6.970260223048327
14980102,Tidaholm Östra,8.310092017690218,4.943820224719101
14980103,Tidaholm Västra,5.260007152861907,3.707317073170732
14980104,Tidaholm Norra,5.260606566114647,3.0145530145530146
14980110,Hökensås Norra,1.0377430445020908,2.1867115222876365
14980207,Hökensås Södra/Västra,1.116772817768949,3.664416586306654
14981512,Dimbo m.fl.,1.6713091340243285,4.717853839037928
14990101,Centrum,6.906757946550911,5.70446735395189
14990102,Kyrkerör,13.722109205469057,9.036144578313253
14990103,Dotorp-Tåstorp,27.461819338338422,12.79491833030853
14990104,Bestorp-Mösseberg,3.6868211268082605,2.96943231441048
14990105,Fredriksberg,21.657455592710363,10.608552631578947
14990106,Ranten-Grönelund,27.924855873930316,14.86854034451496
14990107,Vilhelmsberg-Åttagård,16.35093586226647,7.82851817334576
14990108,Södra Bestorp-Nedre Mösseberg,4.1370033368711985,4.688700999231361
14990209,Bergsliden,15.302332548529796,10.933660933660933
14990310,Vilske,2.971990672649655,4.1522491349480966
14990512,Floby,5.304289198157692,7.210401891252955
14990711,Odensberg,1.1748603214425544,5.443786982248521
14991428,Åsarp-Kättilstorp,1.678153455264796,3.339517625231911
14991513,Kinnarp-Slutarp,3.031726864190713,2.287581699346405
14992016,Vartofta,1.6870518774156011,2.85451197053407
14993123,Stenstorpsbygden,1.66500768634346,2.787068004459309
14993422,Stenstorp,8.117256070659502,7.213114754098361
14994125,Gudhem-Broddetorp,1.6908838321557818,4.733218588640275
17150101,Vikstad,1.5510846277779875,3.228410008071025
17150102,Tolita,1.0111402445403175,1.9607843137254901
17150103,Dalliden,3.9994531332342396,4.206642066420664
17150109,Stenåsen,1.5404195708212443,2.3121387283236996
17150110,Sannerud,11.067460037960133,5.458680818802123
17150205,Fagerås,1.848255283543155,3.2442748091603053
17150206,Frykerud,1.3633812568761325,3.7168141592920354
17150308,Boda,1.363366972019022,6.285714285714286
17300101,Charlottenbergs tätort,16.384412595341768,5.040871934604905
17300102,Charlottenbergs omland,7.309911037219547,2.6528258362168398
17300105,Åmotfors,9.097838861169368,6.419400855920114
17300307,Koppom,1.5343562207137367,2.244039270687237
17300511,Köla-Skillingmark,1.7040359259184772,2.337228714524207
17370101,Torsby Norra,5.862341094356222,3.9068994181213634
17370102,Oleby,5.487677444589088,2.6881720430107525
17370105,Svenneby,5.328136403712741,2.971311475409836
17370106,Torsby Södra,5.954691698427287,4.282655246252677
17370309,Vitsand,1.386377354490093,2.7848101265822787
17370512,Östmark,0.941619591007267,3.0141843971631204
17370617,Sysslebäck,1.1470281662880935,4.313725490196078
17370822,Likenäs,2.2531477567955984,6.094182825484765
17370923,Stöllet,2.253147690857036,2.6894865525672373
17600103,Storfors Centrala,5.142351240245271,4.079861111111111
17600201,Bjurtjärn,2.0043336447929088,3.1486146095717884
17600302,Lungsund,2.383920557856469,3.6363636363636362
17610101,Skoghall,9.142949328189921,7.757805108798486
17610102,Haga,3.95650863812928,4.208885424785659
17610103,Gunnarskär,1.3192283327263656,2.270663033605813
17610104,Mörmon,6.992226846187801,4.391217564870259
17610105,Klöverud,2.8866113137238685,3.015484922575387
17610106,Hammar,1.414980453776727,2.8105167724388034
17610107,Lövnäs,2.3576248796971386,1.1755485893416928
17610108,Hallersrud,1.6283266629539337,2.450980392156863
17610109,Östra Bärstad-Rud,1.8084451672353683,3.022222222222222
17620203,Munkfors Sydvästra,2.6827891845944296,6.76605504587156
17620205,Munkfors Centrala,4.5627366109123,5.274043433298862
17630101,Forshaga öst,3.4921458028090773,5.729166666666667
17630102,Forshaga väst-Dyvelsten,3.7107427681565865,7.506053268765133
17630103,Grossbol,10.159443727465343,4.2239685658153245
17630104,Skived öst,2.072231733853008,3.2967032967032965
17630105,Skived väst,2.1292102425009363,2.6490066225165565
17630212,Deje,4.2222739826978035,4.565801253357207
17630315,Dejefors,3.384376537908913,4.105571847507331
17640102,Grums Västra,6.5474368854831635,6.377551020408164
17640103,Grums Centrala,5.431154857534854,5.152979066022544
17640106,Grums Södra-Gamla Slottsbron,6.4544715059058495,3.1417624521072796
17640107,Segmon-Slottsbron,3.8772780683386747,5.675146771037182
17640108,Värmskog-Grums Norra,1.0410834973300906,3.151862464183381
17650101,Årjäng N,10.946654309448173,6.933019976498238
17650102,Årjäng Ö,10.564712962340122,3.7996545768566494
17650203,Sillerud,1.2857142697493376,1.7241379310344827
17650307,Holmedal-Karlanda,1.4502762550650923,2.5139664804469275
17650509,Årjäng V,6.383464415461729,3.3921302578018997
17650711,Töcksfors,6.41221380508129,2.462526766595289
17660101,Klockaregården,9.283020885954965,5.228758169934641
17660102,Åmberg,3.3412061700065143,2.6462395543175488
17660103,Leran,8.646139061610477,6.914893617021277
17660106,Södra Borgeby,2.3143139969587128,5.732484076433121
17660109,Rottneros,4.257113101343735,3.281853281853282
17660110,Stöpafors,0.8138351808321497,1.8108651911468814
17660119,Gräsmark,1.1035654097826606,3.816793893129771
17660124,Brobyäng,8.208972518423423,4.073033707865169
17660215,Västra Ämtervik,1.2332439749034303,1.8404907975460123
17660317,Östra Ämtervik,1.428391920606904,2.932098765432099
17660523,Lysvik,1.092896236717386,3.3205619412515963
17800101,Tingvallastaden,7.780089849122645,5.478180129990715
17800102,Viken,5.719266527177658,5.274261603375527
17800103,Sommarro,6.245290876631404,4.61361014994233
17800104,Orrholmen söder,18.6870939282061,12.582781456953642
17800105,Kvarnberget,12.047244537371444,10.414657666345226
17800106,Tullholmen öst,7.708106636314539,3.8031319910514543
17800107,Inre hamn,5.653736968682047,3.641732283464567
17800111,Tingvalla,10.685973122467297,5.9523809523809526
17800112,Klara,6.939353828118669,6.281833616298812
17800113,Råtorp-Älvåker,2.152557694463836,2.5385312783318223
17800114,Haga öst,4.72484449783434,6.820809248554913
17800115,Herrhagen 1,7.710124556902191,9.58904109589041
17800116,Herrhagen 2,6.084339278806621,6.721311475409836
17800117,Herrhagen 3,5.308312294179825,10.613598673300165
17800118,Tormestad-Lamberget,5.134633551848956,9.23076923076923
17800119,Råtorp söder,3.7434608695443576,2.5641025641025643
17800120,Haga väst,5.044132839261692,5.154639175257732
17800123,Tullholmen väst,6.859234000361032,3.752759381898455
17800125,Orrholmen norr,9.591342476310107,6.747891283973758
17800126,Marieberg,7.082738416994458,7.207207207207207
17800230,Sundsta,4.311162302007106,4.506065857885615
17800231,Norrstrand centrum,5.460994680586651,7.0974576271186445
17800232,Norrstrand norr,5.470854787212962,4.317789291882556
17800233,Norrstrand-Sjöstad,6.657112871642024,4.984740590030519
17800234,Norrstrand söder,4.894472236967958,5.756207674943567
17800235,Kroppkärr,3.622637810913877,4.015748031496063
17800236,Färjestad norr,5.997972840587245,3.9711191335740073
17800238,Lorensberg,4.188110350604453,3.4710743801652892
17800239,Rud norr,24.850930725565334,20.0260078023407
17800240,Rud söder,15.151661669240113,15.994623655913978
17800241,Kronoparken väst,22.71809750359358,11.305361305361306
17800242,Kronoparken söder,36.882055873356215,30.501392757660167
17800243,Stockfallet,6.280019533522908,4.1478129713423835
17800244,Universitetet,16.3070971665184,11.74698795180723
17800245,Kronoparken öst,31.695809408259283,23.383768913342504
17800246,Kronoparken centrum,36.38750034573877,30.559345156889496
17800247,Alster söder,3.4838941219249437,4.463208685162847
17800249,Färjestad söder,6.29081283619022,5.960264900662252
17800250,Långtäppan-Rud,21.86165505439577,10.683760683760683
17800251,Kronoparken norr,23.25854818552985,21.551724137931036
17800350,Skattkärr,2.7892815254545456,2.0348837209302326
17800351,Östra Fågelvik,2.1306171624840213,3.0084235860409145
17800456,Väse,1.5196079021971718,3.4534534534534536
17800665,Molkom,4.482505699303506,6.70147954743255
17800667,Nyed,2.3930837943488297,5.799373040752351
17800775,Alster norr,2.8030840983133625,3.073624017155111
17800880,Skåre,4.0095435592002255,4.679144385026738
17800881,Soldattorpet,1.5018215193449096,2.6609442060085837
17800882,Grava,1.9908749545586522,3.5294117647058822
17800883,Stodene,3.0390153086836205,2.1418020679468244
17800990,Vålberg-Nor,6.033586707544474,4.413145539906103
17800991,Vålberg,7.025491217284837,5.684995340167754
17800992,Edsvalla,2.1704474095282067,3.360215053763441
17801106,Romstad-Strand,4.251711809087457,5.139005897219882
17801107,Gruvlyckan,28.617378093430034,21.28099173553719
17801108,Våxnäs söder,25.087626167261217,14.285714285714286
17801109,Hagalund,6.967954308891736,5.011746280344558
17801110,Våxnäs norr,29.535612634838998,21.205357142857142
17801119,Bergvik-Zakrisdal,5.417642086573765,1.6260162601626016
17801120,Hultsberg,4.835434156564029,3.1345565749235473
17801121,Björkås-Dingelsundet,4.579643725085605,3.8883349950149553
17810101,Innerstaden,24.41009572992763,16.70235546038544
17810102,Södermalm,15.062382542549875,9.663503019844693
17810103,Enserud,12.724941937206204,7.0198675496688745
17810104,Fältet,7.33958195014621,7.083825265643448
17810105,Djurgården,5.313695291821383,4.514889529298751
17810106,Kurlanda,6.847110670622653,6.976744186046512
17810107,Östra Vålösundet,5.961811417113304,2.9411764705882355
17810108,Stenstaliden,6.6612343571533135,7.031888798037612
17810109,Strand,4.8202311313015676,5.795574288724974
17810110,Ölme,1.5915178335984126,3.1746031746031744
17810111,Kristinehamn norra,4.880503736553006,5.136612021857924
17810112,Kristinehamn nord-östra,4.153201223458145,7.073643410852713
17810113,Kristinehamn östra,5.817300493325739,5.363204344874406
17810114,Björneborg,9.420166776581844,8.763693270735525
17810115,Kristinehamn södra,1.9013180612997975,3.5115722266560256
17820101,Filipstads norra,6.514793250586258,4.953820319059614
17820102,Filipstads västra,16.972410757052764,10.320284697508896
17820103,Filipstads södra,7.121658071831281,6.116774791473587
17820104,Filipstads östra,6.680463290949175,5.270972531551596
17820712,Lesjöfors,2.881171878503611,6.24203821656051
17830101,Hagfors Centrum,8.62997119220161,7.124463519313305
17830105,Hagfors Östra,8.618053392928253,5.967078189300412
17830210,Ekshärad-Västanberg,1.3314968717562126,3.4564021995286724
17830315,Hagfors Norra-Gustav Adolf,4.283599749825568,4.985888993414863
17830418,Råda-Höje,2.075731913324339,3.171247357293869
17830522,Sunnemo-Uddeholm,2.7635598873965317,4.099244875943905
17840102,Haga,6.039048384460375,5.978898007033997
17840103,Minneberg,10.424848613149045,11.811023622047244
17840104,Solberga,8.32020112522603,6.712062256809339
17840105,Styckåsen,8.830673343002458,7.971014492753623
17840106,Degerängen,12.271363215494718,7.48792270531401
17840125,Rosendal,4.711163816566795,5.343511450381679
17840207,Dottevik,13.797713061493427,10.173697270471465
17840208,Solvik,5.412127781636637,3.141361256544503
17840209,Agneteberg,9.596282833387436,7.415254237288136
17840210,Jössefors,2.4873742395778833,3.580246913580247
17840228,Taserud,3.252998419252559,2.6737967914438503
17840311,Stavnäs-Högerud,0.8596102765918637,3.597122302158273
17840514,Glava,1.6901002971439159,2.5906735751295336
17840617,Gunnarskog-Bogen,1.4040521066603218,2.872531418312388
17840920,Älgå-Ny,1.3488737577130243,2.190580503833516
17841123,Edane,1.7926393023411131,3.314917127071823
17841124,Mangskog,1.7926703129003605,6.756756756756757
17850101,Tegnér,4.5961473374255135,3.849114703618168
17850102,Tingvalla,11.016216846537187,5.9347181008902075
17850103,Trätälja,22.4240669088531,11.126373626373626
17850105,Värmlandsnäs Södra,0.8890245822252877,2.10016155088853
17850206,Höglunda,8.52880022682832,4.158607350096712
17850308,Värmlandsnäs Norra,2.5775779333224405,2.5316455696202533
17851018,Annelund,4.3839015484748245,4.553415061295972
17851120,Svaneholm,1.706827321232722,2.684563758389262
17851223,Nysäter,1.4992503905468557,3.3766233766233764
18140100,Lanna,2.4649568073056414,1.905829596412556
18140200,Hidinge,1.9150488054203725,3.252032520325203
18140301,Fjugesta Västra,4.306659117577163,4.016913319238901
18140302,Fjugesta Östra,6.658390263374688,4.513888888888889
18140400,Mullhyttan,2.8628359382754267,2.94811320754717
18140500,Kräcklinge m.fl.,1.0678263300256488,3.4129692832764507
18600101,Laxå Centrala,14.188899153031702,7.530454042081949
18600103,Laxå-Kanalområdet,10.995754943565,4.166666666666667
18600205,Finnerödja,2.94334061154916,2.912621359223301
18600407,Skagershult,3.440621589510417,6.461538461538462
18610111,Hässleberg,28.554557736854594,11.742892459826948
18610113,Kårstahult,12.833636820367552,6.256410256410256
18610114,Vingen,15.62313162249217,5.440158259149357
18610115,Vadsbron,6.563444042585049,4.645849200304646
18610116,Långängen,4.80709419379874,4.281345565749236
18610221,Vretstorp,4.156170853345898,3.4482758620689653
18610231,Östansjö,2.1848674939981385,3.3854166666666665
18610441,Sköllersta,3.069743132510528,4.559915164369035
18610451,Pålsboda,7.9380758699600795,4.433887569279493
18610671,Sottern,3.177042472787642,6.370656370656371
18620101,Jannelund,15.550994538287256,10.867293625914316
18620102,Bossåsen,6.205554518069701,4.949381327334083
18620103,Bruket,7.345110183593946,9.35412026726058
18620105,Stora Valla,12.391035092368893,9.980039920159681
18620108,Strömtorp,4.407525263259447,3.898170246618934
18620210,Åtorp,1.153838173515589,3.7398373983739837
18620211,Svartå,2.3720349630585686,5.46875
18630101,Gillershöjden,7.24565498923164,7.040913415794481
18630102,Centrum,15.771454931774763,8.323831242873432
18630104,Hjulsjö-Kronhagen,5.468367799671176,6.431273644388399
18630208,Grythyttan,1.919258767625544,4.153686396677051
18640101,Hörken-Ställdalen,3.585147305852011,3.9861351819757367
18640103,Bångbro-Kyrkbacksskolan,4.532633376004969,4.927536231884058
18640105,"Tingshuset, Kopparberg",10.26010899930775,7.575757575757576
18800101,Örnsro,16.229134069855576,13.284804367606915
18800102,Näbbtorget,21.292336136470183,11.143131604226705
18800103,Våghustorget,10.728271139016755,6.642512077294686
18800104,Oskarsparken,5.613340956967087,4.069175991861648
18800105,Wadköping,5.2388806593014285,4.792332268370607
18800106,Sveaparken,8.8902579900758,5.922330097087379
18800107,Stadsparken,5.311728070742735,7.192118226600985
18800108,Krämartorget,14.782157815499481,11.277330264672036
18800109,Eklunda,7.26615609648634,3.145853193517636
18800110,Södermalm,13.57817243930023,15.876089060987415
18800111,Eyra,6.490047060395275,5.0682261208577
18800112,Gustavsvik,6.823049934020708,6.625766871165644
18800113,Ladugårdsängen västra,8.730456834392182,9.615384615384615
18800114,Ladugårdsängen östra,8.490403953155344,8.665906499429875
18800115,Olivplan,11.28671193890019,8.753861997940268
18800116,Sörbyängen,7.675078099290002,8.350951374207188
18800216,Bettorp,8.358454700997829,5.022421524663677
18800217,Olaus Petri,9.586619569190587,12.453760789149198
18800218,Åkullen,10.735447593343721,11.682743837084674
18800219,Längbrotorg,9.887172640527936,12.624584717607974
18800220,Hagaby-Ringstorp,11.346931165693771,4.117647058823529
18800221,Norrby,13.11650783991054,17.90341578327444
18800222,Bromsplan,11.87339613268755,14.316469321851454
18800223,Svampen,12.812943573324972,10.098302055406613
18800224,Rynningeåsen,10.04380188609548,5.549510337323177
18800225,Rynninge,6.709032454287863,2.7728085867620753
18800226,Tegnér,11.36223280894577,10.701956271576524
18800227,Sofia,9.416395600033487,7.709251101321586
18800228,Nobel,15.573842267641504,13.997879109225876
18800229,Malmplan,12.05019603964708,12.189859762675297
18800230,Vasastan,7.960347090269575,9.439252336448599
18800231,Järntorget,9.121063721623694,11.68958742632613
18800232,Universitetssjukhuset,11.73819872991958,11.833171677982541
18800233,Slottet,8.26320707853619,9.333333333333334
18800234,Centrum,6.9930726860902706,6.832298136645963
18800235,Centralstationen,10.581509512954687,9.632446134347274
18800339,Heden,18.05147636407042,7.837837837837838
18800340,Mellringe,13.991216315152169,8.236434108527131
18800341,Björkhaga,4.842147596873539,6.775300171526586
18800342,Varberga västra,37.68697422330506,31.448275862068964
18800343,Varberga östra,54.31186240207027,30.926216640502354
18800344,Karlslund,9.689775639158555,4.9603174603174605
18800345,Oxhagen,46.02752452909874,31.50984682713348
18800346,Solhaga,7.55452148672206,7.760532150776053
18800347,Västhaga,13.130977570582568,11.92468619246862
18800348,Rosta västra,11.795318394096526,13.856068743286789
18800349,Rosta östra,9.416353289988145,9.401709401709402
18800350,Hagastrand,9.487007002188152,8.26901874310915
18800479,Skebäck,5.319453200253265,5.649717514124294
18800480,Sörby norra,6.830273974895814,5.475504322766571
18800481,Sörby södra,7.504592195787868,5.326460481099656
18800482,Tybble,17.126320443835972,13.385826771653543
18800483,Ekeby Almby,5.0843752406391856,2.34023402340234
18800484,Almby,10.05740363481529,4.945515507124895
18800485,Brickeberg,16.664270906198098,10.499490316004078
18800486,Brickebacken norra,35.188249277641674,26.812585499316004
18800487,Brickebacken södra,27.648930903342016,23.135964912280702
18800488,Grönpepparparken,9.393043955498602,8.0
18800489,Näsby,5.244928571566028,4.5212765957446805
18800490,Tybblelund,5.722378082373746,10.335448776065277
18800491,Universitetet,12.719159268942995,15.67357512953368
18800492,Ormesta,5.200999051069525,3.234501347708895
18800493,Norra Ormesta,4.614964509052271,6.415094339622642
18800494,Tybblekullen,12.140025810754096,14.344600164880461
18800501,Marieberg,3.9024845585110626,3.209109730848861
18800502,Mosås,5.8503012832955665,4.824561403508772
18800503,Täby,2.2078696967819473,2.2598870056497176
18800701,Vintrosa,2.1840768304160534,4.162633107454018
18800801,Garphyttan,4.139693878429995,6.099815157116451
18800802,Latorp,2.0565580474528686,4.847908745247148
18801001,Kil,2.2083602049809072,4.824120603015075
18801101,Ervalla,2.236900494412926,4.300091491308326
18801201,Axberg,3.7045666382001294,4.595185995623632
18801301,Hovsta västra,4.226689632037552,3.933136676499508
18801302,Lillån västra,7.740523797958141,6.236559139784946
18801303,Lillån östra,6.920388835940937,3.2287822878228782
18801304,Hovsta östra,5.694671037624155,4.870466321243524
18801401,Hampetorp,2.0206958751397734,4.149377593360996
18801501,Kilsmo-Brevens Bruk,2.3377976185032403,7.28643216080402
18801502,Asker,1.8389346068705543,3.8412291933418694
18801503,Odensbacken,3.097604523262094,3.28879753340185
18801601,Stora Mellösa västra,2.1907100566191717,4.186602870813397
18801602,Stora Mellösa östra,2.1903873451628364,4.146730462519936
18801701,Norrbyås,2.803797173459727,3.6684782608695654
18801801,Gällersta,4.880369147966906,3.7521815008726005
18802601,Rinkaby,1.9132133384381969,3.1537450722733245
18802701,Glanshammar,2.4433689229211524,3.0991735537190084
18802901,Lillkyrka,1.4612824878346478,2.9171528588098017
18803060,Lundby norra,17.374743045942264,12.91005291005291
18803061,Lundby södra,18.66453773862593,8.983451536643026
18803062,Vivalla västra,54.66221154019363,45.45454545454545
18803063,Vivalla norra,51.580766548385526,38.71706758304696
18803064,Vivalla östra,51.71119631998767,46.07104413347686
18803066,Nyponlunden,16.589378187136973,6.265060240963855
18803067,Nya Hjärsta,13.806976253844928,7.818532818532819
18803068,Baronbackarna,40.129187977271464,30.175077239958807
18803070,Gamla Hjärsta,8.453463638828863,7.774227902023429
18803071,Mikael,7.926087252399721,8.474576271186441
18803072,Karla,18.309601479806,11.299435028248588
18803073,Trängen,23.28398675009899,15.517241379310345
18803074,Markbacken,37.7003548875633,28.519417475728154
18803189,Brunnsgärdet,5.118122397716893,4.166666666666667
18803190,Nasta,5.398784479377143,3.094606542882405
18803191,Lindhult norra,4.748091587761683,2.8753993610223643
18803192,Adolfsberg västra,4.211478198251807,2.393162393162393
18803193,Adolfsberg östra,3.2659844508874896,2.6666666666666665
18803194,Ladugårdsängen södra,10.457064595184816,10.128388017118402
18803195,Ladugårdsängen Hagen,10.235668112503237,5.299539170506913
18803196,Lindhult södra,4.599489662786335,3.6669970267591676
18810102,Hällabrottet,2.7122642340824403,3.5714285714285716
18810104,Åbytorp-Hardemo,2.2598281296017175,2.4977698483496877
18810105,Skogstorp,4.674590816541791,4.73186119873817
18810106,Malmen,15.615864075502468,12.057416267942584
18810107,Fylsta,20.376903818922486,9.877622377622378
18810108,Stadshuset,11.656836808418186,8.032786885245901
18810109,Åsen,6.877590162859986,5.288796102992345
18810112,Haga,6.933818011970129,5.830670926517572
18810114,Kumlaby,9.561228177467077,5.897009966777409
18810115,Sörby,4.854654760612815,3.653693407466243
18810116,Vialund,16.310224341869976,7.619047619047619
18810310,Ekeby-Kvarntorp,1.6392321225325623,2.912621359223301
18820101,Sjöängen,8.303682025601617,4.424778761061947
18820102,Närlunda,8.049784340811803,4.918032786885246
18820103,Klockarbacken-Olshammar,5.461691034798874,3.9814814814814814
18820304,Åsbro,3.335035612707917,4.037558685446009
18820306,Rönneshytta-Mariedamm,2.2077796925566844,3.0054644808743167
18820408,Snavlunda,0.9487775461647144,3.7162162162162162
18820511,Hammar,2.1857383357888285,2.056555269922879
18820513,Åmmeberg-Zinkgruvan,1.4891759889398837,2.5
18830101,Aggerud,5.716912541794635,5.172413793103448
18830102,Stråningstorp,9.322128487060596,6.481481481481482
18830103,Landa,30.679054997663346,18.12227074235808
18830104,Skranta,17.064026248798243,9.024390243902438
18830105,Häsängen,10.087031012582313,3.6666666666666665
18830106,Ekeby,10.795139798664016,9.099181073703367
18830107,Karlberg,6.175919610459096,6.294964028776978
18830108,Rävåsen,5.387704563678336,4.444444444444445
18830109,Sandmo,13.38988406496273,5.3064958828911255
18830110,Karls-Åby,4.702809527991814,3.7751677852348995
18830111,Bohult,5.837112841953968,6.764960971379011
18830112,Bregården,7.36785352352977,6.2046736502820306
18830113,Bofors,5.189016512492985,5.8053965658217495
18830114,Sandviken,11.118683432658568,10.957551826258637
18830115,Österleden,5.67085362850002,6.005004170141785
18830116,Bråten,2.718976847866999,3.048780487804878
18830117,Granbergsdal,2.0406661078004413,2.808988764044944
18840306,Järnboås-Klacka-Lerberg,1.8575851568597594,4.761904761904762
18840401,Hagby-Esstorp,9.42659603525794,5.257142857142857
18840403,Karlsäng-Pershyttan,10.015056589011989,6.985769728331177
18840404,Gyttorp-Viker,4.337539514827545,5.75
18840405,Hitorp-Alntorp,4.016344434648747,6.2
18840407,Ås-Ringshyttan,5.040602244453997,2.735042735042735
18840409,Dalsta-Born,6.4942958324671025,3.5995500562429696
18840410,Torget-Gunnarsberg,7.979942926129876,8.079625292740047
18850203,Gusselby,1.5624531409958007,4.146341463414634
18850204,Lindesbergs Norra,13.310712903705738,9.411764705882353
18850206,Linde,13.147779522967879,3.161222339304531
18850207,Lindesbergs Mellersta,9.767452538430943,7.446808510638298
18850209,Vedevåg,4.612978730687712,3.5603715170278636
18850210,Lindesbergs Västra,6.8496658775565535,4.323899371069182
18850212,Lindesbergs Sydöstra,9.798001258433871,6.214039125431531
18850216,Lindesbergs Nordöstra,34.609826575099035,13.710554951033732
18850302,Guldsmedshyttan,3.702296944805499,6.968641114982578
18850305,Storå,3.3799270369164587,3.748910200523104
18850413,Frövi Västra,8.508093820601582,3.9768019884009944
18850414,Frövi Östra,3.6213648895855353,4.801477377654663
18850518,Fellingsbro Västra,5.78092492450393,4.190751445086705
18850519,Fellingsbro Östra,6.01534886782385,6.708074534161491
18850522,Rockhammar,2.161263503952255,4.791666666666667
18850728,Ramshyttan,1.5071592192698713,2.947845804988662
19040201,Skinnskatteberg Södra,3.4599157293764753,4.010695187165775
19040202,Skinnskatteberg Norra,6.41074776466795,6.959152798789712
19070101,Bruket och Landsbygd,5.418622164781163,5.342741935483871
19070103,Stavtorpet,3.6399512226617787,3.4146341463414633
19070104,Skogslund,7.125720553106934,6.1742006615215
19070105,Dalskogen,10.801419145221178,7.380073800738008
19070207,Ramnäs,5.9922354447984105,4.040404040404041
19070208,Virsbo,5.136688463187774,4.073587385019711
19600101,Runna - Granhammar,12.208403304231076,11.15736885928393
19600102,Centrum,20.48023456231683,10.420650095602294
19600103,Haga - Skillinge,5.97118755721446,4.8169556840077075
19600104,Torpa - Malmberga,8.09297813480866,4.314720812182741
19600506,Valskog - Kungs-Barkarö,3.69348514659979,3.5714285714285716
19610103,Nibble,11.754740535062218,14.218009478672986
19610104,Fredhem,5.695692321397035,6.351931330472103
19610105,Barnängen,7.612539610316585,10.186335403726709
19610106,Eldsboda,7.301985252949425,4.693486590038314
19610107,Tuna,16.79465266456379,8.31758034026465
19610108,Näs,3.0534138495655254,5.048543689320389
19610109,Lövboås,19.30790869333346,11.604095563139932
19610310,Tunbo,3.4026390083653144,4.7082906857727735
19610311,Kolbäcks Centrum,3.369060354828872,4.99359795134443
19610312,Strömsholm,1.9968840835197934,3.6016949152542375
19620101,Kärrgruvan,3.815316487580025,6.578947368421052
19620103,Skallberget,4.504551880390418,6.6115702479338845
19620104,Björkängen,11.934273342757786,7.039106145251397
19620205,Karbenning,2.102529810295052,3.8585209003215435
19800101,101 Centrum,15.858785292618736,9.794776119402986
19800102,102 Kyrkbacken,10.062551707563852,5.960854092526691
19800103,103 Herrgärdet,11.492207293176493,7.378472222222222
19800104,104 Kopparlunden,26.77439150369264,13.84928716904277
19800105,105 Östermalm,18.745919934828414,6.448412698412699
19800106,106 Östra Hamnen/Slottsträdgården,9.284620657727205,1.1428571428571428
19800107,107 Lillåudden,12.939114645613044,5.757832345469941
19800108,108 Norrmalm/Blåsbo,3.7290846860845783,4.064272211720227
19800109,109 Aroslund/Iggebygärdet,11.794438290470078,5.704407951598963
19800110,110 Kristiansborg/Karlsdal,14.71662081530744,9.421641791044776
19800111,111 Annedal/Stallhagen,6.441459205854958,1.8623481781376519
19800112,112 Oxbacken C/Västermalm,11.067996910500113,6.871794871794871
19800113,113 Pettersberg Ö,23.80036861016974,6.009615384615385
19800114,114 Pettersberg V,56.06334120397512,31.08348134991119
19800115,115 Jakobsberg,7.343023284177725,4.485488126649076
19800116,116 Hammarby Stadshage,30.348622989177617,14.405010438413361
19800117,117 Vetterslund,28.495382558447677,13.824884792626728
19800118,118 Pettersberg S,27.38776601982401,13.452188006482983
19800119,119 Mälarporten/Ängsgärdet,16.702851778222517,6.17816091954023
19800201,201 Hammarby Ö,24.259194926148293,11.234817813765183
19800202,202 Hammarby V,38.399350522519576,23.715846994535518
19800203,203 Bäckby Ö,47.52901744100804,28.199791883454736
19800204,204 Bäckby N/Hälleborg,47.02751395700932,28.891509433962263
19800205,205 Bäckby V,31.872875405825248,13.043478260869565
19800206,206 Bäckby C,32.14038113662364,13.9618138424821
19800207,207 Bäckby S,34.88831296223061,15.148514851485148
19800208,208 Skälby V,18.57288855567974,7.070707070707071
19800209,209 Skälby Ö,21.52665867726183,12.352941176470589
19800210,210 Stohagen/Spantgatan,17.00376649002508,8.8659793814433
19800211,211 Enhagen-Ekbacken/Örtagården,5.939561043736889,1.9087136929460582
19800212,212 Barkarö/Tidö-Lindö,4.271428258908032,2.091633466135458
19800213,213 Barkarö tätort,5.265469106391841,2.375102375102375
19800214,214 Dingtuna-Lillhärad landsbygd,6.685141680088434,2.9958677685950414
19800215,215 Dingtuna tätort,5.908806826210005,3.526448362720403
19800216,216 Kvicksund/Rytterne,2.6216444981996205,2.5197984161267097
19800301,301 Skallberget S,33.472305300375545,22.48995983935743
19800302,302 Skallberget N,29.906879969323395,12.955465587044534
19800303,303 Nordanby,26.60960931739924,8.803986710963455
19800304,304 Gryta NÖ,7.434956583733146,4.769736842105263
19800305,305 Gryta NV,9.99973932231254,4.854368932038835
19800306,306 Önsta,16.02585760470648,6.232558139534884
19800307,307 Gryta SÖ,21.388060780789555,9.864253393665159
19800308,308 Gryta SV,16.330596847573386,7.911111111111111
19800309,309 Tunby/Vega,13.862526543171132,8.56911883589329
19800310,310 Rönnby S,4.782256907789239,2.441008950366151
19800311,311 Rönnby N,6.128962905438659,3.6363636363636362
19800312,312 Fredriksberg,44.53787644423284,22.903885480572598
19800313,313 Råby S,37.24811392013718,18.12004530011325
19800314,314 Råby N,39.264536149847444,21.5962441314554
19800315,315 Råby Ö,32.932432197507126,14.905933429811867
19800316,316 Vallby S,45.84925423632849,22.716346153846153
19800317,317 Eriksborg/Hagaberg,21.043297870226873,8.27966881324747
19800318,318 Brottberga/Vallby N,13.920137968211515,5.4323725055432375
19800319,319 Vallby C/Bjärby/Skerike,23.08891164382572,4.429530201342282
19800320,320 Skultuna landsbygd,5.257076247288904,4.146730462519936
19800321,321 Skultuna Ö,13.609914246599194,7.159353348729792
19800322,322 Haraker Romfartuna,2.6339552167480096,4.27263479145473
19800323,323 Vallby C,49.17346038415581,30.678466076696164
19800324,324 Skultuna V,10.15800451722824,5.089408528198074
19800401,401 Emaus,17.390589781083325,7.7134986225895315
19800402,402 Bergslagsparken,17.393506619556398,8.072289156626505
19800403,403 Gideonsberg,18.706391258929063,12.217659137577002
19800404,404 Skälängen,15.016909621047066,10.366492146596858
19800405,405 Nordanby gärde,16.090509555642264,8.7426326129666
19800406,406 Sandgärdet,12.19816127080759,5.918367346938775
19800407,407 Haga,14.214575536016554,8.548707753479125
19800408,408 Skjutbanegatan,17.107177631695087,9.433962264150944
19800409,409 Hemdal,11.781287704457817,8.003518029903255
19800410,410 Malmaberg S,18.113759198306717,9.966216216216216
19800411,411 Malmaberg N,14.125090247995367,7.121951219512195
19800412,412 Klockartorp,7.840283790307174,4.903677758318739
19800413,413 Skiljebo S,7.273970854134083,4.8517520215633425
19800414,414 Skiljebo N,24.476502149410106,12.464589235127479
19800415,415 Odensviplatsen,17.97304244517391,9.292929292929292
19800416,416 Brandthovda,10.778422276682324,4.761904761904762
19800417,417 Bjurhovda SV,25.29534732589768,14.583333333333334
19800418,418 Bjurhovda SO,22.484517604198395,10.625737898465172
19800419,419 Bjurhovda N/Badelunda,6.880033562077487,3.616484440706476
19800420,420 Hökåsen/Tillberga landsbygd,2.973645534213764,1.995798319327731
19800421,421 Hökåsen tätort,5.8097561652708025,2.6208026208026207
19800422,422 Tillberga tätort,3.473491765642312,2.9623698959167335
19800423,423 Tortuna/Sevalla,1.965168276012216,2.668539325842697
19800501,501 Viksäng V/Ängsgärdet,27.813542581376034,19.82323232323232
19800502,502 Viksäng/Stenhagen,12.327259660674661,7.671232876712328
19800503,503 Viksäng Ö,21.23154277485803,7.074973600844773
19800504,504 Talltorp/Lillhamra,6.0569766420830735,3.824626865671642
19800505,505 Notudden,18.237860376551193,5.482456140350878
19800506,506 Mälarparken,10.299947505321791,5.269607843137255
19800507,507 Framnäs/Öster Mälarstrand,5.681714677901238,2.038735983690112
19800508,508 Berghamra/Hamre,11.0731266007765,2.154398563734291
19800509,509 Gäddeholm,2.629733493687647,1.3054830287206267
19800510,510 Irsta S,2.8915498971104374,2.1333333333333333
19800511,511 Irsta N,2.566079712248565,3.3057851239669422
19800512,512 Björksta/Kungsåra/Ängsö,1.5605710038193539,3.9959016393442623
19800513,513 Öster Mälarstrand V,25.457004302011892,8.203991130820398
19800514,514 Kärrbolandet,2.6718144693607395,2.2878932316491896
19800515,515 Öster Mälarstrand Ö,19.20888794686177,4.66321243523316
19800516,516 Förseglet,21.964231517689655,10.280373831775702
19810101,Centrum,7.858878733027436,7.933884297520661
19810102,Åkra,33.318942163385984,17.51751751751752
19810103,"Jakobsberg, Bryggeriet, Turbo m.fl",19.574518648633756,10.669456066945607
19810104,Kungsängen-Valla-Vasastaden,7.558981915963485,5.800865800865801
19810105,Sala Norra,5.259589098689512,4.775022956841139
19810106,Sala Östra,6.005949488254083,4.041272570937231
19810107,Sala Södra,7.629484603302974,5.801526717557252
19810108,"Dalhem, Gärdesta, Hagaberg m.fl.",9.02262044022798,6.564551422319475
19810210,Västerfärnebo - Västerbykil,2.327837012018369,3.465765004226543
19810312,Kila - Fläckebo,1.6997593222025456,3.44311377245509
19810514,Kumla-Ransta-Tärna,1.9867812526013142,2.2672064777327936
19810818,Möklinta,1.1538615344364749,3.5130718954248366
19820101,Kolarbyn,35.80500310179118,17.894736842105264
19820102,Centrum,24.6577599570874,13.980409617097061
19820103,Risbron,20.12718922799047,11.69940222032451
19820104,Västanfors,4.383983929516069,4.801920768307323
19820106,Per Ols,12.345119617413788,7.990690457719162
19820108,Meling,7.293205781515298,5.47945205479452
19820207,Åvestbo-Västervåla,2.3654693758417147,3.6405005688282137
19830101,Byjorden-Odensvi,11.267272573821723,8.695652173913043
19830102,Karlsdal,15.432090198378889,10.851063829787234
19830103,Tunadal,15.005663867587321,10.379241516966069
19830104,Karlberg,9.775334332312198,8.752735229759299
19830105,Skogsborg,19.459530475903183,11.11111111111111
19830106,Nyckelberget,17.139803710548183,9.75609756097561
19830107,Elund-Ållesta,4.663706046573058,2.8287461773700304
19830108,Östanås,9.656322574500221,7.536231884057971
19830109,Ullvi,10.84852850521157,5.491990846681922
19830110,Nygård-Skogsbrynet,38.24994169027219,25.0
19830111,Hästhagen-Skogshöjden-Himmeta-Bro,5.013936188897437,4.31924882629108
19830422,Kolsva Ö,3.241488471433589,4.701834862385321
19830423,Kolsva V,2.4576996024166156,4.23963133640553
19830625,Munktorp,1.4861995718687433,2.8448275862068964
19840101,Ladubacksgärdena-N Skogen,4.428368074185769,4.147465437788019
19840102,Prästgärdet,7.119855360309686,5.1063829787234045
19840103,Sturestaden-Nästkvarn,9.451106388938975,7.574468085106383
19840104,Ringsborg-Strömsborg,15.178166156850049,9.532062391681109
19840106,Herrängen-Ekbacken-Södra Landsförsam,7.267636064751389,6.361323155216285
19840107,Brattberget-Strömsnäs,9.342884925897295,6.314948041566747
19840208,Norra Landsförsam-Vasastaden-Medåker,11.18739361682844,6.739130434782608
19840309,Götlunda,1.7624015315510893,2.4557956777996073
20210101,Vansbro,10.1407534424881,7.216494845360825
20210103,Järna,1.8893615454078312,3.5960214231063503
20210301,Nås,1.6000000206887506,5.420560747663552
20210401,Äppelbo,1.0721944211333425,3.4782608695652173
20230203,Malung södra,3.5425071776570576,4.513399153737659
20230205,Malung västra,4.563205456084113,2.2035676810073452
20230206,Malung norra,12.619972570764538,5.465191932335719
20230301,Lima,2.060528030204714,1.5337423312883436
20230502,Transtrand,2.7598895967988324,1.600609756097561
20260105,Mockfjärd,3.91847853823371,4.063860667634253
20260201,Gagnef,2.112187618033034,3.022875816993464
20260202,Djurås,2.492228814943934,4.358353510895884
20260203,Bäsna,1.302481736368768,4.325032765399738
20260204,Djurmo,1.3313681875633898,4.036458333333333
20260301,Floda,3.5924617070127725,4.87012987012987
20260302,Björbo,3.5924617659642517,1.6427104722792607
20290102,Edshult - Åkerö - Övermo mfl,2.9688112488676586,4.457225017972681
20290103,Häradsbygden - Heden - Djura mfl,0.8212138955075375,3.3185840707964602
20290104,Leksandsnoret,10.71426358107166,8.671586715867159
20290106,Leksand Ö,7.093819276482924,3.260869565217391
20290108,Tällberg mfl,2.6896605330158194,3.59375
20290110,Leksand V,7.270881175402453,4.856230031948882
20290301,Insjön Ö,4.831273567400207,5.120481927710843
20290311,Insjön V - Ål-Kilen,8.34984607123859,5.7640750670241285
20290401,Siljansnäs,2.44198077043877,3.4401876465989054
20310101,Rättvik C,4.474212091640348,3.6474164133738602
20310102,Rättvik S,1.314340185087411,2.849905003166561
20310104,Vikarbyn,1.3661770398966153,3.3201581027667983
20310105,Boda-Gärdsjö,1.3759761980697325,2.845528455284553
20310106,Rättvik V,5.312739390688344,3.7531276063386154
20310401,Ore,2.251407142127995,3.392330383480826
20340201,Orsa Mellersta,9.8810671886057,8.501118568232663
20340202,Skattungbyn-Kallmora,2.124430957744435,11.985018726591761
20340203,Orsa Södra,2.271185869757294,2.0146520146520146
20340204,Orsa Västra,2.392335908539517,3.5143769968051117
20340206,Orsa Östra,11.304397069813012,7.515030060120241
20390206,Kyrkbyn,7.3163839852385975,4.492512479201331
20390209,Rot,1.9293941536455494,2.3480662983425415
20390210,Väster-Myckeläng,4.118866523829273,2.4955436720142603
20390211,Åsen,1.3641133688436078,0.7957559681697612
20390401,Särna,2.885682574916759,2.964426877470356
20390501,Idre,0.7874015768698205,4.225352112676056
20610101,Morgårdshammar-Gubbo,2.655595010292318,5.093378607809847
20610103,Hagge-Harnäs m.fl.,2.6098946424359672,2.7804410354745923
20610105,Smedjebacken N,6.392734275696793,5.550500454959054
20610106,Smedjebacken S,5.484407424866422,4.104903078677309
20610108,Smedjebacken C,8.044279359973062,7.7012835472578764
20610201,Söderbärke-Malingsbo,1.5102504783792157,3.1318281136198105
20610205,Sörbo-Vad,1.2613047561051631,2.985074626865672
20620103,Färnäs-Nusnäs-Garsås,1.2891367377419947,2.936630602782071
20620107,Noret Norra-Bergkarlås,7.583658512584021,5.7534246575342465
20620110,Stranden,6.782875181356662,6.354515050167224
20620111,Vika-Venjan-Selbäck,1.509547212190948,4.563233376792699
20620114,Morkarlby,4.245792113911441,2.834008097165992
20620115,Noret Södra,9.844174329468395,5.4005400540054005
20620116,Öna-Kråkberg,2.937525362153882,3.1733746130030958
20620117,Utmeland-Hånåkni,3.43469852285249,4.352441613588111
20620118,Klockarhagen,10.412850266683886,5.318138651471985
20620201,Våmhus-Bonäs,0.7987094467659142,1.6304347826086956
20620202,Östnor-Hemus-Långlet-Oxberg,1.9723084070849493,2.991944764096663
20620301,Sollerö-Isunda,1.2108906541196824,12.136752136752136
20800101,Källviken och V Främby,5.264491771775636,4.680038204393505
20800102,Kvarnberget och Ö Främby,12.805340641472931,9.750390015600624
20800103,Elsborg,20.05000107646566,9.854771784232366
20800104,Hyttgården,4.076747315035501,3.7186742118027487
20800105,Kämparvet,8.687093756394683,6.879361914257228
20800106,Nedre Norslund,21.40880752107138,14.750290360046458
20800107,Övre Norslund,7.115584603496262,8.27178729689808
20800109,Hälsingberg,8.68548905690131,7.397260273972603
20800110,Gruvriset,3.4476500102362144,4.458109146810146
20800111,Kristine,4.709148014964924,7.52157829839704
20800112,Pilbo-Samuelsdal,2.913706812360212,3.9922103213242455
20800210,Grycksbo,3.8531964480254417,5.651105651105651
20800301,Gruvan,2.6597333496404474,3.5494880546075085
20800303,Herrhagen,21.44420245346046,15.045135406218655
20800304,Ångbryggeriet,4.707926650042144,6.435643564356436
20800306,Bojsenburg,19.81003980800768,17.24825523429711
20800307,Kyrkbacken,3.840781791078737,5.268389662027833
20800308,Lugnet,3.6527984965825757,4.766734279918864
20800309,Slätta,4.255304616465969,5.722070844686648
20800311,Östanfors,4.529287974424795,7.064555420219245
20800401,Aspeboda,1.3199394359777745,3.6896877956480605
20800501,Vika,1.6164993989988765,3.389830508474576
20800601,Hosjö Näs,4.284460632672918,3.9082412914188613
20800602,Hosjö Sandviken,5.021074626752986,4.927536231884058
20800701,Sundbornsbyn,2.023965192733438,3.896103896103896
20800702,Danholn och Karlsbyheden,1.535828422992485,3.956043956043956
20800801,Linghed,1.513374701478436,3.9249146757679183
20800802,Boda och Toftbyn,2.015049392419991,3.4870641169853767
20800803,Borgärdet och Lumsheden,3.1229927028893103,3.996447602131439
20800935,Haraldsbo,6.206515760431424,6.207674943566591
20800980,Hälsinggården,6.166587377316844,3.4869240348692405
20801001,Enviken,1.4211544755912906,3.537284894837476
20801060,Britsarvet,3.379638968971924,5.450733752620545
20801101,Bjursås Ö och Sågmyra,2.0652008186373023,3.639120545868082
20801102,Bjursås V,1.7588838433168907,3.760848601735776
20801138,Karlberg,5.0686580095678435,8.893709327548807
20801140,Stenslund,2.4248264689320536,2.7598896044158234
20801154,Varpan,5.243415025489938,2.9893924783027965
20810101,Bergslagsbyn,13.473592239877178,5.218012866333095
20810103,Bullermyren,37.43885560023054,18.444165621079048
20810105,Hagalund N,27.54288583396628,14.991334488734836
20810107,Hagalund V,11.127507240270132,10.615384615384615
20810109,Hagalund Ö - Ringen,15.621430734912625,10.893512851897185
20810111,Jakobsgårdarna,28.817086160214625,14.964788732394366
20810113,Kvarnsveden V,3.0924020364247333,4.263877715205149
20810114,Kvarnsveden Södra,4.62660886408004,2.997601918465228
20810115,Kvarnsveden Ö,4.1900895535252065,5.0163576881134135
20810117,Mats Knuts - Nygårdarna,4.732956842667503,6.813020439061317
20810119,Norr Amsberg,7.358667785327874,6.42023346303502
20810121,Skräddarbacken,7.046703672980618,5.850091407678245
20810123,Tjärna Ängar - Paradiset,36.55052638628308,13.559322033898304
20810124,Tjärna Allé,49.65362976808289,29.354445797807553
20810125,Tjärna Ängar - Övre Tjärna,24.727034885267052,9.532538955087077
20810201,Centrum - Norra,13.56314252299455,8.70870870870871
20810202,Centrum - Mjälga,11.029479513995703,8.02139037433155
20810203,Domnarvet V,6.770449819511885,4.761904761904762
20810205,Domnarvet Ö,2.9609857139504854,6.259904912836767
20810207,Färjegårdarna - Årby - Hytting,4.659967996785314,3.961136023916293
20810209,Gylletäppan,7.252706933926783,4.097714736012608
20810211,Gylle-Åselby-Buskåker,4.644643055436233,4.081632653061225
20810213,Hushagen - Forssa,4.885293313344185,5.077452667814113
20810215,Kyrkbygden - Söder Tuna,3.938991592461973,3.377902885292048
20810217,Ornäs,1.4890015143278863,3.215169002473207
20810219,Torsång,1.6037987710606456,2.1172638436482085
20810221,Väster Tuna - Idkerberget,1.943367503749504,2.837489251934652
20810223,Östermalm,16.550007212582184,9.743589743589743
20820101,Säter S,9.117617627217038,6.496985934360349
20820102,Säter N,9.445187900339734,5.929203539823009
20820103,Säter omland,3.510167758731636,4.270833333333333
20820207,Stora Skedvi,1.9064911013929113,2.6578073089700998
20820304,Gustafs N,1.3386224646280036,3.2233883058470765
20820406,Gustafs S,2.510357674325515,3.7780401416765055
20830101,Hedemora SV,12.324283830471888,7.902511078286558
20830102,Hedemora NÖ,9.620650969639629,6.741573033707865
20830103,Hedemora NV,8.59078308181674,4.578155657292348
20830104,Hedemora SÖ,8.577438534135522,6.149545772187282
20830105,Vikmanshyttan,1.4201824299422667,3.7162162162162162
20830307,Husby,2.4490804044646692,5.514157973174367
20830308,Långshyttan,3.343913020006762,4.178814382896015
20840101,Avesta norra-Högbo,10.359628798234398,7.917498336660013
20840102,Avesta centrum,18.756467870166624,9.27920463960232
20840103,Avesta västra,16.851905556166415,8.53008377760853
20840104,Avesta södra,20.98690615149648,9.967320261437909
20840301,Horndal,6.863656863361172,4.4529262086514
20840302,By,1.8067174192666353,4.632152588555858
20840401,Folkärna,6.092292924340778,3.755868544600939
20840402,Fors,1.6331191164478365,2.5374855824682814
20840403,Krylbo,23.099062095906493,11.253430924062213
20840404,Karlbo,5.100703582665936,3.829160530191458
20840601,Skogsbo - Rutbo-Grytnäs,3.1141617334321046,2.303523035230352
20840602,Skogsbo - Grytnäs gärde,3.3453026366494782,3.7142857142857144
20850101,Ludvika Ulrika,20.66845985044338,8.715596330275229
20850102,Marnäs,22.65560615464192,8.80503144654088
20850103,Magneten,26.850630042717942,10.12987012987013
20850104,Högberget,23.310606060399405,9.976798143851509
20850105,Sörvik-Håksberg,7.256500555365545,4.319654427645788
20850108,Blötberget-Gonäs,2.1291989232431314,4.710632570659489
20850110,Lorentsberga,11.89957151841883,4.055299539170507
20850111,Näset,36.09312334967326,16.636197440585008
20850113,Ludvika gård,26.755393274852935,9.381044487427467
20850114,Knutsbo,10.295683613617443,4.481546572934974
20850203,Björkås-Stallbacken,3.4117422963351904,6.234203875315923
20850204,Öraberget,5.171507226171099,6.209850107066381
20850307,Kyrkbyn-Nyhammar,3.230308857261371,4.921077065923862
20850311,Sunnansjö-Saxdalen,2.5778000462275092,4.7579983593109105
20850401,Fredriksberg,3.851640480585103,6.038647342995169
21010201,Ockelbo Södra,8.582930044766712,4.559043348281016
21010203,Ockelbo Byar,2.00090990729219,3.794266441821248
21010205,Ockelbo Norra,11.574473144524744,4.4493882091212456
21040102,Hofors Norra,8.965957822416613,6.708407871198569
21040103,Hofors Södra,3.2075542966960824,6.936936936936937
21040104,Hofors Centrum,9.633675275077998,13.228035538005923
21040105,Hofors Västra,11.749588384905188,13.936781609195402
21040201,Torsåker,1.0220593220621619,4.279600570613409
21210105,Ovanåker N,2.3721929610573955,3.6535859269282813
21210106,Edsbyn,6.815877265561121,4.181184668989547
21210201,Ovanåker V,6.194400931542643,4.321404456448346
21210301,Alfta S,1.988269829553073,3.5789473684210527
21210303,Alfta N,9.54833801747531,4.874651810584958
21320201,Harmånger-Ilsbo,4.692387653164521,4.003481288076588
21320301,Jättendal-Stocka-Strömsbruk,2.6595744567677677,5.314009661835748
21320401,Gnarp,3.1293140883524897,4.772902232486528
21320501,Bergsjö,6.255507287469128,5.229226361031519
21320601,Hassela-Älgered,4.058440954023358,6.76392572944297
21610101,Ljusdal CV,3.364425068252261,3.965107057890563
21610102,Tallåsen-Ramsjö,1.5535698445059745,3.6336109008327027
21610104,Ljusdal CÖ,26.659651650325593,8.411214953271028
21610105,Ljusdal CS,4.560655310885453,5.081081081081081
21610106,Ljusdal CN,6.335173912472021,5.130597014925373
21610107,Ljusdal C,11.289181011304919,5.336426914153132
21610301,Korskrogen-Los,2.3866074359995957,4.011461318051576
21610401,Färila,3.2776335075096736,3.9640987284966345
21610701,Järvsö Ö,2.091160676358452,3.650586701434159
21610702,Järvsö V,2.296194711374326,4.220499569336779
21610703,Järvsö N,2.0145351523168222,4.705882352941177
21800101,Väster N,6.997332540144923,6.1238691718858735
21800102,Villastaden,8.648867566347981,5.387453874538745
21800103,Väster S,10.71434715264651,9.037900874635568
21800105,Norr,9.900229762590298,8.290155440414507
21800106,Öster-Alderholmen,28.366980888949172,20.313942751615883
21800107,Söder V,11.31496510843087,7.0462633451957295
21800108,Stigslund,5.2079780213192794,3.986254295532646
21800109,Strömsbro,2.5168442417053023,2.9696132596685083
21800110,Norrlandet-Utvalnäs,2.2664761796316233,1.7857142857142858
21800111,Vallbacken,8.402687265642228,7.958477508650519
21800112,Lindbacka,3.501956057167782,2.6123301985370952
21800113,Nordost,43.058897102738236,22.67839687194526
21800114,Gävle Strand,22.035226784853695,6.893542757417103
21800201,Söder Ö,13.210577139513479,6.564885496183206
21800202,Brynäs V,18.531133453810853,17.624148003894838
21800203,Brynäs C,14.182164917900494,12.631578947368421
21800204,Brynäs Ö,23.59983524643746,15.391380826737027
21800206,Brynäs S,18.06806724732878,14.76725521669342
21800208,Hemsta,10.495819335729227,9.530685920577618
21800213,Furuvik-Ytterharnäs,2.7576188730735076,3.7273695420660276
21800214,Hemlingby,4.525258315421552,2.6920031670625493
21800301,Bergby-Axmar,2.706471301538272,4.055220017256255
21800302,Norrsundet-Hamrångefjärden,4.221024447559037,5.724838411819022
21800401,Hedesunda N,2.585706245392981,3.515151515151515
21800402,Hedesunda S,2.36813353147482,2.536997885835095
21800501,Hille,2.2068510799998444,2.2304832713754648
21800502,Åbyggeby,3.2672529412994256,2.5605536332179932
21800503,Björke-Trödje,1.9785390396843472,2.9335071707953064
21800604,Valbo C,4.5402430773292,4.596834966088922
21800605,Valbo N,6.284215059912059,5.015923566878981
21800607,Valbo V,1.8169990505269662,3.3035099793530627
21800608,Forsbacka,3.5026566100918624,4.704944178628389
21800609,Hagaström C,2.7345659051284077,3.8805970149253732
21800701,Södertull,9.502255097206586,9.894566098945662
21800702,Olsbacka,5.388545997550498,6.4
21800703,Sörby,17.629907833938322,12.304554724677091
21800704,Fridhem,3.925044990982401,3.245614035087719
21800705,Andersberg C,54.351117850466515,30.37716615698267
21800706,Andersberg N,17.782098629552802,11.649782923299567
21800707,Andersberg S-Sälgsjön-Hästbo,8.08516780373831,7.09855272226051
21800801,Sätra C,23.426367974376245,14.794520547945206
21800802,Sätra NO,28.602630469411906,18.099547511312217
21800804,Sätra Ö-Gavlehov,43.33173188500255,19.433719433719435
21800805,Sätra V,16.596078796052705,12.635658914728682
21800806,Sätra NV,18.385692060973227,9.402332361516034
21800901,Bomhus V,12.885942584100864,10.135746606334841
21800902,Bomhus N,5.486533081388219,5.5153707052441225
21800903,Bomhus Ö,3.3763749080430814,3.014318010550113
21800904,Bomhus C,6.66664347673612,5.62685093780849
21800906,Bomhus SV,9.184665364810494,4.8979591836734695
21800907,Bomhus SO,6.216551699116961,6.255506607929515
21801002,Norrtull-Lexe,7.0099086649051365,5.813953488372093
21801003,Valbo Ö-Hagaström N,2.9279377020001145,2.9886431560071727
21810101,Sandviken Norra,4.2312486425814395,3.6627906976744184
21810102,Jäderfors-Norrsätra,29.873204138959327,12.611717974180735
21810103,Murgården,46.38479363544669,21.69042769857434
21810104,Sandbacka,10.278237436419902,5.071521456436931
21810105,Barrsätra,13.65281374700706,8.52017937219731
21810106,Sandviken Centrum,17.52026862589424,10.207214121258634
21810109,Jernvallen Norra,7.848441359118418,5.503875968992248
21810110,Jernvallen Södra,10.526977847028823,6.040268456375839
21810113,Björksätra,33.40680842422591,13.190184049079754
21810115,Vallhov,14.831829122545631,8.512160228898427
21810202,Kungsgården-Åshammar,2.9975637930542507,3.738910012674271
21810204,Säljan,5.176300972699921,4.490057729313663
21810205,Storvik Norra,2.9445424587308007,5.841325196163906
21810206,Gästrike-Hammarby-Storvik Södra,3.057342603699994,5.69620253164557
21810301,Järbo,2.5107854618692835,3.412553321145643
21810401,Årsunda,2.1071643375582982,2.948557089084065
21810501,Österfärnebo,2.8789160549352664,2.9887920298879203
21810601,Stadsparken,15.17260704874739,7.7211394302848575
21820101,Söderhamn Centrum-Väster,16.666662789184453,9.623430962343097
21820102,Söderhamn Norrtull-Granskär,19.89245835157381,9.770540340488527
21820103,Söderhamn Norrberget-Hägnan m fl,22.491438301746808,10.865561694290976
21820105,Söderhamn Klossdammen-Stormyran m fl,3.076080436001079,4.97737556561086
21820106,Söderhamn Öster-Broberg-Färssjön,3.3724920947113466,4.5595854922279795
21820107,Stugsund,5.575088725877483,4.387990762124711
21820201,Sandarne,4.140568894271945,4.821150855365475
21820401,Ljusne,6.157941372425344,5.680868838763575
21820501,Söderala,4.051256057056073,3.7374658158614404
21820502,Marma-Mo,2.7064479501987098,5.734767025089606
21820503,Bergvik – Skog,2.8820256757913603,5.1317614424410545
21820901,Vågbro,2.6558587133503275,3.3011272141706924
21820902,Norrala-Trönö,1.259542006976711,4.561101549053356
21830301,Bollnäs Centrum,6.054576781294017,5.665236051502146
21830302,Bollnäs-Sävsberg,8.651550676327139,6.966490299823633
21830303,Bollnäs-Granberg,4.284196825564515,4.797047970479705
21830304,Bollnäs-Gärdet,28.277098504663158,15.402843601895734
21830306,Bollnäs-Hamre,22.432301057603347,10.542168674698795
21830307,Bollnäs-Björktjära,7.647922988368204,5.04885993485342
21830308,Bollnäs-Lottefors,1.800049733056609,3.584672435105068
21830309,Bollnäs-Ren,6.391817320080028,6.2302006335797255
21830310,Bollnäs-Söräng,1.3816961294282726,5.230769230769231
21830311,Bollnäs-Hå,1.4250755475698345,3.2934131736526946
21830312,Bollnäs-Kilberg,5.26526541283258,5.82437275985663
21830401,Rengsjö,1.3578275042360344,2.746566791510612
21830501,Hanebo-Segersta,1.8425967133534236,4.0604343720491025
21830602,Hanebo Centrum,3.2841631392325024,5.887939221272554
21830902,Arbrå Centrum,3.49709374120003,4.910714285714286
21830903,Arbrå-Undersvik,1.6009497406385267,3.5639412997903563
21830904,Arbrå-Flästa,2.440340223894268,4.878048780487805
21840101,Öster,4.891359542250847,7.797427652733119
21840103,Kålhagen,5.003526444221331,5.842506350550381
21840104,Sandvalla-Kristineberg,5.231418247519378,6.994619523443505
21840105,Väster,6.2112960528779615,6.359832635983263
21840106,Centrum,5.464345070804054,5.338078291814947
21840107,Fridhem-Åvik,6.018485185423551,5.685358255451713
21840201,Idenor-Saltvik,6.2669236312237695,3.278688524590164
21840302,Björkberg-Maln-Lingarö,12.731039898913403,7.324364723467863
21840303,Håsta,22.33187524195534,13.48314606741573
21840401,Rogsta-Malsta,1.388475944452795,3.2323232323232323
21840501,Njutånger,1.2923510527927722,3.965303593556382
21840503,Iggesund  Norra,11.005066938103068,7.061900610287707
21840504,Iggesund Södra,10.647936201220025,9.154929577464788
21840701,Enånger,1.9369120133323545,3.5160289555325748
21840803,Bobygden-Kalvstigen-Långbacka,2.6426977706215244,4.008908685968819
21840804,Ava-Gåsbacka-Myra,4.178119347198928,7.373737373737374
21840805,Stömne-Smedsbo-Överälve,3.7033314104006942,8.537886872998932
21840901,Bjuråker-Norrbo,1.8456638739986966,5.456026058631922
21840902,Svågadalen,1.8479629338323638,4.615384615384615
21841101,Näsviken,2.567927383554978,5.865102639296188
21841102,Forsa,2.7505046406479936,4.972375690607735
21841201,Hög-Sanna,3.8957300435535234,3.508771929824561
22600201,Ånge,3.7626051633512896,3.8461538461538463
22600202,Ånge centrum,6.870905913359509,7.057546145494028
22600205,Borgsjö-Erikslund-Hallsta,1.5728474063574462,4.193138500635324
22600306,Alby-Östavall-Överturingen,1.7041995885636685,5.152671755725191
22600409,Ljungaverk,3.1288216280432413,5.793991416309013
22600410,Fränsta,3.4792038047587894,6.017191977077364
22600412,Torpshammar-Naggen-Munkbysjön,1.30932916014546,4.2062415196743554
22620106,Bergeforsen,2.136296502409069,2.536510376633359
22620107,Sörberge,3.2707612025724218,4.5608108108108105
22620109,Centrum,8.565370436018439,6.96608615948671
22620110,Böle,11.599539381551592,3.8430744595676543
22620114,Nyvivsta,9.132209139775092,10.03584229390681
22620116,Vivsta,12.21830545436678,6.790123456790123
22620117,Timrådalen,4.99198147006195,4.203718674211803
22620205,Ljustorp,2.3605149047228617,3.9451114922813035
22620302,Söråker,2.7525276355474477,5.57593543653705
22620303,Ala,2.2905461531101134,4.219409282700422
22620401,Tynderö,1.7383641254202966,5.137614678899083
22800101,Centrum,11.654157692146674,8.536585365853659
22800102,Norrstaden,16.65358595509996,11.038011695906432
22800103,Norra Brännan,10.224599583187436,8.398950131233596
22800104,Hovsjorden,5.128807101831842,5.1305130513051305
22800105,Geresta-Gånsvik,6.586363804907399,6.8769716088328074
22800106,Rotudden-Gådeå,20.495495245097608,10.52093973442288
22800107,Änget-Murberget,19.431296031718567,9.042076991942704
22800108,Hälletorp-Framnäs,14.211065648362615,9.278350515463918
22800109,Kullen-Haga,10.324016577452715,6.245614035087719
22800226,Högsjö,2.4060150729832093,6.968215158924205
22800323,Häggdånger,1.805728575742445,6.020942408376963
22800424,Stigsjö-Viksjö,1.7871018189787413,3.936039360393604
22800620,Bondsjö-Säbrå,5.823033321216916,3.890362511052166
22800622,Älandsbro,3.918317039878113,4.114621601763409
22810106,Inre hamnen,6.733473619078358,6.772207563764292
22810107,Södermalm Ö,5.6140174712500555,6.534325889164599
22810108,Södermalm N,8.948413532585413,7.564422277639236
22810109,Södermalm V,6.039551035541136,6.634692246203038
22810110,Stenstaden,10.799853744096936,8.3015993907083
22810111,Norrliden,4.7986188443685185,5.296745373324825
22810112,Norrmalm,7.026231131103362,7.326892109500805
22810113,Västermalm N,15.061476512420997,10.742609949531362
22810114,Västermalm S,11.26146467153847,9.93091537132988
22810115,Sallyhill,15.512957372078924,8.925476603119584
22810116,Nacksta Ö,31.148347741348573,22.25841476655809
22810118,Nacksta V,28.568765957609997,13.880445795339412
22810119,Sidsjö-Böle,14.020250974460113,5.443698732289336
22810201,Kubikenborg,9.90701357466265,6.634615384615385
22810203,Skönsmon,6.632119507714154,6.966490299823633
22810204,Östermalm,4.732340242820384,4.941373534338358
22810330,Haga N,7.507026171779044,8.170844939647168
22810331,Haga S,9.766103530625735,3.9382239382239383
22810333,Heffners,35.18343171877602,23.26574172892209
22810334,Skönsberg,11.887678345439646,9.79431929480901
22810335,Korsta,10.849113376511925,8.118433619866284
22810336,Bydalen,6.3634259825789385,3.3936651583710407
22810337,Bosvedjan,7.547532231028971,5.2
22810338,Bosvedjan C,9.324848519217008,7.506053268765133
22810339,Ljustadalen-Johannedal,14.166216519374428,8.71743486973948
22810340,Birsta,9.477202241624502,7.593688362919132
22810341,Finsta,12.24868142308228,10.119695321001089
22810420,Alnö S,2.2432335061906064,2.571860816944024
22810421,Alnö-Vi S,2.7680899349502677,4.875804967801288
22810422,Alnö-Vi N,6.261299122491478,4.204451772464963
22810423,Alnö N,2.830532274064735,3.5747021081576533
22810424,Alnö Ö,2.250107149381537,3.666361136571952
22810545,Sättna,1.6090909232595787,4.878048780487805
22810624,Granloholm Ö,8.496779158160958,7.653490328006728
22810625,Bergsåker V,2.0307106942019635,3.986981285598047
22810626,Bergsåker Ö,7.491627169055261,4.804804804804805
22810627,Granlo S,3.4598834151193394,3.9662447257383966
22810628,Granlo N,3.70381787233395,4.405737704918033
22810646,Granloholm mellersta,8.31615195532441,10.873983739837398
22810647,Granloholm V,6.1829789975708636,7.360157016683022
22810701,Stöde N,2.674328263565156,6.61231884057971
22810702,Stöde S,2.859216535073944,3.9682539682539684
22810802,Vattjom-Ängom,1.616087258536028,4.989816700610998
22810803,Tuna V,1.7991614185896712,5.064456721915286
22810804,Allsta,2.2264122969949707,2.9966703662597114
22810805,Matfors,2.018481320840262,5.93368237347295
22810901,Attmar,1.5230588081866219,4.3881856540084385
22811002,Njurunda S,1.1692188640897123,3.341103341103341
22811003,Nolby,3.572262977176906,5.258620689655173
22811004,Skottsund,1.8066726065240566,3.553719008264463
22811006,Svartvik,11.733161597485804,6.118143459915612
22811007,Njurundabommen,2.185399937310747,4.572564612326044
22811008,Kvissleby,5.16110645172023,7.281553398058253
22811009,Bredsand,19.21434675936973,11.978021978021978
22811010,Essvik,2.017693502902039,3.9556962025316458
22811103,Indal,1.995071999008697,3.629417382999045
22811301,Liden-Holm,1.372712687607719,3.3500837520938025
22820101,Björsta,10.42524316102162,9.189842805320435
22820102,Gumås,5.924178161715744,5.964585274930102
22820103,Centrum,11.97939749816854,10.833333333333334
22820105,Frånö-Lunde,6.360835957713681,6.843575418994414
22820109,Östby,14.166441753010497,12.774725274725276
22820211,Nora-Skog,3.130990334411893,6.74373795761079
22820415,Nordingrå,2.8044873860997908,5.24515393386545
22820517,Docksta,2.6212319687238588,3.364485981308411
22820618,Ullånger,4.456327936013159,4.685212298682284
22820719,Bjärtrå,2.4428868045487384,8.303677342823251
22821125,Bollsta,4.0482919619187445,6.779661016949152
22821128,Blästa,4.627790334507769,8.299319727891156
22821129,Nyland,2.5219230582228027,7.3908174692049275
22830111,Skärvsta,9.959867888309093,5.594405594405594
22830112,Trästa,10.364840902907405,8.32517140058766
22830113,Hullsta,14.347068450720101,10.722100656455142
22830114,Önsta,13.959107275019875,9.334657398212512
22830115,Remsle,5.319764547783801,5.248359887535146
22830116,Prästbordet,3.06223276753445,5.821474773609315
22830308,Graninge,2.241715265300423,4.310344827586207
22830406,Österforse,3.3300562253413037,4.3478260869565215
22830407,Långsele,8.420274421282798,7.227615965480044
22830505,Ed,1.6313213914999642,4.460093896713615
22830604,Resele,1.631321412540684,8.13953488372093
22830709,Helgum,1.4466548550324483,2.9345372460496613
22830803,Ådalsliden,2.3607175779170606,13.043478260869565
22830901,Junsele,3.6878216060243196,7.3342736248236955
22831121,Boteå,2.303522889814282,6.621004566210046
22831424,Edsele,1.4466546076859366,4.310344827586207
22831525,Ramsele,1.624695385456007,12.010796221322536
22840101,Centrum,4.745728210477112,3.4411562284927735
22840102,Östra,16.66889052911489,11.414141414141413
22840103,Övre,11.977704409521149,6.795016987542469
22840105,Sjukhuset,7.876948039760652,8.625
22840106,Åsdalen,7.290381321033661,5.175983436853002
22840107,Skyttis,16.62379954509985,8.673894912427022
22840108,Valhalla,25.676870633762544,12.139303482587065
22840201,Arnäsvall,1.9283327130405388,2.3058252427184467
22840202,Bonäset,1.7998283031032236,3.362690152121697
22840205,Gimåt-Högland,2.639754707476922,1.8967334035827186
22840206,Järved,2.4416976853221417,3.7844036697247705
22840207,Svartby-Brösta,3.197131223063474,3.513909224011713
22840208,Idbyn-Ovansjö,1.2110727833419173,1.5151515151515151
22840401,Mellansel,5.6308653571183935,6.756756756756757
22840402,Bredbyn-Sörflärke,2.5909187762115096,2.119815668202765
22840403,Norrflärke-Solberg,1.4835165413651756,4.093567251461988
22840501,Sidensjö-Skorped,1.328480202963555,3.118712273641851
22840701,Bjästa,5.9421939069446,4.585537918871252
22840702,Nätra-Landsbygd,3.0050940104275368,3.700588730025231
22840704,Köpmanholmen,1.947558759680718,5.308880308880309
22840801,Billsta,1.2968265662099348,3.6885245901639343
22840802,Domsjö Södra,5.975551381423792,4.780361757105943
22840803,Domsjö Västra,2.8525688196520482,3.5714285714285716
22840804,Gene,11.401768083401398,7.533539731682146
22840806,Haffsta,3.119535673083745,2.26537216828479
22840807,Hörnett,3.5188280652512436,4.717710750193349
22840809,Kroksta,3.8979097519964814,3.9
22840812,Norrlungånger,15.918597990533588,11.067193675889328
22840813,Prästbordet,4.010356229498711,4.058721934369602
22840814,Sund,5.170606937479377,5.234534330387492
22840815,Gullänget,6.264142628558105,6.304728546409807
22840818,Översjäla,3.4992610097334165,3.1478770131771596
22840901,Mo,1.112979419746691,2.6128266033254155
22841001,Grundsunda Södra,1.8250949814857,1.9867549668874172
22841002,Grundsunda Norra,4.957074182803498,3.64321608040201
22841003,Husum,8.202503935286364,7.366482504604051
22841101,Gideå,2.1718602003065577,3.323262839879154
22841201,Björna Södra,1.9707206897349545,3.605769230769231
22841202,Björna Norra-Trehörningsjö,1.9707207394338484,3.9087947882736156
23030101,Döviken,1.1734029043614935,4.511278195488722
23030103,Hammaren,6.259442698079549,5.237154150197629
23030205,Fors,4.638715262513318,6.357388316151202
23030409,Stugubyn,1.7291066319793373,5.630354957160343
23050101,Bräcke-Bodsjö,9.53191503550928,5.731394354148845
23050404,Kälarne,1.596638694018789,4.886561954624782
23050612,Gällö-Sundsjö-Pilgrimstad,4.5981771190940215,5.5366269165247015
23090101,Krokom,10.834535627904282,6.096528365791702
23090102,Rödöbygden,1.3139366984356335,4.222648752399232
23090103,Dvärsätt,1.6722999786995274,3.665521191294387
23090206,Nälden,4.681532926546628,5.598455598455598
23090305,Aspås,0.2752293557781332,4.069767441860465
23090408,Ås Södra,2.488450323670633,4.600219058050383
23090409,Ås Norra,2.0553039431675977,4.746209624258404
23090611,Föllingebygden,2.0969855948412395,4.30939226519337
23090815,Offerdalsbygden,2.761627893596764,4.003021148036254
23091017,Alsenbygden,1.7815301923586797,5.844980940279543
23130101,Östra Bredgård,2.2766958755519173,6.402048655569782
23130102,Strömsund,17.07143128288122,9.793253536452665
23130103,Västra Bredgård,5.459510903733054,5.287206266318538
23130418,Hammerdal,3.677891841621264,6.872370266479663
23130528,Gäddede,2.678655204005365,2.528735632183908
23130632,Backe-Rossön,2.4685138195120424,5.5858310626703
23130835,Hoting-Kyrktåsjö-Norråker,1.8272443831070115,4.562737642585551
23210101,Duved Tegefors,4.593615033878417,7.253886010362694
23210102,Duved Västra,4.302541728945412,4.992867332382311
23210106,Åre Östra,2.7825540166998097,4.797047970479705
23210107,Åre Västra,3.1589594727093853,6.343283582089552
23210207,Mattmar,9.056669960248696,7.506702412868632
23210308,Mörsil,9.228093999732485,6.729264475743349
23210410,Kall,3.2880629553034946,4.177545691906006
23210513,Järpen,15.027531518932387,4.747774480712166
23210514,Undersåker,3.5931101385793167,5.469387755102041
23210616,Hallen-Marby,1.286449658859199,2.423469387755102
23260102,Svenstavik-Vigge-Gillhov,10.266602509949088,7.751937984496124
23260207,Hackås,1.948409942578744,4.492753623188406
23260308,Oviksbygden,1.4092446586094305,4.0594059405940595
23260614,Storsjö-Åsarna,1.853677881682298,0.9554140127388535
23260817,Klövsjö-Rätan,2.805418506545347,2.8919330289193304
23610101,Sveg-Glöte,7.589829860601608,5.7542768273716955
23610102,Sveg-Ytterhogdal,5.560257994569245,5.031948881789138
23610119,Lillhärdal-Ängersjö,3.7515743054224955,3.2869785082174463
23610509,Hede-Vemdalen,4.553478192062759,3.5014005602240896
23610712,Funäsdalen,2.2524436946513653,3.888888888888889
23800101,Sjukhusområdet,7.163327913430531,10.12396694214876
23800102,Östersund övre centrum,13.582072106804562,8.008898776418242
23800103,Östersund nedre centrum,13.289398041859618,11.2609040444092
23800104,Universitetet,17.302014441694613,13.550135501355014
23800105,Norra Odenslund,11.790386721406211,10.652591170825335
23800106,Söder,7.686790061327367,7.708119218910586
23800107,Erikslund-Övre Blomängen,4.854173815298173,4.902867715078631
23800108,Karlslund,4.819312722314679,6.092436974789916
23800109,Eriksberg-Solliden-Fyrvalla,4.352615385636998,6.633499170812604
23800110,Brittsbo-Lugnviksstrand,3.0262949587171497,3.5751840168243953
23800111,Körfältet,21.508168985186742,13.53811149032992
23800112,Nedre Blomängen,9.277430246016165,6.826347305389222
23800113,Södra Odenslund,4.828572893738668,6.605691056910569
23800114,Storsjöstrand-Odensvik-Fagervallen,6.81180400947913,6.165839829907867
23800115,Marielund-Odenskog,9.277483502099455,10.416666666666666
23800116,Odensala Tavelbäcken,5.9962447218743105,5.073086844368014
23800118,Odensala Övre,2.7956122727238815,4.594594594594595
23800119,Odensala Nedre,2.1273621282991773,3.7588652482269502
23800120,Lugnviks Centrum,8.35944237555056,7.1761416589002796
23800121,Norr,7.158078784486144,4.859611231101512
23800225,Hornsberg Nedre,5.82569205927659,7.850707850707851
23800226,Hornsberg Övre,5.810701110822661,7.91268758526603
23800227,Östberg,6.367921895164891,5.8628318584070795
23800228,Frösödal,3.631660970175673,5.794205794205794
23800229,Norra Frösön-Lövsta,4.919290264186293,6.966145833333333
23800230,Västra Frösön,2.261525863866405,3.151862464183381
23800232,Södra Valla-Mjälle,7.60320818554365,5.560032232070911
23800538,Fåker-Tandsbyn med landsbygd,1.636808750773849,4.746580852775543
23800639,Marieby med landsbygd,1.8132271205077124,3.8427947598253276
23800640,Orrviken med landsbygd,1.5235152681379616,4.641350210970464
23800740,Brunflo Södergård,4.961176309930445,3.7837837837837838
23800741,Brunflo Storviken,2.857675151721482,5.51924473493101
23800743,Brunflo Änge,4.451798925951334,3.6995515695067263
23800749,Torvalla Fjällmon,7.625564657968225,9.187858900738311
23800751,Torvalla Centrum,26.859420128120703,16.46039603960396
23800752,Torvalla Skogsmon,15.732633869704737,10.601719197707736
23800753,Torvalla Ängsmon,9.303129509522275,11.21951219512195
23800754,Torvalla By-Ope,8.613625291562592,4.317269076305221
23800945,Centrala Lit,4.653638758600737,5.105438401775805
23800946,Lit med landsbygd,1.8519219510762381,4.328621908127208
23801047,Häggenås med landsbygd,1.8502202481709347,4.755434782608695
24010206,Gräsmyr,1.118568307404073,7.205623901581722
24010208,Håknäs,1.9518542364359641,4.0
24010212,Levar,2.968037228401177,6.657018813314037
24010214,Lögdeå-Rundvik,2.973049729511238,3.8560411311053984
24010216,Norrfors,1.1200622653021204,6.302521008403361
24010224,Vallen,11.632601097046994,6.858594411515664
24030104,Bjurholm,7.008733339432478,2.784048156508653
24040103,Vindelns västra,8.520349779789075,6.582506762849414
24040104,Vindelns östra,6.57959502634858,5.333333333333333
24040107,Hällnäs,2.072538828771807,5.637254901960785
24040120,Tvärålund,1.2957317389202863,5.007587253414264
24090101,Bygdeå,2.432638727028492,7.035175879396985
24090112,Överklinten,1.9108283684256755,5.673758865248227
24090306,Robertsfors,8.662922062506182,7.851851851851852
24090406,Nysätra-Ånäset,2.4246390196405962,4.761904761904762
24170204,Norsjö Norra,5.195527807304963,6.614017769002961
24170207,Norsjö Södra,5.257634107159274,4.737384140061792
24180102,Malå 1,4.200957859920486,7.163323782234957
24180103,Malå 2,8.794267333854275,8.309037900874635
24210122,Storuman Östra,3.2957583513603135,5.550049554013875
24210124,Storuman Luspen,6.808084958021171,6.114769520225776
24210314,Storuman Västra,4.979904902657087,6.619859578736208
24220100,Sorsele,3.7225043043423516,4.766031195840554
24250104,Dorotea,4.330357129324777,5.570776255707763
24601001,Västra byarna-Älvdala,5.1230068922400145,7.986111111111111
24601002,Lägret-Nyby,8.498826128580584,8.675373134328359
24601003,Myran-Centrum,10.610250582930759,11.939034716342084
24601004,Vännäsby,2.1913461611762295,7.721280602636535
24601005,Östra byarna,1.5382585427093398,7.062146892655368
24620101,Baksjönäs,5.157077639957235,7.040572792362768
24620105,Dikanäs,0.941915296808166,8.641975308641975
24620110,Latikberg,1.2104282982400985,4.895104895104895
24620113,Lövliden,13.214109278368555,9.75177304964539
24620116,Nästansjö,0.9419151768790681,6.694560669456067
24620118,Vilhelmina-Saxnäs,0.9419151305357911,4.942965779467681
24620120,Skansholm,0.9419152000836225,5.333333333333333
24620126,Vilhelmina,5.185741442267212,6.736353077816492
24630121,Åsele C,5.188679222283398,5.593451568894952
24630123,Åsele omland,3.188927065400659,5.5
24800101,Berghem Norra,9.426972338634336,16.173285198555956
24800102,Berghem Södra,7.707588676892527,16.8
24800103,Sandabrånet,5.714528376360226,14.30517711171662
24800104,Sandbacka,5.766124069170273,12.064090480678605
24800105,Haga Norra,4.7382370722847575,13.356461405030355
24800106,Haga Södra,6.763462723955,13.240418118466899
24800107,Centrum Västra,6.756378552322643,14.100719424460431
24800108,Ytterhiske,5.52801331383925,10.95890410958904
24800109,Centrum,9.322166535359461,12.39515377446412
24800110,Centrum Östra,5.349447488287456,17.535153019023987
24800111,Östermalm - Fridhem,6.952434234651189,12.857142857142858
24800112,Västerslätt,5.989656954996233,9.565764631843926
24800114,Ersmark,7.662765270031274,4.12280701754386
24800115,Ersboda Östra,22.508699065890692,16.78832116788321
24800116,Ersboda Västra,13.010545915900254,11.958041958041958
24800117,Ersboda Mellan,18.948487137768076,14.903846153846153
24800119,Dragonfältet,5.52510870642094,7.504520795660036
24800120,Öbackastrand,8.17414175876114,11.132075471698114
24800121,Ersboda Norra,27.358672372643568,17.642140468227424
24800122,Haga Östra,5.179448649233572,10.777881911902531
24800123,Brinkvägen,5.55249585137298,9.43796394485684
24800124,Öbacka - Rosendal,7.596042570249176,19.21875
24800220,Grubbe Södra,3.6067449627028045,9.777478084962913
24800221,Grubbe Norra,4.102243179146183,8.543165467625899
24800222,Kronoparken,4.176911460830213,7.291666666666667
24800223,Backen,3.726481947228262,9.665871121718377
24800224,Umedalen Östra,11.141626817390994,14.143426294820717
24800225,Brännland,2.4157864868860566,8.044554455445544
24800226,Hissjö,2.8400912459582495,5.399325084364454
24800227,Umedalen Västra,8.051520472822736,9.377138945927447
24800228,Sandåkern,3.58049922983103,7.497656982193065
24800229,Brattby – Sörfors – Överboda,2.417363282323702,4.413472706155633
24800330,Tavelsjö Södra,1.138525154379002,5.616605616605616
24800331,Tavelsjö Norra,1.1407584731678695,4.369538077403246
24800440,Östteg,3.922437995301828,3.4970857618651126
24800441,Västteg,5.340110649668117,9.738134206219312
24800442,Böleå,5.744920911659429,7.198748043818466
24800443,Böleäng Östra,5.412258110249281,7.303370786516854
24800444,Röbäck Östra - Klabböle,3.7385532130224997,5.621621621621622
24800445,Stöcke,2.0773106534889574,6.938775510204081
24800446,Böleäng Västra,6.970736434696069,8.134642356241235
24800447,Yttersjö,1.505040794245192,7.202216066481994
24800448,Södra Teg,5.7302635981088645,7.660283097418818
24800449,Röbäck Västra - Skravelsjö,3.3705964694640813,7.946336429308565
24800450,Stöcksjö - Degernäs,2.1335549891608356,3.8257173219978746
24800535,Ålidhem Östra,34.58931371744808,33.30449826989619
24800536,Innertavle,3.2512719618616672,5.121638924455826
24800538,Tomtebo,12.447577024283339,17.658536585365855
24800549,Universitetsområdet,22.30983891444267,18.387909319899244
24800550,Sofiehem,9.28650929498182,15.13671875
24800551,Ålidhem Västra,29.455778649626083,23.710482529118135
24800552,Ålidhem Södra,26.697776845607486,29.590865842055184
24800553,Carlshem Västra,9.440629759995582,8.869701726844584
24800554,Carlshem Östra,19.073377576051975,20.087019579405368
24800555,Universitetsområdet Östra,14.145672112324199,23.354373309287645
24800556,Tomtebo Södra,12.909452719680353,12.280701754385966
24800557,Tomtebo Norra,10.35186755398734,13.171449595290655
24800558,Ålidbacken,19.96731243118323,26.401446654611213
24800559,Tavleliden – Tomtebo gård,7.784551372728799,11.141804788213628
24800660,Holmsund Östra,4.6600216487856745,8.395245170876672
24800661,Holmsund Västra,10.589138453598272,10.947002606429193
24800662,Holmsund Södra,3.073957825242515,5.339195979899498
24800663,Obbola Norra,2.352941203596733,9.218203033838973
24800664,Obbola Södra,2.373071571385502,6.570657065706571
24800770,Hörnefors Östra,1.4948430614771047,6.595995288574794
24800771,Hörnefors Västra,2.320633887033066,8.494208494208495
24800772,Sörmjöle - Norrmjöle,2.1782705571594896,4.166666666666667
24800990,Bullmark,2.182787556425249,6.353240152477763
24800991,Sävar Östra,1.7147814723101642,5.847953216374269
24800992,Sävar Västra,2.7851873955191166,7.740213523131673
24800993,Täfteå,0.8668630738092501,5.059797608095677
24801137,Nydalahöjd,14.583358367242711,19.44177093358999
24801155,Mariehem,14.528634073816866,16.876971608832807
24801157,Mariehemshöjd,27.5726896275717,25.70921985815603
24801158,Mariedal,6.631361734075219,9.488372093023257
24801159,Marieberg,9.524487803259012,11.464435146443515
24801160,Mariestrand,15.470416663218495,10.9375
24801161,Olovsdal,15.032611737909898,12.0
24810101,Lycksele,17.286099780167465,8.288973384030419
24810102,Södermalm,12.60192840771551,10.493827160493828
24810103,Norrmalm,3.0192197090091923,4.531490015360983
24810104,Villaryd,7.989456420881177,6.944444444444445
24810105,Forsdala,5.2653798427641645,4.5822102425876015
24810113,Kattisavan,1.0863942598119807,4.3478260869565215
24810114,Knaften,2.11515865678175,7.322654462242563
24810305,Björksele,1.9685038724244135,3.40632603406326
24820101,Centrum Ö,10.554614477801813,6.713505074160812
24820102,Centrum S,9.606139052190056,6.0927152317880795
24820103,Norrhammar,6.293393362953701,10.363636363636363
24820104,Erikslid,10.867886129727191,6.544502617801047
24820105,Älvsbacka V,10.13102344878291,7.874015748031496
24820106,Älvsbacka Ö,5.822877415568301,6.70995670995671
24820107,Getberget,9.471363195520206,7.754010695187166
24820108,Alhem-Norvalla,7.641110686292395,6.58465991316932
24820109,Morön-Hedensbyn,6.157705975518136,6.043437204910293
24820110,Moröhöjden,8.647351463629798,6.88360450563204
24820111,Morö backe V,5.648063576454113,4.318618042226488
24820112,Morö backe C,26.805151285285156,17.402945113788487
24820113,Morö backe Ö,8.971493433583886,5.555555555555555
24820114,Bergsbyn,4.6360222335214205,6.541218637992832
24820115,Centrum V,10.53170079506282,8.670520231213873
24820116,Klockarberget,11.683249481951853,11.860174781523096
24820201,Inre Ursviken,6.973828332175797,7.231638418079096
24820202,Yttre Ursviken,5.327415558803098,5.6878306878306875
24820204,Skelleftehamn V,21.65086933822542,9.617755856966708
24820205,Skelleftehamn Ö,19.84552707244419,11.295681063122924
24820206,Furunäs,6.88060023043209,1.6149068322981366
24820301,Bureå N,5.307178139095325,8.342245989304812
24820302,Bureå S,7.858848929497403,6.396063960639607
24820303,Hjoggböle,1.767360335611397,5.322415557830092
24820401,Prästbordet,9.007246949609714,10.779816513761467
24820402,Brännan-Mobacken,4.3318071093750445,5.350877192982456
24820403,Sjungande dalen,15.260082202288883,9.802158273381295
24820404,Sunnanå S,3.379611079792831,3.2869785082174463
24820405,Sunnanå Ö,4.612599113486546,9.94962216624685
24820406,Sörböle,6.552283330697414,5.812574139976276
24820407,Anderstorp N,16.886434342499705,10.726256983240223
24820408,Anderstorp S,12.72978446176343,10.426008968609866
24820409,Anderstorp Ö,19.750387358001497,18.26568265682657
24820410,Stackgrönnan-Örviken,3.793582907220118,7.067812798471825
24820411,Skråmträsk-Klutmark,2.6122835497954666,5.054945054945055
24820412,Myckle-Medle,2.4231930226053024,4.497354497354498
24820413,Stämningsgården,9.253871951964914,6.003937007874016
24820414,Sunnanå V,4.481854098157586,5.037513397642015
24820501,Boliden,15.480634133045134,10.562685093780848
24820601,Kåge N,8.744611147185427,5.731832139201638
24820602,Kåge S,3.927903233545471,4.977777777777778
24820603,Kågedalen,2.275158161667002,5.319148936170213
24820701,Byske C,8.579344622157848,6.678865507776761
24820702,Byske-Fällfors,2.7163417261182006,4.954499494438827
24820703,Drängsmark-Ostvik,1.0952496952443398,5.063291139240507
24820901,Jörn,6.490368881035783,6.521739130434782
24821001,Lövånger,7.743403540570449,6.498781478472786
24821101,Burträsk C,10.055360545171848,8.079625292740047
24821102,Burträsk V,4.742961277665684,4.903225806451613
24821103,Burträsk Ö,3.05423938918922,4.479418886198547
25050001,Arvidsjaur Norra,5.062990398930652,7.166392092257001
25050002,Arvidsjaur Östra,1.9962884120493571,4.749787955894826
25050003,Arvidsjaur Västra,3.283477900870209,7.255520504731861
25060203,Arjeplog,3.5811315216186084,6.751592356687898
25100202,Jokkmokks Östra,7.0756288556436475,6.965648854961832
25100217,Jokkmokks Västra,7.316436320940274,7.716701902748414
25100409,Porjus,4.013961533375444,4.9504950495049505
25100516,Vuollerim,3.546099317606772,7.214428857715431
25130001,Överkalix övre,6.214401467909842,7.472959685349066
25130002,Överkalix nedre,10.230538630121744,7.281553398058253
25140103,Gammelgården-Morjärv,1.7061471478209635,4.534005037783375
25140105,Innanbäcken,2.13631466327632,2.838221381267739
25140106,Kalix V,6.5848520828829225,4.484732824427481
25140107,Näsbyn,10.87778469153386,7.184466019417476
25140108,Risön,3.7287731803355992,3.0303030303030303
25140115,Sangis,2.331961593083681,4.134762633996937
25140118,Ytterbyn,1.810297567453376,2.6436781609195403
25140123,Kalix C,9.521687436265456,6.177606177606178
25140125,Stenbäcken,2.4610356107089246,3.597122302158273
25140221,Töre,2.550579937758479,3.7147102526002973
25180101,Hedenäset,1.5151516064390649,6.129032258064516
25180102,Kuivakangas,2.10395974950419,3.7444933920704844
25180103,Svanstein,1.3440861219510845,12.646370023419204
25180104,Övertorneå,5.767177847922491,6.33373934226553
25210001,Pajala norra,5.195037515965458,20.689655172413794
25210002,Pajala södra,7.998033472387626,17.95774647887324
25210004,Junosuando - Tärendö,1.25305193479939,10.853658536585366
25210005,Korpilombolo,2.0466358453580193,9.029649595687331
25230001,Gällivare Södra,2.6313603584504297,8.323281061519904
25230002,Gällivare Norra,2.6852506362574236,7.6923076923076925
25230003,Gällivare Västra,7.858739679392522,5.256241787122208
25230005,Heden,3.0422933815586455,5.1020408163265305
25230006,Koskullskulle,3.5814027279689933,8.426395939086294
25230007,Maria,6.456111101883573,6.454316848281643
25230008,Mellanområdet,3.3424227763048253,5.23776705720193
25230009,Sjöparken,12.658505559353214,8.448415922014622
25230011,Dundret,9.183159066420536,6.787878787878788
25230012,Gällivare Centrum V,13.83357019718906,10.267857142857142
25230013,Gällivare Centrum Ö,13.581665905499676,8.408408408408409
25600209,Vidsel,2.042772663048253,8.270676691729323
25600211,Älvsbyns N,9.533235262419469,6.179775280898877
25600212,Älvsbyns Ö,3.7218764074454382,4.924242424242424
25600214,Älvsbyns V,4.339323553238943,4.682274247491639
25800101,Varvet,4.894518121212754,6.986899563318778
25800102,Stadsparken,6.2068584079223506,6.8659127625201934
25800103,Kulturens hus,5.500593914881633,4.957983193277311
25800104,Gültzauudden-Norra hamn,3.8592883087186842,7.258064516129032
25800105,Östermalm,4.671630351088746,6.524184476940382
25800106,Bergviken,7.170993989605847,6.691449814126394
25800107,Kallkällan,10.070037933122213,8.159722222222221
25800108,Munkeberg,9.023257060422596,6.7153284671532845
25800109,Mjölkudden,12.9615086385079,7.254361799816345
25800111,Notviken,17.413662159099175,14.391143911439114
25800112,Köpmantorget,5.0552022177896685,5.4337464251668255
25800113,Södra hamn,4.87837777555391,3.8088125466766245
25800212,Burströmska,7.353639453688528,6.93359375
25800213,Malmudden,8.516661296496261,10.10752688172043
25800214,Svartöstan-Lövskatan,5.033757811333781,10.541871921182265
25800215,Södra Örnäset,14.663740175821443,14.61916461916462
25800216,Skurholmen,6.086904359158446,8.133971291866029
25800217,Norra Örnäset,12.45386516210169,12.432432432432432
25800220,Klintbacken,5.580373584760171,7.532051282051282
25800221,Lulsundet,3.876688920442769,5.734767025089606
25800222,Kronan,7.793181099736384,5.581637976004173
25800223,Hällbacken,4.526436692102939,3.341902313624679
25800237,Hertsöcentrum,18.307640575634746,10.331384015594542
25800259,Hertsölund,16.283766440690364,12.605042016806722
25800260,Hertsöängar,14.031647956562187,10.60344827586207
25800267,Björkskatan norra,6.591501802291332,7.192042846212701
25800268,Björkskatan södra,7.806973066119653,7.142857142857143
25800270,Bredviken-Lerbäcken,6.95565121054514,7.205764611689352
25800323,Alvik-Ersnäs,1.7442379674578554,4.103671706263499
25800324,Antnäs-Måttsund,1.996979128790026,3.3653846153846154
25800325,Avan-Bälinge-Klöverträsk,1.204081221373761,4.195121951219512
25800326,Bensbyn-Brändön,1.3168717494883455,3.4507548526240117
25800327,G:a Bergnäset-Kallax-Gäddvik,8.361002191747286,2.644964394710071
25800328,Trollstaden,2.5490313144829084,2.2789425706472195
25800335,Gammelstad,3.724016856020703,5.968586387434555
25800344,Persön,1.421771812980621,4.92831541218638
25800346,Rutvik,3.0542390529082586,3.316326530612245
25800349,Öhemmanet-Karlsvik,4.272462585150143,6.549364613880743
25800350,Hammaren,1.7562883939957907,4.2588042588042585
25800355,Bergstaden,16.79933281602549,11.326860841423947
25800361,Stadsön,3.0717502545322777,6.5464261857047426
25800362,Porsöudden,24.16955730643965,18.048780487804876
25800363,Porsöberget,13.946821835799629,6.0945273631840795
25800364,Universitetet,25.278346710926556,14.965986394557824
25800365,Lillporsön,21.016560659868333,18.037383177570092
25800371,Sunderbyn,2.39715729911408,4.267701260911736
25800439,Jämtön-Vitå,1.8045113181113799,5.05050505050505
25800442,Niemisel-Prästholm,1.8045112818442786,4.692556634304207
25800447,Råneå,4.017369906630747,5.91672753834916
25810001,Roknäs Lillpite Markbygden,1.9149345772522928,5.398230088495575
25810002,Sjulsmark Alterdalen Sikfors,1.369081529862097,5.595026642984014
25810003,Sjulnäs Böle,0.8014018326151934,5.04424778761062
25810004,Svensbyn,1.0624443912795236,3.945371775417299
25810005,Porsnäs Östra,1.3165222314289846,5.0
25810006,Porsnäs Västra,3.108129647987728,5.307262569832402
25810007,Rosvik,2.9702329931144567,4.907063197026022
25810008,Bergsviken Västra,2.133460861002535,4.3076923076923075
25810009,Bergsviken Östra,2.7387072982530274,4.172099087353325
25810010,Hortlax,1.4057004333444316,3.525881470367592
25810011,Öjebyn Centrala,9.440088502239638,10.556348074179743
25810012,Öjebyn Norra,10.895285322634113,7.726465364120782
25810013,Öjebyn Södra,6.360557120152747,8.536585365853659
25810014,Djupviken Norra,7.544140604506717,10.75098814229249
25810015,Djupviken Södra,3.618581351026363,6.91358024691358
25810016,Backen Annelund,6.176129440381127,8.285479901558654
25810017,Backen Källbo,6.019801970174673,7.90273556231003
25810018,Häggholmen Västra,5.505823043950509,5.646359583952452
25810019,Norrmalm,5.506410694435558,7.585139318885449
25810020,Häggholmen Östra,10.709905495566863,9.683098591549296
25810021,Strömnäs,5.891622051085261,6.807286673058485
25810022,Pitholm,3.7973374114842184,5.844675740592474
25810023,Klubbgärdet,3.5097326280420162,9.617373319544985
25810024,Munksund Norra,3.8280618782033313,5.653382761816497
25810025,Munksund Södra,4.053130781570904,5.146406388642413
25810026,Blåsmark Hemmingsmark,1.2531447909279434,4.434250764525994
25810027,Jävre,1.9915221845102937,3.5135135135135136
25820101,Sveafältet,29.980567849303565,9.94413407821229
25820102,Björknäs,17.91545047842372,8.675263774912075
25820103,Centrum norra,7.860636557664305,6.4
25820104,Prästholmen,13.621155357589432,9.334763948497853
25820105,Erikslund- Fagernäs,4.547560187651887,5.518945634266887
25820113,Svartbjörsbyn-Skogså,2.9762601756904874,3.5398230088495577
25820115,Heden - Södra Bredåker,2.211827074494646,3.3126293995859215
25820116,Bodsvedjan - Unbyn,3.7026425019320706,4.622641509433962
25820117,Vittjärv - Norra Bredåker,2.555254238280169,3.670886075949367
25820124,Centrum södra,7.470348413205182,5.245535714285714
25820132,Torpgärdan,8.907219387456301,4.7976011994003
25820133,Sanden,9.65889612730414,6.318681318681318
25820136,Svartbyn,3.5598616550698807,4.368279569892473
25820139,Trångfors,2.7169444831852,3.357314148681055
25820220,Gunnarsbyn,2.012651001166915,3.7593984962406015
25820328,Harads,4.855119754466578,4.49438202247191
25820409,Sävastön,3.578620223957495,2.92772186642269
25820440,Sävast,2.473518735652588,5.195911413969336
25830101,Haparanda Norra,10.457191642467539,8.478802992518704
25830102,Nikkala,1.5143605344708093,2.3504273504273505
25830103,Seskarö,1.5143603795650238,4.661016949152542
25830114,Haparanda Södra,8.599203813747721,6.466876971608833
25830115,Marielund,1.853734220360642,4.934687953555878
25830116,Grankullen,2.4033928724060307,1.4957264957264957
25830408,Karungi,1.7942518845364763,1.5584415584415585
25840001,Tuolluvaara-Nya Centrum,6.469677640225937,6.166666666666667
25840002,Högalid och Sandstensberget,11.80001605139667,9.200603318250376
25840003,Övre Norrmalm-Gamla Centrum,10.575017897550696,10.765124555160142
25840004,Kiruna nordost,2.1698112766108157,1.740506329113924
25840005,Bolaget-Triangeln,6.919060033816429,7.572115384615385
25840006,Kurra – Jägarområdet – N Stråket,6.521506249500946,6.384505021520804
25840007,Östermalm,6.872949665377362,7.6512455516014235
25840009,Lombolo västra,14.080334124136053,11.417816813048933
25840010,Jukkasjärvi,2.3551877769858764,4.129464285714286
25840011,Lombolo mellersta,2.826643220153867,6.740331491712707
25840012,Kiruna sydost,5.351906103426184,13.533834586466165
25840013,Luossavaara-Abisko,6.564475495225536,11.246485473289598
25840015,Lombolo östra-Nikkaluoktavägen,4.77977873119073,6.739130434782608
