district_id,district_name,rest_world_unknown_pct,selected_vote_pct
01140101,Övra Runby,15.01602949707253,45.3765490943756
01140102,Mälaren,10.520801104398519,41.86046511627907
01140120,Edssjön,19.406198114391383,45.46850998463902
01140121,Nedra Runby,17.68073716328589,43.4640522875817
01140126,Prästgårdsmarken,18.486492006732096,51.85589519650655
01140203,Folkparken,24.422196669071493,45.08670520231214
01140204,Fysingen,27.311428353256307,38.5945945945946
01140206,Sigma,40.53177644069971,67.85714285714286
01140207,Odenslunda Södra,16.8723704984287,34.82142857142857
01140209,Smedby Norra,34.132509124537584,57.142857142857146
01140210,Väsbyskogen Västra,32.46991552046551,46.121297602256696
01140211,Skälby,27.9723842323164,43.96082698585419
01140212,Smedby Södra,26.771572689165033,46.144578313253014
01140218,Korpkulla,29.10603262102454,49.22027290448343
01140219,Ekebo,32.83243706069617,61.93921852387844
01140223,Brunnby,19.785840197257563,37.77777777777778
01140224,Apoteksskogen,34.47246758075402,61.136712749615974
01140225,Väsbyskogen Östra,35.66594548778184,71.82175622542594
01140231,Vilunda,25.876839057962474,49.361207897793264
01140232,Fyrklövern Norra,35.61097418489291,56.03174603174603
01140233,Fyrklövern Södra,43.791427274421146,71.34935304990758
01140313,Odenslunda Norra,20.671675652811988,37.755102040816325
01140314,Norra Bollstanäs,8.145354842798563,27.465857359635812
01140315,Sjukyrkoberget,12.108385371944106,34.78691774033697
01140316,Grimstaby,12.173571821776989,34.7124824684432
01140317,Gamla Bollstanäs,10.533970329271591,30.088495575221238
01140318,Frestaby,10.39148450566812,29.35483870967742
01140327,Östra Frestaby-Ekeby,12.222541146583612,30.81255028157683
01150101,1 Vallentuna västra,6.1294187784283585,22.56857855361596
01150102,2 Markim-Orkesta,3.8170029741967206,30.025445292620866
01150103,3 Hammarbacken N,7.290763696559756,31.91165270373191
01150104,4 Hammarbacken S,11.703591421699917,35.600706713780916
01150105,5 Ormsta N,7.460085305449605,35.52833078101072
01150106,6 Vallentuna nordöstra,7.417234060689183,28.515878159429683
01150107,7 Norrgården-Sörgården,12.863691587758082,43.54194407456724
01150108,8 Vallentuna C,10.59731192995903,45.52177485620378
01150109,9 Ormsta S,17.79993977955522,43.188854489164086
01150110,10 Lovisedal,5.50452256357994,30.337886412652768
01150111,11 Karlberg,6.036401973654877,29.12751677852349
01150112,12 Vada-Angarn-Össeby,4.1998042488161245,27.881619937694705
01150113,13 Bällsta S,6.472501057600258,21.70671085335543
01150114,14 Bällsta V,7.318336966151034,31.689272503082613
01150115,15 Vallentuna sydöstra,5.190821116472271,29.349593495934958
01150116,16 Garn,4.397933976732509,29.842931937172775
01150117,17 Kårsta-Frösunda,4.4316990795396345,27.993527508090615
01170001,Berga NV,10.80528297451482,41.89071986123157
01170002,Berga SÖ,13.107057902660982,42.363112391930834
01170003,Björksättra-Högsättra,8.261137476908424,35.74833174451859
01170004,Brevik,4.185561144217917,25.039246467817897
01170005,Flaxenvik-Grindmossen,6.778807632254554,27.050053248136315
01170006,Fredsborg,7.032315479998537,25.930445393532644
01170007,Hacksta V,20.53069056593113,51.05908584169454
01170008,Hacksta Ö,13.602049384657464,42.23864836325237
01170009,Ljusterö,3.842675621015733,26.849489795918366
01170010,Margretelund,4.519240301716477,24.424342105263158
01170011,Roslagskulla-Åsättra,3.927383582535275,28.91644908616188
01170012,Runö,13.888424011215383,39.39655172413793
01170013,Rydbo,4.334151127071051,23.06201550387597
01170014,Skånsta,6.569266640061841,31.522707034728406
01170015,Skärgårdsstad,4.994814409888422,19.090098126672615
01170016,Smedby,6.230666808703736,36.29929221435794
01170017,Svinninge,4.516895994366813,21.13113735239279
01170018,Säby,5.497189843208861,27.53303964757709
01170019,Söra N,8.864954622694192,35.23351648351648
01170020,Söra S,12.750647220051865,43.323442136498514
01170021,Tråsättra,6.660107362060178,35.020242914979754
01170022,Tuna,8.013450010065151,35.265700483091784
01170023,Åkerstorp,7.335673841616615,39.152981849611066
01170024,Österskär V,4.769163601996418,24.517374517374517
01170025,Österskär Ö,2.9056390271232426,21.233974358974358
01200101,Värmdö 1 Saltarö,4.454529708331785,30.475206611570247
01200102,Värmdö 2 Strömma m.fl.,4.053102460108716,22.094240837696336
01200103,Värmdö 3 Ängsvik,3.6193797517140496,31.57338965153115
01200104,Värmdö 4 Hemmesta,8.349261751065963,42.19512195121951
01200105,Värmdö 5 Vik,3.452846932302125,27.773144286905755
01200106,Värmdö 6 Kopparmora,3.085550155158439,30.098039215686274
01200107,Värmdö 7 Haghulta Kolvik,3.5548145890574463,30.36053130929791
01200108,Värmdö 8 Herrviksnäs m.fl.,3.779690924547179,23.668639053254438
01200109,Värmdö 9 Torsby,6.118816865385868,26.952695269526952
01200301,Djurö 1 Vindö,4.567807531655198,31.414868105515588
01200302,Djurö 2 Björkås Barnvik,6.093570654850087,31.46766169154229
01200303,Djurö 3 Stavsnäs,8.514612731590903,35.714285714285715
01200501,Ingarö 1 Lillängsdal Fagerholm,5.1173804986853195,32.46606334841629
01200502,Ingarö 2 Säby Eknäs,4.063612170658739,29.049295774647888
01200503,Ingarö 3 Ingaröstrand,3.2589526835252647,23.899848254931715
01200504,Ingarö 4 Klacknäset,4.1397318196086115,37.867247007616974
01200505,Ingarö 5 Lämshaga Brunn,5.833326662697636,31.693989071038253
01200601,Gustavsberg 1 Lugnet,6.889557890344676,47.36842105263158
01200602,Gustavsberg 2 Tallåsen,5.881158369683979,44.27020506634499
01200603,Gustavsberg 3 Munkmora,15.303388950365061,51.117589893100096
01200604,Gustavsberg 4 Höjdhagen m.fl.,4.368888314371761,51.79324894514768
01200605,Gustavsberg 5 Ösbydalen m.fl.,5.7093204777381485,41.45758661887694
01200606,Gustavsberg 6 Ormingelandet,3.592022283255162,26.96132596685083
01200607,Gustavsberg 7 Farsta och Hamnområdet,5.530211464438251,44.469026548672566
01200608,Gustavsberg 8 Mörtnäs,4.296253204616943,28.211805555555557
01200609,Gustavsberg 9 Mölnvik m.fl.,4.801421145192243,39.224137931034484
01200610,Gustavsberg 10 Charlottendal m.fl.,6.695021527731538,40.35874439461883
01200611,Gustavsberg 11 Porslinskvarteren S,8.244868189836813,37.98816568047337
01200612,Gustavsberg 12 Porslinskvarteren N,8.416037883858047,41.20425029515938
01200613,Gustavsberg 13 Hästhagen,6.030081507248509,52.2911051212938
01230201,Norra Barkarby,23.584981726771247,56.15796519410977
01230202,Södra Barkarby,15.596751654220055,40.331890331890335
01230203,Skälby Gård Västra,14.763876444070608,40.645161290322584
01230204,Orgona,14.870227603312907,42.333654773384765
01230205,Neptuni,17.44790205574082,44.69914040114613
01230206,Skälby Gård Östra,15.320344311302046,30.503731343283583
01230207,Barkarbystaden,36.390878566879906,61.22650840751731
01230208,Kalvshälla,29.239666600546983,61.36712749615975
01230209,Karlslund,33.272934728856676,53.3068783068783
01230210,Dragonbacken,35.06784300688496,65.36731634182908
01230211,Ålsta,36.01067984531616,63.69327073552426
01230212,Kyrkbyn,28.236621343809706,50.0
01230213,Västra Barkarbystaden,32.879867004772805,56.36856368563686
01230306,Fjällen,10.445973447312,39.45454545454545
01230307,Sandvik,12.960239184362802,40.01542020046261
01230308,Hummelmora,15.184983252536439,37.68366464995678
01230309,Centrala Viksjö Södra,14.474890143079165,40.89574155653451
01230310,Lund,11.378010158128548,36.83148335015136
01230311,Fastebol,12.304176153284207,37.36842105263158
01230312,Centrala Viksjö Norra,21.299140651850422,48.22294022617125
01230313,Högby,16.542788801504397,40.66945606694561
01230413,Tallbohov,49.24417164969785,75.97402597402598
01230414,Olovslund,14.891741457911186,34.70948012232416
01230415,Norra Vibblaby,30.540252924068675,53.34088335220838
01230416,Västerby,27.097796666281166,48.04031354983203
01230417,Grönvreten,15.110749653990679,42.1505376344086
01230418,Snapphanen,46.5671675105488,74.41601779755284
01230419,Norra Nyberg,49.58496885192908,75.11415525114155
01230420,Hammaren,36.53961301901443,62.552831783601015
01230421,Dackevägen,46.06122596770292,70.0
01230422,Centrala Jakobsberg,44.25987990296435,58.71934604904632
01230423,Södra Aspnäs,43.46959609889024,62.53481894150418
01230424,Ekedal,39.44878752596696,61.359223300970875
01230425,Norra Aspnäs,37.4543887322849,57.014388489208635
01230426,Vattmyra,21.64545675367406,46.333333333333336
01230427,Berghem/Polhem,23.935500448804596,35.58106169296987
01230428,Södra Vibblaby,40.80407159279624,61.152416356877325
01230429,Södra Nyberg,43.5217440035091,73.07692307692308
01230430,Riddarparken,43.469574655444724,70.1923076923077
01230528,Lädersättra,24.11350300311395,51.52963671128107
01230529,Centrala Kallhäll,17.023160672658793,49.111111111111114
01230530,Emaljvägen/Kopparvägen,24.080234270364883,55.26315789473684
01230531,Ulvsättra/Skogstorp,23.342394714816184,49.79973297730307
01230532,Kolarängen/Villastaden,14.981626745858854,45.96518987341772
01230533,Stäket,10.848425892807803,30.061728395061728
01230534,Bolinder strand,9.848203526568131,36.44793152639087
01230535,Lilla Ulvsättra,33.66280209706284,71.59590043923865
01250101,Munsö,4.185176894642134,24.31077694235589
01250201,Adelsö,7.019703720061299,33.140655105973025
01250301,Ekerö 1 Ekebyhov-Gällstaö,6.632644414130816,29.023972602739725
01250302,Ekerö 2 Ekebyhov Västra,8.850433273341176,42.51668255481411
01250303,Ekerö 3 Ekerö-Väsby,4.854555979056619,35.37190082644628
01250304,Ekerö 4 Träkvista-Skärvik,2.9949012863723166,23.32089552238806
01250305,Ekerö 5 Närlunda,8.143787930873872,26.71641791044776
01250306,Ekerö 6 Älvnäs,5.6796142518622235,26.425339366515836
01250307,Ekerö 7 Sundby Helgö,4.319269071867898,26.52899126290707
01250308,Ekerö 8 Ekerö centrum,7.787984858753147,42.68104776579353
01250309,Ekerö 9 Träkvista,5.78104290494933,26.51851851851852
01250310,Ekerö 10 Sandudden,3.10951433104249,23.003194888178914
01250401,Lovö,3.9331655265177314,36.214605067064085
01250901,Färingsö 1 Färingsö Norra,5.233464329490312,28.67783985102421
01250902,Färingsö 2 Färentuna Hilleshög,5.8643662479260845,32.18884120171674
01250903,Färingsö 3 Svartsjö Sånga,4.695699342003568,34.30555555555556
01250904,Färingsö 4 Stenhamra Södra,3.961075563211439,31.976251060220527
01250905,Färingsö 5 Stenhamra Norra,4.893992778282386,32.27561196736174
01250906,Färingsö 6 Skå,5.103973524224728,28.91566265060241
01260103,Fridhem,5.824283947445347,39.329517579721994
01260105,Vistaberg,7.648660073088668,39.711191335740075
01260106,Stuvsta centrum,9.876090551980807,44.329896907216494
01260107,Myrängen-Högmora,10.499126488249825,38.405797101449274
01260108,Stuvsta gård,8.539392170891176,42.0591456736035
01260109,Kynäs,7.401115071552508,35.68313953488372
01260110,Kvarnbergsplan,14.08564220867964,48.51013110846245
01260116,Sörskogen,9.928039880871681,39.04382470119522
01260117,Balingsnäs,7.10590591239762,40.197841726618705
01260119,Segersminne,6.581338793390154,44.157303370786515
01260120,Stensängen,5.694799542245398,42.90657439446367
01260122,Gladökvarn-Lissma-Ådran,5.005348184012156,27.18696397941681
01260123,Vårdkasen-Rosenhill,11.768563652219447,37.573385518590996
01260124,Skogsäng,5.531456143944596,40.75187969924812
01260125,Milsten,6.140923531391939,38.60424028268551
01260126,Källbrink,7.361938701427634,35.6513222331048
01260127,Tomtberga norra,14.671611397124474,49.27685950413223
01260128,Tomtberga södra,16.59086271817154,50.56410256410256
01260129,Storängen,13.336756593939375,42.82238442822384
01260130,Huddinge centrum,15.471215729843868,52.98701298701299
01260131,Hörningsnäs,6.644259170806759,43.30855018587361
01260132,Paradisbacken,10.075979553507523,44.23645320197044
01260133,Solgård,11.34836846040326,40.888888888888886
01260134,Fullersta gård,6.9930211821581,41.62162162162162
01260135,Fullersta torg,9.161693064336376,42.10526315789474
01260136,Snättringe gård,6.397573407786649,36.476683937823836
01260201,Vidja-Mellansjö-Svartvik,8.861049850844289,34.88843813387424
01260202,Hammartorp,13.90583340192776,47.38461538461539
01260203,Trångsund centrum,19.017286162760534,50.04428697962799
01260204,Stortorp,7.774207255517885,37.46425166825548
01260205,Västra Skogås norra,26.860483806668768,59.5959595959596
01260206,Västra Skogås centrum,36.662167270885355,71.41162514827995
01260207,Västra Skogås västra,32.15407659712772,70.37643207855974
01260208,Västra Skogås södra,31.111417658125138,59.77653631284916
01260209,Östra Skogås centrala,15.945847767822949,50.75187969924812
01260210,Östra Skogås norra,12.895993904766375,46.36614535418583
01260211,Östra Skogås södra,10.732723516953053,45.34769833496572
01260212,Fållan-Nytorp,8.03995308460346,37.114197530864196
01260213,Sjöängen,6.105560632404698,28.763183125599234
01260214,Länna,14.241477863465626,34.147952443857335
01260301,Smista östra,13.435748512433998,38.608695652173914
01260302,Segeltorp centrum,6.49024250121789,44.41340782122905
01260303,Kråkvik-Kungens kurva,12.60384104122048,39.969834087481146
01260304,Vårby gård östra,41.41486770621761,81.60200250312892
01260305,Vårby gård centrum,29.8404255230484,80.15978695073235
01260306,Vårby gård,31.08963518068427,70.72368421052632
01260307,Haga,42.80503965266062,70.62228654124458
01260308,Myrstuguberget,29.891702006162497,64.29906542056075
01260309,Utsälje centrala,6.972399727363075,40.72216649949849
01260310,Utsälje,8.582779755069442,31.582786287381474
01260311,Juringe,12.787281716144445,36.757775683317625
01260312,Smista västra,14.763339713662827,42.29390681003584
01260313,Vårby gård västra,30.701347019048054,80.66115702479338
01260402,Grantorp norra,44.45965991358753,83.54978354978356
01260403,Grantorp östra,41.45325730044189,67.37012987012987
01260404,Flemingsberg norra,45.1064154019303,75.11520737327189
01260405,Visättra östra,40.83728097945994,71.6923076923077
01260406,Visättra västra,38.305572821448685,73.84428223844282
01260407,Visättra,30.235077060873756,66.8261562998405
01260408,Kästa,21.398312641879475,56.41025641025641
01260409,Flemingsberg södra,46.503402071646974,71.33917396745933
01260410,Visättra-Björnkulla,29.826969348199555,65.50218340611353
01260411,Glömsta södra,16.094684524924187,40.305522914218564
01260412,Glömsta norra,17.83201013250274,39.92248062015504
01270001,N Lanthem,12.136516950360795,34.7953216374269
01270002,Tullinge C,12.413102258053366,47.59556103575832
01270003,Ö Tullingeberg,14.99692919157101,48.504672897196265
01270004,Tullinge Parkhem,8.254033533645432,35.35598705501618
01270005,G:a Tullingeberg,11.01242645070869,46.16935483870968
01270006,Tullinge Gård,10.044681987355819,47.89156626506024
01270007,Banslätt/Römossen,10.774575374779605,47.14548802946593
01270008,Tullingeskog,7.930065860863789,38.64678899082569
01270009,Riksten N,14.478229923232139,41.04938271604938
01270010,S Lanthem,5.914025484035649,33.473684210526315
01270011,Tullinge Villastad N,9.215070104142098,37.73928896991796
01270012,Tullinge Villastad S,13.92860398486076,37.6657824933687
01270013,Riksten S,11.759353075805238,36.345966958211854
01270020,Segersjö,11.116470710125858,46.50837988826816
01270021,Kvarnsjön,16.78760864444499,36.76633444075305
01270022,Tumba C,24.081346345173596,51.95402298850575
01270023,Broängen,16.326970531642274,42.564655172413794
01270024,Uttran,10.177223427491782,31.870229007633586
01270025,Kassmyra,17.82997188833848,45.47085201793722
01270026,Skäcklinge,19.59847080089755,45.17345399698341
01270028,Storvreten V,35.400154907266135,68.21026282853568
01270029,Storvreten S,30.800131900890715,64.0864086408641
01270030,Storvreten Ö,31.388800234978046,63.901018922852984
01270031,Vretarna/Tumba bruk,16.6255983915046,49.560632688927946
01270032,Tuna,24.99051284267522,58.91276864728192
01270033,Nackdala/Solhöjden,20.552627619045357,50.201207243460765
01270034,Kulturen Tumba Park,19.895472611107245,47.391304347826086
01270035,Vårsta C/Bremora,9.810834193649713,40.79915878023134
01270036,Grödinge Landsbygd,6.974813079577511,25.450274079874706
01270037,Vårsta/Malmtorp/Slättmalm,9.459040188053532,25.951557093425606
01270041,Albydalen V Småhus S,38.79024059599228,71.79802955665025
01270042,Albydalen C/Rotemannen,41.32168835841748,79.86111111111111
01270043,Alby småhus Ö/Albygård,30.21646798688107,67.82608695652173
01270044,Albyberget V/Tingstorget,45.38038394959566,77.50906892382103
01270046,Albyberget Ö/Albygård,44.772440211352105,80.15665796344648
01270047,Albydalen Ö,41.273224021420816,82.76762402088772
01270051,Fittja småhusområde,37.39418503108264,75.65597667638484
01270052,Fittja Krögarvägen,41.6663465615181,83.1306990881459
01270053,Fittja Forvägen,41.5761366894337,82.82208588957056
01270054,Fittja Värdshusvägen,41.11696920676324,85.09316770186335
01270055,Slagsta strand,40.98637720802797,61.88811188811189
01270061,Slagsta N,24.580741385898904,52.43393602225313
01270062,Slagsta S,27.16174935598388,45.92274678111588
01270063,Hallunda/Brunna,35.66814588171501,60.35889070146819
01270064,Hallunda C,41.332040732956884,66.40502354788069
01270065,Hallunda/Norsborg låghus,32.55571506418621,51.94954128440367
01270066,Norsborg småhusområde,30.8768931380729,33.125778331257784
01270067,Norsborg Ö,41.52337199933158,68.50746268656717
01270068,Norsborg C,44.51625724104634,68.27354260089686
01270069,Norsborg V,43.35868506781269,72.5381414701803
01270070,Eriksberg Ö,34.86545508206274,67.49672346002622
01270071,Eriksberg V/G:a Norsborg,33.50007009135293,56.03557814485387
01280101,1 Rönninge norra,5.863530054706362,30.47703180212014
01280102,2 Rönninge sydöstra,5.679036357234883,35.92039800995025
01280103,3 Salem västra,16.341203244753853,37.48645720476706
01280104,4 Salems centrum med omnejd,16.385121451478305,38.15925542916236
01280105,5 Salem norra,21.639458480616817,37.44769874476987
01280106,6 Rönninge centrum med omnejd,12.181950313075534,36.34517766497462
01280107,7 Salem södra,22.281626809323605,48.02030456852792
01280108,8 Salem östra,14.90894133518622,32.84858853721129
01280109,9 Rönninge sydvästra,5.131372269167214,32.88201160541586
01360101,Haninge 1 Gudö m.fl.,5.009360832452091,29.277864992150707
01360102,Haninge 2 Vendelsö-Norrby m.m,3.8499215977159182,31.86936936936937
01360103,Haninge 3 Söderby,7.399720593518701,41.87604690117253
01360104,Haninge 4 Vega-Söderhagen,8.881649121537329,31.34441087613293
01360105,Haninge 5 Sågen-Lyckebyn m.fl.,7.862352413249617,36.010143702451394
01360106,Haninge 6 Källtorp,4.252872027610575,36.554621848739494
01360107,Haninge 7 Vendelsömalm N,6.02134692544583,36.70982482863671
01360108,Haninge 8 Vendelsömalm-Ramsdalen,5.522442727871366,36.30289532293987
01360109,Haninge 9 Svartbäcken m.fl,4.814332816074063,40.764925373134325
01360110,Haninge 10 Vendelsömalm,8.471864693071304,38.257173219978746
01360111,Haninge 11 Kolartorp-Hermanstorp m.m,9.699497530308628,37.911464245175935
01360112,Haninge 12 Vendelsömalm S m.fl.,12.95105248951902,46.37421665174575
01360113,Haninge 13 Brandbergen NÖ,26.73199647842793,66.29464285714286
01360114,Haninge 14 Brandbergen SÖ,25.662573414096002,59.33476394849785
01360115,Haninge 15 Vendelsö,4.820855496263711,31.485355648535563
01360116,Haninge 16 Brandbergen V,28.984527591837754,58.38926174496644
01360117,Haninge 17 Brandbergen N,32.46376842866401,66.74556213017752
01360118,Haninge 18 Brandbergen S,23.702610395027996,57.57575757575758
01360119,Haninge 19 Handen N,12.329732403065455,43.689320388349515
01360120,Haninge 20 Handen C,17.919830911287495,53.47826086956522
01360121,Haninge 21 Söderbymalm,15.946399129038797,53.56037151702786
01360123,Haninge 23 Poseidon,18.064995103611533,54.88308115543329
01360124,Haninge 24 Kvarntorp S,14.673632598583163,38.703870387038705
01360125,Haninge 25 Parkvägsområdet,12.325272712370424,55.34090909090909
01360126,Haninge 22 Vega S,18.451244687501763,39.69375736160188
01360131,Haninge 31 Jordbro NÖ,38.02223179757572,75.08474576271186
01360132,Haninge 32 Jordbro V,47.342315355643954,81.81818181818181
01360133,Haninge 33 Jordbro SV,36.64918277455621,73.22404371584699
01360134,Haninge 34 Jordbro SÖ,37.15469354704571,71.54605263157895
01360140,Haninge 40 Krogtäppan och Sommarbo,19.809778808009675,55.15818431911967
01360144,Haninge 44 Handen Central N,20.34287909068225,56.81528662420382
01360145,Haninge 45 Vallaområdet V,16.564413289392498,57.91139240506329
01360146,Haninge 46 Vallaområdet Ö,17.179613252541134,52.51282051282051
01360147,Haninge 47 Slätmossen m. fl.,10.038636001193808,52.1079258010118
01360148,Haninge 48 Jordbro N-Dåntorp-Öran,17.787996976544378,55.35499398315283
01360162,Haninge 62 Vendelsö-Dalen m.m,5.135137019301447,30.95512082853855
01360163,Haninge 63 Vega N,13.370087107627253,44.222539229671895
01360164,Haninge 64 Kvarntorp N,17.124509264654073,40.72778166550035
01360165,Haninge 65 Handen Central S,20.342110579890296,50.63985374771481
01360166,Haninge 66 Kolartorp-Rudan m.m,14.472984701761463,38.56749311294766
01360537,Haninge 37 Dalarö,2.6840098130785615,22.70606531881804
01360649,Haninge 49 Hammarängen-Hammarskogen,3.7559409884623953,33.751205400192866
01360650,Haninge 50 Tungelsta,5.481026646346694,30.510204081632654
01360651,Haninge 51 Jägartorp-Sågen m.fl.,9.692575137731481,39.367816091954026
01360652,Haninge 52 Skogs-Ekeby m.fl.,6.293918725183909,28.141135972461274
01360653,Haninge 53 Åbylund m.fl.,13.504848147747783,46.012832263978005
01360654,Haninge 54 Åby,20.27867116503997,46.994535519125684
01360655,Haninge 55 Västerhaninge,6.003597969835232,38.85785226567349
01360656,Haninge 56 Ribby-Öhaninge kyrkby m.m,24.012592011770064,27.272727272727273
01360657,Haninge 57 Ribbyberg m.fl.,8.510959233680104,36.476683937823836
01360658,Haninge 58 Västerhaninge SÖ-Skärgård,5.3813175041031815,31.736526946107784
01360659,Haninge 59 Tungelsta-Utlida-Häringe,4.41291204803224,31.20253164556962
01360660,Haninge 61 Västerhaninge Ö,14.154470723256951,40.102171136653894
01360760,Haninge 60 Muskö,2.5974026348831547,28.425357873210633
01380101,1 Björkbacken,13.068723414254503,44.81175390266299
01380102,2 Siken,10.725173222373707,48.588410104011885
01380103,3 Myggdalen,9.984326484214233,45.37190082644628
01380104,4 Nyboda,21.07387485880384,54.411764705882355
01380105,5 Fårdala,6.32772072148908,44.09090909090909
01380106,6 Krusboda N,5.673350450150158,41.22211445198836
01380107,7 Krusboda S,5.668013568394701,43.44827586206897
01380108,8 Öringe,4.374732234498747,41.93270060396894
01380109,9 Rotvik,4.553491500514061,31.9164265129683
01380110,10 Tyresö Strand,3.095236127762726,21.13341204250295
01380111,11 Tyresö Strand Centrum,3.617569057961302,38.506711409395976
01380112,12 Gimmersta - Nytorp - Raksta,3.225810482225094,28.168044077134986
01380113,13 Brevikshalvön,4.130768763385594,28.063241106719367
01380121,21 Fornudden,3.941616154911518,28.467153284671532
01380122,22 Sofieberg,5.411514815843106,35.13513513513514
01380123,23 Trollbäcken V,6.626485275654953,37.9096545615589
01380124,24 Skälsätra,5.922316416177957,31.809643080776457
01380125,25 Trollbäcken Ö,5.9861424097644,32.67796610169491
01380126,26 Hanviken,4.701653556842552,33.03009097270819
01380127,27 Lindalen,10.016318787818673,37.8143972246314
01380128,28 Bollmoraberg V,16.94503017161311,46.139180171591995
01380129,29 Granängsringen,36.0098705696948,63.13559322033898
01380130,30 Farmarstigen V,7.289194307058323,41.17161716171617
01380131,31 Farmarstigen Ö,10.817136149212715,44.4104134762634
01380132,32 Masten,10.017707431185874,42.398884239888424
01380133,33 Bollmoraberg Ö,16.944753644696632,46.28975265017668
01390101,Härnevi-Skällsta,25.512172771849173,51.187648456057005
01390102,Råby,35.63344787906046,56.61434977578475
01390103,Finnsta,37.46141295821843,70.4778156996587
01390104,Kockbacka-Lejondal,18.327334629897265,36.61971830985915
01390105,Låssa,13.085584484512367,42.147651006711406
01390106,Bro södra,36.90078166028958,54.285714285714285
01390107,Bro norra,31.8113558984676,53.59179019384265
01390108,Ådö-Rättarboda,38.741463551555185,44.71968709256845
01390305,Kungsängen södra-Stäksön södra,13.37140835965766,36.2962962962963
01390306,Sylta östra-Tibblehöjden,8.857520126892991,38.64844343204252
01390307,Lennartsnäs-Tibble S - Sylta V,17.67085732851349,37.39837398373984
01390308,Norrboda,18.743476358842518,36.59003831417625
01390309,Kungsängen norra-Stäksön norra,18.843438707036196,45.61957379636937
01390310,Brunna norra,13.174977351147756,35.004321521175456
01390311,Brunna södra,15.916529843578152,36.99002719854941
01390312,Tibble norra,21.079255300633264,52.40431795878312
01390313,Korsängen,22.338678050416053,43.79683597002498
01390512,Håtuna-Håbo-Tibble,3.9325617104139607,22.664359861591695
01400136,Turinge,3.931740679594934,26.655629139072847
01400137,Gammeltorp-Hökmossen,9.402457248489759,28.005759539236863
01400138,Stensborg-Brokvarn,10.148692697692143,27.586206896551722
01400139,Lillhaga-Sandtorp,4.675917687716343,26.64714494875549
01400140,Nykvarn centrum,8.50034508995472,35.80827067669173
01400234,Taxinge,2.986719466569497,22.46031746031746
01600101,1 Täby kyrkby,9.179392618797289,23.876651982378856
01600102,2 Runborg,7.157593378083674,27.741935483870968
01600103,3 Byle,7.4012803677648025,22.839506172839506
01600104,4 Midgård,8.533685470509681,31.02710413694722
01600105,5 Vallatorp södra,10.079341037055835,20.434131736526947
01600106,6 Vallatorp norra,7.663885174465064,24.381301558203482
01600107,7 Visinge,9.629818883757311,25.70239334027055
01600108,8 Erikslund m.fl.,9.13676328140845,26.511627906976745
01600109,9 Skarpäng norra,6.9319340970441585,20.47519217330538
01600110,10 Ella park,9.136670013997815,17.362270450751254
01600111,"11 Ensta, Kullagränd",11.213639523271274,25.356576862123614
01600112,12 Skarpäng södra,5.270302327341058,21.063394683026583
01600113,13 Ella gård västra,6.191278752127586,22.079037800687285
01600114,14 Ella gård norra,8.220529458618335,23.86655260906758
01600115,15 Roslags-Näsby norra,11.158047886728061,22.532027128862094
01600116,16 Storstugan,15.88368474182703,35.78231292517007
01600117,17 Åkerbyvägen,13.603366753913665,34.7972972972973
01600118,18 Marknadsvägen,18.16457008835027,37.0919881305638
01600119,19 Täby centrum,15.880699508984156,24.15795586527294
01600120,20 Näsbydal,14.53761307725239,34.58382180539273
01600121,21 Grindtorp södra,19.599091523764578,38.490566037735846
01600122,22 Roslags-Näsby södra,10.73211137760823,26.127527216174183
01600223,23 Löttingelund,12.412657959923033,22.29551451187335
01600224,"24 Arninge, Ullna norra",21.834391127320707,26.86375321336761
01600225,25 Gribbylund norra,8.872767389166214,22.835249042145595
01600226,"26 Arninge, Ullna södra",17.799289025776627,32.12341197822141
01600227,"27 Gribbylund västra, Myrängen",9.205769310012053,24.97808939526731
01600228,28 Gribbylunds centrum,25.71107509015964,41.94857916102842
01600229,29 Gribbylund södra,7.411731753033183,25.728155339805824
01600230,30 Grindtorp norra,14.402958245429007,32.35521235521235
01600231,"31 Täby park, Månstenen, m.fl.",16.552211403542447,25.806451612903224
01600232,"32 Täby park, Smaragden m.fl.",16.916910242290662,30.0148588410104
01600233,"33 Täby park, Bergskristallen, m.fl.",16.12645084531959,31.117824773413897
01600234,34 Viggbyholm västra,9.766763855619926,31.949250288350633
01600235,35 Viggbyholm norra,5.6773692454561235,20.516962843295637
01600236,36 Hägernäs norra,18.265830485126795,40.46052631578947
01600237,"37 Lahäll, Näsbygård",5.223381241282765,17.063492063492063
01600238,38 Norskogen m.fl.,20.492982482647893,31.056393963463066
01600239,39 Näsbyparks centrum,7.902575584439431,23.05271439811172
01600240,40 Näsbypark östra,7.4510417483462135,12.5
01600241,41 Viggbyholm sydväst,7.7131750273172175,17.50841750841751
01600242,42 Viggbyholm sydöst,9.124454887058677,22.611850060459492
01600243,43 Hägernäs södra,14.497836840084497,24.449685534591193
01600244,44 Näsbypark västra,4.379741639889274,17.58839528558477
01600245,45 Näsby slott,4.549811589485681,10.112359550561798
01620101,Gamla Enebyberg,5.543195663059758,14.363143631436314
01620102,Sätra Äng,8.301441175681921,19.260700389105057
01620103,Klingsta,7.592201375118177,16.419213973799128
01620104,Kevinge Strand-Charlottenberg,7.142964375425687,23.903177004538577
01620105,Kevinge-Mörbyskogen,12.036372857946036,29.66023875114784
01620106,Berga-Rinkeby,12.022605453910696,25.634920634920636
01620107,Mörby,11.493016170568373,24.96749024707412
01620108,Nora,5.701187883923922,13.571428571428571
01620109,Anneberg,7.649757792509203,17.56993006993007
01620110,Norra Djursholm,9.386674192859491,9.950248756218905
01620111,Mellersta Djursholm,4.347844794716225,7.403314917127072
01620112,Djursholms Ekeby,9.265873156455699,17.110655737704917
01620113,Långängen-Tranholmen,6.1111067238314005,14.959202175883952
01620114,Stocksund,7.474369078330258,14.285714285714286
01620115,Svalnäs,7.209002965837875,7.322175732217573
01620116,Södra Djursholm,4.188103926539758,5.303030303030303
01620117,Djursholms Ösby,5.599504313980048,9.04669260700389
01620118,Sikreno,5.601971536112867,13.228492136910269
01620119,Inverness,19.201973308748734,34.314627414903406
01620120,Västra Enebyberg,5.267357347283618,18.671152228763667
01630110,10 Mellersta Rotebro,12.829066826181846,38.454288407163055
01630111,11 Gillbo-Gillberga,7.299401647950065,34.09490333919157
01630112,12 Södra Rotebro,33.51826626580568,56.06694560669456
01630113,13 Rotsunda,35.90964628924064,52.51141552511415
01630114,14 Rotsunda gård,26.4008066915559,41.67832167832168
01630115,15 Rotsunda strand,21.192428544100107,43.81578947368421
01630121,21 Södra Viby,6.885919708913934,29.08777969018933
01630122,22 Norra Viby,8.304307166933198,36.96369636963696
01630123,23 Östra Viby,11.42028209065044,36.9215291750503
01630131,31 Norra Norrviken,13.016762337514399,42.737195633921075
01630132,32 Södra Norrviken,11.621116304492128,33.21332133213321
01630140,40 Norra Väsjön,13.874771349845057,38.958333333333336
01630141,41 Södra Väsjön,22.219193541834887,36.95652173913044
01630142,42 Edsängen-Solängen,16.756383202464416,34.30335097001764
01630143,43 Tunberget,17.715084205705686,35.47215496368039
01630151,51 Östra Häggvik,17.199507710910094,40.54054054054054
01630152,52 Västra Häggvik,24.254233083820676,46.62408759124087
01630153,53 Skälby-Edsbacka,18.436627457684576,37.81512605042017
01630154,54 Nytorp,12.748805858412,34.302908726178536
01630155,55 Södra Häggvik-Ängstorp,21.542040898385405,48.47112117780294
01630156,56 Hersby-Skansen,12.654017795209905,23.8898756660746
01630157,57 Sollentuna centrum,17.689190229417754,42.74193548387097
01630160,60 Östra Edsberg,38.458596743737054,64.94960806270997
01630161,61 Edsbergs centrum,30.52204785247003,54.5679012345679
01630162,62 Västra Edsberg,33.48722104164131,59.78043912175649
01630164,64 Norra Landsnora,27.226183728275256,49.694749694749696
01630165,65 Edsbacka-Edsängen,22.900276202743658,49.12280701754386
01630170,70 Södra Töjnan,21.2235567540981,39.09710391822828
01630171,71 Norra Töjnan,16.613978306145384,37.38977072310406
01630172,72 Knista,24.492745471148236,46.03691639522258
01630173,73 Östra Bagarby,47.20094438492927,66.32124352331606
01630174,74 Västra Bagarby,42.873533742818154,69.9238578680203
01630175,75 Fågelsången,14.168931037934865,32.52375923970433
01630178,78 Norra Bagarby,24.957927848004893,51.34061569016882
01630179,79 Mellersta Bagarby,46.807264153716176,74.19898819561551
01630180,80 Södra Landsnora Falkberget,15.841304165578265,23.859315589353614
01630181,81 Västra Sjöberg,11.95930868631097,31.103678929765888
01630182,82 Östra Sjöberg,16.774513451942298,30.607734806629836
01630183,83 Kärrdal,17.670153170292302,39.97856377277599
01630190,90 Tegelhagen,7.970533384906548,35.833998403830805
01630191,91 Eriksberg,16.972479924535435,36.98903290129611
01630192,92 Helenelunds centrum,34.26487365362396,54.11392405063291
01630193,93 Norra Silverdal,11.465380776038165,27.5049115913556
01630194,94 Edsviken,5.420926346049587,16.268311488049346
01630195,95 Södra Silverdal,13.615444278579716,28.86178861788618
01630196,96 Kummelby,13.128164655928062,29.613733905579398
01800101,Domkyrko 1 Gamla stan inre,5.533914645038375,43.68568755846586
01800102,Domkyrko 2 Gamla stan yttre,7.03766361947704,39.22859830667921
01800103,Domkyrko 3 Norrmalm nedre,13.640302640386567,35.557132718239885
01800401,Johannes 1 Johannes S,8.757752042749946,28.4688995215311
01800402,Johannes 2 Vanadislunden SÖ,7.655856039628725,33.48694316436252
01800403,Johannes 3 Norrmalm N,7.8939140079497285,31.67870036101083
01800404,Johannes 4 Vanadislunden SV,7.7773844967516625,31.182795698924732
01800405,Johannes 5 Monica Zetterlunds Park,6.915390976493496,23.228346456692915
01800406,Johannes 6 Vanadislunden Ö,8.76005061120157,26.666666666666668
01800407,Johannes 7 Vanadislunden N,18.00311569662781,29.666666666666668
01800408,Johannes 8 Karl Staafs Park,8.691071510979548,25.691056910569106
01800501,Adolf Fredrik 1 Tegnérlunden V,8.143527333469475,27.29064039408867
01800502,Adolf Fredrik 2 Rådmansgatan mfl,11.11771022721874,29.292035398230087
01800503,Adolf Fredrik 3 Kv Grönlandet mfl,10.392898690783749,27.77777777777778
01800504,Adolf Fredrik 4 Norra Bantorget,10.313666848614565,31.955645161290324
01800505,Adolf Fredrik 5 Spökparken,8.053196423175093,27.986725663716815
01800506,Adolf Fredrik 6 Tegnérlunden S,9.534460283292704,36.477987421383645
01800601,Gustav Vasa 1 Sabbatsberg,8.318091599894364,40.710156895127994
01800602,Gustav Vasa 2 Luntmakarg. N mfl,7.804574086461569,25.67922874671341
01800603,Gustav Vasa 3 Kv Riddarsporren mfl,8.318979402661794,35.15565679574791
01800604,Gustav Vasa 4 Observatorielunden,7.640894211296218,32.36889692585895
01800605,Gustav Vasa 5 Odenplan V,8.289076454845334,33.27137546468401
01800606,Gustav Vasa 6 Atlasområdet,5.766961091389355,34.90427098674521
01800607,Gustav Vasa 7 A. Lindgrens terrass,7.128866122814127,30.20446096654275
01800608,Gustav Vasa 8 Kv Nejlikan mfl,5.875107894470283,27.63045337895637
01800609,Gustav Vasa 9 Odenplan NV,6.867819251025546,27.157561361836898
01800701,Matteus 1 Vanadislunden V,8.064575863101936,30.837912087912088
01800702,Matteus 2 Enkehusparken,6.276009227949673,30.19607843137255
01800703,Matteus 3 Vanadisplan SÖ,6.0994715892342475,33.333333333333336
01800704,Matteus 4 Kv Sleipner-Midgård,5.725060971332258,25.595238095238095
01800705,Matteus 5 S:t Eriksparken,6.244524917397199,38.574040219378425
01800706,Matteus 6 Norra station V,15.443208712241862,32.84023668639053
01800707,Matteus 7 Röda bergen Ö,8.800352964256767,26.834862385321102
01800708,Matteus 8 Röda bergen V,8.06257222205555,35.1440329218107
01800709,Matteus 9 Gästrikegatan mfl,6.036852443390137,28.201539538138558
01800710,Matteus 10 Hälsingehöjden,7.293408968919718,24.787052810902896
01800711,Matteus 11 S:t Eriksplan,7.194761567949829,26.639004149377595
01800712,Matteus 12 Birkastan Ö,4.846487151008937,23.45575959933222
01800713,Matteus 13 Rörstrand,6.027397259523362,27.098540145985403
01800714,Matteus 14 Birkastan S,5.239617335526699,31.141868512110726
01800715,Matteus 15 Karlberg,5.483920701789473,30.0
01800716,Matteus 16 Birkastan V,5.225067437173452,29.82744453574363
01800717,Matteus 17 Norrbackatäppan,12.573391315576199,39.54410307234886
01800718,Matteus 18 Norrtull,6.671414545974524,32.6890756302521
01800719,Matteus 19 Gävlegatan mfl,7.398658254541368,34.99197431781702
01800720,Matteus 20 Torsplan,15.200500865597371,26.454033771106943
01800721,Matteus 21 Norra station N,12.430123965448395,31.90984578884935
01800901,Engelbrekt 1 Humlegården,6.4677810180678,15.0
01800902,Engelbrekt 2 Engelbrektsgatan mfl,5.418075411844141,16.167192429022084
01800903,Engelbrekt 3 Östra station,46.3692415805942,36.53846153846154
01800904,Engelbrekt 4 Villastaden,6.423990827434724,14.763014763014763
01800905,Engelbrekt 5 Eriksberg,6.553426279081959,14.628657164291074
01800906,Engelbrekt 6 Lärkstan,6.669620682025844,14.758620689655173
01800907,Engelbrekt 7 Kv Trasten mfl,8.32541724633491,22.11934156378601
01800908,Engelbrekt 8 Roslagstull,15.135993912905821,47.048138056312446
01800909,Engelbrekt 9 Hjorthagen C,7.158408321308768,46.76190476190476
01800910,Engelbrekt 10 Hjorthagen V-Värtahamn,6.405856939578323,36.81885125184094
01800911,Engelbrekt 11 Lappkärrsberget V,47.572819665511666,54.292343387471
01800912,Engelbrekt 12 Ekhagen-Frescati,24.5254021968989,49.1869918699187
01800913,Engelbrekt 13 Kv Beckasinen mfl,8.449590293692298,26.50494159928122
01800914,Engelbrekt 14 Husarviken,7.7369125421929255,27.24609375
01800915,Engelbrekt 15 Storängstorget,8.209162024547021,33.71378402107111
01800916,Engelbrekt 16 Stålklockan,6.999634681661436,32.46636771300449
01800917,Engelbrekt 17 Körsbärsvägen mfl,17.731864586365106,45.88336192109777
01800918,Engelbrekt 18 Gasklockorna,6.724153641031296,31.930184804928132
01800919,Engelbrekt 19 Lappkärrsberget Ö,48.362072645827,60.273972602739725
01801001,Hedvig Eleonora 1 Kv Rådjuret mfl,7.368417034945754,13.84083044982699
01801002,Hedvig Eleonora 2 Kv Bävern mfl,6.312290133597388,14.420358152686145
01801003,Hedvig Eleonora 3 Kv Ynglingen mfl,6.250010861951097,18.237704918032787
01801004,Hedvig Eleonora 4 Nybergsgatan mfl,5.317578209008426,12.879581151832461
01801005,Hedvig Eleonora 5 Östermalmstorg,9.394837585876672,14.606741573033707
01801006,Hedvig Eleonora 6 Nybroplan,6.597932286650325,16.446124763705104
01801007,Hedvig Eleonora 7 Tyskbagarområdet,5.560103114817653,16.858638743455497
01801008,Hedvig Eleonora 8 Kv Guldfisken mfl,6.671837669683646,16.073354908306364
01801101,Oscar 1 Djurgården,4.371722168840023,30.594405594405593
01801102,Oscar 2 Garnisionen-Diplomatstaden,5.67616704661876,8.360128617363344
01801103,Oscar 3 Strandvägen mellersta mfl,6.33911462021967,11.672185430463577
01801104,Oscar 4 Storgatan-Grevgatan mfl,5.011156900837033,14.274631497284718
01801105,Oscar 5 Strandvägen Ö mfl,7.352063500890945,13.456221198156681
01801106,Oscar 6 Karlaplan S,5.260218351492649,11.704634721131185
01801107,Oscar 7 Karlaplan V,6.7168367283952755,14.419329696024942
01801108,Oscar 8 Fältöversten mfl,5.396609928661441,16.493055555555557
01801109,Oscar 9 Gustav Adolfsparken,5.396474275366793,24.116743471582183
01801110,Oscar 10 Karlaplan N,4.679824228346658,9.420289855072463
01801111,Oscar 11 Starrängsringen S,6.72126938742847,23.639607493309544
01801112,Oscar 12 Tessinparken V,3.803435867092685,25.9946949602122
01801113,Oscar 13 Olaus Petris park mfl,4.927081047600765,27.00348432055749
01801114,Oscar 14 Tessinparken S,6.368770540051722,21.198957428323197
01801115,Oscar 15 Tessinparken N,6.441913954436893,29.20268972142171
01801116,Oscar 16 Rindögatan mfl,5.263219404670727,26.672311600338695
01801117,Oscar 17 Starrängsringen N,8.94943226480785,24.20212765957447
01801118,Oscar 18 Studentbacken mfl,14.941638814957365,28.790983606557376
01801119,Oscar 19 Sandhamnsgatan N mfl,11.893736184943632,46.666666666666664
01801120,Oscar 20 Smedsbacken,7.45687960252829,29.224137931034484
01801121,Oscar 21 Ladugårdsgärdet,7.045600674521787,19.347826086956523
01801122,Oscar 22 Kampementsbacken mfl,6.7491623570743124,33.333333333333336
01801123,Oscar 23 Tessinparken Ö,6.651656808937139,20.54673721340388
01801124,Oscar 24 Wittstocksgatan mfl,5.000002218196635,15.989628349178911
01801125,Oscar 25 Öregrundsgatan mfl,7.031801102463521,33.7360594795539
01801126,Oscar 26 Skeppargatan N mfl,4.91965206757361,18.768619662363456
01801301,Maria 1 Ivar Lo:s park mfl,6.329187608287853,51.40905209222886
01801302,Maria 2 Mariaberget V,5.906322558911952,53.54477611940298
01801303,Maria 3 Mariatorget V,8.529595100736238,58.333333333333336
01801304,Maria 4 Bergsgruvan,6.19750187476911,60.49180327868852
01801305,Maria 5 Mariatorget S,5.488542896061359,53.486464315012306
01801306,Maria 6 Mariatorget C,4.523854877745904,53.54838709677419
01801307,Maria 7 Skaraborgsgatan mfl,8.369081069947619,50.767754318618046
01801308,Maria 8 Södra station N,9.88295177291333,55.50373134328358
01801309,Maria 9 Södra station S,8.026918529261616,63.25431034482759
01801310,Maria 10 Södra station Ö,10.821293341234284,53.87177352206495
01801311,Maria 11 Södra station V,8.659735089816143,54.780114722753346
01801312,Maria 12 Fredmansgatan mfl,6.350183416146273,55.56561085972851
01801313,Maria 13 Mariaberget Ö,4.696602270466683,60.02066115702479
01801401,Högalid 1 Reimersholme N-Långholmen,4.7153885739462496,63.7997432605905
01801402,Högalid 2 Reimersholme S,4.680189916078988,65.65961732124875
01801403,Högalid 3 Pålsundsparken,6.241571042663474,51.04253544620517
01801404,Högalid 4 Högalidsgatan Ö mfl,5.474780272455307,55.74229691876751
01801405,Högalid 5 Bergsund S,5.889121916755296,60.09708737864078
01801406,Högalid 6 Tobakspinnargatan mfl,5.602251665879267,60.273972602739725
01801407,Högalid 7 Hornstull,8.659654022163506,54.58104933437745
01801408,Högalid 8 Bergsund N,6.529135408272078,58.9622641509434
01801409,Högalid 9 Högalidsparken,6.088384777799078,58.32727272727273
01801410,Högalid 10 Drakenberg,6.711328116482569,61.30884041331802
01801411,Högalid 11 Zinkensdamm N,10.126550284342029,62.1342512908778
01801412,Högalid 12 Skinnarviksparken,5.854838071317033,56.49087221095335
01801413,Högalid 13 Zinkensdamm Ö,6.9901820939938855,53.19548872180451
01801414,Högalid 14 Zinkensdamm V,5.904606979418326,66.24
01801415,Högalid 15 Rackarbergen,7.101693623512188,65.61032863849765
01801416,Högalid 16 Kv Svärdet-Skottet,10.730991958679592,59.746588693957115
01801417,Högalid 17 Zinkensdamms IP,6.449373222377143,57.27341964965727
01801418,Högalid 18 Lundagatan S mfl,8.14585860703624,58.66523143164693
01801419,Högalid 19 Heleneborg,4.996645087753396,55.136986301369866
01801420,Högalid 20 Folkskolegatan mfl,6.108583184172662,57.73624091381101
01801421,Högalid 21 Tanto,6.998548532015402,65.59917355371901
01801422,Högalid 22 Tobaksmonopolet,7.722647665742293,54.29864253393665
01801501,Katarina 1 Björns Trädgård,8.097526462895516,52.5
01801502,Katarina 2 Mosebacke,7.4700572149698905,49.46236559139785
01801503,Katarina 3 Katarina N,5.9071819671182295,55.93803786574871
01801504,Katarina 4 Axel Landquists park,6.0192297563049895,56.84647302904564
01801505,Katarina 5 Bondegatan V mfl,8.347192661852445,53.46534653465346
01801506,Katarina 6 Nytorgsg-Bondeg mfl,5.564484130157741,53.73831775700935
01801507,Katarina 7 Kv Linjalen mfl,16.013286074897085,66.60039761431412
01801508,Katarina 8 Medborgarplatsen-Skrapan,8.429661310692927,59.43992773261066
01801509,Katarina 9 Helgalunden,7.2266828981070095,58.312236286919834
01801510,Katarina 10 Kv Ingenjören-Ritaren,8.189186045302222,58.85623510722796
01801511,Katarina 11 Hallandsgatan mfl,5.584064649047194,59.421422986708365
01801512,Katarina 12 Eriksdal Ö,7.662235838605685,60.3035143769968
01801513,Katarina 13 Rosenlund,9.130474482231318,60.44362292051756
01801514,Katarina 14 Bjurholmsplan mfl,6.257344530992795,55.17786561264822
01801515,Katarina 15 Ölandsgatan mfl,12.4682678662508,54.92822966507177
01801516,Katarina 16 Blekingegatan Ö mfl,6.0157097806914805,57.254069355980185
01801517,Katarina 17 Gotlandsgatan Ö mfl,6.385124296149456,53.55612682090831
01801518,Katarina 18 Nytorget,5.49030353656825,57.63157894736842
01801519,Katarina 19 Nackas hörna,5.456537609811719,55.904334828101646
01801520,Katarina 20 Ringen,9.412178901546628,57.57057313943542
01801521,Katarina 21 Fatburen S,10.84416691866954,54.44015444015444
01801701,Sofia 1 Mandelparken,6.087481810459417,54.655493482309126
01801702,Sofia 2 Åsöberget,7.062163510365048,60.07428040854224
01801703,Sofia 3 Vita berget,7.6532476516499,55.13937282229965
01801704,Sofia 4 Stigbergsparken,5.126547973600613,53.70051635111876
01801705,Sofia 5 Sågargatan mfl,6.504483424269178,56.39686684073107
01801706,Sofia 6 Luma,7.628058408132278,47.929515418502206
01801707,Sofia 7 Kv Vitbetan,6.356251867608413,58.71313672922252
01801708,Sofia 8 Hammarby Allé Ö,6.940919945339803,40.56999161777033
01801709,Sofia 9 Skanstull,6.405168361563546,58.666666666666664
01801710,Sofia 10 Vintertullen,5.341690122605407,57.122708039492245
01801711,Sofia 11 Barnängen N,6.535043926483715,54.861111111111114
01801712,Sofia 12 Danviksklippan mfl,8.606819607105805,44.4967074317968
01801713,Sofia 13 Sickla udde,7.366594139812433,38.700823421774935
01801714,Sofia 14 Sickla kanal,5.876342027464234,44.412050534499514
01801715,Sofia 15 Mårtensdal,10.433750966359947,38.99765074393109
01801716,Sofia 16 Sickla Park,7.760679451099254,42.708333333333336
01801717,Sofia 17 Lugnet,7.831580288935146,45.040485829959515
01801718,Sofia 18 Rutger Fuchsgatan mfl,6.814585842011901,55.05857294994675
01801719,Sofia 19 Blecktornsområdet,5.13033546651985,58.99347623485554
01801720,Sofia 20 Klippgatan mfl,5.428233684543185,59.93000874890639
01801721,Sofia 21 Lumabryggan,7.705376946659862,43.327239488117
01801722,Sofia 22 Hammarbyterrassen,9.674624382053937,45.89783281733746
01801723,Sofia 23 Henriksdalshamnen,7.87515820534627,35.16386182462356
01801724,Sofia 24 Virkesvägen mfl,9.669899509732808,41.26679462571977
01801725,Sofia 25 Barnängen mellersta,6.517388877124249,58.889852558542934
01801726,Sofia 26 Barnängen S,6.2041338817760705,57.322551662174305
01801801,Kungsholm 1 Ture Nermans gränd mfl,7.178289709565769,34.430604982206404
01801802,Kungsholm 2 Pontonjärparken,6.889353574712108,31.179775280898877
01801803,Kungsholm 3 Celsiusgatan mfl,6.562710619633293,34.022394487510766
01801804,Kungsholm 4 S:t Eriksområdet,5.9968520620425325,30.457227138643066
01801805,Kungsholm 5 Kronoberg,7.2662755645926955,32.17054263565891
01801806,Kungsholm 6 Kungsholmstorg V,5.596138686582071,34.83935742971887
01801807,Kungsholm 7 Kungsholmstorg Ö,6.576995816727603,23.031496062992126
01801808,Kungsholm 8 Piperska muren,7.0940624802739345,28.28854314002829
01801809,Kungsholm 9 Kungsklippan mfl,9.656403279138702,32.47381144238517
01801810,Kungsholm 10 Ragnar Östbergs plan,5.701589828790197,35.03861003861004
01801811,Kungsholm 11 Barnhusviken,8.274766772545636,35.31598513011152
01801812,Kungsholm 12 Justitiabrunnen,6.518727568304108,29.155060352831942
01801813,Kungsholm 13 John Ericssonsgatan mfl,6.7879634414776495,29.92194275802255
01801901,S:t Göran 1 Fredhäll S,6.464162343145127,48.70517928286853
01801902,S:t Göran 2 Fredhäll N,7.582810829458152,41.8957345971564
01801903,S:t Göran 3 Fredhäll V,4.033134693291351,41.343424787133394
01801904,S:t Göran 4 Kristinebergsparken,10.398545219359022,40.340425531914896
01801905,S:t Göran 5 Kristinebergs strand,9.152702921466735,28.234183191690274
01801906,S:t Göran 6 Geijersvägen mfl,14.123195185467488,45.415318230852215
01801907,S:t Göran 7 Marieberg S,8.598704276683439,36.71328671328671
01801908,S:t Göran 8 Rålambshov,8.53965423561011,42.18455743879473
01801909,S:t Göran 9 Stadshagen N,14.95580418460003,41.44411473788328
01801910,S:t Göran 10 Svarvargatan V mfl,7.606428427530591,35.02824858757062
01801911,S:t Göran 11 Industrigatan mfl,9.830489625510323,34.905660377358494
01801912,S:t Göran 12 Kv Dykaren-Färjan,6.641252840023562,36.519114688128774
01801913,S:t Göran 13 Fridhemsplan V,8.77367872944643,43.319268635724335
01801914,S:t Göran 14 Kronobergsgatan N mfl,9.201966255186427,34.01206636500754
01801915,S:t Göran 15 Fridhemsplan S,7.111960117164649,35.51724137931034
01801916,S:t Göran 16 Lilla Västerbron,7.94658346677018,32.53706754530478
01801917,S:t Göran 17 Kv Karlsvik mfl,5.38253981453803,29.70498474059003
01801918,S:t Göran 18 Fridhemsplan Ö,9.747686173873813,39.87034035656402
01801919,S:t Göran 19 S:t Göransområdet,14.410206348874489,30.794701986754966
01801920,S:t Göran 20 Kv Trossen mfl,8.291134500515458,34.66204506065858
01801921,S:t Göran 21 Fredhäll mellersta,6.200323547228008,38.506304558680895
01801922,S:t Göran 22 Thorildsplan,8.985149255261435,41.82825484764543
01801923,S:t Göran 23 Nelly Sachs Park,13.106381216669192,41.43968871595331
01801924,S:t Göran 24 Kristineberg S,7.790552323669347,47.715289982425304
01801925,S:t Göran 25 Hornsbergs strand,10.883625943861455,34.123624047417444
01801926,S:t Göran 26 Stadshagen V,15.22527212460895,35.49039433771486
01801927,S:t Göran 27 Stadshagen Ö,14.899522864778701,44.28857715430862
01802101,Brännkyrka 1 Västertorp Ö,7.957608095050714,66.37931034482759
01802102,Brännkyrka 2 Västertorpsparken,11.218246472678292,65.52609067579128
01802103,Brännkyrka 3 Västertorp C,11.501659503724264,63.89351081530782
01802104,Brännkyrka 4 Västertorp V,19.750676481920404,62.35521235521235
01802105,Brännkyrka 5 Fruängen Ö,10.346608380096988,56.41461342395922
01802106,Brännkyrka 6 Fruängen mellersta,10.259397421001243,59.627906976744185
01802107,Brännkyrka 7 Fruängen N,9.927586371206766,61.351351351351354
01802108,Brännkyrka 8 Fruängen S,12.922241693898744,64.83632523759239
01802109,Brännkyrka 9 Herrängen V,3.8419383443107935,32.12221304706854
01802110,Brännkyrka 10 Långbroparken,5.622561342792947,49.18454935622318
01802111,Brännkyrka 11 Långsjö S,4.474828744394159,39.42969518190757
01802112,Brännkyrka 12 Älvsjö S,22.346144060531024,58.22532402791625
01802113,Brännkyrka 13 Långbrogårdsparken,5.137885558855624,41.544401544401545
01802114,Brännkyrka 14 Långbro V,5.138055599897939,41.08832807570978
01802115,Brännkyrka 15 Långbro Ö,11.317915520284037,45.847457627118644
01802116,Brännkyrka 16 Herr Stens väg mfl,20.538708071216114,51.52998776009792
01802117,Brännkyrka 17 Solberga V,14.934103693385085,61.74070716228468
01802118,Brännkyrka 18 Solberga Ö,15.601426655203761,62.27364185110664
01802119,Brännkyrka 19 Solberga mellersta,16.29707705446173,61.259338313767344
01802120,Brännkyrka 20 Liseberg,6.3301447683462095,51.76589303733603
01802121,Brännkyrka 21 Örby slott,10.751676725878552,47.62645914396887
01802122,Brännkyrka 22 Östbergahöjden,32.553807510530724,68.31432192648923
01802123,Brännkyrka 23 Gamla Östberga,17.525825522599305,56.75182481751825
01802124,Brännkyrka 24 Östbergabackarna,32.60950591466762,69.74299065420561
01802125,Brännkyrka 25 Herrängen Ö,3.216255379717736,43.22631166797181
01802126,Brännkyrka 26 Långsjö N,5.427334516143309,41.014799154334035
01802127,Brännkyrka 27 Fruängen V,13.903736631926437,53.68525896414343
01802128,Brännkyrka 28 Kristalltorget mfl,16.79463587850164,54.666666666666664
01802129,Brännkyrka 29 Älvsjö Ö,25.41821618895555,65.31671858774662
01802130,Brännkyrka 30 Gyllene Ratten,13.104391290806516,54.166666666666664
01802131,Brännkyrka 31 Älvsjö N,20.733404236074872,51.755175517551756
01802132,Brännkyrka 32 Älvsjö V,20.474022549580983,64.31192660550458
01802301,Vantör 1 Stureby N,7.50092598050553,46.326530612244895
01802302,Vantör 2 Sturebyhöjden,8.857764201428825,52.577319587628864
01802303,Vantör 3 Stureby C,5.966127100482735,43.537964458804524
01802304,Vantör 4 Stureby S,6.751168686808643,51.87343880099917
01802305,Vantör 5 Bandhagen Ö,16.451742501040076,66.14391143911439
01802306,Vantör 6 Bandhagen S,21.382442131708057,72.23910840932118
01802307,Vantör 7 Bäckahagen,14.579816969099511,65.38461538461539
01802308,Vantör 8 Högdalen Ö,21.804787409013713,67.16232961586121
01802309,Vantör 9 Högdalen mellersta,21.65263093652969,66.9054441260745
01802310,Vantör 10 Högdalen V,14.789187491051072,66.39919759277834
01802311,Vantör 11 Skebokvarnsvägen Ö mfl,18.597137310619388,72.87299630086314
01802312,Vantör 12 Skebokvarnsvägen N,14.848245635444208,61.32404181184669
01802313,Vantör 13 Örby V,11.260587275279192,43.76548307184145
01802314,Vantör 14 Örby S,6.893007102834784,42.29007633587786
01802315,Vantör 15 Örby N,8.121861134046986,39.897260273972606
01802316,Vantör 16 Snösätrahöjden,42.887790236737004,82.42574257425743
01802317,Vantör 17 Gillerbacken mfl,36.70798057929361,74.9171270718232
01802318,Vantör 18 Rågsved N,40.615302200098284,80.0
01802319,Vantör 19 Rågsved V,33.01402230682835,67.97619047619048
01802320,Vantör 20 Rågsved Ö,34.31037670474035,73.66362451108213
01802321,Vantör 21 Hagsätra Ö,29.426545392672313,60.83213773314204
01802322,Vantör 22 Hagsätra C,27.30726721831181,69.41489361702128
01802323,Vantör 23 Hagsätra V,36.40026800229856,77.05382436260624
01802324,Vantör 24 Ormkärr N,17.787079015237328,59.16114790286976
01802325,Vantör 25 Hagsätra N,33.59230362622191,66.53491436100131
01802326,Vantör 26 Rågsved C,41.78414266081795,78.77604166666667
01802327,Vantör 27 Bandhagen C,15.655518516923042,62.38145416227608
01802328,Vantör 28 Rågsved S,30.24342923745264,74.43324937027708
01802329,Vantör 29 Högdalen S,22.150585631110633,67.1858774662513
01802330,Vantör 30 Ormkärr S,29.442086952588873,64.23357664233576
01802331,Vantör 31 Högdalen C,21.398551874684365,65.0
01802332,Vantör 32 Bäckaskiftsvägen mfl,10.201622297446177,60.63394683026585
01802333,Vantör 33 Bandhagen N,16.223784298766052,65.82914572864321
01802501,Farsta 1 Svedmyra N,7.548139886644959,51.76194205168363
01802502,Farsta 2 Svedmyra S,11.510743159642606,61.22047244094488
01802503,Farsta 3 Tallkrogen N,10.82401677659008,55.60344827586207
01802504,Farsta 4 Olympiaområdet,5.479470879574982,49.08424908424909
01802505,Farsta 5 Gubbängen Ö,8.17373127528331,59.283088235294116
01802506,Farsta 6 Gubbängen S,9.342244216865586,63.29113924050633
01802507,Farsta 7 Gubbängen V,9.987172505518917,64.34108527131782
01802508,Farsta 8 Skönstaholm,11.598817641399618,71.80500658761528
01802509,Farsta 9 Lingvägen S,15.72326359138121,69.4327731092437
01802510,Farsta 10 Kryddhyllan,13.414653767474338,67.94055201698514
01802511,Farsta 11 Fagerlid,12.409021266173417,72.47311827956989
01802512,Farsta 12 Hökarängen V,14.178360637561422,71.6915995397008
01802513,Farsta 13 Fagersjö yttre,27.37206945144628,60.614525139664806
01802514,Farsta 14 Tallkrogen V,9.023719450948883,62.80276816608997
01802515,Farsta 15 Farsta Strand V,10.173904551823965,61.10659072416599
01802516,Farsta 16 Farsta Strand C,26.448392602425656,66.4292980671414
01802517,Farsta 17 Farsta Strand Ö,27.420277446215795,70.07575757575758
01802518,Farsta 18 Larsboda,14.139802530717244,51.24835742444152
01802519,Farsta 19 Hästhagen,21.630744815842586,64.62324393358877
01802520,Farsta 20 Ekebergabacken mfl,18.898568291080966,59.372026641294006
01802521,Farsta 21 Farsta C,17.437579581760485,63.163716814159294
01802522,Farsta 22 Farstaängen,22.75831534444302,64.99282639885223
01802523,Farsta 23 Nykroppagatan mfl,29.07122564053527,73.21688500727802
01802524,Farsta 24 Värmlandsvägen mfl,10.206021285658567,60.658307210031346
01802525,Farsta 25 Sköndal V,6.36161582898907,52.377049180327866
01802526,Farsta 26 Norra Sköndal,8.31279450945292,52.888086642599276
01802527,Farsta 27 Dalbrobranten mfl,6.924169377810656,53.11720698254364
01802528,Farsta 28 Stora Sköndal,12.125958197975272,54.77642276422764
01802529,Farsta 29 Sköndal C,11.487817567670746,53.889943074003796
01802530,Farsta 30 Torsbygatan mfl,24.487347236019772,63.09921962095875
01802531,Farsta 31 Fagersjö inre,32.100485814436915,69.91150442477876
01802532,Farsta 32 Västboda,25.508994827067696,71.52698048220437
01802533,Farsta 33 Ågesta Broväg mfl,14.435295806117248,58.035714285714285
01802534,Farsta 34 Kristinehamnsgatan S mfl,21.18642169393602,60.153677277716795
01802535,Farsta 35 Russinvägen mfl,14.336676745477096,68.69207003089598
01802536,Farsta 36 Karin Larssons väg mfl,9.683555990203017,49.56843403205919
01802537,Farsta 37 Hökarängen N,14.609354620459317,68.95388076490438
01802538,Farsta 38 Gubbängen N,9.489235655758415,57.83410138248848
01802539,Farsta 39 Östmarksgatan mfl,17.840147198000647,63.51531291611185
01802701,Bromma 1 Abrahamsberg S,9.45063990283457,43.862660944206006
01802702,Bromma 2 Abrahamsberg N,8.300186971618203,44.25339366515837
01802703,Bromma 3 Åkeslund mellersta,9.761568475714272,47.32824427480916
01802704,Bromma 4 Riksby N,13.567814576529251,43.53448275862069
01802705,Bromma 5 Åkeshov,14.863776188979585,49.647887323943664
01802706,Bromma 6 Riksby V-Brommaplan,14.863743172840131,43.81818181818182
01802707,Bromma 7 Riksby Ö,10.608792756987908,39.14342629482072
01802708,Bromma 8 Bromma kyrka S,5.373525969007655,22.93388429752066
01802709,Bromma 9 Bromma kyrka N,5.9176671221336585,24.605263157894736
01802710,Bromma 10 Beckomberga S,10.449690054789027,41.1313518696069
01802711,Bromma 11 Bällstavägen S mfl,4.343175698268681,31.062355658198616
01802712,Bromma 12 Norra Ängby Ö,7.39868894503417,37.82929399367755
01802713,Bromma 13 Norra Ängby V,8.20505920741327,46.646942800788956
01802714,Bromma 14 Blackeberg V,17.681483189839984,60.90909090909091
01802715,Bromma 15 Blackeberg mellersta,13.138531790837769,56.26880641925777
01802716,Bromma 16 Blackeberg gård,10.73171244584478,53.7037037037037
01802717,Bromma 17 Blackeberg Ö,17.001928273727497,58.810810810810814
01802718,Bromma 18 Södra Ängby,2.442032730137275,17.59581881533101
01802719,Bromma 19 Johannesfred Ö,11.146498368416626,51.83374083129584
01802720,Bromma 20 Johannesfred V,13.130915584038826,49.422875131164744
01802721,Bromma 21 Bällsta,7.913202235955365,33.58348968105066
01802722,Bromma 22 Beckomberga N,17.567624392630634,36.89745836985101
01802723,Bromma 23 Mariehäll S,9.442719726049019,40.19769357495881
01802724,Bromma 24 Blackeberg N,14.693431892490395,55.792682926829265
01802725,Bromma 25 Karsvikshage,4.8233758269130105,27.73913043478261
01802726,Bromma 26 Åkeslund V,11.197130573253569,47.2400513478819
01802727,Bromma 27 Eneby,5.923305125083777,29.40199335548173
01802728,Bromma 28 Annedalsparken,12.636834484426522,43.18381706244503
01802729,Bromma 29 Linaberg,12.038024940692825,40.376007162041184
01802730,Bromma 30 Beckomberga mellersta,16.25395457092668,46.966911764705884
01802731,Bromma 31 Blackeberg S,11.905171967990992,56.59397715472482
01802732,Bromma 32 Lönnebergaparken,12.656850828875205,42.629815745393635
01802733,Bromma 33 Mariehäll V,11.169733998818836,34.150464919695686
01802734,Bromma 34 Åkeslund Ö,8.171219555667761,49.69549330085262
01802735,Bromma 35 Mariehäll N,11.856804728922757,38.3248730964467
01802801,Essinge 1 Lilla Essingen mellersta,7.493541001160771,41.476274165202106
01802802,Essinge 2 Lilla Essingen N,8.256703279412566,44.73455178416014
01802803,Essinge 3 Stora Essingen S,6.2323588560587995,37.32912723449001
01802804,Essinge 4 Stora Essingen N,7.164170180071748,41.42857142857143
01802805,Essinge 5 Stora Essingen Ö,5.961765741514253,41.87035069075451
01802806,Essinge 6 Luxområdet,5.878939318115546,29.314420803782507
01802901,Västerled 1 Smedslätten V,3.9537700606191644,15.596330275229358
01802902,Västerled 2 Äppelviken,4.423723236462279,19.969742813918305
01802903,Västerled 3 Stora Mossen,4.596926464936,18.755477651183174
01802904,Västerled 4 Alvik,7.868181700211348,39.85431841831426
01802905,Västerled 5 Johannelund,9.768767923564418,45.8455522971652
01802906,Västerled 6 Traneberg S,7.392196934372204,45.861486486486484
01802907,Västerled 7 Traneberg Ö,6.973615499870794,43.29388560157791
01802908,Västerled 8 Minneberg,6.249122912213615,43.08943089430894
01802909,Västerled 9 Ulvsunda trädgårdsstad,9.109470788829315,31.020942408376964
01802910,Västerled 10 Nockebyhov V,6.420401551485926,30.240549828178693
01802911,Västerled 11 Nockebyhov Ö,3.2376554951772047,29.370008873114465
01802912,Västerled 12 Nockeby S,3.2010733827764923,17.602040816326532
01802913,Västerled 13 Nockeby N,3.7385605431258933,30.00831255195345
01802914,Västerled 14 Höglandet-Olovslund,4.18185633814271,16.08662026295437
01802915,Västerled 15 Ålsten S,1.8305251018973616,11.888111888111888
01802916,Västerled 16 Ålsten N,2.441865426526185,17.497812773403325
01802917,Västerled 17 Traneberg mellersta,7.755353546334984,42.01520912547529
01802918,Västerled 18 Ulvsunda N,8.190310304186617,42.38095238095238
01802919,Västerled 19 Smedslätten Ö,3.9191955364652316,21.43727161997564
01803101,Vällingby 1 Vällingby N,8.993729834242394,58.3639705882353
01803102,Vällingby 2 Vällingby V,23.229111108887025,54.94636471990465
01803103,Vällingby 3 Vällingby Ö,24.371858138058908,61.003861003861005
01803104,Vällingby 4 Vällingby C,26.21904096883555,65.96794081381012
01803105,Vällingby 5 Grimsta V,31.341399869697312,74.78386167146974
01803106,Vällingby 6 Grimsta Ö,32.98742374130832,65.02546689303905
01803107,Vällingby 7 Råcksta Ö,23.46964491630726,59.04860392967942
01803108,Vällingby 8 Råcksta V,24.18821677890806,62.98828125
01803109,Vällingby 9 Råcksta N,22.869563216867434,53.411764705882355
01803110,Vällingby 10 Nälsta Ö,11.992146783852503,42.72727272727273
01803111,Vällingby 11 Nälsta V,10.826363786980586,41.68141592920354
01803112,Vällingby 12 Grimsta mellersta,37.77640337043645,73.25905292479109
01803113,Vällingby 13 Kälvesta V,13.032115681328241,44.3170964660936
01803114,Vällingby 14 Kälvesta S,19.29582720178655,51.842751842751845
01803115,Vällingby 15 Vinsta V,19.371193016616328,46.618852459016395
01803116,Vällingby 16 Vinsta Ö,22.87518559750248,48.97680763983629
01803117,Vällingby 17 Råcksta S,36.45066648105055,57.178841309823675
01803118,Vällingby 18 Nälsta gård,22.08876920587252,44.60260972716489
01803119,Vällingby 19 Vällingby mellersta,29.903776191469348,66.39150943396227
01803120,Vällingby 20 Johannelund trädg.stad,22.596652635363,62.02749140893471
01803121,Vällingby 21 Vällingby Parkstad,36.04037757888077,55.10204081632653
01803122,Vällingby 22 Kälvesta Ö,15.959836368259538,42.79228149829739
01803401,Enskede 1 Årstaberg,7.4402674833110725,62.84965034965035
01803402,Enskede 2 Sköntorpsvägen V,6.617099763716256,64.49456975772765
01803403,Enskede 3 Siljansvägen V,8.403498980659865,61.65413533834587
01803404,Enskede 4 Årsta Centrum,9.294438358457958,67.50814332247558
01803405,Enskede 5 Valla torg V,12.733302901852529,62.02643171806167
01803406,Enskede 6 Valla torg Ö,12.637595374969395,67.9245283018868
01803407,Enskede 7 Långhalsvägen mfl,6.851240406991783,66.37309847878302
01803408,Enskede 8 Årstaskogen,6.284459842196915,66.53581943081453
01803409,Enskede 9 Sköntorpsvägen Ö,6.436551417897591,60.84608460846085
01803410,Enskede 10 Bolmensvägen mfl,8.596072396266088,61.70940170940171
01803411,Enskede 11 Gullmarsplan,11.427796029163387,57.01013513513514
01803412,Enskede 12 Skärmarbrink,11.494998020127404,56.21145374449339
01803413,Enskede 13 Blåsut,10.162835506256243,55.5352241537054
01803414,Enskede 14 Globen,8.881628816904284,52.27882037533512
01803415,Enskede 15 Enskede Gård N,9.383179124112555,55.315471045808124
01803416,Enskede 16 Enskede Gård S,7.944546903034344,50.857142857142854
01803417,Enskede 17 Enskedefältet,5.858357739852634,42.23790322580645
01803418,Enskede 18 Gamla Enskede S,3.7207048112471455,47.332185886402755
01803419,Enskede 19 Gamla Enskede N,3.9496398495021454,48.35640138408304
01803420,Enskede 20 Skogskyrkogården,6.034596326017129,53.83001049317944
01803421,Enskede 21 Dalen N,20.183967187381892,69.17885264341957
01803422,Enskede 22 Dalen S,18.065094558845455,69.66966966966967
01803423,Enskede 23 Enskede IP,11.928255233185029,55.44675642594859
01803424,Enskede 24 Dalen V,21.099849652598376,72.07207207207207
01803425,Enskede 25 Ottsjövägen mfl,6.612975837379408,65.2826855123675
01803426,Enskede 26 Årstavägen Ö,7.7902193860509525,60.17621145374449
01803601,Skarpnäck 1 Bagarmossen S,8.904346858517023,79.08067542213884
01803602,Skarpnäck 2 Brotorp,6.413570062492981,79.07716785998409
01803603,Skarpnäck 3 Ljusnevägen mfl,12.01924798223557,78.71690427698574
01803604,Skarpnäck 4 Bergsrådsvägen mfl,9.08866277413925,79.29759704251386
01803605,Skarpnäck 5 Bagarmossen N,27.134350907961437,77.2264631043257
01803606,Skarpnäck 6 Bagarmossen C,11.783894294911597,73.16810344827586
01803607,Skarpnäck 7 Skarpnäcks trädgårdsstad,3.168953944305685,61.41450313339302
01803608,Skarpnäck 8 Enskededalen Ö,3.9215867026243503,53.06971904266389
01803609,Skarpnäck 9 Kärrtorp S,7.635286885089274,73.77398720682302
01803610,Skarpnäck 10 Kärrtorp V,6.247251865304778,74.34456928838951
01803611,Skarpnäck 11 Björkhagen Ö,7.383861573508814,73.03877366997295
01803612,Skarpnäck 12 Björkhagen V,6.607411655469818,69.14715719063545
01803613,Skarpnäck 13 Björkhagen N,5.6642385231992485,69.24413553431799
01803614,Skarpnäck 14 Hammarbyhöjden S,6.685133162263043,65.29351184346035
01803615,Skarpnäck 15 Hammarbyhöjden N,5.589783517638843,58.24493731918997
01803616,Skarpnäck 16 Hammarbyhöjden Ö,6.959475609177294,65.08937960042061
01803617,Skarpnäck 17 Hammarbyhöjden NV,7.399746650485524,57.76458951533135
01803618,Skarpnäck 18 Skarpnäck Ö,16.981506343389324,71.05966162065894
01803619,Skarpnäck 19 Skarpnäck S-Orhem,16.7073401303447,72.96015180265654
01803620,Skarpnäck 20 Skarpnäck V,24.691313424372893,77.39938080495357
01803621,Skarpnäck 21 Pungpinan mfl,14.004830394078398,64.86486486486487
01803622,Skarpnäck 22 Hammarbyhöjden NÖ,6.223815635320638,62.75797373358349
01803623,Skarpnäck 23 Skarpnäck C,22.81801712039521,74.2798353909465
01803624,Skarpnäck 24 Bagarmossen V,10.852109316707722,76.931330472103
01803625,Skarpnäck 25 Enskededalen V,4.433892001024704,56.30952380952381
01803626,Skarpnäck 26 Kärrtorp mellersta,7.143483951294221,72.61904761904762
01803627,Skarpnäck 27 Björkhagen mellersta,6.916315565959745,72.24806201550388
01803628,Skarpnäck 28 Hammarbyhöjden mellan,6.473931277535627,60.092592592592595
01803629,Skarpnäck 29 Blåsut Ö,11.636646746304407,46.2756052141527
01803630,Skarpnäck 30 Kärrtorp N,6.9262604773169585,67.79475982532752
01803801,Hässelby 1 Hässelby Strand V,29.772472592950198,62.82782212086659
01803802,Hässelby 2 Hässelby Strand S,24.734339097001897,51.60183066361556
01803803,Hässelby 3 Hässelby Strand N,30.088891083902087,62.9973474801061
01803804,Hässelby 4 Hässelby Strand Ö,34.14623805161757,62.56218905472637
01803805,Hässelby 5 Hässelby slott,33.61137208679155,73.79518072289157
01803806,Hässelby 6 Hässelby Gård Ö,35.369418247074286,70.54491899852725
01803807,Hässelby 7 Hässelby Gård mellersta,30.57182754985221,69.21875
01803808,Hässelby 8 Hässelby Gård S,39.388331568257136,65.76980568011957
01803809,Hässelby 9 Hässelby Gård V,29.876728692670703,58.3732057416268
01803810,Hässelby 10 Hässelby Villast. mellan,12.46511327135379,33.6802270577105
01803811,Hässelby 11 Hässelby Villastad V,8.057692513977283,29.369918699186993
01803812,Hässelby 12 Hässelby Villastad Ö,14.63306487570358,39.249492900608516
01803813,Hässelby 13 Hässelby Villastad NV,15.528782030550381,47.39829706717124
01803814,Hässelby 14 Lövsta,13.04768227722062,38.44897959183673
01803815,Hässelby 15 Backlura N,14.85500184570315,37.33221476510067
01803816,Hässelby 16 Backlura S,20.38335742826044,42.73820536540241
01803817,Hässelby 17 Hässelby Villastad NÖ,28.09404871420559,55.3125
01803818,Hässelby 18 Smedshagen,27.09359246714199,62.23862238622386
01803819,Hässelby 19 Hässelby Villastad S,12.253169800766637,31.449407474931633
01803820,Hässelby 20 Hässelby Gård N,29.991243753294608,57.21854304635762
01803821,Hässelby 21 Hässelby Strand mellan,32.17266926730298,66.06875934230195
01803822,Hässelby 22 Ormängsgatan m fl,34.195495327610715,67.70428015564202
01803901,Hägersten 1 Nybohov V,19.23614318771447,62.54876462938881
01803902,Hägersten 2 Nybohov Ö,19.129161931251723,60.834454912516826
01803903,Hägersten 3 Stora Fågelsången,4.876429354442258,68.47246891651865
01803904,Hägersten 4 Gröndal C,4.813431819313798,65.70048309178743
01803905,Hägersten 5 Gröndal V,8.278425198247684,64.17736289381564
01803906,Hägersten 6 Ekensberg,7.1752867733562145,58.10234541577825
01803907,Hägersten 7 Gröndal N,5.47820183382383,62.95180722891566
01803908,Hägersten 8 Aspudden Ö,9.474143166224225,64.32561851556265
01803909,Hägersten 9 Aspudden C,6.14495550475827,64.95633187772926
01803910,Hägersten 10 Örnsberg,11.103592383826106,65.04950495049505
01803911,Hägersten 11 Vinterviken,10.209082391519473,69.38073394495413
01803912,Hägersten 12 Midsommarkransen N,5.874400225007544,64.14309484193012
01803913,Hägersten 13 Telefonplan V,9.762037152745403,56.91056910569106
01803914,Hägersten 14 Midsommarkransen S,7.3258995742039605,61.437335670464506
01803915,Hägersten 15 Svandammen,7.416921456051778,67.49399519615693
01803916,Hägersten 16 Midsommarkransen C,6.600030228764507,64.2134314627415
01803917,Hägersten 17 Korpmossen,8.853316444181264,57.142857142857146
01803918,Hägersten 18 Radiusparken,11.398411239497362,55.25328330206379
01803919,Hägersten 19 Hägerstensåsen S,12.941726599169623,57.03564727954972
01803920,Hägersten 20 Hägerstensåsen Ö,7.1046100785938355,62.589928057553955
01803921,Hägersten 21 Hägerstensåsen V,7.942388326605317,66.93404634581105
01803922,Hägersten 22 Hägerstensåsen N,7.343016022651755,59.67741935483871
01803923,Hägersten 23 Hägerstenshamnen,5.948482202026693,64.3076923076923
01803924,Hägersten 24 Axelsberg,7.168765055982011,58.476027397260275
01803925,Hägersten 25 Mälarhöjden Ö,5.847969318611074,48.324022346368714
01803926,Hägersten 26 Mälarhöjden mellersta,5.486299276173035,41.48430066603235
01803927,Hägersten 27 Mälarhöjden N,5.445265365593398,42.592592592592595
01803928,Hägersten 28 Mälarhöjden S,9.69552224968784,45.76757532281205
01803929,Hägersten 29 Nybodahöjden,10.217927572003308,54.76815398075241
01803930,Hägersten 30 Trekanten,11.919067219358237,56.80365296803653
01803931,Hägersten 31 Marievik,12.478104921615545,40.71810542398778
01803932,Hägersten 32 Liljeholmskajen V,9.544194398052328,48.568950563746746
01803933,Hägersten 33 Aspudden N,8.407399029647628,73.37883959044369
01803934,Hägersten 34 Klubbacken mfl,6.298536902517155,55.82990397805212
01803935,Hägersten 35 Midsommarkransen Ö,10.803198254485238,65.29516994633273
01803936,Hägersten 36 Västberga Ö,16.841685224528923,63.73390557939914
01803937,Hägersten 37 Årstadal,13.402648817296557,55.730533683289586
01803938,Hägersten 38 Gösta Ekmans väg mfl,8.276370948715433,65.56556556556556
01803939,Hägersten 39 Liljeholmstorget,13.276480397085855,52.24787363304982
01803940,Hägersten 40 Hökmossen mfl,11.810933402826784,58.64734299516908
01803941,Hägersten 41 Aspudden mellersta,6.207326889623029,64.74694589877836
01803942,Hägersten 42 Liljeholmskajen Ö,13.070825903099022,36.794986571172785
01803943,Hägersten 43 Hägerstensåsen mellan,7.117664475706557,64.52732003469211
01803944,Hägersten 44 Sjövikshöjden,10.75066397269856,49.752066115702476
01803945,Hägersten 45 Telefonplan Ö,9.55147663530506,68.95338610378188
01803946,Hägersten 46 Ekensbergskajen,8.42911137707577,50.158394931362196
01803947,Hägersten 47 Tellusborgsvägen S,11.75081340465122,47.12892741061755
01803948,Hägersten 48 Sjöviksbacken S,16.573457629959837,49.3485342019544
01804001,Skärholmen 1 Bredäng NÖ,28.233410844409097,78.67494824016563
01804002,Skärholmen 2 Bredäng NV,32.660085684757306,80.51434223541048
01804003,Skärholmen 3 Bredäng V,34.11431234974671,75.86206896551724
01804004,Skärholmen 4 Bredäng Ö,23.25462887265578,79.14777878513146
01804005,Skärholmen 5 Bredäng S,31.865433145592455,76.43540669856459
01804006,Skärholmen 6 Sätra N,37.88723722167445,75.79787234042553
01804007,Skärholmen 7 Sätra V,32.583861661980826,71.1031175059952
01804008,Skärholmen 8 Sätra S,35.44998083041271,77.8735632183908
01804009,Skärholmen 9 Vårberg N,31.507930260597544,75.72674418604652
01804010,Skärholmen 10 Portholmsgången mfl,43.275794872976014,81.92090395480226
01804011,Skärholmen 11 Ekholmshöjden,44.05397682026568,85.03067484662577
01804012,Skärholmen 12 Skärholmen S,37.161360227274336,71.90332326283988
01804013,Skärholmen 13 Skärholmens gård,38.50768660373848,70.38216560509554
01804014,Skärholmen 14 Stångholmsbacken mfl,40.20317074242007,76.47058823529412
01804015,Skärholmen 15 Vårberg S,45.68994352645792,77.98165137614679
01804016,Skärholmen 16 Vårbergs IP,42.47019498942559,76.34615384615384
01804017,Skärholmen 17 Vårberg V,29.290140328435132,64.27870461236506
01804018,Skärholmen 18 Sätra gård,22.829855181966177,68.29694323144105
01804019,Skärholmen 19 Skärholmen C,41.83800207756927,80.88235294117646
01804020,Skärholmen 20 Bredäng mellersta,32.750263880718975,79.00302114803625
01804021,Skärholmen 21 Vårberg C,39.90373372037239,84.23423423423424
01804101,Spånga 1 Sundby S,9.619133539399405,29.60470984020185
01804102,Spånga 2 Flysta,8.179104015548864,31.966643502432245
01804103,Spånga 3 Solhem Ö,8.138083888546435,36.371841155234655
01804104,Spånga 4 Solhem S,8.34153808367882,36.13251155624037
01804105,Spånga 5 Solhem V,6.114619053476472,35.54502369668246
01804106,Spånga 6 Solhem N,27.52935316516787,59.096176129779835
01804107,Spånga 7 Bromsten N,21.4074097102051,49.1448118586089
01804108,Spånga 8 Bromsten mellersta,22.260141790891776,53.403141361256544
01804109,Spånga 9 Bromsten S,27.279582968779096,42.669172932330824
01804110,Spånga 10 Hjulsta V,54.0973334501356,91.78255372945638
01804111,Spånga 11 Erikslund,47.734033909033926,83.76068376068376
01804112,Spånga 12 Nydal,54.44545998460151,83.16151202749141
01804113,Spånga 13 Tensta C,54.45133761250789,93.81188118811882
01804114,Spånga 14 Gullinge,56.72567685603224,90.59633027522936
01804115,Spånga 15 Risingeplan mfl,52.46100224162864,88.96746817538897
01804116,Spånga 16 Glömminge,52.028981912473405,91.38381201044386
01804117,Spånga 17 Rinkebysvängen N,40.24834034667532,91.73669467787114
01804118,Spånga 18 Rinkebystråket,53.39237372920525,91.94373401534527
01804119,Spånga 19 Rinkebysvängen V,49.46666572128953,86.74863387978142
01804120,Spånga 20 Kvarnbyvägen mfl,48.78660319124743,92.2235722964763
01804121,Spånga 21 Rinkeby C,51.64022313469857,93.17617866004963
01804122,Spånga 22 Rinkebysvängen Ö,62.36612389345456,94.23076923076923
01804123,Spånga 23 Rinkebysvängen S,52.08525325781981,94.93029150823827
01804124,Spånga 24 Spånga by,49.277008133887755,78.08564231738035
01804125,Spånga 25 Hjulsta Ö,47.24098626577799,84.5336481700118
01804126,Spånga 26 Spånga torg-Lunda,18.44304619124914,55.754189944134076
01804127,Spånga 27 Rinkeby mellersta,48.448928451598455,91.29930394431554
01804128,Spånga 28 Bromsten C,22.29859676182612,56.78271308523409
01804129,Spånga 29 Sundby N,37.93575523278715,52.30769230769231
01804130,Spånga 30 Bromsten V,21.019990585412796,56.32065775950668
01804201,Kista 1 Akalla C,56.29491374226788,79.46428571428571
01804202,Kista 2 Akalla Ö,56.02304932870272,78.13455657492355
01804203,Kista 3 Akalla N,57.239238585323875,72.74119448698316
01804204,Kista 4 Akalla V,40.88872081648789,73.17961165048544
01804205,Kista 5 Akalla S,42.51805000932123,73.83863080684597
01804206,Kista 6 Lofotenparken,53.64449031909652,79.47122861586314
01804207,Kista 7 Oslogatan,50.559590210971535,92.63038548752834
01804208,Kista 8 Nidarosgatan,53.390956012828624,87.54266211604096
01804209,Kista 9 Bergensgatan,51.09665274375272,89.49880668257757
01804210,Kista 10 Nordkapsgatan,47.10743735855194,85.22920203735144
01804211,Kista 11 Trondheimsgatan,51.783510118765626,92.26594301221166
01804212,Kista 12 Kista mellersta,43.99424426683983,72.18045112781955
01804213,Kista 13 Helsingörsgatan mfl,42.881669350642696,67.59868421052632
01804214,Kista 14 Kista V,45.07944609769202,68.66096866096866
01804215,Kista 15 Ärvinge S,46.16855437122304,76.38376383763837
01804216,Kista 16 Kista Gård,46.08814578846409,69.29347826086956
01804217,Kista 17 Ärvinge N,41.31488244192276,66.75191815856778
01804218,Kista 18 Kista S,37.95129605258332,68.6411149825784
01804219,Kista 19 Kista Ö,54.3801553038556,72.04819277108433
01804220,Kista 20 Husby C,52.58257134717342,80.66971080669711
01804221,Kista 21 Kista N,45.87296512817879,72.97297297297297
01810101,Södertälje 1 Södra-Värdsholmen,26.90841673647455,47.04595185995623
01810102,Södertälje 2 Saltskog östra,34.74845034611818,45.6490727532097
01810103,Södertälje 3 Saltskog västra,38.949042220326426,53.50609756097561
01810104,Södertälje 4 Västergård-Vibergen,29.620492806514054,40.5189620758483
01810105,Södertälje 5 Mariekälla södra,26.945725995613433,41.38728323699422
01810106,Södertälje 6 Västergård-Högmohöjden,41.37897984457188,43.07116104868914
01810107,Södertälje 7 Mariekälla norra,20.673131794737333,44.64646464646464
01810108,Södertälje 8 Centrum södra,26.200616850838294,44.48857994041708
01810109,Södertälje 9 Västra Blombacka,49.33667028182802,65.28
01810110,Södertälje 10 Tälje,25.256746286167786,42.91799787007455
01810111,Södertälje 11 Centrum norra,28.65975567560169,42.925278219395864
01810112,Södertälje 12 V. Bårsta - Blombacka,27.698534633830597,43.24631101021566
01810113,Södertälje 13 Bårstabergen östra,31.96640069764474,44.63327370304115
01810114,Södertälje 14 Snäckviken,43.661217575894405,55.57377049180328
01810152,Södertälje 52 Bårstafältet,51.92845535023049,44.921875
01810215,Södertälje 15 Glasberga,30.06920541434677,24.353628023352794
01810216,Södertälje 16 Östertälje,21.455496737247433,35.38899430740038
01810217,Södertälje 17 Fornbacka,45.557422838597205,59.58668197474167
01810218,Södertälje 18 Hagaberg-Majtorp,11.19567298083448,37.86407766990291
01810219,Södertälje 19 Rosenlund västra,23.476688387192123,41.37931034482759
01810220,Södertälje 20 Rosenlund östra,22.674091034839478,44.932432432432435
01810221,Södertälje 21 Grusåsen västra,23.514159476430606,41.29141886151232
01810222,Södertälje 22 Grusåsen östra,30.283734006891926,45.33799533799534
01810223,Södertälje 23 Brunnsäng östra,29.762294958814792,38.894907908992415
01810224,Södertälje 24 Brunnsäng västra,49.11545335128666,58.47328244274809
01810225,Södertälje 25 Bergvik,22.258921957147514,38.677354709418836
01810226,Södertälje 26 Fornhöjden,43.143968872868214,53.52348993288591
01810227,Södertälje 27 Viksberg,18.78592034713204,25.460455037919825
01810228,Södertälje 28 Ritorp,18.372223780938793,24.478694469628287
01810229,Södertälje 29 Ragnhildsborg,20.409148474332916,35.006435006435005
01810330,Södertälje 30 Pershagen,11.33220028458548,29.986876640419947
01810331,Södertälje 31 Hovsjö norra,62.80074528648562,71.99211045364892
01810332,Södertälje 32 Hovsjö södra,49.94580769624374,55.84905660377358
01810333,Södertälje 33 Hovsjö-Tveta,42.90712982284603,47.59036144578313
01810435,Södertälje 35 Enhörna-Ekeby,12.231765298123689,29.913606911447083
01810436,Södertälje 36 Enhörna västra,2.7888663965325255,31.30755064456722
01810640,Södertälje 40 Vårdinge,5.276433252865821,47.80844155844156
01810741,Södertälje 41 Järna centrum,7.176643376405087,50.345622119815665
01810742,Södertälje 42 Järna norra,13.693111823742356,53.90713476783692
01810743,Södertälje 43 Järna västra,5.245570945357696,42.50902527075812
01810744,Södertälje 44 Järna-Kallfors,6.960953747287031,27.726120033812343
01810745,Södertälje 45 Järna landsbygd,5.152844425880927,39.39679547596607
01810746,Södertälje 46 Järna östra,6.118261204798205,48.99103139013453
01810848,Södertälje 48 Hölö-Mörkö,3.61992156415486,40.957015409570154
01811047,Södertälje 47 Hölö västra,5.224294809783568,34.05275779376499
01811250,Södertälje 50 Geneta södra,34.89033183436419,27.88888888888889
01811251,Södertälje 51 Geneta norra,51.73492400914669,47.704081632653065
01811253,Södertälje 53 Ronna södra,54.90571132603037,48.77479579929988
01811254,Södertälje 54 Ronna västra,48.488830900393985,47.239263803680984
01811255,Södertälje 55 Ronna norra,58.65067618834402,69.23076923076923
01811256,Södertälje 56 Ronna-Karlhov,46.014195824763846,45.88364434687157
01811257,Södertälje 57 Lina västra,42.991641021701014,41.59907300115875
01811258,Södertälje 58 Lina östra,26.654281459125976,28.47457627118644
01811259,Södertälje 59 Glasberga V-Gärtuna,22.750402794758312,32.62342691190707
01820101,"Danviken, Saltsjöqvarn",5.163255387619169,36.11676849966056
01820102,Henriksdal,17.713147868946123,59.22222222222222
01820103,Finnboda,7.219515160361343,36.7862969004894
01820104,"Finnberget, Kvarnholmen V",8.580421866638277,36.67820069204152
01820106,Kvarnholmen NÖ,9.100124889288528,24.01193139448173
01820107,Kvarnholmen SÖ,10.463219736113961,27.22710163111669
01820110,Sickla V,6.632528271251238,40.52583862194016
01820111,Alphyddan,9.032658687684187,51.289989680082556
01820112,"Sickla Ö, Tallbacken",5.803666884725788,52.95220243673852
01820113,"Nysätra, Hästhagen, Ekudden",6.910762607567023,43.07065217391305
01820114,Järla sjö,4.647489458600497,39.90007137758744
01820115,Finntorp S,8.593047742431096,47.674418604651166
01820116,"Finntorp N, Marinstaden, Birka",8.454037855173857,44.38775510204081
01820117,"Järlahöjden, Nya gatan",13.43619687249359,36.939890710382514
01820118,"Lillängen, Storängen",5.332908278825442,28.837209302325583
01820119,"Nacka strand, Vikdalen",7.764299598883156,26.589147286821706
01820121,Jarlaberg N,12.367230848289692,47.74255523535062
01820122,Jarlaberg S,10.108374784080176,41.342486651411136
01820123,Nacka Centrum,18.930708781820886,42.93148308759757
01820124,Skogalund,10.07144869715261,38.1791483113069
01820125,"Ekängen, Saltängen V",5.818676437495434,31.329113924050635
01820126,"Saltsjö-Duvnäs, Saltängen Ö",3.732859427452805,25.71849668386146
01820127,Ektorp,10.327476559972741,41.968503937007874
01820128,Skuru,8.61713907206567,25.904605263157894
01820129,Duvnäs Utskog,4.616081669598161,35.74660633484163
01820132,Fisksätra V,33.58908042086838,71.68141592920354
01820133,Fisksätra Ö,38.46731048716264,76.55677655677655
01820134,Fisksätra S,36.22869057927309,59.055982436882545
01820135,Fisksätra N,43.10990259134577,73.97820163487738
01820161,Kolarängen,4.079740722435908,37.76508972267537
01820162,Älta gård,3.2446454417504365,38.10252486610558
01820163,Stensö N,17.409923369366656,51.238850346878095
01820165,Stensö S,22.993617464735326,57.78894472361809
01820166,Hedvigslund,5.077530085273457,39.26605504587156
01820167,Sigfridsborg,4.475765634545555,39.68503937007874
01820168,"Ältadalen, Södra Hedvigslund",5.019782643046297,36.64539653600729
01820201,"Skogsö, Baggensudden, Neglinge N",4.3181950682976264,18.09917355371901
01820202,"Igelboda, Neglinge S",3.84454813961755,17.699115044247787
01820203,"Igelbodaplatån, Ljuskärrsberget",7.962355988847244,33.21523472099203
01820204,"Tattby, Solsidan N",4.640247281270696,13.835198372329604
01820205,Rösunda,2.625350456778193,13.629283489096574
01820206,"Solsidan S, Älgö",4.390465021539215,13.019607843137255
01820301,"Lilla Björknäs, Björknäs N",5.387266976790333,27.91164658634538
01820302,Björknäs S,9.698826448717735,38.4046052631579
01820303,"Eknäs Ö, Hjortängen, Lännersta V",5.567785963884184,24.420289855072465
01820304,Lännersta N,2.413713656845779,23.56647763074984
01820305,Lännersta S,4.654685170201421,20.90909090909091
01820306,Källvägsområdet,5.372180421467445,27.997637330183107
01820307,Krokhöjden,9.038637562782068,49.14370811615785
01820308,Orminge C,18.434245262395134,47.63705103969754
01820309,Orminge S,18.578801169328163,54.92505353319058
01820310,Orminge N,17.612186005918556,52.67175572519084
01820311,Orminge Ö,5.296265804978071,44.99252615844544
01820312,"Hasseludden, Kummelnäs V",7.498257515693559,28.487518355359764
01820314,"Gustavsvik, Insjön, Velamsund",4.034115266449933,27.08150744960561
01820315,"Mensättra, Eriksvik",6.525779341394895,26.666666666666668
01820316,"Eknäs V, Tollare V",6.14107957814389,31.59922928709056
01820317,Tollare Ö,7.543241785545267,24.034003091190108
01820318,Kummelnäs Ö,4.4817773451963,33.45487693710118
01820319,Vikingshill,4.3109998345675145,25.843881856540083
01830101,Lilla Alby Östra,12.763651958030765,47.16227018385292
01830102,Lilla Alby Mellan,9.880336395143495,43.27217125382263
01830103,Lilla Alby Signalfabriken,11.993675869197583,42.99132947976879
01830104,Centrala SBG Kyrkparken,10.344009264867497,45.32304725168756
01830105,Centrala SBG Östra,10.423167185934043,40.85948158253752
01830106,Centrala SBG Mellersta,10.033981301806243,43.6498150431566
01830107,Centrala SBG Esplanaden,9.241204625551596,47.83047426841574
01830108,Centrala SBG Västra,6.974256123486097,44.29447852760736
01830109,Centrala SBG Norra,7.356861011795265,45.675020210185934
01830110,Tulemarken,9.646516278636295,46.62104362703165
01830111,Storskogen Västra,12.425759666695097,45.67901234567901
01830112,Storskogen Östra,11.768989464235798,51.20240480961924
01830113,Ör,23.873870977161047,58.983050847457626
01830114,Hallonbergen Norra,42.259297504648785,59.57095709570957
01830115,Hallonbergen Östra,42.11882371796728,68.70748299319727
01830116,Hallonbergen Västra,49.217686150585735,73.86666666666666
01830117,Duvbo Södra,10.95797056685593,39.269406392694066
01830118,Duvbo Norra,8.318423674505832,32.25433526011561
01830119,Rissne Sydvästra,33.61285989297239,66.83316683316683
01830120,Rissne Nordvästra,38.4808469407013,67.67189384800965
01830121,Rissne Nordöstra,38.76926086751601,70.6992230854606
01830122,Rissne kv. Skvadronen m.fl.,30.631982944571185,62.612612612612615
01830123,Stora Ursvik Milot,20.276211170028176,41.0828025477707
01830124,Brotorp/Kymlinge,15.81036991351313,39.74025974025974
01830125,Centrala SBG Tornparken,8.57947203383481,44.338807260155576
01830126,Stora Ursvik Kvarnkullen,33.30663855991821,53.84615384615385
01830127,Stora Ursviks Gård,31.467474140303686,62.73809523809524
01830128,Lilla Alby Bällstaviken,10.398683529743456,38.072965388213284
01830129,Stora Ursvik Forskningsringen,26.23448843031776,62.73809523809524
01830130,Lilla Ursvik,15.449147526163834,36.874051593323216
01830131,Hallonbergen Mellan,47.756483503326585,80.39950062421973
01830132,Rissne kv. Batteriet m.fl.,34.831318948834344,63.9549436795995
01830133,Stora Ursvik Västra,33.112531159654075,59.41422594142259
01840101,1 Järvastaden S,19.824493359497108,43.24853228962818
01840102,2 Ritorp-Nya Ulriksdal,27.999520945903722,47.24473257698541
01840103,3 Kungshamra,33.510335460614186,62.13740458015267
01840104,4 Bergshamra Ö,15.278952811373411,44.255744255744254
01840105,5 Haga,24.63717421643692,45.55229716520039
01840106,6 Huvudsta Ingenting,30.362289696439316,43.529411764705884
01840107,7 Huvudsta SO - Västraskogen,20.185448860343744,50.13901760889713
01840108,8 Huvudsta S,20.324883758017407,49.38373048479868
01840109,9 Huvudsta Centrum Ö,22.156942555565983,48.79852125693161
01840110,10 Huvudsta N,14.82431897064518,42.254901960784316
01840111,11 Huvudsta V,32.27471814436215,51.34575569358178
01840112,12 Huvudsta SV,25.57922780010989,44.402277039848194
01840129,29 Frösunda N,17.268985843706048,32.369477911646584
01840131,31 Frösunda Centrum,16.44893307103966,32.11243611584327
01840132,32 Bergshamra N,21.76858548205555,53.06122448979592
01840133,33 Bergshamra S,10.754511074667677,50.700525394045535
01840134,34 Ulriksdal- Bergshamra,19.1286047475195,58.74190564292322
01840135,35 Huvudsta Ö,40.576144590482976,51.58069883527454
01840137,37 Agnesberg,20.895890387855044,51.821862348178136
01840138,38 Bagartorp,27.917088027734945,57.833089311859446
01840139,39 Huvudsta Centrum V,21.299471634898023,49.851042701092354
01840142,42 Järvastaden N,17.480247963046494,34.800664451827245
01840143,43 Ritorp S-Frösunda,18.9861732961609,38.95853423336548
01840144,44 Huvudsta pampasparken,32.93329875555659,44.76190476190476
01840146,46 Järvastaden V,24.771587333727915,41.658630665380905
01840213,13 Skytteholm SO,21.934856203292494,46.553446553446555
01840214,14 Skytteholm S,17.535631896073834,50.29635901778154
01840215,15 Solna Centrum,20.79421241275025,43.145161290322584
01840216,16 Skytteholm SV,18.07148880079522,45.26578073089701
01840217,17 Råsunda SV,15.021577681409635,44.16203335980937
01840218,18 Råsunda Centrum,12.907463760077256,37.570621468926554
01840219,19 Råsunda V,12.626141115462705,43.42688330871492
01840220,20 Råsunda Filmstaden,10.793219457563698,39.42028985507246
01840221,21 Råsunda N,12.53081298294485,39.76861894432393
01840222,22 Arenastaden,22.600291494682338,38.7037037037037
01840223,23 Råsunda SO,12.193397645355525,41.59802306425041
01840224,24 Råsunda Ö,17.029048481127845,44.0
01840225,25 Haga Norra,12.474269730394075,42.4446583253128
01840226,26 Hagalund NV,29.039925627570067,61.33200795228628
01840227,27 Rudviken Västravägen,23.81996962639462,48.50136239782017
01840228,28 Hagalund S,29.547988925553277,61.452513966480446
01840230,30 Frösunda S,20.554689109535342,51.785714285714285
01840236,36 Råsunda NV - Näckrosen,9.536023874361339,42.38714613618975
01840240,40 Skytteholm N,12.720228570188233,41.64759725400457
01840241,41 Råsunda NO,12.051965971530882,40.28722600151172
01840245,45 Hagalund N,23.755332662770666,58.64592863677951
01860101,Sticklinge N,4.316197180088361,10.468521229868228
01860102,Sticklinge S - Islinge,3.468751435860105,18.371757925072046
01860103,Näset V,7.618994428088821,35.60311284046693
01860104,Näset Ö,6.559925620399951,26.286619160728424
01860105,Bo - Björnbo,3.3888727758017003,13.538205980066445
01860106,Rudboda V - Bosön,4.698847797951583,22.924600152322924
01860107,Rudboda Ö - Yttringe - Elfvik,3.681379101084809,18.44569288389513
01860108,Torsvik N - Hersby N,4.083170178324763,14.651721377101682
01860109,Torsvik S - centrum,7.932807433497565,24.900556881463803
01860110,Herserud,4.788043553168471,16.92084241103849
01860111,Hersby S,5.019690752167739,17.087667161961367
01860112,Baggeby,10.481336008548427,34.593572778827976
01860113,Bodal,6.948113436661431,31.746031746031747
01860114,Hersby SÖ - Mosstorp,5.349835229684546,25.591098748261473
01860115,Gångsätra V,27.7883509772123,52.663438256658594
01860116,Larsberg N,19.806949000465753,45.743034055727556
01860117,Larsberg S,17.7957741863166,46.45426515930113
01860118,Gångsätra Ö,5.106723609076591,20.581818181818182
01860119,Skärsätra,7.917458031493827,28.72340425531915
01860120,Stockby - Mölna V - Fjäderholmarna,4.272180996916995,19.047619047619047
01860121,Mölna Ö - Brevik V,5.594073639783064,17.173252279635257
01860122,Brevik Ö - Käppala S,5.089916377516605,13.615384615384615
01860123,Gåshaga,5.365301911047635,9.849086576648133
01860124,Ekholmsnäs - Killinge,6.822423961193557,22.015655577299412
01860125,Käppala N,22.700701649911917,41.46634615384615
01860126,Dalénum,6.943596390766363,20.065359477124183
01870101,Vaxön Öst-Tynningö,3.308067341269285,27.861579414374447
01870102,Vaxön Mitt,4.114180024066927,33.74741200828157
01870103,Vaxön Väst-Karlsudd,7.999494552144259,33.30161750713606
01870104,Resarö Väst,3.1752896089604223,21.407035175879397
01870105,Resarö Öst,2.638495000007321,20.195121951219512
01870106,Rindö-Skarpö,3.062361097455785,25.500770416024654
01870107,Kullö-Eriksö-Bogesund,7.679059816063056,31.121076233183857
01880101,Norrtälje - Kvisthamra,2.8714943039423075,38.8366124893071
01880102,Norrtälje - Flygfältet,8.88073697928241,48.56194690265487
01880103,Norrtälje - Grossgärdet - Nordrona,13.783054798190628,43.65384615384615
01880104,Norrtälje - Bryggården,7.661484256109,44.903988183161005
01880105,Norrtälje - Övre Bryggårdsgärdet,15.307455282072059,43.19281271596407
01880106,Norrtälje - Gransäter,6.890669835329928,34.923857868020306
01880107,Norrtälje - Grind,4.920048479111339,40.90520922288642
01880108,Norrtälje - Solbacka - Fågelsången,4.0841710723882265,41.865844255975325
01880110,Norrtälje - Vigelsjö,12.108629501829332,50.606394707828
01880111,Norrtälje - Stadskärnan,3.8909830709724877,38.96907216494845
01880112,Norrtälje - Bältartorp,6.02327668482127,38.73295910184443
01880113,Norrtälje - Norra,4.9747954348177865,44.608399545970485
01880114,Norrtälje - Norrtälje hamn,7.227222646349622,28.0
01880115,Norrtälje - Östra,3.8249155772384786,31.085714285714285
01880201,Väddö Södra,4.179213672840463,32.68348623853211
01880301,Väddö Norra,1.9610930754815783,34.189031505250874
01880302,Älmsta,6.012194329869714,37.2236958443855
01880501,Hallsta - Centrum,15.092235632809565,46.92556634304207
01880502,Hallsta - Norra,16.401911955729776,45.784695201037614
01880503,Herräng,2.56540680863375,37.78735632183908
01880504,Edebo och Häverö,3.4261138052725877,33.705357142857146
01880801,Edsbro och Ununge,2.88749766834155,34.59069020866774
01880901,Fasterna,4.017319705853528,30.776515151515152
01881001,Rimbo - Bålbro-Västertorp,15.398739011777685,37.605238540692234
01881002,Rimbo - Centrum - Långsjö,8.34714287189027,37.84355179704017
01881003,Rimbo - Östra & Rö,5.356513787739994,31.640979147778786
01881004,Rimbo - Håsta-Vallby,10.681317834915637,43.277723258096174
01881101,Skederid och Husby-Sjuhundra,3.2337289712564905,30.15267175572519
01881401,Gottröra och Närtuna,3.3877803620273217,26.09117361784675
01881601,Lohärad - Malsta,1.3624943745772609,28.45953002610966
01881801,Estuna,3.9904737713965086,33.00970873786408
01881901,Söderbykarl,3.445333081072619,29.49886104783599
01882001,Roslags-Bro,2.608103769334798,29.386343993085568
01882101,Vätö,2.4807528397930736,32.27771010962241
01882201,Rådmansö - Västra,2.577818954520473,28.905419766206165
01882202,Rådmansö - Östra,2.6079136396635656,29.152542372881356
01882301,Frötuna - Östra,2.1172173072738327,29.515757109915448
01882302,Frötuna - Västra,7.0438547040502195,33.86363636363637
01882401,Blidö,1.1461371346058933,34.36724565756824
01882501,Bergshamra,2.7976105237235034,30.89311859443631
01882502,Hysingsvik,2.0312346592055004,30.048780487804876
01882601,Riala,2.3422637008313507,28.712871287128714
01910101,Sjudargården-S:t Per,6.677464328937881,23.67986798679868
01910102,Centrala Sigtuna-Utsikten-Viken,6.345556320864643,27.131782945736433
01910103,Brännbo-Klockbacken,15.30920242706179,30.75523202911738
01910122,Norra Sigtuna-Prästängen,9.142509008035788,24.978540772532188
01910125,Stadsängarna-Ragvaldsbo,14.52387929186032,36.36363636363637
01910204,Munkholmen,8.393374237419511,21.248630887185104
01910205,Björkbacka-Charlottenberg-Til,12.898659610003973,25.838264299802763
01910226,Rävsta-Steningehöjden,21.578808805708558,36.24454148471616
01910605,Arenberga,25.500949295335914,41.44282425172678
01910606,Östra Norrbacka-Rolsta,38.88658879951415,57.29032258064516
01910607,Gamla Märsta,29.98161591855655,53.34088335220838
01910608,Sätuna,30.04407797588773,50.0
01910609,Norra Ekilla,18.302591313410897,39.38618925831202
01910610,Centrala Märsta,33.85529626132864,50.130548302872064
01910611,Sundveda-Södra Ekilla,29.775382522682705,48.57954545454545
01910612,Tingvalla,53.44306934442596,74.39393939393939
01910617,Odensala,7.363768613420516,23.042998897464166
01910624,Nymärsta,36.304336566507665,62.900763358778626
01910819,Norra Rosersberg-Skånela,9.489675715428808,25.27114967462039
01910820,Södra Rosersberg,16.989605760929972,34.21658986175115
01910918,Lunda-Skepptuna-Vidbo,3.855371738028033,28.170731707317074
01911213,Östra Valsta,50.60728800247132,69.57104557640751
01911214,Norra Valsta,46.81183733603671,70.26647966339411
01911215,Valsta Centrum,52.04522283343359,70.53333333333333
01911216,Östra Steninge,31.414114160091916,50.80545229244114
01911221,Västra Steninge,24.035279834586518,46.85314685314685
01911223,Södra Valsta,48.62039046915811,70.02212389380531
01911224,Steninge slottsby,25.475039263910986,35.1575456053068
01920101,Nynäshamn  1 Sandhamn,5.677733893002789,40.0
01920102,Nynäshamn  2 Estö Ö,8.27439345428954,37.175141242937855
01920103,Nynäshamn  3 Estö V,8.238169385563635,41.283422459893046
01920104,Nynäshamn  4 Centrala Nynäs,7.496390229739932,44.9215524360033
01920105,Nynäshamn  5 Gröndal,12.995832656915338,50.079744816586924
01920107,Nynäshamn  7 Via,4.271441318212856,42.673107890499196
01920108,Nynäshamn  8 Kullsta,7.104913953366941,41.580756013745706
01920109,Nynäshamn  9 Nicksta,28.391749170012794,59.851694915254235
01920110,Nynäshamn 10 Vaktberget,18.185226633736267,44.44444444444444
01920111,Nynäshamn 11 Hacktorp,5.997791529035286,38.63013698630137
01920218,Nynäshamn 18 Sorunda S,3.445413077263813,31.666666666666668
01920219,Nynäshamn 19 Mellersta Sorunda,3.4526700198119826,27.745664739884393
01920220,Nynäshamn 20 Sorunda N,3.5614699067690267,28.365384615384617
01920317,Nynäshamn 17 Torö,3.5367941830016307,28.77358490566038
01920413,Nynäshamn 13 Ösmo V,13.486223051149944,39.40217391304348
01920414,Nynäshamn 14 Ösmo Ö,12.860080573487334,46.59318637274549
01920415,Nynäshamn 15 Ösmo S,7.530229039019559,35.237173281703775
01920416,Nynäshamn 16 Ösmo N,2.8421296694065954,27.596153846153847
03050101,Mansängen - Draget,22.625176471915793,40.80416976917349
03050102,Skörby - Gillmarken,6.214296187778929,28.929765886287626
03050103,Västerängen - Åkerby,5.916036500922114,31.90909090909091
03050104,Råby - Frösunda,3.1373159148723286,22.95623451692816
03050106,Väppeby äng - Kalmarsand,5.950391186720639,30.78880407124682
03050107,Väppebyberget - Viby äng,4.91433227329374,27.1513353115727
03050206,Gamla Bålsta - Pomona,7.174799403672701,36.17777777777778
03050207,Åsenområdet,5.952581643758255,33.391761612620506
03050309,Häggeby - Övergran,4.66504633427722,24.47833065810594
03050310,Krägga - Graneberg,6.274105781347047,26.327769347496208
03050410,Skokloster,5.0906024073477205,26.090993500464254
03190106,Gårdskär,4.193459049225049,39.31203931203931
03190107,Östanån,3.7712891987555683,37.563025210084035
03190108,Älvkarleö bruk - Marma,3.987253412956336,36.006051437216335
03190202,Jungfruholmen,8.873750439530102,38.90649762282092
03190204,Skutskärs Centrum,18.234075765107203,51.51964418087472
03190205,Boda,5.02453462716474,39.37442502299908
03303259,Lagga - Östuna,2.948144588997077,27.68860353130016
03303363,Vassunda,3.706568688538899,30.484037075180225
03303364,Norra Alsike,8.552908605859205,32.41232731137088
03303365,Vrå,7.967010914749339,32.06429780033841
03303366,Boängen,7.050586356635251,27.027027027027028
03303369,Sågen,15.366169380686273,43.69063772048847
03303566,Tallbacken,18.364255667393543,49.74747474747475
03303567,Östra Knivsta,4.479768853767229,36.94581280788177
03303568,Södra Knivsta,18.17930989943293,40.29126213592233
03303570,Västra Knivsta,13.446915171927774,44.818304172274566
03303571,Gredelby,10.12054484899484,44.00785854616896
03303775,Husby - Långhundra,2.345059117194008,20.59973924380704
03310101,Västerlövsta Västra - Enåker,8.986039507044074,41.525995948683324
03310102,Västerlövsta Östra - Huddunge,7.160979017808665,34.14080242240727
03310405,Morgongåva,10.94594724611322,40.483768300445576
03310508,Tärnsjö,3.045452302812492,28.4
03310609,Östervåla,4.147439152175885,33.11097634930261
03310711,Harbo,3.134818021320565,30.024610336341265
03600101,Vallskoga,5.01033655025607,38.19386909693455
03600102,Tierps köping södra,17.73487940523534,56.932153392330385
03600103,Tierps köping norra,8.141641368763343,40.688259109311744
03600104,Svanby,14.77617753883283,45.34101825168108
03600302,Örbyhus Sydväst,5.557867892065923,46.846846846846844
03600303,Örbyhus Nordost,5.629149798809631,45.40229885057471
03600305,Vendel,2.494323505336686,31.18881118881119
03600406,Tobo,6.636829795230856,39.473684210526315
03600508,Kyrkbyn,8.419784442602738,27.376425855513308
03600510,Månkarbo,2.6138910939848325,28.75143184421535
03600611,Söderfors,11.600913735170687,45.40983606557377
03600713,Västland - Karlholm,4.621668288241064,40.8130081300813
03600817,Skärplinge,1.3601418039496143,36.317567567567565
03600918,Hållnäs,1.3029319426902146,37.89004457652303
03800001,Fjärdingen-Vasaparken,4.88345545313274,37.63326226012793
03800002,Fjärdingen-Sankt Johannes,10.06084050546381,54.519505233111325
03800003,Fjärdingen-Odinslund,7.334709124679762,47.30046948356807
03800004,Luthagen östra,8.88163408546274,51.97604790419162
03800005,Fjärdingen-Orphei Drängars plats,6.718377992571566,41.666666666666664
03800006,Centrum-Linnéträdgården-Mikaelsplan,10.215641439294407,48.31552999178307
03800008,Centrum-Stora torget,25.672942080693133,42.00848656294201
03800009,Centrum södra,11.04808176062176,44.044665012406945
03800010,Centrum-Samariterhemmet,13.21304610878041,48.92008639308855
03800011,Höganäs västra,9.52335925377264,44.5945945945946
03800012,Centrum-Höganäs-Kvarnen,10.431893894670585,49.379932356257044
03800013,Fålhagen-Östra station,8.849925157147633,45.374015748031496
03800014,Kungsängen mellersta,8.579919814389715,44.766839378238345
03800015,Kungsängen södra,19.37389518355696,50.31674208144796
03800016,Kungsängen-Hovstallängen,12.7211076010527,49.13127413127413
03800017,Kungsängen västra,9.305668630788352,40.31719532554257
03800018,Kungsängen nordöstra,14.50952382427381,56.905660377358494
03800042,Svartbäcken södra,11.661741096321744,52.17741935483871
03800043,Svartbäcken-Fyrishov,6.585579585842222,57.93650793650794
03800044,Tuna backar,8.012348586593747,61.49358226371062
03800045,Bärby hage-Tunaberg,5.065562923525144,49.16317991631799
03800048,Svartbäcken norra,5.449543011433237,46.79399727148704
03800049,Kapellgärdet-Tornet,10.915428170975096,45.70247933884298
03800050,Kapellgärdet norra,13.19131883381992,50.11037527593819
03800051,Kapellgärdet-Djäknegatan,19.638838164804106,59.00253592561285
03800052,Kapellgärdet-Väktargatan,23.209936954302474,63.18181818181818
03800053,Kapellgärdet-Kantorsgatan,29.22212965613447,71.90697674418605
03800055,Höganäs östra,11.136671083311642,51.568627450980394
03800056,Kvarngärdet södra,36.224928627484225,70.90729783037476
03800057,Kvarngärdet norra,31.040521543290073,67.08133971291866
03800058,Gränby södra,36.451904414676505,60.01936108422072
03800059,Gränby norra-Brillinge,26.634896729820372,56.82023486901536
03800060,Gränby sydvästra,49.42631787831569,86.65966386554622
03800061,Gränby nordvästra,49.410811853261386,67.17791411042944
03800063,Löten östra,27.350620534082033,71.67630057803468
03800064,Löten norra,36.8217275470396,70.58047493403694
03800065,Löten västra,21.224018463031857,62.74900398406375
03800066,Nyby gård,15.446769991742723,54.911433172302736
03800067,Gamla Uppsala-Yrsaparken,14.361709749549878,42.89372599231754
03800068,Nyby södra,20.71492810428143,52.65151515151515
03800069,Nyby norra,24.891481060839332,58.57019810508183
03800070,Gamla Uppsala,8.299873382534766,36.912225705329156
03800091,Luthagen norra,6.786514612767029,40.200445434298445
03800092,Luthagen mellersta,3.4103094482733627,44.351851851851855
03800093,Studentstaden-Observatoriet,8.920181062864016,61.27703398558187
03800094,Studentstaden-Rackarberget,10.693344133532593,67.26128016789087
03800095,Studentstaden-Studentvägen,11.375436465073768,62.1317157712305
03800096,Luthagen sydvästra,6.9533421005707545,53.43811394891945
03800097,Luthagen-Tiundaskolan,6.612086700314355,52.72727272727273
03800098,Rickomberga,8.773331580584005,52.342158859470466
03800100,Luthagen-Seminariet,11.483597775482465,56.39958376690947
03800101,Luthagen-Eriksdal,4.8721761721512795,50.391644908616186
03800102,Luthagen-Prästgårdsgatan,5.846714915054162,60.76555023923445
03800103,Husbyborg-Börjetull,11.69216488997205,49.45697577276525
03800104,Luthagen-Mimmi Ekholms plats-Hällby,15.253533945212215,56.839622641509436
03800105,Stenhagen norra,25.594502450091568,66.75531914893617
03800106,Stenhagen västra-Kvarnbo,29.361572648778857,59.82532751091703
03800108,Stenhagen södra,30.696610977065525,79.08653846153847
03800131,Fålhagen-S:t Göransplan,9.249502818070757,52.49169435215947
03800132,Fålhagen-Almtuna,3.5027977939667974,45.5609756097561
03800133,Fålhagen norra,8.494067289164624,52.46132208157525
03800135,Fålhagen södra-Boländerna,6.606502640265889,41.003861003861005
03800138,Sala backe västra,18.3584496244616,54.8306148055207
03800139,Sala backe-Byggmästaren,6.6820483829862125,48.06201550387597
03800140,Sala backe södra,7.756307099083973,49.8422712933754
03800141,Sala backe-Skomakarberget,14.491753451882644,58.95316804407714
03800142,Sala backe norra,13.121517696215102,48.60956618464961
03800143,Sala backe-Källparken,24.39312684745899,63.0192502532928
03800144,Sala backe-Östra Sala backe,18.167206352011398,54.861111111111114
03800145,Sala backe-Byggmästarparken,20.37061030579726,49.556093623890234
03800146,Årsta norra,10.63015067947031,44.4331983805668
03800147,Årsta mellersta,10.750616842032628,46.524064171122994
03800149,Årsta-Körveln,11.20791472365674,45.415318230852215
03800150,Årsta östra,10.093887886580138,43.94230769230769
03800151,Slavsta-Fyrislund,12.614369386811273,40.14801110083256
03800181,Ekeby,18.492636482075888,69.5137976346912
03800182,Berthåga-Flogsta Flogstavallen,10.4464111040851,56.994404476418865
03800183,Flogsta södra-Ekeby södra,6.5061427383971155,67.1763506625892
03800184,Flogsta-Sernanders väg,53.16957711635824,75.07082152974505
03800186,Flogsta västra,16.89072488511779,80.33149171270718
03800187,Kåbo östra,14.000307600945561,60.12176560121765
03800188,Kåbo västra-Kungsgärdet,10.227062911650485,39.647168059424324
03800190,Eriksberg-Sommarro,6.451273490040444,58.0765639589169
03800191,Eriksberg-Västertorg,17.07407286760872,68.23144104803494
03800192,Eriksberg östra,15.294528197039707,65.8128078817734
03800193,Eriksberg-Marmorvägen,34.38552110368966,73.66504854368932
03800195,Norby östra,4.341622317771794,43.08943089430894
03800196,Norby västra,6.151152335266074,53.85149201943095
03800197,Eriksberg-Håga,9.038085122422626,68.18642350557244
03800221,Kungsängens gård-Vilan-Bergsbrunna,6.627531465869923,36.480107889413354
03800222,Nåntuna,7.843396666200699,40.547112462006076
03800225,Sävja nordvästra,20.708251403574938,54.18848167539267
03800226,Sävja nordöstra,25.90771685241602,62.27436823104693
03800228,Sävja södra,27.786224473783758,65.86483390607101
03800241,Rosendal västra,12.663910367382218,58.16235504014273
03800243,Rosendal nordvästra,13.782801856568707,56.599788806758184
03800244,Rosendal nordöstra,13.274158133992822,56.06407322654462
03800245,Rosendal mellersta,14.667238187094718,61.4853195164076
03800246,Rosendal sydöstra,13.270084465426814,52.00892857142857
03800250,Ultuna-Ulleråker-Polacksbacken,14.376387283229043,58.08383233532934
03800251,Ulleråker södra,14.161786604890153,60.13001083423619
03800253,Bäcklösa norra,25.65891850061552,57.615894039735096
03800254,Bäcklösa södra,46.225635989922544,67.35074626865672
03800262,Valsätra norra,11.913698968207873,56.18060695780903
03800265,Valsätra-Spinnrocksvägen,36.97774643078074,67.46794871794872
03800266,Valsätra sydvästra,63.42830440632213,91.39784946236558
03800267,Gamla Gottsunda-Vårdsätra,7.724094709516048,40.90909090909091
03800268,Gottsunda norra,54.111020465269306,87.02490170380078
03800269,Gottsunda-Stenhammarsparken,53.49914520943431,87.41721854304636
03800270,Gottsunda Centrum,37.634591989550195,74.84737484737485
03800271,Gottsunda mellersta,45.615634514642565,83.45323741007195
03800272,Gottsunda östra,34.33708166212295,77.24358974358974
03800274,Sunnersta östra,6.889233376723849,41.02564102564103
03800275,Sunnersta norra,27.836735608027087,37.92633015006821
03800276,Sunnersta mellersta,7.384080612157915,35.15092502434275
03800277,Sunnersta södra,4.84482963880125,34.25827107790822
03800301,Björklinge västra,4.712202064533035,33.94415357766143
03800302,Björklinge östra,2.0467932230157024,37.148047229791096
03800305,Björklinge glesbygd-Viksta västra,3.3352483661455277,27.384324834749766
03800310,Tensta södra-Viksta östra,3.8213234083903185,32.83422459893048
03800311,Skyttorp-Tensta norra-Lena norra,3.3092624238887227,38.90339425587467
03800312,Vattholma tätort,2.0803443854404082,45.005370569280345
03800321,Storvreta-Lyckebo,10.518433395311844,48.520084566596196
03800325,Storvretabygden-Fullerö hage,7.395911952887286,34.87215909090909
03800328,Storvreta norra,6.056241960207866,44.74308300395257
03800329,Storvreta mellersta,4.0433396678914235,38.58004018754186
03800340,Börje-Vänge östra,10.317372383419617,36.36363636363637
03800342,Lövstalöt,8.975385467071824,38.5781990521327
03800343,Jumkil-Åkerby,2.413344564224647,30.700778642936598
03800344,Bälinge västra tätort,4.073840632882609,37.15736040609137
03800348,Bälinge glesbygd och östra tätort,4.37208673428333,32.349468713105075
03800349,Skuttunge-Åkerlänna,3.104290263347471,27.560521415270017
03800360,Lindbacken,12.489009622511283,41.937869822485204
03800361,Vaksala-Jälla-Skölsta,9.051296667737192,38.264910921766074
03800363,Gåvsta,3.755968298176945,30.42362002567394
03800367,Rasbokil-Södra Rasbobygden,3.32601041315866,26.827485380116958
03800368,Stavby-Tuna,2.2483090665682224,27.322834645669293
03800381,Danmark-Kumla,14.923041908069953,29.52755905511811
03800382,Gunsta tätort,8.702449213861952,37.12820512820513
03800383,Funbo-Marielund,5.2103932868351635,36.07843137254902
03800384,Länna,3.257182404672918,36.79245283018868
03800385,Almunge,4.037375935320993,32.48259860788863
03800389,Knutby-Faringe-Bladåker,2.597268340807071,27.651515151515152
03800401,Vreta Ytternäs-Bodarna-Uppsala Näs Ö,3.7608182287920897,31.947743467933492
03800402,Dalby-Uppsala Näs västra-Västeråker,4.390050211401062,35.81349206349206
03800403,Balingsta-Ramsta-Hagby,3.2070147516317995,37.380497131931165
03800404,Vänge tätort,7.274119365297792,45.6021650879567
03800408,Vänge västra-Skogstibble,4.951209774281339,33.077660594439116
03800409,Järlåsa-Skyttstennäs,6.527773130824314,32.629558541266796
03810105,Kryddgården,6.833286095810705,36.17824773413897
03810106,Munksundet,5.741766405185706,35.202086049543674
03810107,Västerleden S,31.85985056287908,60.79681274900398
03810108,S:t Ilian S,11.056993776655032,42.64049955396967
03810109,Bergvreten,10.156355872815983,37.0134465675867
03810110,Korsängen,14.991446366855776,47.48898678414097
03810111,Gånsta,4.312681931337762,31.31699846860643
03810112,Fanna,10.509747005890397,38.7572069186419
03810113,Åkersberg,8.958270639634232,33.64817001180638
03810114,Bredsand,3.7009885726850467,26.15505090054816
03810120,S:t Ilian N,16.820762614093987,40.69444444444444
03810122,Enögla,26.413891861573028,54.48092280390417
03810123,Västerleden N,22.088028026650708,48.26427771556551
03810124,Romberga,33.95222746155331,61.77215189873418
03810127,Sparrsätra,3.205079770098379,25.024437927663733
03810225,Svinnegarn,2.765072979765646,28.019801980198018
03810526,Hummelsta,4.3001134940183965,29.799196787148595
03810901,Lillkyrka,2.654756416697796,26.864686468646866
03811703,Grillby,4.067691278930912,26.192223037417463
03811804,Skolsta,3.3550015151772197,23.349056603773583
03812128,Örsundsbro Ö,3.3012589871278837,33.37687785760941
03812629,Örsundsbro V,2.8334181905187115,28.5007072135785
03813132,Fjärdhundra,3.5785975155436596,27.18932443703086
03813331,Torstuna,1.7222056525849743,25.789473684210527
03820101,Östhammars centrum,4.204942470748385,42.270992366412216
03820118,Kristinelund - Boda,8.506766790846141,41.4519906323185
03820208,Norrskedika - Valö - Forsmark,2.3981400727009214,28.073993471164307
03820403,Öregrund norra - Gräsö,1.694344465744194,36.015701668302256
03820404,Öregrund södra - Söderön,1.8548972543972022,35.09727626459144
03820405,Ed,4.782020936481595,36.507936507936506
03820606,Hargshamn - Boda,4.9070908523218115,37.60964912280702
03820910,Alunda tätort,3.5410702063890924,33.91959798994975
03820911,Alunda - Ekeby,2.292819369913153,25.44674767691208
03821113,Gimo Västra,14.737994738044494,45.84942084942085
03821114,Gimo - Hökhuvud - Vattensta,3.557205717010118,38.44621513944223
03821315,Österbybruk - Morkarla,3.0040034369655624,34.00735294117647
03821316,Österbybruk - Dannemora - Film,3.5970924018211687,36.469673405909795
04280101,Centrum,22.24223827606649,48.95448954489545
04280102,Norra,9.043560605241296,39.25339366515837
04280104,Södra,12.789389287240235,39.683933274802456
04280105,Högsjö,4.079334612222115,36.63663663663664
04280106,Baggetorp-Marmorbyn,3.71544882264729,36.93586698337292
04280201,Österåker,3.021100016579256,32.36658932714617
04610101,Freja,7.060187910257618,46.92307692307692
04610102,Dansut,4.7692201886599515,36.967213114754095
04610103,Gnesta Centralt,11.959145413083489,54.617414248021106
04610104,Frönäs,4.065407471544004,41.395348837209305
04610305,Gåsinge-Dillnäs,1.7521903544185087,35.99439775910364
04610406,Björnlunda,3.176895236950828,36.890951276102086
04610506,Gryt,6.779660546538368,38.80597014925373
04800001,Centrum,10.02785255056065,46.9811320754717
04800002,Väster,6.753774652772843,43.963254593175854
04800003,Nicolai,7.483771650468762,45.1831750339213
04800004,Stadsfjärden,11.76036324188616,41.92277383766746
04800005,Högbrunn,7.014385038510852,38.68421052631579
04800006,Arnö Långsätter,8.470940155689238,46.898803046789986
04800007,Arnö Herrhagen,15.585692191650416,60.13986013986014
04800008,Rosenhill,7.289818950573326,36.461794019933556
04800009,Oppeby,5.832958567872285,45.36585365853659
04800010,Oppeby gård,8.65372202991365,42.83536585365854
04800011,Alla Helgona,12.276472258166043,42.671394799054376
04800012,Öster,8.484073043969333,46.45257654966393
04800013,Isaksdal,14.744265696292873,55.19176800748363
04800014,Östra Brandkärr,39.95003673744419,77.44034707158352
04800015,Ekensberg,24.49578608470298,57.4468085106383
04800016,Västra Brandkärr,40.50663024350565,67.32673267326733
04800017,Östra Bergen,5.832987172651847,44.64751958224543
04800018,Stenkulla,19.944846405100602,50.34843205574913
04800019,Rosenkälla,11.247137215146232,52.73833671399594
04800020,Brandholmen,7.312435722764039,37.329504666188086
04800021,Bryngelstorp,3.7583500985231124,40.72265625
04800022,Ängstugan,5.253593565922483,50.476190476190474
04800023,Helgona,4.825686501536119,34.49830890642615
04800024,Hagalund,4.813764563673284,44.49489216799092
04800025,Svärta,2.7475370874646363,34.233365477338474
04800026,Tystberga,3.8888822980997846,35.33724340175953
04800027,Koppartorp,1.410258009854107,41.6
04800028,Nävekvarn,2.710780638345743,44.46022727272727
04800029,Bergshammar,5.393078406777045,35.09865005192108
04800030,Tuna,4.220715496931065,40.54307116104869
04800031,Lunda,1.4718616271059277,29.24648786717752
04800032,Kila,2.782070912952174,30.385487528344672
04800033,Stigtomta Centrum,1.7667844183303483,38.72053872053872
04800034,Stigtomta Ytterområde,1.4130795281312467,33.59451518119491
04800035,Vrena,3.3645885427034337,31.435963777490297
04800036,Råby-Ripsa,3.364582577196761,32.150313152400834
04800037,Runtuna,2.3174157529243127,31.86022610483042
04800038,Folkungavägen,12.276545456579159,42.857142857142854
04800039,Bränn-Ekeby,6.949078382267526,38.38664812239221
04810101,Norra innerstaden,24.32937558523186,55.66502463054187
04810102,Södra innerstaden,19.855795652504057,55.78764142732811
04810103,Dalgången,4.91214443851453,44.25625920471281
04810104,Frösäng,17.35534136695567,55.62579013906448
04810105,Sunda,3.8706070214515234,44.69565217391305
04810106,Peterslund,5.7979653736070595,46.452866861030124
04810107,Danvik,2.551872726034646,36.83745583038869
04820101,Flens västra,16.140538495343606,49.92700729927007
04820102,Flens norra,7.622900064085074,42.361111111111114
04820103,Flens östra,13.302530890416731,41.86046511627907
04820104,Flens södra,39.79932955488024,77.12230215827338
04820105,Flens centrum,26.231721729751804,63.09192200557103
04820209,Helgesta-Hyltinge,1.8147615705111084,37.93445878848063
04820507,Malmköping västra,8.955185954497795,37.028301886792455
04820508,Malmköping östra,8.261232441651064,40.112994350282484
04820705,Mellösa,3.0790077075762414,34.01442307692308
04820706,Hälleforsnäs,10.035616635392541,44.727694090382386
04820810,Bettna,2.189817325714527,27.683049147442325
04830001,Gamla vattentornet,24.080674635570904,57.77525539160045
04830002,Norr city,24.66425347083026,61.348314606741575
04830003,Lövåsen,17.46887238550718,47.2385428907168
04830004,Lokstallarna,23.61130331312251,50.14992503748126
04830005,Öster,12.321623463101927,48.364648573416844
04830006,Centrum,21.352680551699375,58.98972602739726
04830007,Oppunda,12.52068433510029,51.045627376425855
04830008,Skogsborg,8.540359275135962,46.00355239786856
04830009,Duveholm,7.569204782607659,40.52969502407705
04830010,Laggarhult,6.415027749156637,42.144302090357385
04830011,Nyhem,25.978846345265183,67.71964461994077
04830012,Nävertorp,23.958669838575307,56.86274509803921
04830013,Värmbol,8.874171333574413,43.61233480176212
04830014,Bie,2.620135335766569,32.05619412515964
04830015,Julita,0.7402033396811057,35.78947368421053
04830016,Sköldinge-Floda,3.41756801095451,36.01990049751244
04830017,Valla,6.255286005355486,36.553945249597426
04830018,Forssjö,2.3275254959527025,32.2262118491921
04830019,Björkvik,0.7607843778677419,31.757451181911613
04840101,Eskilstuna Centrum Norra,24.57557611605683,46.21993127147766
04840102,Nyfors Centrum Västra,40.623227365579474,64.62513199577613
04840103,Nyfors Centrum Östra,46.135811890858854,72.1763085399449
04840104,Nyfors Östra,27.9129638181698,50.0
04840106,Övre Nyfors,32.62114102255464,57.56266205704408
04840107,Västermalm - Brunnsbacken,47.27795715975439,69.93377483443709
04840108,Västermalm - Myrtorp,26.354837885789546,54.77124183006536
04840109,Fröslunda-Tallåsparken,50.92450856642338,80.98591549295774
04840110,Fröslunda-Björkhultsvägen,56.04907197582911,85.50335570469798
04840111,Råbergstorp - Lagersberg,59.0494007324537,77.23112128146452
04840112,Tunavallen,15.208422730210186,46.602972399150744
04840113,Lundby - Gredby,16.478416491702397,45.96774193548387
04840114,Ekeby - Brottsta,10.94848257387364,41.437802907915994
04840115,Stenby,29.019214684375967,53.49075975359343
04840116,Mesta,15.037961438906853,46.67235494880546
04840117,Gamla Staden,11.268536878508788,45.462402765773554
04840118,Slottsbacken,17.42684176574496,42.8246013667426
04840119,Stadsparken Östra,20.255383708066113,55.80808080808081
04840120,Ekbacken,18.474019081102064,39.57367933271548
04840121,Eskilshem - Röksta,25.326342384715854,53.35463258785943
04840122,Årby,46.719678428882645,76.83352735739231
04840124,Munktellstaden - Valhalla,14.000945590641203,41.70771756978654
04840125,Ärna,14.178082015099948,42.63959390862944
04840126,Måsta - Helgestahill,13.637900687442949,40.762124711316396
04840127,Slagsta,14.071640476657707,44.122657580919935
04840128,Ärsta - Sal - Skiftinge Norra,35.458448226045086,54.451166810717375
04840129,Skiftinge Södra,32.3504922164376,64.84848484848484
04840130,Östermalm,18.56703476552716,48.35443037974684
04840131,Hisingsbacke,16.165723432798288,39.945155393053014
04840132,Sveaplan - Sjukhusområdet,15.24712087807514,41.993637327677625
04840134,Eskilsparken,9.004575632403197,39.410828025477706
04840135,Söderängsparken,14.438771114222224,42.839036755386566
04840136,Lustigbacke,15.077156695923698,48.92655367231639
04840137,Snopptorp - Skogsängen Västra,16.51005346338575,46.64926022628372
04840138,Viptorp - Skogsängen Östra,30.498556306574336,64.84848484848484
04840139,Odlaren - Hagnestahill,8.118640484420613,36.16438356164384
04840140,Solvik - Kogne - Roxnäs,6.530574998803104,36.31633714880333
04840141,Krusgården,16.800393552411617,49.63181148748159
04840142,Göksten,12.700978939084827,45.98039215686274
04840143,Torshälla Centrum och Gamla staden,5.736983920867357,42.664092664092664
04840144,Edvardslund - Haga,7.3122145084260755,41.69642857142857
04840145,Kjula,2.9470973906327016,28.104575163398692
04840146,Barva - Jäder,1.9383524895474444,22.487562189054728
04840147,Hammarby - Vallby,6.161197094375729,25.41871921182266
04840148,Hällbybrunn Södra - Råby-Rekarne,8.218504380611899,35.46875
04840149,Hällbybrunn Norra,9.126289224014286,41.10671936758893
04840150,Kvicksund,3.132561172285549,23.801652892561982
04840151,Gillberga - Lista,2.8155934701314216,27.232537577365164
04840152,Öja - Västermo,2.3331171188092927,27.016129032258064
04840153,Näshulta,1.9888127830959748,30.72546230440967
04840154,Skogstorp Norra,5.275007002444283,39.47858472998138
04840155,Skogstorp Södra,7.515169781795408,39.70722781335773
04840156,Hållsta,5.607887825840859,35.86413586413586
04840157,Hällberga,4.589554839304771,28.41596130592503
04840158,Ärla,2.8079699742165873,31.789023521026373
04840159,Borsökna Västra,8.60313122564077,36.18581907090464
04840160,Eskilstuna Centrum Södra och Väster,32.108707285714424,51.056338028169016
04840161,Sundbyholm,2.628719469761909,32.769044740024185
04840162,Mälarbaden - Mälby - Ängsholmen,5.72754725097071,21.028880866425993
04840164,Borsökna Östra,8.707767177108984,36.071887034659824
04840165,Stadsparken Västra,18.236764931322984,49.37965260545906
04860101,Eldsund-Tingstuhöjden,17.903259303967722,43.948296122209165
04860102,Ulvhäll-Långberget,9.179485746942733,39.62655601659751
04860103,Tallåsen-Sörgärdet,6.8145604347872215,39.478957915831664
04860104,Kyrkberget-Kvarnbacken,5.597023460363715,31.894273127753305
04860105,Stadsskogen,23.986059984467065,49.87277353689567
04860106,Finninge,10.366216380568433,43.350477590007344
04860107,Dammen-Malmby-Löt,9.171392726920972,37.73784355179704
04860108,Strängnäs centrum,7.701042526380311,40.7909604519774
04860109,Stavlund -Södra Tosterö,9.732915153176254,32.56113256113256
04860110,Norra Tosterö - Aspö,3.6838488970247028,29.353778751369113
04860111,Storgärdet-Sidöparken,16.004360599679405,36.670179135932564
04860112,Abborrberget - Sundby,5.638728452279036,36.48068669527897
04860401,Mariefred C,3.030203175687987,33.54545454545455
04860402,Öster-Ekhov-Kalkudden,4.912608190938142,31.609756097560975
04860403,Slottsbrinken-Viggeby,2.70981178391083,30.19755409219191
04860404,Marielund-Hedlandet,4.3417427618781925,29.96197718631179
04860501,Länna,3.1814632620967687,26.08695652173913
04860601,Åker S,10.204452322897257,35.646687697160885
04860602,Åker N,6.693485337945212,31.463628396143733
04860701,Toresund,3.335621689888401,29.357798165137616
04860801,Ytterselö-Överselö,3.0849706074683043,33.012259194395796
04861301,Härad,3.7780937308972056,31.0
04861401,Vårfruberga,2.5968864310347675,27.82969885773624
04880101,Trosa sydost,6.426269956690004,34.375
04880102,Trosa sydväst,2.2682214111782133,33.8865836791148
04880103,Trosa södra,3.4035634256175853,26.96629213483146
04880104,Trosa centrum,3.3759363641291644,33.72549019607843
04880105,Trosa nordväst,2.1715408070496958,35.756154747948415
04880106,Trosa norra,4.756730701105522,30.895645028759244
04880201,Vagnhärad norra,6.42746447347902,35.12396694214876
04880202,Vagnhärad södra,3.7468453784374502,33.85579937304075
04880203,Vagnhärad västra,10.93300019382757,39.56043956043956
04880204,Vagnhärad östra,8.538229178540742,41.054091539528436
04880301,Västerljung,2.304601029185563,32.357043235704325
05090401,Alvastra,3.4550223544340506,29.129464285714285
05090501,Ödeshög,7.667174876860566,38.56304985337243
05090601,Holaveden,1.857211782846887,24.774193548387096
05120501,Österbymo-Norra Vi-Rydsnäs-Svinhult,4.946081421849161,30.438521066208082
05120601,Hestra-Asby,1.4445174358369757,30.247578040904198
05130201,Kisa samhälle,5.891364476782085,38.37448559670782
05130202,Kisa västra,10.182765209093928,36.163175303197356
05130203,Kisa sydöstra,11.515940150394025,36.94068678459938
05130401,Horn-Hycklinge-Björkfors,1.2168933215618538,26.834381551362682
05130901,Rimforsa S,1.3411077214893738,36.89407540394973
05130902,Rimforsa N,2.0210783207105583,39.26499032882012
05600201,Boxholm Östra-Malexander-Blåvik,5.076916611962629,41.90871369294606
05600202,Boxholm Västra m fl,6.811730418465786,42.16772151898734
05600401,Strålsnäs-Åsbo-Ekeby-Rinna,1.4076726450116281,29.243119266055047
05610301,Åtvidabergs centrum 1,4.880317300164868,43.31065759637188
05610302,Åtvidabergs centrum 2,3.867043816268612,41.28440366972477
05610303,Åtvidaberg syd,3.4813180375802313,35.02736512900704
05610304,Åtvidaberg öst,8.517304684112814,43.51687388987567
05610305,Åtvidaberg nord,0.976277922822153,32.16412971542025
05620101,Centrum,8.870122291383067,46.76165803108808
05620102,Bergska,6.472696053855433,46.56290531776913
05620103,Svälthagen,7.636834857710269,45.1948051948052
05620105,Viggestorp,3.055005271114734,36.905965621840245
05620106,Östermalm,11.048626538898416,47.16981132075472
05620108,Storängen,17.89068311633018,47.16386554621849
05620109,Grosvad,12.368251480130064,51.06815869786368
05620110,Lotorp,4.717621505404995,32.71028037383178
05620111,Hårstorp Södra,15.637804936093035,46.9968387776607
05620112,Hårstorp Norra,12.058925023172135,45.24469067405356
05620113,Nyhem,19.24621850803867,49.93757802746567
05620205,Grytgöl-Ljusfallshammar,1.6597509960227967,36.29283489096573
05620206,Hällestad-Sonstorp,1.3331009598352097,34.64052287581699
05620301,Regna,1.9963703215397028,31.105398457583547
05620402,Rejmyre,2.0763563631402024,35.10324483775811
05620404,Hävla,2.0334921792960166,33.477633477633475
05630101,Valdemarsvik 1,10.052128898485476,42.41281809613572
05630102,Valdemarsvik 2,8.737454784000878,40.77025232403719
05630201,Ringarum,1.07181145778491,27.22457627118644
05630202,Gusum,5.4579079894045535,36.81159420289855
05630401,Gryt,0.8947288677106147,26.644182124789207
05630501,Tryserum-Östra Ed,1.7489094102302032,22.703639514731368
05800101,Domkyrko 1 (Nedre Vasastaden V),7.76147819910871,40.96491228070175
05800102,Domkyrko 2 (Hunneberg),4.663352127442252,42.45283018867924
05800103,Domkyrko 3 (Övre Vasastaden Ö),8.927422301744405,44.10201912858661
05800104,Domkyrko 4 (Övre Vasastaden V),18.5215783594109,52.9595015576324
05800105,Domkyrko 5 (Nedre Vasastaden Ö),8.858650821366721,35.11029411764706
05800106,Domkyrko 6 (Kanberget mfl),6.978294749665926,41.84277261200338
05800107,Domkyrko 7 (Innerstaden S),10.391053150299989,41.69230769230769
05800108,Domkyrko 8 (Ekkällan-Stolplyckan),10.981634205548039,54.911433172302736
05800109,Domkyrko 9 (Gottfridsberg NO),14.782773872961439,50.18450184501845
05800110,Domkyrko 10 (Gottfridsberg SO),8.479550607222812,46.50132860938884
05800111,Domkyrko 11 (Fridhem),5.839687289995125,47.26911618669315
05800112,Domkyrko 12 (Barhäll-Tornhagen),6.626418153794308,46.88073394495413
05800113,Domkyrko 13 (Åbylund),12.70923609249285,50.78534031413613
05800114,Domkyrko 14 (Valla),5.871924333241442,42.21453287197232
05800115,Domkyrko 15 (T1 N),8.213206998975702,48.24654622741764
05800116,Domkyrko 16 (T1 S),7.849061633756092,50.04233700254022
05800117,Domkyrko 17 (Innerstaden N),10.941082661451805,39.98316498316498
05800118,Domkyrko 18 (Övre Vasastaden N),10.391747146192296,36.024844720496894
05800119,Domkyrko 19 (Folkets Park),6.183065733492495,40.18302828618968
05800120,Domkyrko 20 (Vallastaden N),10.650872114778164,41.64556962025316
05800121,Domkyrko 21 (Vallastaden S),11.78485801689344,35.602094240837694
05800122,Domkyrko 22 (Ebbe Park),8.21181119507581,41.99346405228758
05800201,S:t Lars 1 (Innerstaden NO),15.938577622038192,44.43478260869565
05800202,S:t Lars 2 (Innerstaden Ö),10.107410335143477,37.437185929648244
05800203,S:t Lars 3 (Hejdegården),8.08781076540286,38.9326334208224
05800204,S:t Lars 4 (Kungsberget V mfl),5.792325906046811,34.602649006622514
05800205,S:t Lars 5 (Kungsberget-Tannefors N),10.860562818879002,40.352504638218925
05800206,S:t Lars 6 (Råberga-Tannefors S),10.754901776623306,39.248826291079816
05800207,S:t Lars 7 (Innerstaden SO),8.547275157567901,36.643026004728135
05800208,S:t Lars 8 (Stångån V),12.938320274963827,44.433399602385684
05800301,Landeryd 1 (Hackefors mfl),3.0684275232513736,31.88755020080321
05800302,Landeryd 2 (Ekholmen NO mfl),15.484500000223033,48.0
05800303,Landeryd 3 (Kvinneby mfl),4.891187059725972,36.38838475499092
05800304,Landeryd 4 (Ekholmen NV),11.311549477063654,49.1183879093199
05800305,Landeryd 5 (Ekholmen SO),9.886591185668113,47.87234042553192
05800306,Landeryd 6 (Hjulsbro mellersta),5.0857079759203,28.623452294246178
05800307,Landeryd 7 (Ekholmen SV),7.065366732986833,45.773381294964025
05800308,Landeryd 8 (Ullstämma),4.945798888078158,38.607594936708864
05800309,Landeryd 9 (Möjetorp-Holmen),4.807613375319441,32.255581216320245
05800401,Slaka 1 (Lambohov C),22.84285136553908,59.93852459016394
05800402,Slaka 2 (Lambohov Ö),17.163546355796935,48.10606060606061
05800403,Slaka 3 (Slaka-Lilla Mjärdevi),11.855420421681652,42.77372262773723
05800404,Slaka 4 (Lambohov S),15.996282905405556,54.08970976253298
05800405,Slaka 5 (Lambohov N),23.241022570206766,59.38430983118173
05800501,Kärna 1 (Malmslätt SO mfl),13.236626760302512,37.35099337748344
05800502,Kärna 2 (Malmslätt mellersta),5.634012466507035,40.165876777251185
05800503,Kärna 3 (Tokarp),10.103773688266873,41.55701754385965
05800504,Kärna 4 (Malmslätt V),7.467205727919664,43.323442136498514
05800601,Kaga-Ledberg,4.597491207417441,26.998491704374057
05800801,Vist 1 (Vist-Sturefors S),2.347935700668563,38.4083044982699
05800802,Vist 2 (Sturefors N),3.445372247516256,34.89694385216773
05800901,Vårdnäs,1.512195133468175,33.97391901166781
05801001,Skeda,2.1824319705353235,34.50036469730124
05801101,Nykil-Gammalkil,2.3763894499380513,31.830985915492956
05801201,Ulrika,2.376389330220971,32.91338582677165
05801401,Sjögestad,2.8646633684253544,27.290448343079923
05801501,Västerlösa-Björkeberg,2.230483150369044,25.142045454545453
05801701,Rappestad (Rappestad-Vikingstad N),2.5235578638518654,34.59715639810427
05801801,Vikingstad (Vikingstad S),5.473115696825301,32.758620689655174
05801901,Vreta Kloster 1 Berg-Vreta Kloster S,2.6124955690365423,29.163526752072343
05801902,Vreta Kloster 2 Ljungsbro-Vreta Kl N,2.4775520731053478,36.22577927548441
05801903,Vreta Kloster 3 (Ljungsbro Ö),4.123995620732204,39.81651376146789
05801904,Vreta Kloster 4 (Ljungsbro S),4.4640330700248025,40.05167958656331
05801905,Vreta Kloster 5 (Ljungsbro V),5.566183262783883,39.8655139289145
05802001,Flistad-Ljung,1.7850593417559744,32.65513733468973
05802201,Stjärnorp,0.9922822996951353,32.68892794376099
05802401,Östra Harg-Rystad 1 (Ö Harg-Rystad),5.151320427796864,24.08026755852843
05802402,Rystad 2 (Tallboda V),8.456363547609463,30.944963655244027
05802403,Rystad 3 (Tallboda Ö),8.194692752293715,35.3322528363047
05802404,Rystad 4 (Ekängen),5.5948249193353705,25.677603423680456
05802501,Törnevalla (Linghem Ö),2.3726421085694414,28.74617737003058
05802701,Lillkyrka-Gistad-Ö Skrukeby,2.3533309480783586,25.662482566248258
05802901,Örtomta-Askeby,2.681159321991176,30.56768558951965
05803101,Bankekind,2.113459421885043,32.10191082802548
05803201,Vårdsberg (Linghem S),1.9841426299700922,33.554572271386434
05803301,Berga 1 (Ramshäll),20.34572249567163,45.95070422535211
05803302,Berga 2 (Berga NO),38.22286929907887,66.10017889087656
05803303,Berga 3 (Berga NV),44.2513603022591,77.01657458563535
05803304,Berga 4 (Berga SO),9.289088808991627,47.52370916754479
05803305,Berga 5 (Vidingsjö N),4.155290012230242,36.99788583509514
05803306,Berga 6 (Berga SV),22.763895090246645,57.005758157389636
05803307,Berga 7 (Vidingsjö S),4.903684538698871,49.0216271884655
05803308,Berga 8 (Haninge mfl),6.240094797566251,48.59075535512965
05803309,Berga 9 (Hagaberg),7.68861509479691,44.366812227074234
05803310,Berga 10 (Södra Ekkällan N),9.638459579160497,40.064360418342716
05803311,Berga 11 (Södra Ekkällan S),7.777187760850772,43.51747463359639
05803401,Johannelund 1 (Vimanshäll),12.214489264673352,43.25396825396825
05803402,Johannelund 2 (Johannelund NV),15.154754100824546,53.95010395010395
05803403,Johannelund 3 (Johannelund NO),10.89638847946038,49.46466809421842
05803404,Johannelund 4 (Ånestad),3.894515918325718,46.160409556313994
05803405,Johannelund 5 (Johannelund SV),7.4221654736266105,46.21212121212121
05803406,Johannelund 6 (Johannelund SO),11.346998850997682,43.04703476482618
05803501,Skäggetorp 1 (Skäggetorp C),51.11750591973444,81.640625
05803502,Skäggetorp 2 (Nygård),43.409883334383245,71.39393939393939
05803503,Skäggetorp 3 (Skäggetorp SV),48.212730700050926,70.88757396449704
05803504,Skäggetorp 4 (Skäggetorp V),52.1674758833909,76.8621236133122
05803505,Skäggetorp 5 (Tornby-Skäggetorp N),42.52309453526066,75.10668563300142
05803601,Ryd 1 (Ryd N),16.561627034034593,51.43129770992366
05803602,Ryd 2 (Ryd SO),28.301717951862894,54.99549954995499
05803603,Ryd 3 (Ryd SV),42.63459314491494,69.55882352941177
05803604,Ryd 4 (Ryd NO),35.55876963754394,74.1025641025641
05803605,Ryd 5 (Ryd mellersta),24.717705659282228,53.70985603543743
05810104,Hultdalen-Skriketorp,3.406335937680498,35.80349708576186
05810105,Jursla,3.477659134988363,34.47228549734245
05810106,Åbymo,8.825519733763155,42.32515894641235
05810107,Åby Östra,2.7729756228373277,38.292682926829265
05810108,Torshag-Simonstorp,2.2091258585188323,32.965299684542586
05810111,Hallberga-Fyrby,6.905250194000102,36.19402985074627
05810112,Pryssgården,5.3620211253971775,36.98010849909584
05810113,Eneby Centrum,8.136576534534724,45.33980582524272
05810114,Karlshov-Sandbyhov,8.972912394270606,37.00189753320683
05810115,Taborsberg,8.845082055999882,41.2565445026178
05810123,Saltängen-Nya torget,11.810075936663786,34.5575959933222
05810124,Lagerlunda-Herstadberg,10.226621950051095,46.07843137254902
05810125,Strömparken-G:a Rådstugugatan,14.375061034082778,45.7204767063922
05810126,Rosen-Gamla staden,18.31720189112009,55.288985823336965
05810129,Djäknepark,15.271140436769667,59.58986731001206
05810131,Söder Tull,22.22711687368452,56.73603504928806
05810134,Såpkullen,12.201889788880917,41.429970617042116
05810201,Kvarnberget-Tingstad,28.822709033350375,37.182203389830505
05810203,Mamre,32.98195947023326,53.438395415472776
05810204,Vrinnevi-Klingsborg,34.93701868223796,69.25329428989751
05810205,Portlåset,49.44187262300277,67.05539358600583
05810206,Hageby Centrum,43.02503361363055,61.554621848739494
05810207,Smedby,4.606195427600309,35.518672199170126
05810208,Brånnestad,9.413251658353296,30.945558739255013
05810211,Ljunga,3.0164311563608655,25.492957746478872
05810212,Kuddby,1.567653788784503,23.623853211009173
05810213,Östra Husby,2.1528746899698463,26.274787535410766
05810214,Kättinge,0.615070654074328,26.229508196721312
05810217,Berga-Långtorp,5.132444841384022,22.267536704730833
05810218,Ljura,28.37452722222505,58.72291904218928
05810219,Sankt Johannes,13.36866876099637,45.77954319761668
05810220,Klingsberg,11.850814637615434,48.278985507246375
05810223,Kneippen,4.026846898724493,30.99526066350711
05810224,Skarphagen,10.664260943325127,41.02803738317757
05810225,Björkalund-Kårtorp,8.848664485444736,29.827315541601255
05810231,Borg,13.620170666054234,33.83458646616541
05810232,Kullerstad-Vickelby,3.0775652107885203,38.12549642573471
05810233,Mosstorp,2.8942892877200195,33.386837881219904
05810234,Vånga,1.2493590583715624,27.612574341546303
05810235,Kimstad,2.7328556351413065,35.16129032258065
05810236,Norsholm-Skärkind,1.4440695465483417,29.31726907630522
05810237,Kärrhagen-Kättsätter,5.704796242965984,36.507936507936506
05810238,Atriumhusen,32.261130855408936,54.95495495495496
05810239,Ringdansen,30.335528281962866,73.55555555555556
05810240,Vasaparken-Ljurafältet,16.268139748129656,57.00934579439252
05810241,Vidablick,9.293199149749396,44.90690032858708
05810242,Söderporten,53.58082522123792,62.02321724709785
05810243,Porten,48.151404871577704,65.5893536121673
05810301,Kolmården Västra,2.023945521753858,31.442307692307693
05810302,Kolmården Östra,1.9124180305024219,35.66433566433567
05810401,Krokek Södra,1.8502376040039539,37.37821080602303
05810402,Krokek Norra,1.9993089897571856,34.90196078431372
05810501,Svärtinge Mellersta,3.4471154802132435,30.504403522818254
05810502,Svärtinge Västra,3.941097903307458,26.666666666666668
05810503,Svärtinge Östra,3.8974918110628414,27.049180327868854
05810601,Haga Södra,11.901112266349093,44.19642857142857
05810602,Haga Norra,11.602755980118065,47.55244755244755
05810701,Marielund Mellersta,23.256650771500723,68.61861861861861
05810702,Marielund Västra,10.712162294624196,48.44632768361582
05810703,Marielund Södra,26.30967529900032,47.58293838862559
05810801,Nordantill Nordväst,20.518033983877327,64.1388174807198
05810802,Nordantill Nordost,14.546782668387475,48.49906191369606
05810803,Nordantill Sydväst,14.749273895635987,54.01129943502825
05810804,Nordantill Sydost,13.520201974766469,43.31337325349301
05810901,Östantill Östra,29.43009702259591,56.11175785797439
05810902,Östantill Västra,26.813632348423912,65.41554959785523
05811001,Oxelbergen Norra,6.062899884923837,42.304230423042306
05811002,Oxelbergen Södra,12.873436511367949,45.767716535433074
05811101,Söderstaden Östra,11.426156170600342,40.29038112522686
05811102,Söderstaden Västra,11.808481635834744,50.427350427350426
05811201,Berget Norra,18.33810677158443,41.791044776119406
05811202,Berget Västra,23.49835915951213,56.865671641791046
05811203,Berget Östra,12.734105994753122,55.51378446115288
05811301,Rambodal Södra,6.975645045347567,34.85663082437276
05811302,Rambodal Norra,5.898955962228292,32.3482428115016
05811401,Lindö Östra,5.103453000153218,23.962411902897415
05811402,Lindö Västra,6.224897962119261,22.884283246977546
05811501,Ektorp Södra,9.773732327368123,51.833333333333336
05811502,Strömbacken-Ektorp,19.355539485723902,49.12099276111686
05811503,Ektorp Centrum,27.837089179479978,57.43519781718963
05811601,Vilbergen Norra,6.8730002493923195,46.17834394904459
05811602,Vilbergen Södra,9.701305420283637,46.49805447470817
05811603,Vilbergen Västra,10.59745601019076,45.5193482688391
05811701,Klockaretorpet Östra,11.603989909268172,47.5177304964539
05811702,Klockaretorpet Norra,24.074666027338683,49.11955514365153
05811703,Klockaretorpet Södra,21.840708574521084,46.67349027635619
05820101,S:t Laurentii,5.61801501390142,34.824561403508774
05820102,Bossgård,3.1204613869307205,38.519134775374376
05820103,Alboga,7.448779352334755,37.1614301191766
05820201,Drothem,2.300523850548053,29.703652653342523
05820301,Skönberga,3.959490844842816,31.57894736842105
05820401,Västra Husby-Gårdeby,1.2237797067886076,28.31016825164594
05820601,Östra Ryd,1.2924071361275447,27.20478325859492
05820701,Skällvik-Mogata,1.6313935335354768,26.6090297790586
05820801,Sankt Anna-Börrum,1.6313932247663523,22.10144927536232
05830101,Bispmotala,14.61021042404592,52.30923694779116
05830102,Centrum,7.891214626787377,43.2
05830103,Hyddmarken,20.192235401021655,43.64694471387003
05830104,Marieberg -Västra,7.990430469033085,40.29438822447102
05830105,Östermalm,6.532246188939015,41.14490161001789
05830106,Bergsätter,12.195447998876038,44.969040247678016
05830107,Borenshult,2.2340316857833904,38.243430152143844
05830108,Bråstorp,4.076916173891097,37.9182156133829
05830109,Söder,3.267501323922376,36.35097493036211
05830110,Ekenäs,19.029432813577372,53.62946912242687
05830111,Charlottenborg,19.90576889558782,56.82859761686526
05830112,Holm,4.564674278991101,34.684333593141076
05830113,Mossen,9.187587711065854,38.467614533965246
05830114,Samuelsberg,9.438743658203004,39.411764705882355
05830115,Ekön,31.423813610661764,75.79214195183776
05830116,Brunnsvik,4.539833082147893,39.886845827439885
05830117,Marieberg-Östra,24.366985559000046,57.29032258064516
05830301,Nykyrka,1.555464327769174,34.908789386401324
05830401,Godegård,1.8303836784186125,28.275862068965516
05830601,Borensberg Västra - Kristberg,1.4982862593865196,35.10436432637571
05830602,Borensberg Östra,2.257360418641313,36.75271739130435
05830801,Fornåsa - Österstad,1.6843922915906715,27.105978260869566
05832201,Tjällmo,1.804328588943143,30.165289256198346
05832301,Fågelsta,2.22565146340894,26.016260162601625
05840101,Innerstaden,2.3535620300596376,42.2979797979798
05840102,"Kvissberg, Borgmästarområdet mfl",9.170406340925872,44.81481481481482
05840103,Gamla Söder-Nya Söder-Hertigen mfl,4.14731142285482,41.83848797250859
05840105,"Birgitta, Haga, Hagebyhöga, Hov mfl",1.5584758934616998,34.318996415770606
05840301,"Borghamn, Skedet, Rogslösa mfl",1.020337602898469,32.773109243697476
05860101,Dacke-Egebybacken,9.182371491884266,42.74111675126903
05860102,Västra Lundby,18.67976900319068,50.760233918128655
05860103,Slomarp-Egeby-Prästgårdsliden,20.974639613577747,48.07321772639692
05860104,Östra Lundby mfl,14.309313877399667,38.62300587741394
05860105,Norrgården-Albacken mfl,10.976735555575406,42.18399401645475
05860106,Vasastaden,3.9676446864741655,41.42312579415502
05860107,Eldslösa,4.216247063899852,36.515912897822446
05860108,Lagman,12.322238482047512,41.4004914004914
05860201,Högby,15.048615516329027,38.63232682060391
05860301,Västra Lund-Trojenborg,3.8611336038297353,37.29792147806005
05860302,Skänninge landsbygd,2.754135273574299,26.94235588972431
05860303,Skänninge centrum-Hattorp,6.642115790876743,38.926940639269404
05860701,Normlösa mfl,1.0714391584598328,23.57247437774524
05861001,Väderstad-Appuna-Hogstad-Kumla,1.792826608177874,27.22914669223394
05861401,Sya-Västra Harg-Östra Tollstad,1.794919977166095,26.561043802423114
05861701,Viby,4.07841304856381,32.443820224719104
05861801,Veta,2.6591921729828876,32.91428571428571
05861901,Mantorps centrum mfl,4.142509106428964,39.12663755458515
06040103,Aneby Västra,3.208743329944424,21.769499417927822
06040202,Aneby Södra,12.851456849980245,38.44552394170715
06040301,Aneby Östra,3.6715365758262632,28.583403185247274
06170202,Åsenhöga-Källeryd,2.0833730677154962,24.664224664224665
06170303,Kävsjö,11.107660558508577,27.403846153846153
06170404,Kulltorp,5.410345331183301,14.525139664804469
06170501,Gnosjö Norra,15.072748196717152,38.009049773755656
06170502,Gnosjö Östra,12.456809615929572,30.22700119474313
06170503,Gnosjö Västra,25.224616116407795,39.84272608125819
06420103,Sandhem-Utvängstorp,3.0469220145286227,27.480916030534353
06420301,Mullsjö västra,4.953092153385028,34.734133790737566
06420302,Mullsjö östra,6.436766365401058,33.85502471169687
06420304,Mullsjö södra-Bjurbäck,5.1932426351683745,31.524163568773233
06430101,Bränninge,6.1349299171415455,34.3841642228739
06430102,Centrum-Gunnarsbo,7.655029014272603,36.25429553264605
06430104,Kyrkbyn-Furusjö,1.8249519650080432,23.87295081967213
06430105,Gustav Adolf-Brandstorp,1.4450321481423078,22.911051212938006
06430107,Kärr,4.286980760870895,35.13779527559055
06430108,Kråkeryd-Mölekullen,4.969589408742655,34.92779783393502
06430110,Kärnekulla-Sjogarp,3.5361380975830445,22.3433242506812
06620101,Gislaved  C,22.811074585508283,57.58835758835759
06620102,Gullvivan,37.67058981242759,68.94150417827298
06620103,Lundåker,13.901213372036604,44.60431654676259
06620104,Sörgården,7.12487082442206,35.031847133757964
06620105,Henja,13.18889467868246,50.05875440658049
06620106,Gyllenfors-Hult,13.857582947113025,45.06089309878214
06620107,Våthult-Bosebo-Båraryd,10.114732829564296,24.02826855123675
06620408,Anderstorp C,7.058212187158866,31.723484848484848
06620409,Anderstorp N,13.487642487900017,31.27792672028597
06620410,Anderstorp S,18.443716522590794,37.31182795698925
06620913,Smålandsstenar C,9.529484014658102,33.92282958199357
06620914,Smålandsstenar V,8.224092935738767,30.915086562242376
06620915,Smålandsstenar Ö,13.73774832430365,32.15547703180212
06621017,Burseryd-Sandvik,4.994319796840158,30.232558139534884
06621218,Gryteryd-Södra Hestra,1.3689915296613344,17.184643510054844
06621419,Ås-Kållerstad,0.8464543668809826,15.53956834532374
06621620,Reftele,6.494822189711704,21.171548117154813
06621621,Norra Hestra,5.217555766435872,26.666666666666668
06650101,Vaggeryd västra,3.6384269599207846,33.53474320241692
06650102,Vaggeryd norra,8.771928387094261,42.503987240829346
06650103,Vaggeryd östra,9.806834584467309,41.65477888730385
06650104,Byarum-Bondstorp,2.3996003034834925,19.83887210473313
06650305,Västra Skillingaryd-Tofteryd,6.4108204428378395,30.279898218829516
06650306,Skillingaryd östra,18.842222169137344,47.036181678214014
06650509,Åker-Hagshult,2.093211851864167,20.65359477124183
06650610,Hok-Svenarum,3.0221336384756388,23.104693140794225
06800120,Samset-Sveahäll,10.973655944264369,33.276740237691
06800121,Sofia,10.932103774519069,39.561487130600575
06800125,Mariebo,5.077389744173847,34.55344070278184
06800126,Centrum V,11.658134767380645,38.042381432896065
06800127,Söder,6.548558619890357,36.99215965787598
06800128,Västra Torget,10.170482070079787,42.16101694915254
06800129,Friaredalen,10.554394685221009,42.05128205128205
06800130,Munksjö,12.498078623816646,41.106128550074736
06800131,Torpa Ö,8.044301635880243,36.03603603603604
06800132,Torpa V,6.527183613544722,42.384105960264904
06800133,Tokarp,5.033263781524628,45.76856649395509
06800134,Gräshagen-Torpa,8.831091193473076,37.52151462994836
06800135,Bäckalyckan,6.933390470395418,36.42800944138474
06800136,Hisingstorp-Dalvik,11.08368422512644,35.056179775280896
06800137,Skänkeberg-Dalvik,8.964337433847719,38.9894419306184
06800138,Bymarken,5.620209082533108,26.08695652173913
06800139,Vätterslund - Åbolid,8.491790915516264,25.085324232081913
06800140,Munksjöstaden,9.824374493220137,27.76595744680851
06800141,Dunkehalla,7.620750002997456,34.42077230359521
06800142,Kortebo-Strandängen,8.229474207232096,41.04627766599597
06800200,Kålgården Ö,8.386316571268447,36.9622475856014
06800201,Centrum Ö,11.026978559187992,40.07575757575758
06800202,Erik Dahlberg,15.875079422601786,42.1937550040032
06800203,Kålgården V,9.817911479540422,36.771300448430495
06800204,Liljeholmsparken,14.822382977779718,42.808510638297875
06800205,Ekhagen S,21.753576509706253,50.72788353863382
06800206,Ekhagen N,25.83283964394647,52.645502645502646
06800207,Bondberget,14.399231796057375,44.126074498567334
06800211,Rosenlund S,14.86953899927258,46.435845213849284
06800212,Rosenlund N,16.844823971205496,38.951310861423224
06800213,Vättersnäs,12.301969153829523,37.98730734360834
06800214,Österängen V,52.23044479995932,75.57160048134777
06800215,Österängen Ö,46.661147327055524,67.84492588369442
06800216,Liljeholmen,15.03210010020662,49.42965779467681
06800318,Kättilstorp-Haga-Gamla Råslätt,7.150096640772284,38.82863340563991
06800319,Skeppsbron-Fridhem,7.773401391554784,36.36363636363637
06800320,Råslätt-Lockebo,31.901123710656655,71.04
06800321,Ljungarum,6.82826262501168,41.44460028050491
06800322,Råslätt V,48.21878631982345,78.61702127659575
06800324,Råslätt Ö,43.140248480163265,74.60978147762746
06800522,Huskvarna Smedbyn,24.09298904719951,49.16559691912708
06800542,Öxnehaga S,36.673037258293014,62.54355400696864
06800543,Öxnehaga C,47.3889545629323,71.94163860830527
06800544,Öxnehaga N,35.234697077506375,54.58715596330275
06800545,Norrängen-Brunstorp,10.246443680581729,29.957203994293867
06800547,Rosendala,17.577286030790674,40.48076923076923
06800548,Huskvarna C,20.802229398143066,49.36014625228519
06800549,Huskvarna Gråbo,18.96464980790468,45.94348222424795
06800551,Huskvarna Tormenås,17.72021389917238,49.09584086799277
06800553,Huskvarna Bråneryd,27.321878622972605,56.12903225806452
06800654,Stensholm-Jöransberg,7.705735823536378,31.654676258992804
06800655,Egnahem-Fagerslätt,5.530303642431699,32.05804749340369
06800656,Petersberg-Jutaholm,10.643982732094583,30.978809283551968
06800657,Kungsängen-Ekhagen Ö,20.83005629832622,44.52621895124195
06800760,Gränna S,3.986583383224386,32.018927444794954
06800761,Gränna N,5.363784291853039,33.70607028753994
06800863,Norrahammar C-Flahult,12.65769737513392,38.16466552315609
06800864,Norrahammar S,15.990965748889808,41.76013805004314
06800865,Hovslätt,11.627174428212255,28.41648590021692
06800896,Hovslätt N,5.586103642415401,44.08
06800897,Hovslätt S-Norrahammar N,12.127037411892111,41.84184184184184
06800967,Visingsö,1.6417909788040679,43.43434343434343
06801068,Skärstad,3.4687439401394675,26.685393258426966
06801069,Kaxholmen,3.405850833263052,27.49832327297116
06801170,Ölmstad,2.305313909131681,27.536231884057973
06801473,Lekeryd-Järsnäs-Svarttorp,2.002948415966054,22.68211920529801
06801474,Lekeryd,1.1992729187482882,24.012158054711247
06801574,Tenhult N-Öggestorp,7.933409262389042,23.588039867109636
06801575,Tenhult S-Ödestugu,2.899804450068087,24.578059071729957
06801576,Tenhult C,4.629903730450531,28.961267605633804
06801676,Barnarp C,11.231631134476629,37.54578754578755
06801689,Barnarp,10.606470685016921,32.04373423044575
06801979,Månsarp,4.290564521201484,32.514177693761816
06801980,Taberg V,4.419319219933393,31.672025723472668
06801988,Taberg Ö,6.073287269775046,32.15686274509804
06802081,Attarp-Sjöåkra,10.228073301173392,44.529262086513995
06802082,Backamo,3.4019269224072697,27.052785923753667
06802083,Trånghalla-Järstorp,5.646780252447393,25.25179856115108
06802085,Torp,4.2289968187666,35.23054755043228
06802086,Nyarp,4.936088701206838,32.02080237741456
06802184,Bottnaryd,7.812291454210612,24.355971896955502
06802285,Angerdshestra-Mulseryd-N Unnaryd,2.1136140811390605,19.518377693282638
06820101,Nässjö centrum,19.817195912901916,42.582025677603426
06820103,Nässjö landsbygd,9.875242655039692,25.11627906976744
06820104,Handskeryd,14.768904913666344,40.39780521262003
06820105,Ingsberg,8.65682097123279,39.583333333333336
06820106,Nyhem,13.256984532638873,41.153546375682
06820107,Runneryd,36.78505766709528,66.48
06820108,Norrboda,25.121440996799944,52.920662598081954
06820109,Åker,9.443337068753054,34.10958904109589
06820110,Södergården,15.667407760501058,41.453982985305494
06820315,Bodafors,11.934754129199542,36.84710351377018
06820317,Grimstorp/Sandsjöfors,2.5801851845299604,22.074074074074073
06820519,Anneberg,3.961338228454873,28.060886829913965
06820724,Forserum,7.656152709070742,33.8235294117647
06820726,Barkeryd/Äng,3.416711860086108,21.361256544502616
06820929,Malmbäck,5.0487613510349165,24.499229583975346
06830101,Västhorja,4.878388703134026,27.668539325842698
06830102,Trälleborg,19.033683873998505,50.150451354062184
06830103,Norregård,12.746589982865926,40.75425790754258
06830104,Pilagården,12.613407390855938,41.73369079535299
06830105,Skogsfållen,21.784718785506804,56.785243741765484
06830106,Rörstorp,13.329311038200952,40.811724915445325
06830107,Apladalen,8.662431586712332,34.131736526946106
06830108,Mossle,22.09748154467046,52.5462962962963
06830109,Lillegård,12.79989447209872,32.89940828402367
06830111,Gröndal,3.9647156359133766,33.24175824175824
06830123,Nylund,8.50282400161225,36.08949416342413
06830124,Hornaryd,7.339046555768199,43.76146788990825
06830125,Vråen,12.824537151047043,53.50389321468298
06830209,Bredaryd,4.6067524266636735,25.443786982248522
06830512,Hånger,1.8908430446743512,24.465811965811966
06830613,Forsheda,6.013291038321449,29.91953182150695
06830916,Nöbbele,2.0214894504976133,22.56857855361596
06831017,Bor,4.023990885960864,28.286852589641434
06831220,Rydaholm,7.6896708770351,29.205921938088828
06831321,Fryele,2.1835298209762843,24.274099883855982
06840101,Sävsjö stad,16.38760867898771,36.062246278755076
06840102,Sävsjö Ljunga,12.19531974812521,31.52920962199313
06840103,Sävsjö Vallsjö,16.410364392829116,32.890625
06840304,Vrigstad,5.799057117842565,19.098360655737704
06840605,Rörvik,3.7819802586820863,18.641810918774965
06840706,Stockaryd,9.647554360411393,24.56140350877193
06850101,Mellangården,11.461764035934113,38.89967637540453
06850102,Brunnsgård,12.515658727445949,36.94810224632068
06850103,Vetlanda Flugeby-Näsby,22.398008122892044,38.850174216027874
06850104,Pukaregården,13.824529464425222,40.6021897810219
06850105,Tomaslunden,11.057990011514287,41.62257495590829
06850106,Karlslund,9.165917313909544,37.21804511278196
06850107,Ekenässjön-Björköby,9.177435205378497,35.40983606557377
06850309,Bäckseda,4.030330112447807,29.949238578680202
06850511,Bäckaby-Ramkvilla,1.085486702809409,19.947848761408082
06850816,Korsberga,3.5635150298749645,21.856639247943594
06851320,Nye-Näshult,2.2373978350535584,21.453287197231834
06851522,Holsbybrunn,5.311259780525367,29.004940014114325
06851623,Kvillsfors-Pauliström,4.466934559987533,29.243697478991596
06851926,Landsbro-Myresjö,6.686379296757509,30.375
06860101,Sjöängen/Prästängen m.fl.,6.086420748670926,32.13414634146341
06860102,Norrtull med landsbygd,4.816112901456106,35.78947368421053
06860103,Gamla Stan m.fl.,18.10049654074676,49.067796610169495
06860104,Grevhagen med landsbygd,6.41681679293478,36.83409436834094
06860105,Blåsippan-Kaffekullen,16.99769603283411,45.06232023010546
06860106,Kvarnarp,7.66202088367836,38.79396984924623
06860207,Mariannelund-Hässleby-Kråkshult,9.31355882348465,37.27106227106227
06860514,Ingatorp-Hjältevad-Bellö,4.410256363489933,28.205128205128204
06860615,Hult-Bruzaholm,3.3324494084220944,25.905598243688253
06860820,Höreda-Mellby,1.8976731261941886,19.62338949454906
06870101,Tranås Norra-Sommen,15.932527748154072,40.503035559410236
06870102,Tranås Kvarn,7.213108341702374,37.85880527540729
06870103,Ängaryd,11.072025798822283,44.592592592592595
06870104,Centrum,18.884688045427367,50.21367521367522
06870105,Ekmarksberg,13.936573498774514,50.40650406504065
06870106,Junkaremålen,3.2983107208810565,39.69631236442516
06870107,Fröafall,3.0800603464589913,31.65829145728643
06870108,Tranås Södra,10.27987124393153,43.8965238480194
06870109,Tranås Västra,1.8047993588874767,26.6612641815235
07600101,Åseda N,14.966560537082856,34.84251968503937
07600102,Åseda S,12.264241152095714,31.85483870967742
07600305,Lenhovda,8.50336226482885,32.59911894273128
07600407,Nottebäck,4.23153958572147,35.5464759959142
07600511,Älghult,7.220364590537092,33.81858902575588
07610101,Lessebo N,25.482370462138345,55.74193548387097
07610102,Lessebo S,24.768212183831636,49.86149584487535
07610203,Hovmantorp Ö,10.349240434678252,43.35414808206958
07610206,Hovmantorp V,6.659249329769128,43.45238095238095
07610304,Ekeberga,9.648245498363409,54.225352112676056
07610405,Ljuder,3.941549041903193,30.155642023346303
07630101,Tingsryd 1,16.378572512359003,40.8187134502924
07630102,Tingsryd 2,7.744353776455294,35.3968253968254
07630204,Almundsryd,8.298969351073442,30.05366726296959
07630309,Älmeboda-Linneryd,2.7214513262327036,24.80211081794195
07630511,S Sandsjö,3.5087718648473043,30.662020905923345
07630612,Väckelsång,3.784569167623218,33.7782340862423
07630716,Urshult,5.819809263257709,35.23550724637681
07640101,Alvesta N,27.37471299118698,57.36782902137233
07640102,Alvesta S-Blädinge,14.823428210368895,45.85079631181895
07640103,Aringsås,5.0733375143907065,35.794392523364486
07640104,Alvesta V,21.035313741114017,59.23913043478261
07640105,Lekaryd-Härlöv-Prästängen,5.692559164606492,35.62783661119516
07640408,Hjortsberga,2.7089849443793894,21.43884892086331
07640509,Slätthög-Mistelås-Moheda V,2.1513817212624096,28.685258964143426
07640510,Moheda Ö,2.580352370190972,30.92046470062556
07640914,Vislanda,6.5059954952675865,30.00733675715334
07641017,Skatelöv,1.627392908343741,27.75290957923008
07641119,Västra Torsås,1.9114393917886772,23.84393063583815
07650101,Gemön-Möckeln,21.06835905498419,42.579324462640734
07650103,Klöxhult,11.6276718884442,39.237057220708444
07650115,Norregård,11.071916854411416,31.02866779089376
07650116,Froafälle,14.324219832569817,42.52873563218391
07650117,Haganäs,45.835036322973245,62.655086848635236
07650118,Centrum,14.108487676261754,46.285714285714285
07650204,Häradsbäck-Bråthult,3.676936194034361,24.530663329161452
07650305,Virestad-Eneryda,3.8330953894782698,32.08661417322835
07650408,Diö-Stenbrohult,3.800326172891614,33.51254480286738
07650511,Göteryd,2.2963604548340895,25.910931174089068
07670101,Markaryd 1 V,13.473806393129232,36.50627615062761
07670103,Timsfors-Råstorp,5.59319595170086,24.48512585812357
07670104,Markaryd 1 Ö,7.17998018480151,30.70251517779705
07670205,Traryd-Hinneryd,5.558552054525419,22.96395193591455
07670308,Strömsnäsbruk,16.54504275754091,35.99320882852292
07800115,Centrum,9.605199618983915,40.443213296398895
07800116,Bäckaslöv,7.044673131079418,41.56456173421301
07800117,Söder,7.3267291812219435,40.4
07800118,Öster,10.080679795661334,38.76190476190476
07800119,Kvarnhagen,15.734761476828195,47.22222222222222
07800120,Högstorp-Hollstorp,4.370778758545411,38.37612768910479
07800121,Väster,8.341362517328548,35.67026194144838
07800171,Museet,7.0288869505053375,38.109756097560975
07800225,Furuby,1.4790200463051681,36.74321503131524
07800326,Braås,11.261374678568469,40.761300555114985
07800630,Dädesjö,5.3243336283893985,33.41708542713568
07800731,Åryd,3.4497876518991304,32.93577981651376
07800833,Ingelstad,4.110365673576333,39.431157078215904
07800934,Värends Nöbbele,1.4196984169583218,32.6133909287257
07801338,Tävelsås-Uråsa,2.3598575828935404,31.593159315931594
07801439,Vederslöv,1.6669599676669427,28.09917355371901
07801641,Gemla,3.2041738611098296,35.79638752052545
07801742,Bergunda-Bredvik,5.497212416789147,33.42465753424658
07801853,Öjaby norra,3.272094994758657,25.652173913043477
07801854,Öjaby södra-Räppe,5.610149913851099,29.829545454545453
07801944,Åby,1.295198569363347,30.727470141150924
07802045,Sandsbro östra,2.6826934795804616,35.1421188630491
07802062,Sandsbro västra,5.106278329524992,35.66066066066066
07802154,Rottne södra,6.075513175750666,36.131013306038895
07802155,Rottne norra,8.208639781447962,37.68707482993197
07802449,Lammhult,10.77192599490943,30.501930501930502
07802551,Asa-Berg-Tolg,2.11989872810083,30.133928571428573
07802855,Kungsmad,22.509091625712923,43.6208125445474
07802865,Ringsberg,8.674637684641576,44.875346260387815
07802866,Norrelid,11.192716337172099,45.9830866807611
07802868,Fagrabäck,7.4024751702358955,49.71042471042471
07802869,Norr,3.5666268638244607,43.359375
07802870,Teknikum,11.378008140871197,61.91051995163241
07802960,Östra Lugnet,6.314910784399971,35.736434108527135
07802974,Pilbäcken,25.519804530629017,63.40694006309148
07802975,Hov,7.132592450158257,45.744680851063826
07802976,Dalbo centrum,45.17220901043158,83.1447963800905
07802977,Araby,52.313809580153865,86.5904365904366
07802978,Nydala,44.22152285550529,80.95838587641866
07802979,Danneborg-Östra Hovshaga,9.618925738811887,44.00939702427564
07802980,Arenastaden,18.335534726854696,47.93296089385475
07802981,Gustavslund,7.180147643433626,47.183613752743234
07802982,Ulriksberg,8.33085507507592,35.78468536770281
07802988,Hovshaga centrum,8.023345437863371,43.95229982964225
07802989,Norra Hovshaga-Evedal,4.943201820703503,34.099066762383345
07802990,Liedbergsgatan,30.804299483688308,62.92134831460674
07803082,Kampen-Sigfrid,9.945868010058309,46.69724770642202
07803083,Ljungfälle,19.251923139166582,53.3721898417985
07803085,Torparängen,11.206649378648395,56.433978132884775
07803086,Furutå,14.48378857798039,44.21553090332805
07803087,Universitetet södra,17.062460974861935,50.87310826542491
07803088,Teleborg södra-Telestad,8.849975687935917,43.863393810032015
07803089,Teleborg centrum,27.337310446179718,66.28019323671498
07803090,Universitetet västra,29.539169669860048,48.51367419738407
07803091,Vikaholm,9.353349940975248,47.88540245566166
07803092,Universitetet norra,17.25992212647448,40.015243902439025
07810103,Astrad,9.659141121071695,37.81190019193858
07810104,Ljungsätra,5.786223611640252,35.40022547914318
07810105,Ekebacken,5.756337481038744,38.16793893129771
07810106,Stensberg,5.507115623632127,34.930139720558884
07810107,Hammaren,14.589777926925423,40.99576271186441
07810108,Hjortsberg Väst,12.219960125165043,46.26865671641791
07810109,Hjortsberg Öst,16.978094380686308,46.22950819672131
07810110,Kungshög Väst,8.435638777134239,35.632183908045974
07810111,Kungshög Öst,17.231101982175627,42.7801724137931
07810112,Sunnerbo,6.17289908649026,32.46425567703953
07810310,Ryssby,2.960671412310453,29.88394584139265
07810311,Agunnaryd,2.4291641484235904,19.565217391304348
07810715,Hamneda,2.76163300732127,23.859649122807017
07810815,Berga Väst,5.0152374785572436,28.85375494071146
07810816,Berga Öst,5.355778344301803,29.093050647820967
07810817,Vittaryd-Bolmsö,2.3124346787139776,25.40045766590389
07811119,Angelstad,1.5781925209754148,28.905419766206165
07811624,Lidhult,4.309874035655607,34.29438543247345
07811625,Torpa,3.6706855094269533,18.475750577367204
08210101,Fågelfors,3.0563523230590928,42.3963133640553
08210201,Högsby,14.418613158486176,43.36188436830835
08210202,Berga,6.616256405904942,30.87378640776699
08210301,Ruda,7.705626913363676,31.625441696113075
08210401,Fagerhult,3.056417022151302,22.54901960784314
08340101,Gullabo,1.6307512855081274,29.07608695652174
08340201,Torsås landsbygd,2.6523749996229316,26.67342799188641
08340202,Torsås samhälle,4.299153474352254,35.026737967914436
08340401,Söderåkra,5.149403702010762,32.98208640674394
08340402,Bergkvara,4.098545363776406,34.5356176735798
08400105,Vickleby-Resmo,1.8008072407961888,38.117283950617285
08400303,Mörbylånga-Kastlösa,8.268061250053126,44.48324022346369
08400401,Gårdby,1.8842727954092222,28.82797731568998
08400811,Sydöland,4.431808646806008,38.99556868537666
08401304,Glömminge,2.0662249460328224,29.33884297520661
08401406,Algutsrum,2.2527410389753277,33.08144416456759
08401501,Snäckstrand,2.2110799082081347,31.57894736842105
08401502,Talludden,8.901448298584134,39.26701570680628
08401503,Runsbäck,3.5459820165977773,35.32608695652174
08401504,Skogsby,1.953530080606804,35.4924578527063
08401505,Färjestaden Östra,3.443554939099918,37.41626794258373
08600101,Ekeberg,16.394367314151108,56.877729257641924
08600102,Hultsfred S,22.300720667687653,54.37693099897013
08600103,Hultsfred N,9.538495135210285,43.22250639386189
08600201,Lönneberga,4.527023083824318,34.73491773308958
08600301,Målilla,5.015706188158183,35.991379310344826
08600401,Järeda,1.8472086474281664,31.511254019292604
08600501,Virserum,7.951405969298433,30.967741935483872
08600601,Vena,0.7352947648234366,27.06645056726094
08600801,Mörlunda,3.4885234082284478,29.32061978545888
08610101,Mönsterås Centrum S,11.11869580118898,48.47161572052402
08610102,Mönsterås Centrum N,13.479618587614084,47.93893129770992
08610103,Mönsterås Landsbygd S,11.164254423746307,44.470868014268724
08610104,Mönsterås Landsbygd N,6.919011949979948,30.042462845010615
08610105,Mönsterås Ljungnäs,2.1992355174439515,36.11764705882353
08610201,Fliseryd,2.1754554034873506,24.47089947089947
08610301,Blomstermåla,7.944708493946514,38.61566484517304
08610302,Ålem,2.469456950142975,32.71767810026385
08610303,Timmernabben,2.311660109172866,35.253227408143
08620101,Emmaboda södra,21.661988342651036,52.17821782178218
08620102,Emmaboda norra,10.995394928916467,46.692233940556086
08620201,Lindås,6.709134806164601,38.24485373781148
08620202,Vissefjärda,1.9583070712334392,35.96837944664031
08620301,Algutsboda,3.868702309261915,32.5
08620401,Långasjö,1.5402845825565443,32.8125
08800101,Kvarnholmen,5.010123664465124,38.52058618283322
08800107,Malmen V,9.095501229580053,45.58032282859339
08800108,Malmen Ö-Norrgårdsgärdet Ö,5.512775999314209,40.689655172413794
08800122,Malmen S,10.740421814717886,45.08748317631225
08800124,Ängö-Varvsholmen,3.4470809968354277,30.994152046783626
08800201,Lindsdal NV-Förlösa,3.599491980022423,33.17353787152445
08800202,Lindsdal NO,5.287091346303321,44.16403785488959
08800203,Lindsdal SV-Kläckeberga,8.009261306602257,39.74763406940063
08800204,Lindsdal SO-Fjölebro,5.749306855998401,40.835266821345705
08800205,Vimpeltorpet,12.19847517899535,40.596807772380295
08800206,Snurrom,12.406062481061515,45.8498023715415
08800301,Smedby Ö,11.547866370407958,45.40059347181009
08800302,Smedby V,19.495267788567617,54.83870967741935
08800303,Smedby S-Rinkabyholm N-Boholmarna,4.426005481464716,32.947462154942116
08800401,Rinkabyholm S-Hossmo,1.7457613191736427,31.451612903225808
08800501,Rockneby,2.2696296080490845,32.51859723698193
08800502,Drag-Revsudden,2.26964778074369,31.3824419778002
08800601,Läckeby,3.449925044933461,32.78829604130809
08800801,Trekanten,3.247529610895046,28.212290502793294
08800802,Ljungbyholm-Vassmolösa N,3.6574279473320055,36.55172413793103
08800901,Hagby Vassmolösa S,1.9906168788886365,35.09036144578313
08801001,Halltorp-Voxtorp,2.0333391190868637,29.694323144104803
08801301,Tvärskog,1.65253556627555,32.20338983050848
08801401,Påryd,2.2598869628778395,33.91136801541426
08801502,Gamla stan,4.7264204547620166,42.40755310778914
08801503,Kalmarsundsparken-Stensö,2.297729920691207,34.3311506080449
08801504,Sandås-Stensberg,6.436140075504354,40.339233038348084
08801505,Falkenberg,15.03872417399166,49.18032786885246
08801506,Tegelviken-Johannesborg,6.036651158655764,42.661804922515955
08801609,Norrgårdsgärdet V,7.814453318157621,41.228070175438596
08801610,Oxhagen,26.897279822521742,56.28594905505341
08801611,Getingen-Tallhagen,6.8510696462575815,43.954372623574145
08801621,Skälby,10.398550111961077,52.046783625730995
08801712,Funkabo,23.424354787042386,56.97091273821464
08801713,Djurängen V,14.439551704817848,49.90215264187867
08801714,Djurängen Ö,12.608644731437831,47.831552482715274
08801715,Berga Centrum,15.884820883584101,50.96073517126149
08801716,Berga,2.8034011970644457,37.18772305496074
08801817,Norrliden V,36.53529760864437,76.28278221208666
08801818,Norrliden Ö,41.49922012857895,75.52370452039692
08801820,Bergavik,4.840091886620478,43.15004659832246
08801823,Björkenäs mfl,5.775375528917488,40.09324009324009
08810101,Nybro Centrum,13.356774913826534,48.710601719197705
08810102,Myrdalen,12.844092988085729,50.569476082004556
08810103,Kungshall,42.918322603207756,72.2841225626741
08810104,Paradiset,10.978523330338735,43.19344933469806
08810105,Hanemåla Norra,8.707830012946145,39.65351299326275
08810106,Västeräng,5.445860351614035,37.53475440222428
08810107,Hanemåla Södra,5.784962841845768,38.52021357742181
08810201,Alsterbro,2.492211946447097,29.280397022332505
08810301,Bäckebo,2.4922119173574857,28.571428571428573
08810401,Kristvallabrunn,2.0956719267102124,26.352941176470587
08810501,Madesjö Södra,3.682262013578836,33.19362950544845
08810502,Madesjö Norra,7.2280329226667055,25.68093385214008
08810601,Örsjö-Alsjöholm,1.708542965278647,26.729559748427672
08810901,Orrefors,6.8686784838163035,37.76722090261283
08820101,Saltvik-Mockebo,2.7810748339981406,25.60553633217993
08820102,Kolberga-Humlekärrshult,7.604244739261884,33.772218564845296
08820103,Norrtorn,11.806778092949731,45.088868101029
08820104,Orrängen-Tratten,7.247868119292097,34.20805998125586
08820105,Centrum,16.54253828441679,41.11006585136406
08820106,Kikebo-Åsa,13.0462092528352,48.30316742081448
08820107,Södertorn,19.295756351416884,55.622009569377994
08820108,Gröndal,8.264293744508768,41.4481897627965
08820109,Kristineberg-Stångehamn-Mysingsö,16.498703842064707,43.50797266514807
08820110,Kristineberg Västra,14.278840278520809,49.9113475177305
08820319,Fårbo-Misterhult,1.5344495947121413,26.94300518134715
08820321,Figeholm,2.176846181852096,29.89276139410188
08820411,Kristdala-Bråbo-Ishult,1.7854341468886954,24.31906614785992
08820513,Svalliden-Bockara,4.664061786534942,28.186453022578295
08820514,Rödsle-Norrby-Björnhult,3.166543115479691,29.378925331472434
08820517,Påskallavik,2.4267075501955175,33.50383631713555
08830101,Centrum,4.162048468953918,40.88522130532633
08830102,Västralund-Stenhagen,2.8250642056909525,40.93896713615023
08830103,Marieborg,5.73176346664416,45.363908275174474
08830104,Peru,10.273538317899067,46.12244897959184
08830105,Brevik,3.7698656847801355,42.11065573770492
08830106,Skogshaga,9.378023086735968,48.920265780730894
08830107,Jenny-Kvännaren,2.6386791293300225,39.50850661625709
08830108,Karstorp,13.702249965571912,55.02590673575129
08830109,Piperskärr-Gränsö,2.959578070041502,28.823114869626497
08830112,Johannesdal,8.493370056602293,49.17218543046358
08830113,Ludvigsdal-Hornslandet,4.006995575504228,45.539906103286384
08830115,Östermalm,6.624112114669697,49.09090909090909
08830118,Södermalm,16.199935166016537,54.81220657276995
08830209,Djurgården-Törnsfall,2.728030131915361,32.961783439490446
08830310,Gladhammar-Västrum,8.332999344451952,40.79084287200833
08830514,Ukna-Västra Ed,3.1096561781951704,33.333333333333336
08830720,Överum,6.073160250587128,41.13300492610838
08830922,Loftahammar,2.4802127848222257,25.899280575539567
08831124,Gamleby 1,7.885274746470304,38.66790009250694
08831126,Gamleby 2-Lofta,5.785740383942337,39.162112932604735
08831430,Blackstad-Odensvi,0.7287451118359611,26.814268142681428
08831431,Ankarsrum,3.89080301439219,48.11557788944724
08831532,Hjorted,1.7531788141151203,40.91470951792336
08840101,Vimmerby 1,7.034864612867527,37.704918032786885
08840102,Vimmerby 2,20.542813489208797,52.824578790882065
08840103,Vimmerby 3,3.321301847959792,37.08668453976765
08840104,Vimmerby 4,19.091603148476526,44.71910112359551
08840105,Vimmerby 5,3.717308239353168,38.5899814471243
08840106,Storebro,7.91534503752638,34.16422287390029
08840301,Rumskulla-Pelarne,1.2768429293143164,23.990498812351543
08840501,Frödinge,2.019068938075434,28.593996840442337
08840601,Locknevi,1.30804438008348,26.394052044609666
08840701,Djursdala,1.3080446553515312,24.609375
08840801,Gullringen,1.3080444632852724,30.42452830188679
08840802,Södra Vi,4.312291321940072,36.92468619246862
08840901,Tuna,2.019068875784487,32.5635103926097
08850101,Borgholms 1,7.761732799962685,35.892857142857146
08850102,Borgholms 2,7.9096040748354834,41.904761904761905
08850203,Alböke-Föra-Bredsättra-Egby-Löt,1.6591252244549457,28.58974358974359
08850707,Köping,5.985557343261407,29.532497149372862
08850808,Räpplinge-Högsrum,3.3561802953440365,33.89121338912134
08851010,Gärdslösa-Långlöt-Runsten,1.7738359301740572,31.55505107832009
08851313,Böda,2.5629886483316136,33.794466403162055
08851415,Högby,2.5629886681772076,33.80084151472651
08851516,Källa-Persnäs,2.5629887018450686,32.40343347639485
09800101,Visby Innerstaden,5.181508202646905,52.87569573283859
09800102,Visby Norr,9.021739231288027,58.37638376383764
09800103,Visby Öster,6.693438545528999,48.72318692543411
09800104,Visby Skarphäll/Östra Vi,3.4406777345181214,50.47244094488189
09800105,Visby Länna,4.592100455962685,56.362329259525524
09800106,Visby Visborgsst/Halsjärnet,6.564652671347238,49.45355191256831
09800107,Visby A7/Östra Vi,8.072911773149043,50.943396226415096
09800108,Visby Djuplunda/Södervärn,4.656696172813752,50.153609831029186
09800109,Visby Furulund,13.043460980210337,56.36363636363637
09800110,Visby Bingeby,15.8071440121115,59.04095904095904
09800111,Visby Pilhagen/Gråbo,4.527743195236654,55.04385964912281
09800112,Visby Yttre Furulund,13.373494652808725,58.06745670009116
09800113,Visby Terra Nova,7.127617888992592,45.6390977443609
09800114,Visby Galgberget/Snäck,3.2539662830895737,40.85648148148148
09800115,Visby Söder,11.087964761418782,48.19401444788442
09800201,Slite Othem/Hellvi,4.111880592435459,44.42793462109955
09800202,Slite Othem/Boge,5.7895424471820265,51.343705799151344
09800401,Fårö,3.126879105767361,35.0383631713555
09800501,Fårösund,3.1268791166012706,46.78217821782178
09801001,Lärbro,2.217936345458538,41.101694915254235
09801401,Tingstäde,2.2209566723398777,39.471511147811725
09801801,Väskinde,1.8174333834179435,41.51074151074151
09802401,Vallstena,1.533979603045654,37.96498905908096
09802901,Dalhem,2.1132075078675667,36.513545347467605
09803101,Endre,4.073234389682924,39.567567567567565
09803501,Roma,2.30895092500005,41.78154825026511
09804001,Vänge,1.5446195327034313,37.0138017565872
09804401,Kräklingbo,1.8220792964644013,45.79025110782866
09804801,Västerhejde,2.430147801933328,42.89372599231754
09805301,Stenkumla,2.4474526226886457,39.55726660250241
09805501,Eskelhem,1.7082571770847392,39.60546282245827
09805701,Sanda,1.336956554203629,35.45279383429673
09806101,Klinte,4.457129109175981,52.4390243902439
09806301,Eksta,1.2812826995600983,34.463276836158194
09806701,Garde,1.364670067842658,38.14655172413793
09807301,Stånga,0.7219187207795533,31.45631067961165
09807601,Hemse/Alva,7.170571041069504,46.43288996372431
09807602,Hemse/Rone,4.9130794681155185,40.15544041450777
09808401,Havdhem,1.9573039139730195,39.3173198482933
09809101,Burgsvik,2.3633287850326306,41.03703703703704
10600101,Vilboken,8.653916612571143,38.32644628099174
10600102,Kyrkhult-Hemsjö,3.172520826839544,32.161687170474515
10600103,Jämshög,4.139163033226989,38.526119402985074
10600104,Brännaregården,12.039173220962894,34.19203747072599
10600105,Ekeryd-Gränum,9.431278059631236,35.30166880616174
10600106,Oredslund,10.965973530586552,44.376278118609406
10600107,Olofström-Vilshult,8.657772692601958,38.059701492537314
10600108,Olofström C,11.103562664586052,46.97674418604651
10800127,Långö-Gräsvik,11.987390253838152,40.51094890510949
10800128,Saltö-Björkholmen,5.470106755794127,37.21098265895954
10800131,Västerudd,4.322099340232618,45.11517077045274
10800132,Rosenfeldt m.fl.,5.275653877366888,38.71951219512195
10800133,Trossö Ö,6.3292065116463245,38.07982740021575
10800134,Möllebacken m.fl.,6.551593040555283,37.540663630448925
10800135,Wachtmeister m.fl.,5.289421962309794,38.56209150326797
10800136,Hogland m.fl.,9.044101303119387,41.58110882956879
10800137,Pantarholmen,8.694460622227288,46.17775015537601
10800138,Galgamarken,23.726739542289273,54.76190476190476
10800139,Bergåsa m.fl.,11.42048442034758,38.68778280542986
10800140,Hästö,2.1046831554572396,35.58162267839687
10800141,Marieberg m.fl.,34.70657971045857,60.922063666300765
10800142,Kungsmarken,47.687933566565704,84.83353884093711
10800143,Mariedal-Backabo-Torskors,9.738173086440616,50.59856344772546
10800430,Aspö,0.7309476181991593,49.76303317535545
10800508,Kronotorp m.fl.,17.071696721064555,51.50166852057842
10800509,Verkö m.fl.,7.164598737958118,32.820019249278154
10800510,Lyckeby V,6.755090698670093,49.90757855822551
10800606,Kättilsmåla,2.7413018553323676,30.668016194331983
10800611,Lyckeby Ö,7.758875672126626,38.553259141494436
10800612,Spandelstorp m.fl.,6.37214478015216,42.74193548387097
10800613,Hässlegården,3.938301529867239,41.51090342679128
10800801,Kristianopel,1.4132546814195879,29.0
10800903,Jämjö N,1.8759372158560497,36.70295489891135
10800904,Jämjö S,2.801338872699251,40.9486931268151
10801002,Torhamn,1.4101778396855102,32.32044198895028
10801107,Sturkö,0.9697363289338136,34.07643312101911
10801205,Ramdala,2.070485283772106,32.974559686888455
10801214,Trummenäs,2.0725388118451633,28.32131822863028
10801421,Strömsberg,1.5938925829333912,29.466357308584687
10801422,Rödeby N,3.2731283008136978,36.63510560815732
10801423,Rödeby S,3.1498279790810075,40.41811846689895
10801518,Fridlevstad,2.156431670781571,29.573170731707318
10801616,Sillhövda,2.5486503231315485,25.03008423586041
10801720,Tving,1.9931876765652188,28.266331658291456
10801824,Nättraby V,3.5431503387688053,42.91377601585729
10801825,Nättraby Ö,1.7761324960491354,34.67954345917472
10801844,Nättraby S,1.7998401280308738,28.96600566572238
10801926,Hasslö,1.578476343547706,40.864600326264274
10810101,Centrum,17.36471677680955,48.07881773399015
10810102,Fredriksberg,10.769174648595714,35.58515699333967
10810103,Hulta,4.636535024173376,37.91208791208791
10810104,Blekan,14.841789125162624,43.17738791423002
10810105,Lugnet,7.672575583474601,41.289701636188646
10810106,Espedalen,34.76756183654883,63.04604486422668
10810107,Älgbacken,41.87696975745507,67.96482412060301
10810108,Persborg,7.764574754438676,35.07751937984496
10810109,Varan,3.5617526278804763,31.86813186813187
10810110,Hasselstad-Eringsboda,1.2731269652023598,20.236686390532544
10810111,Häggatorp,9.598385764347,35.22083805209513
10810112,Kalleberga,6.840932966772916,35.68507157464213
10810113,Kallinge,16.316291425856367,44.330949948927476
10810314,Backaryd-Öljehult,2.134755955736198,26.688102893890676
10810617,Förkärla-Listerby N,1.677163723144071,31.037735849056602
10810718,Listerby S,1.8925281567640808,26.93452380952381
10810920,Hjortsberga-Edestad,1.8668836493806888,31.00634632819583
10811021,Bräkne-Hoby Landsbygd,1.469579590203073,28.95791583166333
10811022,Bräkne-Hoby Samhälle,4.237215699700166,40.971585701191565
10820101,Högadal,17.977717288219367,46.08030592734226
10820102,Prästslätten,6.984425626169103,44.45438282647585
10820103,Stadsporten,10.883855200995914,43.9581351094196
10820104,Torget,11.00190564782442,40.09569377990431
10820105,Österslätt,17.116490486053983,45.61965811965812
10820106,Tubbaryd,14.684708671207554,45.61224489795919
10820107,Skogsborg,4.078349313137114,43.41978866474544
10820108,Vägga,3.074608762281943,37.80397936624908
10820310,Hällaryd,2.840675615550542,32.28404099560761
10820512,Horsaryd,7.360503263444623,37.63213530655391
10820513,Korpadalen,4.982910539400222,37.13798977853492
10820514,Froarp,3.0755354190945496,34.77088948787062
10820515,Centrala Asarum,11.903976131570857,48.18694601128122
10820517,Svängsta nordöst,6.337538834077738,36.669619131975196
10820518,Svängsta sydväst,7.35953417460097,30.64312736443884
10820619,Mörrum västra,7.093530638276807,39.070749736008445
10820620,Mörrum östra,6.387361180669735,38.55203619909502
10820621,Gustavstorp,6.020599069025394,36.108108108108105
10830101,Furulund,12.959487838877846,41.313050440352285
10830102,Möllebacken,3.430231972973806,31.017543859649123
10830103,Falkvik,6.875009118673442,31.66023166023166
10830104,Hjortakroken,7.320829918903406,39.56896551724138
10830105,Norje m fl,2.4542183913059366,26.704545454545453
10830106,Gammalstorp m fl,1.956271079103087,23.871733966745843
10830107,Mjällby m fl,2.333919939621032,30.864197530864196
10830108,Hörvik m fl,1.9859433905332173,19.61382113821138
10830109,Hällevik m fl,1.1456081064964605,21.01063829787234
10830110,Siretorp m fl,4.879335473425288,26.478616924476796
12140101,Svalöv Östra,8.830759611088949,41.51967435549525
12140201,Svalöv Norra,10.104576001362574,39.8
12140301,Svalöv Västra,8.569183304727675,30.807577268195413
12140501,Kågeröd - Stenestad,2.727704241496598,27.00479780671693
12140601,Billeberga - Tågarp,3.8328159785303133,26.713780918727917
12140801,Teckomatorp Norra,7.6101363389821275,34.85477178423236
12140901,Teckomatorp Södra,6.726724442760596,37.5
12141401,Röstånga - Konga-Ask,3.4059178535042363,36.3395225464191
12300101,Kyrkheddinge,6.798443209279455,24.46808510638298
12300409,Uppåkra,8.91847826869462,35.79978237214363
12300702,Borggård,7.416121052599838,27.771911298838436
12300703,Central Södra,6.768753594561656,30.62360801781737
12300704,Bråhög,13.164345329260051,42.9054054054054
12300705,Aspvägen,7.794347187880546,28.822882288228822
12300706,Stanstorp,8.4222607871595,33.37662337662338
12300707,Mellanvången,6.362184438555134,34.12127440904419
12300708,Annero,5.99841542168956,30.192131747483987
12300709,Central Norra,8.452036371605095,30.958549222797927
12300710,Kyrkbyn,7.056858349977092,31.685789938217123
12300711,Vikhem,8.136026576574118,33.169360505973295
12300712,Hagalid,8.491274091878324,35.32994923857868
12300713,Jakriborg,6.5697139430661045,38.94009216589862
12300714,Hjärup Norra,4.754397857493686,32.047685834502104
12300715,Hjärup  Södra,3.165727479090357,33.80149812734082
12300911,Tottarp,7.05438966583716,27.971311475409838
12310101,Karstorp-Svanetorp,6.6050940800916145,39.04109589041096
12310102,Gamla Åkarp-Dalslund-Kockumsområdet,7.833691197041191,39.11491791577445
12310103,Harakärrsområdet-Mossvägen-Lyckö äng,6.206593818286342,35.30769230769231
12310104,Tågarp Ö.,19.66591970269362,55.47752808988764
12310105,Centrala Arlöv,18.715834846215166,55.080213903743314
12310106,Elisetorp V.,20.47293490291093,60.028050490883594
12310107,Elisetorp Ö.,22.870198362974023,66.81481481481481
12310108,Svenshög,28.196829967994425,71.07061503416857
12310109,Kronetorp-Burlövs egna hem m.fl.,22.864274676638075,56.8208778173191
12310110,Tågarp V.,13.804911924173982,50.20964360587002
12310111,Lillevång,23.151093729826915,59.641873278236915
12330201,Vellinge Eskilstorp,2.457836248409052,17.238749046529367
12330301,Hököpinge-Gessie,3.7090200240317435,18.01948051948052
12330302,Hököpinge-Bruksparken,3.922867417958954,21.80094786729858
12330401,Vellinge södra,2.3581873321944116,14.988814317673379
12330402,Vellinge väster,3.558016137280549,20.192307692307693
12330403,Vellinge centrum,4.751670788466257,23.8544474393531
12330404,Vellinge Herrestorp,4.700391695150979,24.182242990654206
12330501,Skanör västra,2.518071901035441,15.746971736204577
12330502,Skanör östra,2.7952040371515463,16.2109375
12330503,Ljunghusen västra,2.5462043320521937,8.459214501510575
12330504,Ljunghusen östra,2.945828588656961,9.707602339181287
12330505,Skanör centrum,1.9623524542334114,16.037735849056602
12330601,Falsterbo södra,4.507476731755571,11.630434782608695
12330602,Falsterbo norra,2.472279310297245,11.19724375538329
12330801,Höllviken norra,2.551006105081449,16.187433439829604
12330802,Höllviken västra-centrum,2.608760593796727,13.348946135831381
12330803,Höllviken östra-centrum,2.343958412164785,11.717171717171718
12330804,Kronodal-Granviks,2.6247602234708083,14.79859894921191
12330805,Höllviken Gya,2.2478027772464184,15.103734439834025
12330901,Höllviken-Kämpinge,3.059223822978921,11.467236467236468
12330902,Höllviken-Höllviksstrand,1.6926398938795135,9.585889570552148
12330903,Räng,2.4197360970684296,14.814814814814815
12331201,Östra Grevie,3.3829551087854655,27.482993197278912
12331301,Västra Ingelstad,3.9458191073662947,24.78932584269663
12560103,Knislinge Öster,11.056864390817081,32.66129032258065
12560104,Knislinge Väster,5.7713857568819735,30.73209975864843
12560301,Hanaskog,12.134194237239473,36.98979591836735
12560401,Hjärsås,1.8186241646780987,28.65671641791045
12560402,Sibbhult,9.237881484397313,39.48051948051948
12560601,Broby Väster,9.208733940934705,30.017301038062282
12560603,Broby Öster,19.28320684170656,33.57400722021661
12560701,Glimåkra,7.095011104975582,27.062451811873554
12570102,Åsljunga,2.5966900229128456,17.800559179869524
12570103,Örkelljunga Centrum,8.538926100355363,29.146692233940556
12570104,Örkelljunga Norra,8.934777618881629,29.23228346456693
12570105,Örkelljunga Mellan,7.558993594531794,27.63731473408893
12570206,Rya,2.4535806741808064,21.601016518424398
12570307,Skånes Fagerhult,2.9993048709713697,20.792079207920793
12600101,Bjuv 1,9.039979928635173,37.01103309929789
12600102,Bjuv 2,12.05628188317127,34.22053231939164
12600103,Bjuv 3,15.792130941360679,40.077319587628864
12600104,Bjuv 4,18.04216448407217,48.59550561797753
12600105,Bjuv 5,14.413948467268204,47.48743718592965
12600106,Billesholm 3,8.281600693390182,38.95747599451303
12600201,Billesholm 1,10.869560770524746,34.5514950166113
12600302,Billesholm 2,5.510095105876209,27.25030826140567
12600401,Ekeby 1,4.176218566879874,27.642276422764226
12600402,Ekeby 2,4.794860860739344,28.230337078651687
12600403,Ekeby 3,4.321561095719061,27.60989010989011
12610102,Kävlinge Söder,7.908794514475339,38.50574712643678
12610103,Södervidinge/Gryet,3.9798104633984903,29.780564263322884
12610104,Kävlinge Väster,10.311539837058513,36.642784032753326
12610301,Karaby/Dösjebro,3.1788053760666823,25.690376569037657
12610302,Ålstorp,2.893977828482607,17.87878787878788
12610401,Lackalänga,2.2308730608270353,33.6108220603538
12610402,Furulund Centrum,10.36699057144816,39.94111874386653
12610403,Stävie,3.906511707140933,32.54237288135593
12610504,Sandskogen,3.9129760183042612,26.443514644351463
12610505,Löddeköpinge Norr,5.08955562403003,27.00729927007299
12610506,Stationsstaden,9.373153035879028,36.49706457925636
12610507,Kävlinge Centrum/Korsbacka,15.912274142288458,47.93103448275862
12610901,Harrie,4.042150733237378,32.67023718439174
12610902,Rinnebäck,4.36006805922689,37.37906772207564
12611001,Hofterup,2.4948612475909613,20.867009551800148
12611201,Barsebäck/Järavallen,2.151400797720287,19.679633867276888
12611203,Vikhög/Lyckorna,2.931580292275748,23.61546499477534
12611204,Tolvåker,4.401474634467384,23.13060817547358
12611205,Löddeköpinge Centrum,4.273726842678983,35.64567769477055
12620101,Lilla Lomma - Lomma Ö - Alnarp,6.201526912113023,27.17391304347826
12620102,Lomma Hamn,3.2596889336417796,22.641509433962263
12620103,Båt- och Fågelgatorna,2.0668602253146324,28.11276429130775
12620104,Piläng,4.315116030657019,33.69803063457331
12620105,Karstorp,8.313075396437263,24.918743228602384
12620106,Lervik,6.95965661809136,28.583992963940194
12620107,Lomma Centrum,3.9996083070650306,34.13333333333333
12620108,Lomma Strand - Habo Ljung,3.9699023252319376,19.328703703703702
12620109,Vinstorp,5.05825469439351,34.26573426573427
12620201,Bjärred N - Borgeby,4.036360553199942,25.509372453137733
12620202,Löddesnäs,4.112740183463915,30.928689883913766
12620301,Bjärred S,2.872901343305332,19.142857142857142
12620302,Bjärehov,2.913964305766333,24.678362573099417
12620303,Flädie-Fjelie,4.288696293060806,29.54924874791319
12620304,Bjärred V,2.7190294729983515,14.61038961038961
12620305,Bjärred Ö,4.552119606580881,30.419161676646706
12630101,Svedala centrum,6.21773969044439,32.41267262388302
12630102,Svedala stadsparken-Sjödiken,7.626090293035904,30.363321799307958
12630103,Svedala kyrka,4.551302878491166,28.45227062094532
12630104,Svedala väster–Skabersjö,3.1184092239750614,26.95152013147083
12630105,Svedala norr,4.291538561595702,25.868725868725868
12630106,Svedala öster-Börringe,3.0881106809785632,23.408423114593536
12630107,Svedala söder,4.076625650705489,23.735408560311285
12630108,Svedala gamla Sockerbruket,8.442447852663312,33.03929430633521
12630703,Bara centrum,5.75341344317729,36.98903290129611
12630704,Bara Torup,5.176717786893899,31.446540880503143
12630705,Bara Bjärshög,4.934170031209058,28.359683794466402
12630801,"Klågerup, Hyby, Holmeja",4.142297910533228,27.306616961789377
12630802,Klågerup Centrum,4.804045567533091,30.602409638554217
12640101,Skurup NV,6.635296333047522,32.47744621790423
12640102,Skurup NO,10.171871788733194,35.77906018136851
12640103,Skurup SV,5.556221215327382,30.91168091168091
12640104,Skurup SO,5.911969695011399,29.259024699176695
12640601,Skivarp N,3.036750418750776,23.763179237631793
12640602,Skivarp S - Abbekås,3.142028057530103,23.118279569892472
12641001,Rydsgård,3.5790404227215027,27.87286063569682
12641101,Slimminge,3.730535865455185,26.264418811002663
12650101,Sjöbo Sandbäck,3.5767101798224687,20.519713261648747
12650301,Sjöbo Emanuel,4.2630933959402375,24.19205909510619
12650302,Sjöbo Centrum,4.007343456407998,33.53221957040573
12650303,Sjöbo Färsinga,4.86488434195627,23.233215547703182
12650304,Sjöbo Linné,2.7994082281822337,21.15085536547434
12650401,Sövde,1.6904641185953144,25.79957356076759
12650501,Blentarp,2.6969154110229727,22.562277580071175
12650601,Everlöv,2.144740217540059,24.156545209176787
12650901,Vanstad,1.76883154145617,20.515361744301288
12651001,Lövestad,3.064274712608994,24.643320363164722
12651101,Fränninge,2.248404569170721,22.719141323792485
12651201,Vollsjö,2.9123152524003215,20.385050962627407
12651501,Östra Kärrstorp,3.912647151835812,25.76271186440678
12660201,Hörby väst,3.3616044440473085,30.612244897959183
12660202,Hörby norr,7.855852389372814,29.774305555555557
12660203,Hörby sydväst,3.913967401312261,27.879677182685253
12660204,Hörby öst,7.2769716790551096,31.810344827586206
12660301,Långaröd,3.5421961046989527,26.06382978723404
12660501,Ludvigsborg,2.321543973187406,25.99873176918199
12660701,Östraby-Västerstad,1.6847182453885927,22.02436738519213
12660801,Svensköp,3.232207016775467,22.66560255387071
12670201,Höör/Bokeslund,3.3879385282328633,35.6839422259983
12670202,Höör/Ormanäs,5.593823086850694,42.06426484907497
12670203,Höör/Veterinärsområdet,3.4645654771671253,43.887423043095865
12670204,Höör/Centrum,5.4219216836548565,40.25974025974026
12670205,Höör/Åkersberg,3.038804501795623,34.0
12670206,Höör/Stanstorp,5.362696608590281,34.354066985645936
12670301,Höör/Snogeröd,2.8402392518051154,21.29277566539924
12670401,Höör/Orup,2.7231859275781223,31.416666666666668
12670601,Höör/Frostavallen,2.4819861578196627,34.419551934826885
12670801,Höör/Tjörnarp,4.007582378080269,32.16715257531584
12700510,Tomelilla S,7.245133931435828,33.06152705707932
12700511,Tomelilla tätort SV,13.262224777222409,39.31888544891641
12700512,Tomelilla Ö,9.683199126985464,31.18374558303887
12700513,Tomelilla V och Tryde,4.4782418813233935,29.475437135720234
12700607,Onslunda,1.6584771461917676,24.608150470219435
12700910,Smedstorp,2.7157234428389456,27.62906309751434
12701113,Brösarp,1.7807610823752524,33.898305084745765
12720101,Ivetofta,3.4140318180440685,29.868995633187772
12720102,Bromölla Västra,11.39967583356075,35.89449541284404
12720103,Bromölla Östra,7.287820337296024,33.55899419729207
12720104,Bromölla Centrala,13.324560244843033,32.01923076923077
12720105,Bromölla Södra,13.339215520403018,41.07485604606526
12720201,Nymölla-Gualöv-Valje,5.684179547653533,30.232558139534884
12720301,Näsum,2.7882632866950097,23.485477178423235
12730101,Osby Sydväst,6.973841452841275,34.93360572012257
12730102,Osby Nordväst,12.365633851039197,35.059422750424446
12730103,Osby Norra,10.356993682456729,35.85086042065009
12730104,Osby Nordöst,9.821278134447455,33.086680761099366
12730105,Osby Södra,5.840120344817758,29.551451187335093
12730201,Örkened Centralt,8.33333331476846,33.252131546894034
12730202,Örkened,5.540721449709187,28.00453514739229
12730301,Loshult/Killeberg,5.70610457194139,29.261363636363637
12750101,Södra,14.755045234915288,37.23684210526316
12750102,Västra,19.09812281183656,43.48441926345609
12750103,Östra,13.534729129528788,34.105534105534105
12750104,Centrum och Norra,18.176458338807596,42.58970358814353
12750105,Oderljunga,5.333620934186423,17.83264746227709
12760101,Klippan N-Gråmanstorp mfl,11.025153019384208,35.995370370370374
12760102,Klippan NÖ-Solslätt,6.2965099302610374,35.342185903983655
12760103,Klippan V,11.560689790368201,39.12213740458015
12760106,Klippan SÖ-Nyslätt-Elfdalen,6.523988655921292,33.88293487221764
12760204,Storäng-Vedby mfl,2.3723428408778173,23.03585049580473
12760305,Krika-Bonnarp-Nybygget,3.1919543985324896,21.341463414634145
12760410,Riseberga-Färingtofta mfl,2.0097224071161226,23.726708074534162
12760507,Ljungbyhed N,4.411546614671283,27.980535279805352
12760508,Ljungbyhed S,4.2910197653176265,25.225225225225227
12760711,Östra Ljungby,2.6542504937433375,23.612750885478157
12760712,Stidsvig,2.825270461671164,26.44927536231884
12770101,Åstorp  Centrum,13.682508742541925,40.80298786181139
12770102,Åstorp  Björnekulla,7.945093347454803,32.467532467532465
12770105,Åstorp  Bjärshög,25.66169595010358,57.73809523809524
12770106,Åstorp  Dala,15.492769990653011,41.08322324966975
12770107,Åstorp  Öster,5.460681891686904,29.646697388632873
12770110,Åstorp Norr,13.971257395369156,42.807825086306096
12770203,Nyvång,14.010647612610382,40.0
12770204,Hyllinge,11.668680339530333,34.823848238482384
12770308,Kvidinge tätort,4.384236463260672,27.4364406779661
12770309,Kvidinge landsbygd,3.4685269154097362,21.362229102167184
12780101,Båstad Västra,6.873960409763389,21.76706827309237
12780102,Båstad Östra,6.94544167602261,28.17089452603471
12780202,Förslöv Västra,5.276607118252246,34.28030303030303
12780203,Förslöv Östra,5.039912087876899,33.907524932003625
12780303,Grevie,5.121047993196356,28.85496183206107
12780404,Västra Karup,3.2429333143843224,20.329218106995885
12780607,Torekov-Hov,2.971435125028249,21.09375
12780703,Östra Karup,4.32691523988505,23.08641975308642
12780704,Hemmeslöv-Riviera,3.167931161536316,24.91325468424705
12800101,Gamla staden V,8.096424628935813,50.2191060473269
12800102,Gamla staden-Stortorget,11.549387473333137,34.44283646888567
12800103,Gamla staden-Caroli,14.796416880260503,48.91416752843847
12800104,Gamla staden-Ö Tullgatan,13.2692106595082,47.64150943396226
12800105,Gamla staden-Österport,16.66562193607379,55.81920903954802
12800106,Davidshall,8.85085195457416,44.63894967177243
12800107,Davidshall-Lugnet,11.786257118148399,50.71609098567818
12800108,Västra hamnen,8.346482651251327,40.01542020046261
12800109,Västra hamnen-Flaggskeppet,13.100649427151165,36.21825023518344
12800110,Västra hamnen-Dockplatsen,7.142829227844935,25.355450236966824
12800111,Slussen-Ö Förstadsg,14.330558793158392,53.751030502885406
12800112,Slussen,15.83858882897622,54.18181818181818
12800113,Östervärn-Fredsgatan,27.686520501860123,67.31391585760518
12800114,Östervärn-Nobelv,13.962942281016943,63.86093321134492
12800115,Ellstorp,10.915948109852879,49.38704028021016
12800116,N Sorgenfri,29.556538568958967,64.81675392670157
12800117,Värnhem,24.555690360985437,66.36363636363636
12800118,Rörsjöstaden-Rörsjöparken,9.38395147632331,65.91606960081883
12800119,Rörsjöstaden-Kungsgatan,9.497352274235366,61.998361998362
12800120,V Sorgenfri-Betania,11.385568730146186,67.23952738990333
12800121,V Sorgenfri-Rörsjö,20.76474565608555,71.58119658119658
12800122,Lugnet-Rörsjö,13.90432086823881,51.23094958968347
12800123,Lugnet,19.894615114687426,52.87958115183246
12800124,Rådmansvången-Triangeln,13.99678491783258,56.05564648117839
12800125,Rådmansvången-Stadshuset,14.537968672487906,67.1115347950429
12800126,Rådmansvången-S Förstadsgatan,15.183079226268106,67.24611161939616
12800127,Rådmansvången-Tandläkarhögskolan,18.19567670809783,63.622170179547226
12800128,Västra hamnen-Fullriggaren,14.70092571696918,46.6198419666374
12800129,Gamla staden-S Promenaden,13.457146930330769,46.30225080385852
12800130,Rörsjöstaden-Föreningsgatan,6.446067442781421,53.57852882703777
12800131,Västra hamnen-Kockum fritid,12.778736677401247,41.716328963051254
12800132,Katrinelund-Värnhem,20.967621127961994,72.7351164797239
12800133,Västra hamnen-Isbergs gata,10.042044585987323,38.16425120772947
12800134,Västra hamnen-Bassängkajen,11.424493860481595,33.16289262235208
12800135,Västra hamnen-Bomgatan,13.318019195784322,40.72948328267477
12800136,Västra hamnen-Varvsparken,14.014853162573162,38.36032388663968
12800137,Värnhem-Rörsjö,21.10650658958186,66.95906432748538
12800201,Möllevången-Bergsgatan,24.281674771866708,69.94475138121547
12800202,V Sorgenfri-Mariagatan,6.552807325287715,77.23765432098766
12800203,V Sorgenfri-Nobelv,14.321485183185906,78.71148459383754
12800204,Möllevångstorget N,19.06427444801736,78.08510638297872
12800205,Möllevången-Folkets park,11.588150982594444,81.32094943240455
12800206,Möllevången-Karlskronaplan,12.0746131261146,77.90393013100437
12800207,Möllevången-Bangatan,33.374554363106306,81.34228187919463
12800208,Möllevången-Södervärnsplan,19.904510901246482,74.12429378531074
12800209,Södervärn,19.418812255944815,73.98190045248869
12800210,Flensburg-Allm sjukhuset,24.584089860054007,68.64516129032258
12800211,S Sofielund-Seved,32.29811417964763,75.77639751552795
12800212,N Sofielund-Sofielundsskolan,22.042035289314565,78.62010221465077
12800213,S Sofielund-Bryggeriet,32.10275525620385,83.1353919239905
12800214,N Sofielund-Nobelv,15.33853724223866,82.13610586011342
12800215,N Sofielund-Nobeltorget,12.380584661735238,80.42659974905897
12800216,Ö Sorgenfri-Kiviksgatan,10.873761629427756,75.30966143682906
12800217,Ö Sorgenfri-Nobelv,16.910854342215874,77.24867724867725
12800218,Ö Sorgenfri-Sorgenfrivägen,30.21790168816722,82.59067357512953
12800219,Ö Sorgenfri-Brantevik,12.059255876331818,68.4531059683313
12800220,Annelund,24.991881625773352,79.18088737201366
12800221,Lönngården,23.2003694959988,72.25806451612904
12800222,Möllevångstorget S,18.288434155015107,82.3271130625686
12800301,Hästhagen,4.1376915700939625,45.29644268774704
12800302,Fågelbacken N,8.498067275864294,50.455373406193075
12800303,Kronprinsen,12.251930405219964,46.56144306651635
12800304,Fågelbacken S,10.744995640703097,48.61407249466951
12800305,Kronborg-Teatern,9.962354091960584,53.40253748558247
12800306,Rönneholm SO,9.744484569262518,49.82517482517483
12800307,Rönneholm-Mariedalsv,5.730046565373314,47.3
12800308,Rönneholm NV,5.468259914951217,53.164556962025316
12800309,Rönneholm NO,5.4707198712174785,45.424013434089
12800310,Rönneholmsparken,6.253480615342788,42.391304347826086
12800311,Ribersborg SO,4.9965167247432705,45.47283702213279
12800312,Ribersborg NO,4.834186987618085,44.42988204456094
12800313,Ribersborgsskolan,3.7285127393002044,46.6893039049236
12800314,Ribersborg-Limhamnsvägen,4.928969583801279,40.833333333333336
12800315,Ribersborg-Nicoloviusg,3.9400980301783157,38.716981132075475
12800316,Ribersborg-Regementsg,4.284970630179342,37.88135593220339
12800317,Fridhem,6.742700255833192,26.12872238232469
12800318,Västervång-Fridhem,3.9541909040466634,33.25740318906606
12800319,Mellanheden,12.951510732119454,51.653944020356235
12800320,Dammfri-Köpenhamnsvägen,11.177344411342135,48.5663082437276
12800321,Dammfri-Korsörvägen,8.936664263674338,50.7514450867052
12800322,Solbacken,11.538015014451824,48.26347305389221
12800323,Dammfri-John Ericssons väg,13.177988850596256,52.61239368165249
12800324,Kronborg,15.746049575597613,57.049180327868854
12800401,Bellevue-Nya Bellevue,5.068402905899401,17.934782608695652
12800402,Rosenvång,4.657738270955242,26.888489208633093
12800403,Gamla Limhamn-Bellevue,7.338980872636707,23.896353166986565
12800404,"Limhamn, Ön",8.3504011537439,27.865612648221344
12800405,Gamla Limhamn-Tegnérgatan,6.862360819681223,30.17578125
12800406,Gamla Limhamn-Linnéskolan,6.769878283563142,37.15415019762846
12800407,Sibbarp N,9.848344314588301,37.582005623242736
12800408,Annetorp N,8.280431521561841,33.556405353728486
12800409,Djupadal N,2.8281701369743386,37.95130142737196
12800410,Annetorp S,10.626767803372712,43.39815762538383
12800411,Sibbarp S,6.6712576662641965,23.722627737226276
12800412,Sibbarp-Hammars Park,7.437061461130069,30.876068376068375
12800413,Djupadal-Ö Rosenvång,3.7510998496824794,36.26893939393939
12800414,Djupadal-Broddaparken,6.820317945635037,36.43497757847533
12800415,Hyllieby,7.197998473728615,29.028436018957347
12800416,Bunkeflostrand N,9.595155490048619,25.569871159563924
12800417,Bunkeflostrand-Fjärilsg,5.385397995839288,28.464017185821696
12800418,Bunkeflostrand-Ängslätt,8.754356447873613,30.08252063015754
12800419,Bunkeflostrand-Strandhem,9.69175612334801,28.602461984069514
12800420,Annestad N,23.46818236821288,51.291989664082685
12800421,Bunkeflo-Vintrie,11.450509114801891,33.43511450381679
12800422,Klagshamn N,6.3904490249226,32.47950819672131
12800423,Tygelsjö Ö,5.548935437927026,27.80708364732479
12800424,V Klagstorp-Tygelsjö V,6.024774655087625,30.874524714828897
12800425,Limhamn-Dragörkajen,9.015354274644055,28.535980148883375
12800426,Kalkbrottet,17.26097999088232,34.26632739609839
12800427,Annestad S,19.784418288886517,38.92554194156456
12800428,Elinelund N,17.785781616653264,44.2159383033419
12800429,Limhamn-Cementparken,20.326802376133895,43.12865497076023
12800430,Limhamn-Fendertorget,27.247148974552644,48.764044943820224
12800431,Limhamn-Fernissagatan,18.238397391801964,37.927565392354126
12800432,Limhamn-Formgatan,14.735622657718,41.55299055613851
12800433,Limhamn-Rosengrens gata,14.224227668207995,29.713721618953603
12800434,Klagshamn S-Tygelsjö vång,7.150122671652047,34.472934472934476
12800435,Elinelund S,17.89926968218203,34.87179487179487
12800436,Gamla Limhamn-Valborgsgatan,7.080962166923178,34.32835820895522
12800501,Lorensborg N,23.257694898538148,57.929226736566186
12800502,Lorensborg V,41.04886866334408,71.57534246575342
12800503,Lorensborg SO,29.31272656245567,58.81226053639847
12800504,Bellevuegården V,27.199230880867837,51.09717868338558
12800505,Bellevuegården Ö,45.58906494906642,82.01005025125629
12800506,Kroksbäck N,21.068271297565254,61.23521681997372
12800507,Kroksbäck V,6.5088286570923595,38.22042467138524
12800508,Kroksbäck S,47.841869015206065,90.17941454202078
12800509,Borgmästaregården S,12.773400400534213,55.94660194174757
12800510,Borgmästaregården N,9.017313017481804,46.440677966101696
12800511,Södertorp,13.20003014035545,51.965993623804465
12800512,Gröndal,16.674420350653104,56.398809523809526
12800513,Kulladal N,17.593100316946717,47.701863354037265
12800514,Kulladal-Per Albin Hanssons väg,11.484015849831318,50.08460236886633
12800515,Kulladal-Kulladalsgatan,15.097443584350213,54.831460674157306
12800516,Holma N,36.16641939950612,73.25581395348837
12800517,Holma S,48.48058418493594,85.33834586466165
12800518,Lindeborg-Axel Danielssons väg,20.76173303837146,53.071500503524675
12800519,Lindeborg Centrum,21.168070017397536,48.963474827245804
12800520,Lindeborg-Stolpalösaparken,21.27275595241396,54.282407407407405
12800521,Hyllievång-Tennisgränd,35.91276969232132,50.78534031413613
12800522,Hyllievång-Allétorget,29.562200515522477,46.360759493670884
12800523,Hyllievång-Dagvattenparken,31.16753347182621,63.44086021505376
12800524,Hyllievång-Sagas gränd,27.83468064068466,52.70700636942675
12800525,Hyllievång-Skrivaregatan,28.296606091043284,48.83268482490272
12800526,Bellevuegården-Hålsjön,27.202066547594693,67.58957654723127
12800601,Heleneholm,33.611378600230644,74.08963585434174
12800602,Eriksfält,20.36859118390266,60.24930747922438
12800603,Almhög V,31.630817082253078,69.11581569115816
12800604,Almhög Ö,40.704786167566645,78.86178861788618
12800605,Augustenborg N,40.72600115856357,84.44193912063135
12800606,Augustenborg S,40.88453457040956,79.72222222222223
12800607,Hindby,19.086317304785574,66.04938271604938
12800608,Nydala NV,37.757319307298744,77.74647887323944
12800609,Nydala NO,40.8928296581814,81.14209827357237
12800610,Nydala SO,36.706938326378925,76.62790697674419
12800611,Gullviksborg,45.058488186562485,84.83516483516483
12800612,Gullvik,26.574752680354536,66.14481409001957
12800613,Ö Söderkulla,20.34426325518968,60.921052631578945
12800614,Hermodsdal,45.92004140494112,83.50983358547656
12800615,Hermodsdal-Gullviksborg,36.965475008534135,75.93880389429764
12800616,V Söderkulla-Söderkullagatan,18.424688790739527,62.71981242672919
12800617,V Söderkulla Centrum,21.846870167057794,70.64220183486239
12800618,V Söderkulla-Fosietorp,22.307765459909795,71.26288659793815
12800619,Lindängen N,29.948438872836185,69.60926193921853
12800620,Lindängen Centrum,39.143239729623104,74.67455621301775
12800621,Almvik,31.95774256119461,63.58620689655172
12800622,Lindängen Ö,38.414903382853424,80.2275960170697
12800623,Lindängen-Almvik,37.75900537385625,64.8414985590778
12800624,Lindängen-Kastanjegården,33.104176250352914,71.47688838782413
12800625,Lindängen-Vårsången,47.182976485413924,87.96680497925311
12800701,Oxie Kyrkby N,16.5020694378455,54.788610871440895
12800702,Oxie Kyrkby Ö,16.32303339113662,50.562947799385874
12800703,Oxie Kyrkby-Toarp,13.338510097336929,49.743589743589745
12800704,Kristineberg,25.891837893947073,51.92150449713819
12800705,Käglinge,13.241553242482455,46.00526777875329
12800706,Oxievång Ö,18.834232527317237,54.20023014959724
12800707,Oxievång V,24.16524902889853,59.39698492462311
12800708,Käglinge-Lockarp,12.391490576916963,37.65765765765766
12800801,Törnrosen,47.957572180877186,92.46913580246914
12800802,Örtagården V,44.97701396596341,93.39378238341969
12800803,Persborg,38.47330034336637,84.70149253731343
12800804,V Kattarp,20.817421269993265,77.36063708759954
12800805,Rosengård centrum,51.931158647729646,96.67458432304038
12800806,Apelgården S,29.294924602330255,83.78378378378379
12800807,Apelgården N,24.5254487101468,84.40860215053763
12800808,Kryddgården S,26.10983733050783,86.07809847198642
12800809,Herrgården,56.44884101160089,95.66666666666667
12800810,Kryddgården N,52.099869496410506,92.0
12800811,Törnrosen-Örtagården,50.30018192626466,91.7936694021102
12800812,Örtagården Ö,45.76114554522652,94.3859649122807
12800901,Riseberga-Storhällagatan,8.745426972887902,40.62237174095879
12800902,Riseberga-Ringbergagatan,10.884404695551801,48.03370786516854
12800903,Videdal N,18.470988920599073,61.146496815286625
12800904,Videdal S,12.769916760890013,59.52914798206278
12800905,Virentofta V,13.45944101116984,51.45719489981785
12800906,Virentofta Ö,11.613239097981596,50.09416195856874
12800907,Höja,13.320538675874879,60.1589103291714
12800908,Stenkällan-Höja,13.758912053045842,55.656565656565654
12800909,Stenkällan-Jägersro Villastad,24.72563760096674,60.95143706640238
12800910,Ö Skrävlinge-Kvarnby,11.223985261539177,47.89237668161435
12800911,S Sallerup,10.164480627362963,37.61552680221811
12800912,Almgården,20.774917039747294,56.90866510538642
12800913,Ö Skrävlinge-Gyllins,10.747414511418295,47.68153980752406
12800914,Riseberga-Elsa Anderssons gata,10.884952281797021,54.32432432432432
12801001,Kirsebergsstaden-Rostorp,14.133409366036338,65.52631578947368
12801002,Kirsebergsstaden-Solgatan,13.910166254887423,65.990990990991
12801003,Kirsebergsstaden-Kirsebergstornet,19.05684839222284,68.52331606217616
12801004,Johanneslust,7.944023897754829,67.11990111248456
12801005,Kirsebergsstaden-Beijers park,13.871943531213793,63.36515513126491
12801006,Segevång Ö,31.949633647663013,60.47430830039526
12801007,Segevång V,26.721888089420737,56.554307116104866
12801008,Segevång N,24.620099942273423,62.93103448275862
12801009,Håkanstorp,11.82401125657823,55.09977827050998
12801010,Bulltofta-Valdemarsro,13.247457206863482,49.68619246861925
12801011,Segevång S,24.03082225874579,71.66666666666667
12810101,"Centrum, Krafts rote",6.700775306715531,41.20654396728016
12810102,"Centrum, Clemens rote",7.679471612321433,47.36842105263158
12810103,"Centrum, Vårfru rote",7.840438782509889,42.92074799643811
12810104,Mårtenslund,6.794883100618178,51.15995115995116
12810105,Nöden,7.523946117267527,46.774193548387096
12810106,Revingelyckan-Margretedal,6.210280580488733,39.705882352941174
12810107,Stampelyckan-Planetstaden,7.097709998471,49.33469805527124
12810108,"Centrum,  Drottens rote-Svanelyckan",9.223941480772615,46.56488549618321
12810109,Ulrikedal,10.03147818216316,53.84615384615385
12810110,Gylleholm,8.089038396513152,46.22641509433962
12810111,"Centrum, Färgaren",8.45662492261953,51.6597510373444
12810201,Kobjer-Sliparelyckan,10.730072457327903,55.630821337849284
12810202,Pilelyckan-Rådmansvången,16.574301497880132,59.47643979057592
12810203,Papegojelyckan Ö,8.20031708866575,49.05335628227194
12810204,Väster,9.743586948556205,49.848331648129424
12810205,Spoletorp V,4.987254435606391,39.66480446927374
12810206,Papegojelyckan V,15.47122456862321,65.90693257359924
12810207,Värpinge - Klosters Fälad,12.98296413881309,50.34364261168385
12810208,Värpinge gård,17.82224025249361,63.16758747697974
12810209,Vildanden,24.60412845092505,62.79650436953808
12810210,Måsen,15.53099374829132,47.549019607843135
12810211,Klosterhusen,5.673904570182024,49.25503943908852
12810301,Råbylund Öster,16.88581959752742,47.62407602956706
12810302,"Linero, Vikingaparken",35.90141892820835,73.6842105263158
12810303,"Linero, Tre högars park",25.734871045169616,57.45654162854529
12810304,"Linero, Gårdarike",20.57646203335795,52.05078125
12810305,Norränga,17.730663101833358,57.68688293370945
12810306,Råbylund Väster,20.1434578660748,50.45685279187817
12810401,Olshög-Professorsstaden,7.972775295568041,40.03392705682782
12810402,Spoletorp Ö,17.5111822973113,47.42857142857143
12810403,Tuna Öster,20.161290289576257,45.81749049429658
12810404,Galjevången,9.974507613311651,45.12663085188028
12810405,Möllevången Ö,12.369389991136357,50.61391541609822
12810406,Möllevången V,14.45179317654696,48.06408544726302
12810407,Plantagelyckan,8.170178485883573,44.27123928293063
12810408,Tuna Väster,19.530069403278976,57.46367239101717
12810501,Nöbbelövs centrum,19.42913641640595,55.59736594543744
12810502,Nöbbelöv-Oscarshem,9.919803380545627,47.33382030679328
12810503,Gunnesboparken,19.039779385996,60.63193851409052
12810504,"Gunnesbo, Fornängen",11.65613342576502,53.22153574580759
12811301,"Sandby, Västervång-Hardeberga",9.222430462849585,37.51274209989806
12811302,"Sandby, Kyrkovång",7.2759232685296595,42.21153846153846
12811303,"Sandby, Fågelsång-Assarhusa",6.38033649160406,46.0639127045986
12811304,"Sandby, Östervång-Revinge",5.635525046342177,36.03461841070023
12811305,Sandby Centrum,6.930292544363233,44.18331374853114
12811601,"Dalby, Centrum-Nyvång",6.416696629451746,44.73409801876955
12811602,"Dalby, Norrevång",4.59435309803596,39.678030303030305
12811603,"Dalby, Stationen-Påskagänget",8.892475090261028,39.239001189060644
12811604,"Dalby, Pinnmöllan-Rökepipan",4.4100757069255625,57.66944114149822
12811605,Torna Hällestad,2.5181392691895295,49.774436090225564
12811606,Dalby Kolonin,7.243607675421192,47.78578784757981
12812001,"Genarp, Slätterna",8.904891660500134,37.33974358974359
12812002,"Genarp, Ekesvång",3.1522802875466316,33.04347826086956
12812101,"Veberöd, Björkhaga-Trulsbo",4.017472463656405,28.705440900562852
12812102,"Veberöd, Gamla byn",4.862831470823148,34.24408014571949
12812103,"Veberöd, Idala",4.334836494409169,29.79552093476144
12812104,Veberöd Raggeborg,4.422553711527333,33.9539978094195
12812401,Hospitalsgården-Järnåkra,12.40596586995461,51.06870229007634
12812402,Nilstorp,5.662432266634375,46.5625
12812403,Klostergården SV,13.330054409914236,59.47176684881603
12812404,Klostergården N,28.77466930358232,42.73182957393484
12812405,Sankt Lars,16.491457713678088,50.86136177194422
12812406,Klostergården SÖ,23.091373484274925,69.58041958041959
12812407,Klostergården Centrum,22.6853436102315,68.70554765291607
12812501,"N Fäladen, Kämnärsrätten SÖ",11.614892436531397,60.68027210884354
12812502,Sankt Hans park,26.891999638012962,63.81578947368421
12812503,Fäladstorget,26.06511179306449,59.83493810178817
12812504,"N Fäladen, Borgareparken",12.038949243060246,56.511350059737154
12812505,Ladugårdsmarken,23.002502917857736,58.64570737605804
12812506,Annehem,10.519938254977852,36.86131386861314
12812507,Delfi,24.66823828897676,64.1025641025641
12812508,"N Fäladen, Kämnärsrätten NV",11.614856990018618,68.68571428571428
12812509,"N Fäladen, Rådhusrätten",29.75796505867591,70.93389296956978
12812510,Offerkällan,26.182955840119217,69.47743467933492
12812511,Brunnshög,23.00724265299964,45.083487940630796
12812512,"Brunnshög, Solbjer",19.69658317196471,51.9453207150368
12812601,"Östra Torn, Spexaren",13.099450185422278,71.70356111645813
12812602,Vipelyckan,8.503265684720994,43.739279588336196
12812603,"Östra Torn, Gåsatoften",14.76815168021459,53.401898734177216
12812604,"Östra Torn, Vänortsparken",22.641036008201123,52.240325865580445
12812605,"Östra Torn, Orkesterparken",14.034499664891944,56.25
12812606,Mårtens Fälad,10.82620891702274,49.44356120826709
12812701,Vallkärra,7.513975433591175,45.89096826688365
12812702,Torn,7.898794035307771,44.92282696994314
12820101,Citadellstaden,7.267244287852356,36.62842012356575
12820102,Fröjdenborg,12.332815334145868,46.41235240690281
12820103,Norra Förstaden,19.72735985967486,58.611111111111114
12820104,Centrum,18.142975691069452,46.92442882249561
12820105,Dammhagen,24.467491393335823,68.44978165938865
12820106,Gustav Adolf,18.899585811903467,61.446977205153615
12820107,S:t Olov,14.083222809998663,44.76190476190476
12820108,Albano,11.70649307676906,52.293577981651374
12820109,Larvi,8.027083386876743,43.14627414903404
12820110,Sandvången,6.807724389393054,45.87155963302752
12820111,Helgebröten,4.283247375693267,55.56818181818182
12820112,Norrestad,22.910372075110853,77.9381443298969
12820113,Karlslund,20.42830683134832,61.228406909788866
12820114,Västra Fäladen,4.026823216533625,47.868852459016395
12820115,Drottningen,2.627729771173131,36.01476014760148
12820116,Svaneholm,2.346034974345895,23.246492985971944
12820117,Norra Borstahusen,2.9516183442974007,27.889713679745494
12820118,Weibullsholm,22.74601322089066,64.1988950276243
12820201,Ven,4.670433036753417,32.971014492753625
12820301,Annelöv,3.281590303240202,25.508317929759706
12820401,Häljarp Norra,3.4412718143740944,27.240649258997884
12820402,Häljarp Södra,3.8159173896232272,28.64321608040201
12820501,Asmundtorp,4.922427966223642,27.59365994236311
12820801,Härslöv,6.667381667374414,35.08771929824562
12820802,Glumslöv Norra,2.95408826148255,28.30188679245283
12820803,Glumslöv Södra,3.3493563747296444,26.528258362168398
12830101,Olympia,15.811676809130368,37.04396632366698
12830102,Centrum S,9.907584708589955,35.96491228070175
12830103,Centrum V,5.731893016918066,23.379819524200165
12830104,Slottshöjden S,7.697512263833111,35.12797881729921
12830105,Slottshöjden N,15.568455829814381,42.66009852216749
12830106,Stattena,14.994546719170497,42.857142857142854
12830107,Centrum Ö,7.0343387352016435,25.673400673400675
12830108,Tågaborg Ö,9.97909604402364,36.45189761694616
12830109,Tågaborg S,7.138994895939078,32.71028037383178
12830110,St Jörgens plats,4.3313595204750674,23.131046613896217
12830111,Tågaborg M,8.096330425682243,30.40358744394619
12830112,Tågaborg N,5.537985258864083,20.950704225352112
12830113,Pålsjöbaden,3.5391149058671947,17.51207729468599
12830114,Pålsjö Ö,11.29374442470938,41.58233670653174
12830115,Ringstorp C,10.647827787588387,38.1078691423519
12830116,Berga,15.048123348138908,45.114155251141554
12830117,Mariastaden N,14.059906258335266,29.724933451641526
12830118,Mariastaden V,6.831787280051588,33.54838709677419
12830119,Mariastaden Ö,19.47592050927293,44.06332453825858
12830120,Ringstorp Ö,10.918952143362695,42.311365807067816
12830121,Tågaborg C,6.8670289010294105,33.23996265172736
12830122,Margaretaplatsen,3.7194948468147144,26.67398463227223
12830123,Ringstorp N,9.647346885539832,36.077705827937095
12830124,Mariastaden S,10.207558600431113,33.41404358353511
12830201,Furutorp,32.5978864274391,74.14075286415712
12830202,Stadsparken,37.69234957609472,63.56164383561644
12830203,Högaborg V,38.74735403797049,67.89915966386555
12830204,Eneborg V,37.171906394989314,68.18181818181819
12830205,Wilson park,10.067547032562704,37.66603415559772
12830206,Eneborg M,29.88544774216207,57.712305025996535
12830207,Högaborg Ö,33.88911510821756,76.11336032388664
12830208,Viskängen,13.547017684308358,45.43707973102786
12830209,Närlunda,35.88321407586715,69.37142857142857
12830210,Eskilsminne,14.311948153345545,40.45053868756121
12830211,Ragnvalla,26.201383746406695,62.454873646209386
12830212,Adolfsberg-Västergård S,21.216470520938827,56.8988173455979
12830213,Sofieberg,8.002807925857576,39.28215353938185
12830214,Husensjö,5.519881523001531,36.15819209039548
12830215,Rosengården Ö,18.725324452462793,60.90686274509804
12830216,Rosengården V,17.5980106789393,46.985446985446984
12830217,Västergård N,19.802355711762374,54.979536152796726
12830218,Gustavslund Ö,10.195606881741565,33.582089552238806
12830219,Söder,37.96532950466723,70.49645390070921
12830220,Gustav Adolf,41.29906928982687,66.61367249602544
12830221,Oceanhamnen,26.71034626770662,39.4700139470014
12830222,Eneborg Ö,28.165306625119985,43.93063583815029
12830223,Rosengården C,19.088594092680886,58.84315906562848
12830224,Gustavslund V,9.768719183170278,32.7536231884058
12830301,Råå S,1.8132420492207884,27.079934747145188
12830302,Råå N,2.2332731762723212,30.743525480367584
12830303,Högasten,14.28399936059154,44.662921348314605
12830304,Lussebäcken,17.36449786464465,46.73784104389087
12830305,Planteringen S,29.234996633448564,58.67689357622243
12830306,Planteringen N,42.11784774399393,75.44696066746127
12830307,Elineberg,32.23861804098732,66.13076098606645
12830308,Ramlösabrunn,10.378494638535969,37.44257274119449
12830309,Ramlösa N,5.860266122516247,32.638259292837716
12830310,Humlegården,5.7036866638755175,31.57894736842105
12830311,Ättekulla N,14.030667805079364,44.883720930232556
12830312,Raus S,10.254230132853612,35.810810810810814
12830313,Ramlösa Ö,7.4695481083884125,27.16390423572744
12830314,Ättekulla Ö,10.55145490298174,44.05684754521964
12830401,Kattarp N,5.6517817311231875,25.57628979143798
12830501,Kattarp S,7.971725900701005,29.2250233426704
12830601,Allerum,5.657785854361732,16.602316602316602
12830602,Hittarp-Domsten,3.3233824225948863,15.60798548094374
12830603,Laröd V,3.321240807488505,20.59064807219032
12830604,Laröd Ö,4.351269707915698,26.025236593059937
12830701,Ödåkra V,12.670880539919198,38.924339106654514
12830702,Ödåkra Ö,12.434743976523576,40.855704697986575
12830703,Björka-Väla,20.472626121315884,55.10688836104513
12830901,Påarp V,9.047241870600235,31.57894736842105
12830902,Påarp Ö,4.190936192912571,29.792746113989637
12831201,Mörarp V,4.751780252185432,24.96940024479804
12831202,Mörarp Ö,5.805285473382144,28.83977900552486
12831301,Bårslöv Ö,9.477626647967027,37.22721437740693
12831302,Bårslöv V,16.567251425396933,43.96456256921373
12831601,Rydebäck N,3.081876613479407,23.2387923147301
12831602,Rydebäck S,1.909833702745474,23.371647509578544
12831603,Gantofta,2.8861213904703678,23.78048780487805
12831604,Vallåkra-Ottarp,2.9360078461996486,26.409774436090224
12831605,Rydebäck Ö,2.9271102838677843,25.806451612903224
12831606,Rydebäck M,2.6713239660743953,28.071672354948806
12831701,Fredriksdal V,31.588791598708738,64.89988221436985
12831702,Fredriksdal M,34.85066541091954,72.09302325581395
12831703,Drottninghög Ö,37.35676259577409,80.1470588235294
12831704,Drottninghög V,32.85711034439771,64.8
12831705,Dalhem-Källstorp,23.014606856303303,59.496567505720826
12831706,Dalhem S,31.640840337085372,69.62719298245614
12831707,Brohult,19.807007789805162,56.32183908045977
12831708,Lundsbäck,38.82414438101536,46.50571791613723
12831709,Fredriksdal Ö,40.56322692599991,78.83597883597884
12840001,Nyhamn V,2.9575422086611294,29.603729603729604
12840002,Nyhamn Ö - Brunnby,2.7819139897874847,29.699842022116904
12840003,Jonstorp V - Ingelsträde,3.0579182586055635,25.421348314606742
12840004,Jonstorp Ö,1.6884789218143832,23.331130204890947
12840005,Höganäs NV,5.234543813962899,37.4169741697417
12840006,Höganäs NÖ - Väsby,4.234694772884087,36.449399656946824
12840007,Höganäs C,8.586305678366347,39.23686105111591
12840008,Höganäs S,13.054167885370699,39.98428908091123
12840009,Höganäs SÖ,11.807567127630492,49.87255734919286
12840010,Höganäs Ö,9.090880398022547,41.57509157509158
12840011,Lerberget N,2.9030414677965117,26.25272331154684
12840012,Lerberget S,3.896721958430035,27.032967032967033
12840013,Viken N,1.5340992653604655,17.860016090104587
12840014,Viken Ö,2.9856209097122535,21.718854097268487
12840015,Viken S,2.19376117799198,14.180478821362799
12850101,Centrum Sydost,15.883985683861388,45.65853658536585
12850102,Centrum Väster,16.50766650485995,48.741610738255034
12850103,Karlsro,7.824058346558206,38.87015177065767
12850104,Norr,16.995866771724973,44.533527696793
12850105,Rönneberga,20.436523187865664,51.254826254826256
12850106,Solkullen,7.078451136047762,38.285714285714285
12850107,Väster,4.283155735485338,36.99551569506726
12850108,Sallerup,12.979094021546269,42.199108469539375
12850109,Berga,15.913787268346967,51.23094958968347
12850110,Örtofta,7.770644988099542,40.212765957446805
12850111,Centrum,18.750742973867744,53.48189415041783
12850201,Stehag,2.5578985543380854,34.61538461538461
12850401,Västra Strö,10.390440605820347,24.88888888888889
12850801,Billinge,4.595401540323043,34.47154471544715
12850901,Skarhult,3.2107256620638105,28.506787330316744
12851101,Marieholm,9.511958743475217,34.05358686257563
12851301,Löberöd,5.172906700107524,25.390984360625573
12851401,Harlösa,2.8999067527962255,26.232741617357004
12851601,Flyinge,5.071316123042386,28.846153846153847
12860101,Edvinshem SÖ-Gjuteriet,7.24952274062079,40.667808219178085
12860102,Edvinshem N,3.629665218651693,36.08247422680412
12860103,Bellevue S,6.012810445015336,34.33835845896147
12860104,Bellevue N,6.209382076611001,33.67662203913491
12860105,Solbacken N,4.776673183049984,35.2306182531894
12860106,Hälsobacken,3.8037701898133727,34.892353377876766
12860107,Egna hem-Solbacken SÖ,3.913443681467096,32.87536800785083
12860108,Surbrunnen-Östra förstaden N,5.67010741859257,38.2648401826484
12860109,Ö förstaden S-Regementet-Sandskogen,8.984749294986536,35.89065255731922
12860110,Gamla staden V,8.756369099153295,44.28341384863124
12860111,Västra Sjöstaden-Åkesholm,4.316875833629815,29.865470852017935
12860112,Gamla staden Ö,9.506726367536967,40.5
12860401,Svarte-Snårestad-Bjäresjö-Sjörup mfl,2.38398033398115,29.568106312292358
12860701,StHerrestad-Hedeskoga-Bussjö-Källesj,2.7793807061153015,25.44045102184637
12861101,Nybrostrand-St Köpinge-Svenstorp,1.5592261269407885,22.04724409448819
12861102,Köpingebro,3.5248622714891487,33.13180169286578
12861201,Sövestad-Baldringe-Högestad m fl,1.9181388157783732,25.942350332594234
12861601,Löderup m fl,4.452054452347988,28.645833333333332
12861801,Glemmingebro-Ingelstorp-Kåseberga,4.2604499961875,31.202046035805626
12870101,Fuglie-Hammarlöv-Alstad,3.0422894658276354,23.34983498349835
12870102,Skegrie,2.9626313748461817,20.56737588652482
12870103,Skåre-Maglarp-Västra Tommarp,3.8775629281714936,23.976608187134502
12870104,Tågarp-Västervång,4.1946954704891795,29.930795847750865
12870105,Högalid-Lundhög,4.26587497892928,30.71253071253071
12870106,Granlunda-Söderslättshallen,5.3893855367822905,33.8235294117647
12870107,Barnängen-Liljeskolan,5.944020800690183,37.792642140468224
12870108,Parken-Trelleborg Övre,7.823026674420642,35.87174348697395
12870109,Vannhög-Bastionen,6.199539650623784,36.077057793345006
12870110,Söderslättsgymnasiet-Hamngatan,10.60384940351983,42.906976744186046
12870111,Trelleborgen-S:t Nicolai,9.871721009681096,46.69211195928753
12870112,Friheden,8.420923706298675,41.31082423038729
12870113,Flaningen,4.742183399287741,39.79107312440646
12870201,Centralstationen-Hamnen,9.380131420321861,43.777292576419214
12870202,Wemmenhögsgatan-S:ta Gertruds väg,8.864458901643602,36.34558093346574
12870203,Klockaregatan-Österlid,12.955642639122292,47.635524798154556
12870204,Flintedal-Kyrkoköpinge-Malörten,10.482153579554183,45.46413502109704
12870205,Pilevall-Dalköpinge kyrka,13.808068081529663,54.08653846153846
12870206,Fagerängen-Östra stranden,14.49293353600451,46.13124387855044
12870207,Dalköpinge-Svartesjö,3.2410027448073215,24.703737465815863
12870208,Gislövs läge-Gylle-Bösarp,2.8512241477557083,22.77825711820535
12870209,Norra Åby-Böste,2.106864767793971,22.59380097879282
12870210,Stora Isie-Äspö-Smygehamn,2.3864787108223524,28.21939586645469
12870211,Beddingestrand,1.9885289866183589,22.093981863149217
12870212,Jordberga-Klagstorp-Önnarp,2.2171555109874643,26.63716814159292
12870213,Anderslöv östra-Grönby-Näsbyholm,2.4162327815489926,24.074074074074073
12870214,Anderslöv västra-Lilla Alstad,2.7119424922305533,23.70731707317073
12900101,Centrum,23.131425166687507,45.475638051044086
12900102,Söder-Udden,18.14567763180205,48.44444444444444
12900103,Söder,16.74621440386165,37.634408602150536
12900104,Östermalm,13.422662044765417,39.04761904761905
12900105,Egna Hem - Parkstaden,12.54812326446233,32.8
12900106,Lyckans Höjd,20.65642775381603,47.783251231527096
12900107,Östra Fäladen,25.326491815790288,54.8418024928092
12900108,Gamlegården1,56.110208844175894,90.50410316529894
12900109,Gamlegården2,52.50444656897576,85.11904761904762
12900111,Kulltorp,14.465305893463974,40.81455805892548
12900112,Näsby norra,24.968354245519805,60.729166666666664
12900113,Näsby södra,22.79884405912164,53.07769929364279
12900114,Österäng,29.02628436997644,71.3953488372093
12900115,Öllsjö,5.151751867011901,29.16923076923077
12900116,Sommarlust,22.603831577443483,47.27126805778491
12900209,Charlottesborg - Härlöv,18.286348374143813,55.4630593132154
12900210,Hedentorp - Åsum,7.888297009300928,37.21098265895954
12900216,Vilan-Långebro,18.681761905626292,47.58620689655172
12900402,Träne - Djurröd - Skepparslöv,4.233633713918308,20.182787509520182
12900702,Vä,4.694343619972926,28.33553500660502
12900803,Köpinge - Nöbbelöv,2.3856986043723794,23.217391304347824
12900901,Hammar,8.521426829071983,34.173669467787114
12900902,Nosaby,11.93429167541011,39.49386503067485
12900903,Hammarslund-Gamla Hammar och Araslöv,10.684705171119367,34.81363996827914
12901103,Österslöv - Balsby - Fjälkestad,18.100632253870973,28.840970350404312
12901303,Önnestad-Norra Strö,3.4731538617556383,27.342657342657343
12901401,Färlöv,5.135554958471982,32.61802575107296
12901501,Åhus centrum,2.986503079708389,23.34254143646409
12901502,Åhus-Täppet,1.505072840143825,20.787929589270746
12901503,Åhus Transval-Sånna,1.9851413395222768,29.029217719132895
12901505,Åhus Vattentornet-Ripa,1.6189322217811177,22.647631408176508
12901506,Åhus Äspet,1.5928105696103056,15.690527838033262
12901507,Åhus Vanneberga - Östra Sand,1.7163834325780227,20.46783625730994
12901701,Everöd - Östra Sönnarslöv - Huaröd,3.10818547404886,26.32375189107413
12902301,Bäckaskog,2.2359746834215546,24.439288476411445
12902401,Fjälkinge - Nymö,4.119710870817234,26.98170731707317
12902501,Gustav Adolf - Rinkaby,4.9109033716798836,27.918424753867793
12902901,Degeberga - Hörröd,2.3421898603771423,27.942353883106485
12903001,Yngsjö - Vittskövle - Maglehem,2.079525309015135,27.19860221316249
12903103,Tollarp-Linderöd-Äsphult,3.335268184843508,23.797881010594946
12903201,Tollarp centrum södra,4.800730458215777,28.40670859538784
12903202,Tollarp centrum norra,4.713794946429081,29.39677145284622
12903501,Oppmanna - Vånga - Arkelstorp,2.6797615556836822,27.91495198902606
12910101,Simrishamn N,5.786773447358618,39.92481203007519
12910102,Simrishamn C,15.173061529273049,47.4827245804541
12910103,Simrishamn S,11.55164719693083,42.949234488315874
12910204,Simris,6.662837522523457,33.90596745027125
12910408,Gladsax,3.987285653696164,33.57575757575758
12910609,Skillinge,2.1291859324347246,30.09950248756219
12910710,Borrby,3.3526174076955355,29.533116178067317
12911114,Gärsnäs,4.196863472421475,32.61776982707215
12911316,Hammenhög,4.809591456843483,29.009193054136876
12911720,S:t Olof,2.950638949831874,35.72828216851731
12911922,Kivik,2.453323278136174,33.79366368805849
12920101,Ausås-Strövelstorp,3.9647651919731404,23.58356940509915
12920102,Höja-Starby,3.3875712158627223,17.032967032967033
12920103,Skörpinge,4.902297959672586,29.533333333333335
12920104,Södra Utmarken,3.269576574564679,33.232810615199035
12920105,Willan,17.13813679044412,46.64310954063604
12920106,Ängavången,10.534047532104626,37.281976744186046
12920107,Centrum S,5.227008054903965,31.940818102698
12920108,Nya Torg,9.01829492201816,35.65459610027855
12920109,Sockerbruket,5.410120764986618,39.198218262806236
12920110,Danielslund,4.602133577732861,26.127320954907162
12920111,Centrum N,8.080299566360255,29.844961240310077
12920201,Kungsgården,12.786218445605487,46.44927536231884
12920202,Munka Ljungby S,5.686221234499798,28.64180154820549
12920203,Tåssjö-Össjö,1.817491300034706,24.01021711366539
12920204,Munka Ljungby N,2.9026771115760335,28.94736842105263
12920205,Rebbelberga,3.8546059869855127,31.926121372031663
12920206,Pomona,2.9378296968054656,27.398311588641597
12920207,Skälderviken,2.7110049611636535,22.756119673617405
12920208,Magnarp,1.2400842304924375,24.61038961038961
12920209,Vejbystrand,2.8495394133592353,33.77028714107366
12920210,Hjärnarp S,2.854869654199227,27.094668117519042
12920211,Hjärnarp N,2.1534880790239295,26.784059314179796
12930101,T4-området,14.48142982900759,40.333660451422965
12930102,Gäddastorp,11.464399232269287,29.86857825567503
12930103,Bokeberg,10.170621178863023,46.00431965442765
12930104,Stattena,10.98074892106906,36.886792452830186
12930105,Hässleholm C,16.957324688519915,44.36274509803921
12930106,Djupadal,17.329179435731465,37.42177722152691
12930107,Haga,15.388263054408034,43.333333333333336
12930108,Kristinehem-Ekedal,11.889385791592384,38.73015873015873
12930109,Sjörröd,3.625971111635107,26.155268022181147
12930110,Östervärn-Röinge,13.573289301273173,37.34835355285962
12930111,Läreda,40.545786236937715,74.42455242966751
12930112,Ljungdala,10.405632884141177,43.73232799245994
12930113,Fredentorp,7.838259579951794,38.81856540084388
12930114,Bokalyckan,11.37965449865796,37.30512249443207
12930301,Stoby-Ignaberga,4.53829471399303,23.539668700959023
12930302,Ballingslöv,3.449709547618364,25.130208333333332
12930501,Vinslöv C,2.222222911570056,29.193548387096776
12930502,Vinslöv N,2.5711865015727837,27.655986509274875
12930503,Vinslöv S,2.167795430909533,22.667757774140753
12930901,Hästveda V,3.4067034828187808,24.23900789177001
12931002,Hästveda Ö,5.975025355591282,29.121540312876053
12931203,Vittsjö utom tätorten,4.027638971750224,22.793148880105402
12931204,Vittsjö tätort,9.480686803030027,31.5042573320719
12931301,Bjärnum S,5.9811589160552865,29.850746268656717
12931302,Bjärnum N,5.390833297703476,27.390438247011954
12931402,Vankiva,7.3885843702213645,21.03861517976032
12931503,Sösdala Ö,4.962750822320426,28.232189973614776
12931504,Sösdala V,6.847331404809345,31.450719822812847
12931704,Tormestorp,3.6146565209245716,27.321237993596586
12931901,Tyringe N,10.24743114617142,33.63128491620112
12931902,Tyringe V,7.403198825499077,31.085353003161224
12931903,Finja,3.826771841054234,27.575757575757574
12931904,Tyringe S,3.089905448750374,25.072886297376094
12932005,Röke-Hörja,1.2299665700722033,20.604099244875943
13150101,Torup,9.587444044851683,39.87792472024415
13150102,Rydöbruk-Femsjö,4.899938896203288,30.434782608695652
13150201,Kinnared-Drängsered,3.635252615668206,27.726432532347506
13150401,Landeryd-Långaryd,2.0095772111454826,24.76943346508564
13150501,Hyltebruk,15.900872841675703,48.17391304347826
13150502,Örnabäckshult,21.2258495726222,49.74811083123426
13150503,Staffansbo,13.9028681128233,37.99237611181702
13150701,Unnaryd-Jälluntofta,4.483089812144341,32.44047619047619
13800101,Centrum norra,8.209741866230027,36.633663366336634
13800102,Centrum västra,7.86572380686203,42.66528925619835
13800103,Centrum södra,8.035947729827328,39.36750272628135
13800104,Galgberget västra,7.124361816343973,30.995934959349594
13800105,Galgberget östra,7.619493819893645,42.618110236220474
13800106,Kärleken-Sofieberg västra och södra,5.160585116830326,38.96976483762598
13800107,Kärleken-Sofieberg östra,5.279670813204855,39.206534422403735
13800108,Mickedala,4.9609671020257515,37.567084078711986
13800109,Rotorp norra,9.460583750867466,47.38400789733465
13800110,Rotorp södra-Alet,6.315501430955803,37.956204379562045
13800111,Kattegatt,6.136145685149734,38.204081632653065
13800112,Slottsjord,5.9148549406744975,37.67313019390582
13800201,Centrum östra-Gamletull södra,13.55140461634563,46.63865546218487
13800202,Gamletull västra,5.646183273904449,36.71189146049481
13800203,Gamletull norra och östra,9.61821466743912,43.09278350515464
13800204,Furet,6.556604952941141,37.87152444870566
13800205,Frennarp,3.5462008148394815,44.433399602385684
13800206,Nyatorp norra,18.108463582744523,42.95964125560538
13800207,Nyatorp södra,15.809007601123675,48.63636363636363
13800208,Nyhem västra,23.961187309077793,51.326530612244895
13800209,Nyhem norra och östra,22.173835489067923,57.087753134040504
13800210,Nyhem södra,24.94322145272061,51.11583421891605
13800211,Engelbrekt västra och södra,12.966735204956194,45.644171779141104
13800212,Östra Förstaden-Engelbrekt norra,10.370495619657198,40.89912280701754
13800213,Engelbrekt östra-Östra Stranden,25.792922303543147,40.932642487046635
13800214,Linehed södra,25.7601971943089,75.72413793103448
13800215,Linehed norra,23.148970070211476,56.15141955835962
13800216,Gustavsfält norra,28.778424356312406,65.96858638743456
13800217,Gustavsfält södra,32.18898957209296,72.36842105263158
13800218,Andersberg norra,47.141580340304834,85.13824884792626
13800219,Andersberg södra,43.840659204784934,85.93903638151426
13800301,Vallås västra,23.2307124974257,65.08728179551122
13800302,Vallås norra,16.010058449352357,58.61713106295149
13800303,Vallås östra,11.925520379870951,53.11284046692607
13800304,Vallås södra,14.690542538699106,56.08180839612486
13800305,Snöstorp östra-Brogård,4.581578841386223,41.008563273073264
13800306,Snöstorp västra,5.347199651131989,41.09243697478992
13800307,Fyllinge norra,9.052321298875661,56.08695652173913
13800308,Fyllinge södra,11.048385029642125,52.35243798118049
13800309,Skedala-Marbäck,2.9932241864037095,27.19465648854962
13800401,Simlångsdalen,2.0985506902538233,28.835489833641404
13800501,Oskarström västra och södra,6.898135280798388,43.15659679408138
13800502,Oskarström norra,6.409748763506028,40.476190476190474
13800503,Oskarström östra,4.536762159649126,37.04035874439462
13800701,Eldsberga-Tönnersjö,1.8650764640764528,31.145717463848722
13800702,Gullbranna-Laxvik,2.744729249350535,29.14409534127844
13800801,Trönninge,5.466500654014218,34.505862646566165
13800901,Söndrum södra,2.7016922919338886,28.19706498951782
13800902,Eketånga-Stenhuggeriet östra,3.452535678826061,27.996164908916587
13800903,Söndrum norra-Vapnö,2.615360916483454,26.633165829145728
13800904,Bäckagård-Pålsbo norra,5.760835688045965,39.27835051546392
13800905,Bäckagård-Pålsbo södra,5.086080215328252,43.44059405940594
13800906,Bäckagård-Trottaberg västra,3.0949720668669674,27.32919254658385
13800907,Frösakull östra,1.9389603394848014,24.47817836812144
13800908,Frösakull västra-Tylösand,3.3386224008499235,13.741223671013039
13800909,Eketånga-Stenhuggeriet västra,2.7209439993402986,25.963488843813387
13800910,Bäckagård-Trottaberg östra,5.704229877962671,24.50199203187251
13801001,Kärleken-Sofieberg norra-Holm,3.175762958717257,30.795072788353863
13801101,Gullbrandstorp södra-Villshärad,1.7179306126393368,32.270168855534706
13801102,Gullbrandstorp norra-Onsjö-Ågarp,1.8651952283737712,29.543147208121827
13801103,Haverdal,2.3050271290178164,29.444063143445437
13801104,Harplinge,1.7493186334235449,34.23952975753123
13801201,Steninge-Särdal,1.9040205277505364,27.690802348336597
13801401,Getinge södra-Rävinge,5.0997681787867535,37.219730941704036
13801402,Getinge norra,5.963695588036909,34.20707732634338
13801701,Kvibille-Slättåkra,1.2610420939624158,28.006872852233677
13801901,Åled västra,3.4036579034720496,34.07325194228635
13801902,Åled östra-Sennan,3.463615432367275,32.68571428571428
13810101,Laholm Centrum,11.278795450210248,42.68292682926829
13810102,Laholm Östra,13.722280220364961,49.547325102880656
13810103,Laholm Västra,6.1984676753616785,33.52769679300292
13810104,Laholm Norra,6.896736337440804,33.10980720871752
13810105,Laholm Södra,12.343527546288533,43.21120689655172
13810106,Mellbystrand Södra,1.8520586377666537,22.69736842105263
13810107,Mellbystrand Norra,1.850531455419878,24.0625
13810301,Våxtorp,4.439559170512722,25.318471337579616
13810501,Hasslöv-Skottorp,4.6184629817601515,23.4338747099768
13810502,Skummeslöv,2.123215778964197,24.304267161410017
13810601,Hishult,2.202365905879206,21.518987341772153
13810701,Ränneslöv,1.143352727086931,22.850412249705535
13810801,Vallberga-Ysby,4.1864585933330165,29.26829268292683
13810901,Knäred,7.90926518615577,29.81427174975562
13811101,Veinge,3.0197184319337844,26.6900790166813
13811102,Tjärby,7.934193448560758,33.76764386536374
13820101,FBG 1 V Gärdet-Hamnen-Gamla stan,12.409295930225639,42.96419650291424
13820102,FBG 2 Arvidstorp,11.196328101206474,50.36075036075036
13820103,FBG 3 Herting,15.662817218762605,44.98669032830524
13820104,FBG 4 V Gärdet-Smedjeholm,9.3398234983408,49.19966301600674
13820105,FBG 5 Centrum,14.026255800961348,45.02579218865144
13820106,FBG 6 Ö Gärdet-Vindilen-Fajans,9.067091423080967,48.712288447387785
13820107,FBG 7 N Skrea Strand,5.387599668717325,29.032258064516128
13820108,FBG 8 Hjortsberg,4.37073703355041,43.84272997032641
13820109,FBG 9 Tånga-Sloalyckan-V Tröinge,16.299212594440462,52.03187250996016
13820110,FBG 10 Falkagård-Stafsinge,12.141339248877793,48.31365935919056
13820112,FBG 12 S Skrea Strand-Ringsegård,3.0458066760732945,27.097902097902097
13820201,Skrea Samhälle-Ringsegård,2.3253107032983635,31.72690763052209
13820202,FBG 11 Slätten,5.235286871003374,48.346456692913385
13820301,Årstad,4.870066098646509,26.383399209486164
13820601,Slöinge,8.003920807931545,35.86387434554974
13820701,Ugglarp-Långasand,2.001537206522391,32.44803695150115
13820801,Skogstorp,7.716646515887033,46.282140375260596
13820901,Glommen-Olofsbo,2.4857812030836945,31.15290269828291
13820902,Långås-Morup,4.400626997456297,29.13085004775549
13821001,Ljungby,2.1858325705600383,26.137841352405722
13821101,Tröingeberg,6.278822730645772,40.42132982225148
13821102,Vinbergs Samhälle och kyrkby,6.16586109553331,31.936579841449603
13821201,Vessigebro,4.09149293240763,32.98872180451128
13821501,Köinge-Okome,4.7249985347066845,27.671232876712327
13821901,Ätran-Fegen,3.1381001796479047,24.966974900924704
13822301,Ullared,8.189476707916286,29.58057395143488
13822401,Älvsered,3.2477432529541304,23.253012048192772
13830121,Värö,3.3145356518953504,28.174878556557946
13830122,Stråvalla,3.523921727568402,28.966346153846153
13830123,Veddige V,3.6380450651753353,35.95505617977528
13830124,Veddige Ö,5.202058271908011,31.385006353240154
13830126,Bua,5.257348978441431,35.264663805436335
13830129,Tångaberg-Kärra-Åskloster,2.223346193909946,32.30016313213703
13830130,Bläshammar-Trönningenäs,2.6959013537201484,35.922330097087375
13830131,Lindberg-Tofta-Torpa,2.649823230878381,29.102564102564102
13830132,Valinge-Stamnared,2.1069621558989287,24.673439767779392
13830135,Brunnsberg-Norrdal,8.951177612278215,48.49823321554771
13830136,Stenåsa-Äckregården,9.46613343638255,50.17921146953405
13830137,Gamleby,6.971913385194293,37.58542141230068
13830138,Trädlyckan,6.190555899345892,46.017699115044245
13830139,Håsten,13.047283435115636,58.783120706575076
13830140,Karlberg,8.166716961646951,44.694835680751176
13830151,Kungsäter-Karl Gustav-Gunnarsjö,1.9541668296252543,24.791418355184742
13830152,Derome-Sällstorp-Grimmared,2.1139842880549855,28.13397129186603
13830153,Getterön-Lugnet-Göingegården Ö,7.060340206165012,44.48913917940467
13830154,Trönninge-Göingegården V,3.221808232823683,35.74561403508772
13830221,Skällinge-Nösslinge,1.2763197344325217,29.91329479768786
13830222,Rolfstorp,2.6591706848237595,31.774415405777166
13830223,Träslöv N,2.890735919671294,38.41269841269841
13830224,Grimeton-Gödestad-Hunnestad,1.3388718405379414,27.976190476190474
13830225,Varberg centrum S,4.09985637759114,38.671875
13830226,Varberg centrum N,8.320880371236491,46.3768115942029
13830227,Lorensberg-Tranelyckan,5.337251823023206,38.68131868131868
13830228,Lilla Träslöv,3.600744147169744,37.23628691983122
13830229,Hästhaga-Rosenfred,3.474119265245694,40.98910310142498
13830230,Mariedal,6.242998788641591,45.043914680050186
13830231,Sörse-Apelvikshöjd,11.920246127948364,56.63865546218487
13830232,Sörse-Ranelid,14.48807133763581,55.257270693512304
13830235,Apelviken-Nygård,3.4318494766780563,31.425891181988742
13830237,Träslövsläge NV,2.0299040071627545,34.642576590730556
13830238,Träslövsläge SÖ,3.0388281981226197,32.85586392121755
13830239,Tvååker V,3.712701922936708,34.77633477633478
13830240,Tvååker Ö,3.6002944845546834,35.56105610561056
13830251,Breared,3.877189721225215,39.70260223048327
13830252,Träslöv S,3.3509421566878954,37.33641262509623
13830253,Spannarp-Sibbarp-Dagsås,2.015731454792668,30.425963488843813
13840101,Innerstaden,9.05922368190885,26.56400384985563
13840102,Västra Villastaden,4.825413356787183,31.790123456790123
13840103,Ö Villastaden/Signeskulle/Gårdskulla,4.612577019816576,30.782608695652176
13840104,Hålabäck,9.72693439826803,34.310344827586206
13840105,Hammerö,12.412588605593273,34.47401774397972
13840106,Hammerö Södra/Västra,8.03538084355983,30.76923076923077
13840107,Tingberget,10.926138925567443,35.494505494505496
13840201,Varla Södra,14.573493144323908,44.55626715462031
13840202,Varla Norra,5.807720805510532,29.927007299270073
13840203,Tölö,4.165816016039194,29.032258064516128
13840204,Fors,2.744919469097306,31.6751269035533
13840205,Hede,3.101845194267262,33.40248962655602
13840206,Björkris,5.788852555660093,27.25137039937353
13840301,Anneberg,6.47880705357653,34.05545927209705
13840302,Älvsåker,3.0434490323543764,29.376601195559353
13840401,Vallda Sandö,3.061227593211667,23.900414937759336
13840402,Vallda Lerkil,2.1841467833865638,21.636506687647522
13840403,Vallda Bröndome,5.803757834891111,21.264994547437297
13840404,Vallda Backa,3.0180829992327745,26.30252100840336
13840501,Kyvik,2.5528382648567978,12.203876525484565
13840502,Kullavik Centrum,4.50498115828063,19.487179487179485
13840503,Släps Kullen,2.7240564737842177,11.233053582956746
13840504,Malevik/Släps Inland,4.287297841443777,21.758569299552907
13840505,Bukärrs Centrum,2.64607785281243,16.05351170568562
13840506,Särö,2.9877883397861034,13.392857142857142
13840601,Frillesås Landsbygd,3.3277953710642847,29.374505146476643
13840602,Frillesås Kust,5.066411939064752,30.894941634241246
13840801,Ölmevalla Östra,4.488425110189522,31.80515759312321
13840802,Ölmanäs,1.560311097496835,24.791318864774624
13840803,Åsa Centrum,4.635150927674429,33.053691275167786
13840901,Gällinge/Idala/Förlanda,2.7159182538458904,24.44267515923567
13841201,Fjärås Norra,3.571251781868284,27.299058653149892
13841202,Fjärås/Må,5.9634130674233745,31.477663230240548
13841203,Fjärås Södra,3.0448237908315847,23.084780388151174
13841301,Hanhals,5.259826570536297,22.923976608187136
13841401,Forsbäck/Oskarsberg,3.9292856157935936,20.02495321272614
13841402,Presse/Skällared,2.4930609752688473,22.5609756097561
13841403,Onsala Kyrka,3.2196898839664088,22.905027932960895
13841404,Onsala Rydet,2.078130713496188,19.6843853820598
13841405,Gottskär,3.2555317271935476,17.797443461160274
13841406,Vässingö/Röda Holme,2.3040366123496883,24.108818011257036
13841407,Onsala Västra,2.1558370180191786,26.10103626943005
13841408,Kolla Norra,5.303676828244626,29.372937293729372
13841409,Kolla Södra,5.54707462420543,24.963503649635037
13841411,Onsala Södra,2.8258468255622238,20.88888888888889
13841412,Åsa kust,4.304336633532764,24.733475479744136
14010101,Härryda,4.802113412136663,32.31046931407942
14010201,Backa-Eskilsby m.fl.,5.001365250633358,32.02247191011236
14010202,Landvetter centrum V-Skårtorp m.fl.,9.791079978304031,37.431906614785994
14010203,Landvetter centrum Ö-Snåkered m.fl.,4.30369192325651,30.89753772835584
14010204,Önneröd-Salmered,2.807987186996099,31.44927536231884
14010205,Tahult-Byvägen m.fl.,4.158861599881442,29.936305732484076
14010301,Kindbogården-Solsten m.fl.,5.3078432003797085,35.845896147403685
14010302,Säteriet-Bråta m.fl.,20.086540169104662,57.530402245088865
14010303,Mölnlycke centrum m.fl.,6.133973137339899,38.04081632653061
14010304,Pixbo m.fl.,3.9119383614214662,35.63129357087529
14010305,Högadal-Övre Skogen m.fl.,8.41637858533067,40.13377926421405
14010306,Djupedalsäng m.fl.,6.088147591232504,33.63309352517986
14010307,Nedre Skogen-Skinnefjäll m.fl.,9.888176908264471,38.914027149321264
14010308,Orrekullen-Långetjärnshöjd,3.629781250459056,29.879275653923543
14010309,Båtsmanstorpet m.fl.,4.547770598209192,34.710743801652896
14010310,Nysäter-Benareby m.fl.,4.37392602846006,28.637627432808156
14010311,Mölnlycke fabriker m.fl.,8.148958001013144,35.24475524475525
14010401,Älmhult-Bocköhalvön m.fl.,3.4779299450323804,34.77406679764243
14010402,Rävlanda,6.5095727747949175,36.3562091503268
14010403,Hällingsjö,4.286130330290031,36.715867158671585
14010404,Hindås centrum-Ingelse m.fl.,4.79803953971442,35.65217391304348
14020101,Brattåskärr S–Fröjasten–Soldatängen,6.317635711267819,40.3690036900369
14020102,Oxled–Soldatheden,12.589790692379346,47.24770642201835
14020103,Kullegården S–Puketorp,6.361948564785239,37.4051593323217
14020104,Vallhamra C–Ljungkullen,14.541322153500323,46.70710571923743
14020105,Brattåskärr N–Sotenäs S,7.377286131558252,33.7322363500374
14020106,Bethala-Sotenäs N,7.543398501509995,31.543116490166415
14020107,Kullegården N-Finngösa,11.655805457949622,40.06514657980456
14020108,Övre Björndammen-Björndammsterassen,17.35473707109986,50.950570342205324
14020109,Östra Centrum-Brodalen-Lexby Ö,16.24759295519066,50.88607594936709
14020110,Oluf Nilssons väg,28.529410308529215,61.51930261519303
14020111,Partille Centrum,24.51615917958696,51.12443778110944
14020112,Mellby-Paradiset,14.825144143482241,42.18009478672986
14020113,Lexbydal-Lexby V-Kåhög,7.908742655515209,42.090395480225986
14020114,Jonsered-Uddared,7.336949687496904,54.97536945812808
14020115,Skulltorp-Kåbäcken,15.834840152798598,45.44502617801047
14020116,Nedre Björndammen-Furuskog,23.469014275020413,46.390658174097666
14020117,Furulund,6.953617269761189,38.24336688014639
14020118,Timmerslätt,7.268096030828284,43.1350114416476
14020119,Björndammens Torg-Stenliden,17.022452975368914,49.25521350546177
14020120,Hålsjöområdet-Öjersjö S,5.0178124003100795,25.843694493783303
14020121,Kåsjöområdet-Öjersjö N,6.008763942124311,27.85622593068036
14020122,Öjersjö Ö,6.518696751017988,34.42485306465155
14070101,"Björkö, Grötö och Kalvsund",2.699525330519229,39.46980854197349
14070105,"Hyppeln, Hälsö, Knippla och Rörö",2.2724629762706123,30.33126293995859
14070106,Hönö Nordväst,3.5731296583970438,26.535626535626534
14070107,Hönö Nordost,2.0682225119024835,33.702127659574465
14070110,Öckerö Norra,2.9354437556477864,25.9094942324756
14070111,Öckerö Södra,3.0642007922941374,28.340807174887892
14070112,Fotö och Hönö Södra,2.755020122661353,25.38644470868014
14150101,Spekeröd,1.7489767395475513,23.26674500587544
14150201,Stenungestrand-Stenungsön-S Askerön,6.856071567704366,36.009353078721745
14150202,Doterödsvägen-Nyborg,5.666281820011308,37.204301075268816
14150203,Brudhammar-Kopper-Kristinedal,7.799356744131759,40.26915113871635
14150204,Hasselbacken-Uppegårdsvägen,30.079803391845306,55.056179775280896
14150205,Ekbacken-Hällebäck-Högenorum,4.263490772441529,38.5929648241206
14150206,Kyrkenorum,3.621043635864066,35.822784810126585
14150207,Hallerna-Strandkärr,3.5455179499232083,31.564501372369627
14150208,Strandnorum-Kåkenäs,2.636917779289688,24.156692056583243
14150209,Kvarnberget-Solgårdsterassen,10.556911666974088,36.85300207039337
14150301,Näs-Apleröd-Stripplekärr,2.4894232639486895,33.53658536585366
14150302,Berg-Käderöd-Hällesdalen,2.3267986758521295,33.36623889437315
14150401,Svenshögen-Ucklum,3.000882335930787,30.56451612903226
14150501,Getskär-Valeberget,1.9890602188709088,30.27027027027027
14150502,Anrås-VästraTorp-Saxeröd,1.686974435076346,32.83898305084746
14150503,Källsby-Sävelycke-Timmervik,3.671740429695461,35.74660633484163
14150504,Gilltorp-Rämma-Högen,2.70584347445183,29.329173166926676
14190101,Myggenäs,2.489374973002141,27.9
14190102,Valla,3.040700765825266,34.104046242774565
14190103,Höviksnäs-Hakenäset,4.425204158680745,38.78299120234604
14190201,Södra Skärhamn,4.702863804971977,24.71308339709258
14190202,Norra Skärhamn,5.2717771779005895,30.490018148820326
14190203,Bleket-Klädesholmen,2.953427836911593,25.555555555555557
14190204,Kållekärr,8.022743042792246,34.60559796437659
14190205,Stenkyrka,2.4604461542323564,30.56092843326886
14190303,Rönnäng,3.0158731491559276,22.458628841607567
14190501,Klövedal,2.3744993312534177,38.007736943907155
14210101,Orust västra,0.5645038930386617,32.10649960845732
14210201,Henån södra,5.070129562227415,37.213565536205316
14210202,Henån norra,6.8137802311490345,37.02556158017041
14210301,Varekil,2.409810643840309,29.952830188679247
14210401,Svanesund norra,2.419031625920143,31.205035971223023
14210402,Svanesund centrum,4.361404538350774,35.294117647058826
14210601,Orust nordöstra,2.3406204442374077,42.28782287822878
14211001,Ellös,3.785588756497345,33.70288248337029
14270104,Kungshamn södra,4.341932197803925,30.07284079084287
14270109,Kungshamn Norra-Hovenäset,7.871191784223392,37.20173535791757
14270306,Askum-Väjern-Malmön,4.6275035245844665,30.192307692307693
14270401,Smögen,2.931855150491655,22.847301951779563
14270507,Hunnebostrand,5.013361755328062,34.2789598108747
14270508,Bovallstrand-Tossene,3.5514334104758722,34.12384716732543
14300101,Munkedal 1-Söder-Håby-Tungenäset,4.424941376675428,29.979253112033195
14300102,Munkedal 2-Väster-Centrum,10.377417540883465,43.31103678929766
14300103,Munkedal 3-Öster-Valbo Ryr,2.9082449605322895,38.00170794192997
14300505,Dingle-Bärfendal,5.5918657505370195,34.37125748502994
14300506,Hällevadsholm-Svarteborg,2.7341080186173516,25.592417061611375
14300808,Sörbygden,2.0935101606582744,22.32451093210587
14350203,Tanumshede,14.384471617727288,35.88469184890656
14350204,Grebbestad norra,3.6650344276324276,27.10843373493976
14350205,Grebbestad södra,3.5103792355558787,32.24400871459695
14350301,Tanumshede-Lur,6.485241979167568,31.925343811394892
14350401,Bullaren,1.536406206177666,22.431865828092242
14350601,Hamburgsund,1.6330983219188357,42.18867924528302
14350603,Kville-Rabbalshede,1.4375003592187618,27.889207258834766
14350701,Fjällbacka,4.822615986335265,31.925465838509318
14380101,Dals-Ed Nord,4.632480293859458,30.089628681177977
14380102,Dals-Ed Syd,2.2759984141889658,16.897081413210447
14380103,Dals-Ed Centrum,4.867327277448365,28.34862385321101
14390101,Färgelanda,5.869942168845889,32.94203961848863
14390205,Ödeborg-Stigen,4.33396913296193,29.20353982300885
14390811,Högsäter och norra kommundelen,3.2887974579192503,19.070904645476773
14400101,Nödinge södra,7.18887384670067,42.514011208967176
14400102,Nödinge östra,14.533506643986943,39.90384615384615
14400103,Surte norra,12.77701102484355,46.08050847457627
14400104,Surte södra,14.167782153565382,45.770065075921906
14400105,Bohus södra,12.41571702925803,46.6728280961183
14400106,Bohus norra,12.585236381368984,48.49578820697954
14400107,Nödinge centrum,28.708681501143744,61.132075471698116
14400210,Skepplanda norra - Hålanda,2.3458811098163688,28.281750266808963
14400311,Skepplanda östra,5.291230259599792,36.96319018404908
14400312,Skepplanda västra,5.853902832110354,31.162790697674417
14400414,Starrkärr,1.926504169447587,25.575657894736842
14400515,Älvängen centrum,6.744767666850476,36.78606001936108
14400516,Älvängen södra,6.204589238367115,35.55973659454374
14400517,Älvängen norra,6.6596646355236535,39.073634204275535
14400518,Nol norra,12.833988906667308,45.30434782608695
14400519,Nol södra,7.986047738120695,44.61105904404874
14400521,Älvängen östra,6.44469776353817,40.0
14400622,Alafors västra,5.62440787244065,46.46596858638743
14400623,Alafors östra,5.387607977744489,41.32492113564669
14410101,Västra Hulan - Bråta,7.12250166183641,41.86717998075072
14410102,Östra Hulan - Öxeryd,5.073224186662156,39.10313901345292
14410103,Rydsberg - Almekärr,4.492087829238592,35.33173461231015
14410104,Ljungsbacken - Stamsjön,2.841290850665818,27.36842105263158
14410105,Södra Lerum - Slätthult,3.6754927243348794,32.44485294117647
14410106,Centrala Lerum,7.0389987692351434,40.29680365296804
14410107,Norra Aspenäs - Axåsen,3.0053041976397683,30.72824156305506
14410108,Södra Aspenäs - Torpadal,3.2729926765763446,28.774289985052317
14410109,Södra Hallsås,4.681747793918678,38.94984326018809
14410110,Norra Hallsås - Höjden,5.274602276186237,35.89928057553957
14410111,Stenkullen - Hedefors,5.342465015708778,39.35222672064777
14410212,Uddared - Oryd,3.416334597884721,45.84500466853408
14410213,Centrala Floda - Nordåsen,5.7908815818348796,38.37011884550085
14410214,Drängsered - Hästhagen,5.671007489004036,42.6890756302521
14410215,Hyltorna - Öjared,4.197321348330309,38.29416884247171
14410216,Berghult - Ryggebol,4.554430733177217,31.53846153846154
14410217,Kyrkmossen - Lindskogen,5.519900911564858,31.986899563318776
14410218,Tollered - Norsesund,4.192814848595447,47.932131495228
14410319,Olstorp,5.335265413903881,35.541629364368845
14410320,Stannum - Ljungvik,4.779723380929615,37.66233766233766
14410321,Aggetorp - Björboholm,6.24488069305999,34.28345209817894
14410322,Centrala Gråbo,11.102486050915275,42.16354344122657
14410323,Brattås - Hjällsnäs,6.5514049982374525,39.61661341853035
14410424,Sjövik,9.140857177710767,40.816326530612244
14420101,Lena-Bergstena-Fullestad,1.4987511946604153,24.555160142348754
14420402,Siene-Hol-Horla,2.463119245575853,23.563777994157743
14420703,Nårunga-Ornunga m.fl.,1.5109890878497525,28.55987055016181
14421305,Algutstorp-Landa,6.801019190122053,38.69565217391305
14421407,Vårgårda N,5.280866640483745,31.46779303062302
14421408,Vårgårda V,11.683944812410628,38.03680981595092
14421409,Vårgårda Centrum,19.545962562912344,51.12781954887218
14421410,Vårgårda Centrum Ö,25.12342688994708,46.14305750350631
14430201,Olsfors,5.320400117341568,36.58291457286432
14430202,Bollebygd Väst,3.1130818979997525,30.025445292620866
14430203,Bollebygd Syd,5.563686993797812,31.135531135531135
14430204,Bollebygd Öst,3.591096289093979,31.672597864768683
14430205,Töllsjö,2.131734945170933,28.767123287671232
14430206,Bollebygd Centrum,6.698936016146096,39.869281045751634
14440404,Grästorps Landsbygd,1.652988802152327,22.949389179755673
14440503,Grästorps Norra,5.3360961293177045,32.708333333333336
14440906,Grästorps Södra,2.3591212622297344,29.951219512195124
14450101,Bredöl,2.6965519551838257,29.15766738660907
14450403,Nossebro,7.399378215879391,37.35498839907193
14450606,Jonslund,2.0937826264697224,23.661971830985916
14460101,Karlsborg centrum-södra,6.663669868435522,29.59641255605381
14460108,Karlsborg norra,3.878572954487937,34.41077441077441
14460304,Mölltorp - Brevik,3.6371695107289863,31.98051948051948
14460405,Undenäs - Forsvik,1.7837294724830761,34.416543574593796
14470101,Amnehärads Norra,9.987091489333979,45.41284403669725
14470102,Amnehärads Södra,5.054578992202,39.358108108108105
14470203,Hova,5.681973734312633,32.19178082191781
14520104,Tranemo Östra,8.977629569927698,38.17062445030783
14520108,Tranemo Västra,6.128712569958282,44.46601941747573
14520201,Ambjörnarp-Sjötofta,12.08586501321877,39.10761154855643
14520409,Grimsås,4.246235960316303,30.379746835443036
14520505,Limmared,13.987521697152124,47.96854521625164
14520606,Länghem,2.067606173934662,24.870912220309812
14521012,Dalstorp,3.719015141215311,34.0855106888361
14600101,Nordvästra,14.902934343752596,36.37200736648251
14600102,Norra,4.301286453499857,39.67828418230563
14600613,Nordöstra,7.710693092364903,37.85310734463277
14600616,Sydöstra,6.098206195777097,50.33860045146727
14600919,Sydvästra,1.942117362623941,28.606658446362516
14610101,Fagerlid/Järn,7.4013889271011974,30.239303843364755
14610105,Mellerud/Holm,20.053608412069476,38.45604002859185
14610309,Bolstad,1.2549537890355493,18.586387434554975
14610714,Rostock/Dalskog/Ör,1.5455952381179927,28.73949579831933
14610918,Skållerud,4.300341071875575,35.88235294117647
14620101,Göta,9.705939274782812,34.76923076923077
14620102,Lilla Edet Södra,10.585185662373833,39.310344827586206
14620103,Lilla Edet Norra,13.314521639657677,45.2155625657203
14620305,Lödöse,8.15349275268073,40.397350993377486
14620506,Nygård,2.7737212197335808,32.58971871968962
14620608,Västerlanda,3.4918522883570513,27.66393442622951
14620712,Hjärtum,2.4232179903044626,34.67741935483871
14620713,Ström,6.48659831434087,36.29807692307692
14630101,Kinna centrum,8.374694030740075,41.90573770491803
14630102,Kinna-Näs-Vallås,5.538153268524303,39.34010152284264
14630103,Kinna-Rydal-Kinnaström,2.1575831762301982,40.32634032634033
14630104,Kinna-Marieberg-Kinnahult,5.258695662903037,38.085539714867615
14630105,Kinna-Aspäng,16.83981594130749,52.79361459521095
14630307,Skene-Sandvallsäng,7.091767380409024,43.144654088050316
14630308,Skene-Hedbo,13.927221218053825,60.1511879049676
14630309,Örby-Krok-Brättingstorp,2.184358937343081,31.484641638225256
14630328,Skene-Assberg,13.19575340588843,45.73547589616811
14630329,Örby centrum,2.5810781825318423,38.44155844155844
14630411,Ubbhult-Sätila,3.1081892477443778,30.33816425120773
14630513,Hyssna,2.223860690544947,29.250604351329574
14630615,Fritsla,8.127672518249412,43.81752701080432
14630716,Skephult-Fritsla,2.1016495941610343,40.82125603864734
14630918,Berghem-Hajom,1.5803813979651435,29.55715756951596
14631019,Fotskäl-Tostared-Björketorp,2.2890607472621753,25.350036845983787
14631626,Torestorp-Öxabäck-Älekulla,1.5341702850414352,29.142011834319526
14631701,Sätila V,2.3622737889721255,30.967741935483872
14631702,Sätila Ö,2.181420154047791,34.060228452751815
14631703,Horred-Öxnevalla,2.742759078622985,31.210986267166042
14631704,Horred-Istorp,2.9163841249295013,31.11111111111111
14631705,Skene-Haby,14.423111861341347,49.30362116991643
14650113,Svenljunga öster,7.020767758588658,30.364372469635626
14650114,Svenljunga söder,10.351258332193533,34.31372549019608
14650115,Svenljunga väster,12.028106670228963,34.276018099547514
14650303,Högvad,3.137995879870841,24.141519250780437
14650505,Kindaholm,1.8881500765778207,26.95852534562212
14651212,Sexdrega,3.0873427024331064,27.85888077858881
14651414,Hillared,3.1446033721583073,29.953379953379955
14660107,Herrljunga Västra,3.0962940541219885,32.75261324041812
14660601,Herrljunga Centrum,10.218945790257552,42.7710843373494
14660705,Herrljunga Östra,3.359422538431103,32.00836820083682
14660903,Gäsene Östra,0.8608323418256942,17.19260065288357
14661406,Ljung,3.2946035433906578,27.790432801822323
14700101,Vara Östra,10.584044488630472,36.743772241992886
14700102,Vara Västra,7.87259240670724,30.83956774729842
14700103,Vara Centrum,10.049809239813593,31.850117096018735
14700204,Levene,2.109938913083343,30.614115490375802
14701006,Arentorp,2.6650677999559247,26.660516605166052
14701210,Vedum,3.1083322514027194,27.094753328112763
14702424,Larv,1.542983170519577,21.235955056179776
14702725,Skarstad,2.4666993696490502,21.82502351834431
14702927,Kvänum,4.266434647281787,28.82262996941896
14710111,Sil-Husaby,4.177798128905762,36.8724279835391
14710203,Götene 1,9.26574395924895,41.272430668841764
14710214,Götene 2,8.32366513777374,41.34509371554576
14710215,Götene-Holmestad,14.481332140126856,36.550491510277034
14710608,Källby norra,1.7466265238479766,34.47782546494993
14710609,Källby södra,1.7257992591216027,39.729729729729726
14710705,Lundsbrunnsorten,1.9767906207720063,29.3719806763285
14711513,Hällekis-Forshem,1.402102214238933,45.204460966542754
14720101,Smuleberg m.fl.,11.386534327805022,35.76642335766423
14720102,Södra centrum,8.94619101467229,38.68078175895766
14720103,"Häggetorp, Katrineberg m.fl.",11.923819173185166,42.50258531540848
14720104,Skattegården m.fl.,25.1595085473136,48.87640449438202
14720106,"Hörnebo, Kvarnhagen m.fl.",4.438817740057506,29.76085031000886
14720205,"Fagersanna, Ransberg m.fl.",1.1561024311425376,30.065359477124183
14730101,Älgarås,2.7723302612438494,28.21387940841866
14730102,Kilen,3.7167507543438467,35.76158940397351
14730103,Moholm,2.3796931488019735,28.938640132669985
14730104,Björkäng,12.386393519682061,43.639575971731446
14730105,Kårtorp,16.40730085532444,40.308370044052865
14800101,"Nordöstra Göteborg, Bergum",7.365996230466386,37.60896637608966
14800102,"Nordöstra Göteborg, Olofstorp",7.737237411261345,38.79408418657565
14800103,"Nordöstra Göteborg, Björsared",8.840072514474784,40.60324825986079
14800104,"Nordöstra Göteborg, Gunnilse",13.788645998041854,39.120879120879124
14800105,"Nordöstra Göteborg, Linnarhult",18.620043167204447,49.59349593495935
14800106,"Nordöstra Göteborg, Angereds Centrum",38.653935466304205,79.06735751295336
14800107,"Nordöstra Göteborg, Storås",36.884950098445366,81.19266055045871
14800108,"Nordöstra Göteborg, Eriksbo Östra",44.764903812504166,83.02583025830258
14800109,"Nordöstra Göteborg, Hammarkullen C",58.93223776386807,91.57608695652173
14800110,"Nordöstra Göteborg, Hammarkullen Ö",49.623279740769114,86.159169550173
14800112,"Nordöstra Göteborg, Hammarkullen V",50.85350479768117,82.53968253968254
14800113,"Nordöstra Göteborg, Eriksbo Västra",46.402732908497185,72.67355982274742
14800114,"Nordöstra Göteborg, Bläsebo",42.7363341231956,84.25414364640883
14800115,"Nordöstra Göteborg, Hjällbo Norra",50.90109107907553,90.0373599003736
14800116,"Nordöstra Göteborg, Skolspåret",49.488147918746186,89.42307692307692
14800117,"Nordöstra Göteborg, Hjällbo Södra",50.644213872625066,91.869918699187
14800118,"Nordöstra Göteborg, Agnesberg",39.51382051388883,66.1042944785276
14800119,"Nordöstra Göteborg, Gårdsten Västra",32.48490688834304,78.40531561461793
14800120,"Nordöstra Göteborg, Gårdsten Södra",44.28512923547566,83.79396984924622
14800122,"Nordöstra Göteborg, Gårdsten Östra",43.345384989831565,83.71848739495799
14800123,"Nordöstra Göteborg, Saffransgatan",35.812913093000844,82.60105448154657
14800124,"Nordöstra Göteborg, Gårdsten Norra",38.158991129215,79.9405646359584
14800125,"Nordöstra Göteborg, Lövgärdet C",47.27221216166692,86.06557377049181
14800126,"Nordöstra Göteborg, Senapsgatan m fl",39.0591436732902,84.68899521531101
14800128,"Nordöstra Göteborg, Lövgärdet Övre",46.17876162626404,87.17310087173101
14800129,"Nordöstra Göteborg, Lövgärdet Nedre",37.29654139481649,79.25407925407926
14800130,"Nordöstra Göteborg, Trädgårdsgärdet",34.795835342141864,75.13416815742397
14800131,"Nordöstra Göteborg, Titteridamm",36.02500961222516,69.95768688293371
14800132,"Nordöstra Göteborg, Rannebergen S",50.60747474386474,82.69794721407625
14800133,"Nordöstra Göteborg, Rannebergen C",49.434105412923415,81.47138964577657
14800134,"Nordöstra Göteborg, Rannebergen N",40.600187278743086,69.00129701686122
14800201,"Östra Göteborg, Rymdtorget",55.36587998559439,91.20992761116857
14800202,"Östra Göteborg, Gärdsmosse",40.839273176232965,80.66037735849056
14800204,"Östra Göteborg, Bergsjön Östra",45.42760678001762,87.09677419354838
14800205,"Östra Göteborg, Bergsjön Norra",30.885773648178464,72.88135593220339
14800207,"Östra Göteborg, Siriusgatan",55.275173121461556,92.29813664596273
14800208,"Östra Göteborg, Gärdsås",38.801672455399036,74.29193899782135
14800209,"Östra Göteborg, Bergsjön Södra",46.897670786332256,83.45549738219896
14800210,"Östra Göteborg, Komettorget",43.67050852628344,84.44444444444444
14800212,"Östra Göteborg, Fjällbo",8.125053892485075,52.227722772277225
14800213,"Östra Göteborg, Utbynäs",6.603347256419945,52.20048899755501
14800214,"Östra Göteborg, Utby",6.814624211501719,55.961331901181524
14800215,"Östra Göteborg, Kamgatan m fl",5.892392789051468,56.14385614385614
14800216,"Östra Göteborg, Kviberg Östra",17.559291753259597,66.23853211009174
14800217,"Östra Göteborg, Kvibergsnäs",16.58343556712713,57.8207381370826
14800218,"Östra Göteborg, Bellevue Park",18.32407900042431,60.0451467268623
14800219,"Östra Göteborg, Bellevue",16.196392667879618,61.004273504273506
14800220,"Östra Göteborg, Gamlestaden Norra",20.469543190047172,69.63927855711422
14800221,"Östra Göteborg, Gamlestaden Södra",20.149863575296678,63.75
14800222,"Östra Göteborg, Nylöse",21.62009210588858,70.33678756476684
14800223,"Östra Göteborg, Kviberg Västra",26.332147281277237,71.71875
14800224,"Östra Göteborg, Kortedala Södra",18.998120777186756,67.01030927835052
14800225,"Östra Göteborg, Månadsparken",39.07382159418283,76.93315858453474
14800226,"Östra Göteborg, Gregorianska G. m fl",31.605162491559174,71.61961367013373
14800227,"Östra Göteborg, Kortedala Västra",25.743635555602754,70.29478458049887
14800228,"Östra Göteborg, Kortedala Torg",35.468776005977276,73.70753323485968
14800229,"Östra Göteborg, Förstamajgatan m fl",35.67153381026017,73.51724137931035
14800230,"Östra Göteborg, Kortedala Östra",40.277873671415,77.59398496240601
14800231,"Östra Göteborg, Månadsgatorna m fl",38.64511729564821,73.73868046571798
14800232,"Östra Göteborg, Adventsparken Östra",37.84200559557136,83.91123439667129
14800233,"Östra Göteborg, Adventsparken Västra",36.9689923751373,69.30422919508868
14800235,"Östra Göteborg, Kortedala Norra",39.04574597998585,74.62887989203779
14800301,"Östra Centrum, Fräntorp",5.54678655420399,46.7819404418828
14800302,"Östra Centrum, Vidkärr",12.183986583310743,59.9250936329588
14800303,"Östra Centrum, Munkebäck Norra",9.598559742219676,46.88940092165899
14800304,"Östra Centrum, Munkebäck Södra",10.651631399410663,44.52554744525548
14800305,"Östra Centrum, Kålltorp Norra",9.963831402314884,55.29542920847269
14800306,"Östra Centrum, Torpa",13.318731521367502,52.85024154589372
14800307,"Östra Centrum, Björkekärr Norra",7.613097871123642,58.4070796460177
14800308,"Östra Centrum, Smörslätten",20.179126578480187,51.59362549800797
14800309,"Östra Centrum, Björkekärr Östra",16.99159425180342,60.04813477737665
14800310,"Östra Centrum, Robertshöjd m fl",11.882359751329824,58.88157894736842
14800311,"Östra Centrum, Björkekärr Västra",19.84571520124502,61.91335740072202
14800312,"Östra Centrum, Kålltorp Östra",8.136647931476691,58.234758871701544
14800313,"Östra Centrum, Solrosparken",8.817593941485667,52.50544662309368
14800314,"Östra Centrum, Kålltorp Västra",4.9687795308469855,50.851305334846764
14800315,"Östra Centrum, Kålltorp Södra",4.283478968820339,49.065800162469536
14800316,"Östra Centrum, Björkekärr Södra",3.656740561428327,56.92850838481906
14800317,"Östra Centrum, Kallebäck Östra",15.24260895306993,45.932028836251284
14800318,"Östra Centrum, Kallebäck Västra",24.207224028735144,44.945697577276526
14800319,"Östra Centrum, Kallebäck Norra",19.63345008710194,49.577167019027485
14800320,"Östra Centrum, Skår Södra",7.115933869726138,22.120285423037718
14800321,"Östra Centrum, Jakobsdal",6.290125104788975,30.96153846153846
14800322,"Östra Centrum, Skår Norra",4.441047848528222,22.177009155645983
14800323,"Östra Centrum, Stora Torp",5.784539319032554,37.472527472527474
14800324,"Östra Centrum, Lilla Torp",5.489744472817112,36.45161290322581
14800325,"Östra Centrum, Bö",4.393111022060296,38.272816486751715
14800326,"Östra Centrum, Örgryte",8.174971259335438,23.00357568533969
14800327,"Östra Centrum, Prästgårdsängen m fl",5.063150705724158,37.46678476527901
14800328,"Östra Centrum, Kärralund Södra",7.343163339549153,32.2508398656215
14800329,"Östra Centrum, Kärralund Norra",7.642452627687926,50.807217473884144
14800330,"Östra Centrum, Härlanda",4.7120653643831885,42.16269841269841
14800331,"Östra Centrum, Lunden Nya",6.416054054626962,51.445086705202314
14800332,"Östra Centrum, Danska Vägen m fl",5.187073175030343,44.51827242524917
14800333,"Östra Centrum, Nobelplatsen",7.312871791817191,56.18336886993603
14800334,"Östra Centrum, Sankt Pauli",4.8875215234005145,52.30326295585413
14800335,"Östra Centrum, Lunden Gamla",6.076024773916699,51.418002466091245
14800336,"Östra Centrum, Överås",8.295018466355549,49.06542056074766
14800337,"Östra Centrum, Gubbero",8.24575440809684,49.12663755458515
14800338,"Östra Centrum, Gubberoparken",8.374721870674826,50.28968713789108
14800339,"Östra Centrum, Redbergsplatsen",9.168673751783677,50.71193866374589
14800340,"Östra Centrum, Olskroken",18.743681783127663,57.35492577597841
14800341,"Östra Centrum, Redberget",10.320074355600731,53.072625698324025
14800342,"Östra Centrum, Bagaregården",4.895095263944553,53.73626373626374
14800343,"Östra Centrum, Redbergslid",7.41336423684207,51.066098081023455
14800344,"Östra Centrum, Ånäs",8.644457922380253,50.36585365853659
14800345,"Östra Centrum, Strömmensberg Västra",8.204797554777077,51.5881708652793
14800346,"Östra Centrum, Strömmensberg Östra",6.807122662007724,49.411764705882355
14800347,"Östra Centrum, Kallebäck Södra",17.738929674439696,46.3903743315508
14800401,"Centrum, Otterhällan",12.40447051854551,34.79236812570146
14800402,"Centrum, Inom Vallgraven",9.530373832253991,37.10359408033827
14800403,"Centrum, Nordstan",12.832744557461078,47.33581164807931
14800404,"Centrum, Stampen Västra",11.711221065454428,33.2464146023468
14800405,"Centrum, Odinsgatan m fl",11.720083421702865,46.02960969044415
14800406,"Centrum, Stampen Östra",11.93616388083506,45.42032622333752
14800407,"Centrum, Friggagatan m fl",11.569362435629326,42.34828496042216
14800408,"Centrum, Svingeln",11.39181760601846,53.60094451003542
14800409,"Centrum, Gårda Norra",17.59776295433803,39.163498098859314
14800410,"Centrum, Gårda Södra",13.213087141786032,51.114023591087815
14800411,"Centrum, Bohusgatan m fl",12.453402922526736,28.52760736196319
14800412,"Centrum, Sten Sturegatan m fl",12.993515547887753,43.49939246658566
14800413,"Centrum, Heden",10.54936173911653,30.53053053053053
14800414,"Centrum, Hedås",8.00129579881425,24.043715846994534
14800415,"Centrum, Götaplatsen",9.930334100811171,20.97669256381798
14800416,"Centrum, Carlandersplatsen",9.03400113530007,30.830489192263936
14800417,"Centrum, Eklanda Östra",9.96203793247988,40.38668098818475
14800418,"Centrum, Eklanda Norra",9.771304477080319,45.94320486815416
14800419,"Centrum, Johanneberg Övre",15.435105538981285,41.262135922330096
14800420,"Centrum, Johanneberg Östra",11.93305759341067,42.379958246346554
14800421,"Centrum, Eklanda Södra",9.463434903719644,38.70967741935484
14800422,"Centrum, Kristinehöjd Västra",17.563616027226928,51.18025751072961
14800424,"Centrum, Kristinehöjd Östra",12.73659654811505,47.86585365853659
14800425,"Centrum, Getebergsäng",29.045695103313808,51.88199389623601
14800426,"Centrum, Krokslätt Norra",13.75349748635697,36.80727874276261
14800427,"Centrum, Krokslätt Södra",15.75764520967714,30.803571428571427
14800428,"Centrum, Fredriksdal",13.928015375631535,41.34509371554576
14800429,"Centrum, Framnäs",15.383328501313342,54.356846473029044
14800430,"Centrum, Mossen",19.52233980348728,53.32541567695962
14800431,"Centrum, Fridkullagatan m fl",15.590680419660258,42.767950052029136
14800432,"Centrum, Guldheden Östra",16.385025952714162,58.48849945235487
14800433,"Centrum, Doktor Forselius Backe m fl",18.47936485477738,63.81578947368421
14800434,"Centrum, Guldheden Södra",13.129447418990534,61.40350877192982
14800435,"Centrum, Guldheden Vattentornet",12.61901292820218,57.946210268948654
14800436,"Centrum, Doktor Fries Torg",13.227893745128286,59.844271412680754
14800437,"Centrum, Guldheden Västra",11.529668277070904,61.839080459770116
14800438,"Centrum, Guldheden Norra",6.169396171734277,52.80665280665281
14800439,"Centrum, Landala Egnahem",7.565421224603393,52.24153705397987
14800440,"Centrum, Landalagången m fl",15.06343328536808,59.70515970515971
14800441,"Centrum, Johanneberg Västra",12.557755673694064,46.1139896373057
14800442,"Centrum, Johanneberg Nedre",13.949074234720769,30.269058295964125
14800443,"Centrum, Lorensberg",10.980548112533052,30.034522439585732
14800444,"Centrum, Vasastaden Södra",6.358761712097836,34.763476347634764
14800445,"Centrum, Kapellplatsen",10.558127740301991,55.8252427184466
14800446,"Centrum, Landalabergen m fl",16.864201852415214,58.21064552661382
14800447,"Centrum, Fogelbergsparken",8.919257994109469,39.7288842544317
14800448,"Centrum, Vasastaden Västra",8.926397361760438,39.016018306636155
14800449,"Centrum, Vasastaden Östra",9.282658029060702,25.910064239828692
14800450,"Centrum, Valand",9.737382599675787,26.806526806526808
14800451,"Centrum, Vasastaden Norra",10.091138262559028,36.43966547192353
14800501,"Västra Centrum, Långgatorna",8.938678797440545,44.06130268199234
14800502,"Västra Centrum, Masthuggstorget",14.6670214504333,48.28629032258065
14800503,"Västra Centrum, Stigberget",10.273334269195079,62.043795620437955
14800504,"Västra Centrum, Masthugget Övre",6.389995963759226,67.47809152872443
14800505,"Västra Centrum, Masthugget Nedre",6.054632934684504,63.136033229491176
14800506,"Västra Centrum, Oscar Fredrik",6.319633862499828,59.229898074745186
14800507,"Västra Centrum, Sjömansgatan m fl",5.504639725909696,63.61581920903955
14800508,"Västra Centrum, Vegastaden",10.559143859969733,58.41889117043121
14800509,"Västra Centrum, Slottsskogen",8.44227846938452,58.27619980411362
14800510,"Västra Centrum, Linnéplatsen",5.544794221163291,40.87346024636058
14800511,"Västra Centrum, Sveaplan",7.69680282421105,40.95477386934673
14800512,"Västra Centrum, Kommendantsängen",7.364881079967559,43.16546762589928
14800513,"Västra Centrum, Linné",7.231609073198196,38.98876404494382
14800514,"Västra Centrum, Nordhem",7.00071293362282,43.35195530726257
14800515,"Västra Centrum, Risåsen",7.520344237361618,43.47826086956522
14800516,"Västra Centrum, Olivedal",7.7034504442077205,46.09929078014184
14800517,"Västra Centrum, Plantagegatan m fl",8.460199705204348,44.94274809160305
14800518,"Västra Centrum, Skansberget",9.884749658069834,61.963882618510155
14800519,"Västra Centrum, Haga Västra",9.72894989334242,58.4061135371179
14800520,"Västra Centrum, Haga Östra",9.923155048780016,59.34782608695652
14800521,"Västra Centrum, Nilssonsberg Västra",7.772877497761104,38.93360160965795
14800522,"Västra Centrum, Nilssonsberg Östra",7.248023605774631,41.36310223266745
14800523,"Västra Centrum, Annedal Östra",7.4690726558048395,51.51883353584447
14800524,"Västra Centrum, Annedal Västra",7.81256200421286,50.261780104712045
14800525,"Västra Centrum, Änggården",10.210803363605132,44.4316877152698
14800526,"Västra Centrum, Svalebo",11.820710279962196,68.82276843467011
14800527,"Västra Centrum, Skytteskogen",6.378339420989125,61.38917262512768
14800528,"Västra Centrum, Kungsladugård Östra",8.339509892028563,67.41321388577828
14800529,"Västra Centrum, Kungsladugård Västra",7.189203814686797,72.0384204909285
14800530,"Västra Centrum, Mariaplan",8.506831485409037,75.12388503468782
14800531,"Västra Centrum, Silverkällan",7.487603221616577,62.26583407671722
14800532,"Västra Centrum, Sannaplan",7.173725546677254,73.34611697027805
14800533,"Västra Centrum, Sandarna",8.56013588881734,71.41444114737884
14800534,"Västra Centrum, Klippan",8.98858014321414,50.69843878389482
14800535,"Västra Centrum, Gröna Vallen",9.631947389320914,74.19354838709677
14800536,"Västra Centrum, Kusttorget",12.889619116186573,63.511972633979475
14800537,"Västra Centrum, Chapmans Torg",11.585208069307438,63.325471698113205
14800538,"Västra Centrum, Slottsskogsgat. m fl",9.893974951692377,65.92178770949721
14800539,"Västra Centrum, Gråberget Västra",6.386216512028368,64.22764227642277
14800540,"Västra Centrum, Gråberget Östra",6.919257119855747,65.82406471183013
14800541,"Västra Centrum, Godhem",8.850094203603465,67.93611793611794
14800542,"Västra Centrum, Marieberg",8.2611787654641,75.02623294858343
14800543,"Västra Centrum, Klareborgsgatan m fl",8.778385476195576,75.12899896800826
14800544,"Västra Centrum, Karl Johan",8.675429701091408,72.82377919320595
14800545,"Västra Centrum, Söderlingska Ängen",8.841535180525458,71.81913774973712
14800546,"Västra Centrum, Kommendörsgatan m fl",9.013511727053594,74.71967380224261
14800547,"Västra Centrum, Hängmattan",12.814238771682001,63.48012889366273
14800548,"Västra Centrum, Gatenhielmska",8.745034783397127,71.77344475394615
14800601,"Sydvästra Göteborg, Högsbohöjd Norra",24.8873959386351,56.69642857142857
14800602,"Sydvästra Göteborg, Högsbohöjd Södra",16.128298414622346,69.20930232558139
14800603,"Sydvästra Göteborg, Högsbohöjd Östra",17.18558097824973,74.47643979057591
14800604,"Sydvästra Göteborg, Högsbotorp V",12.496397914173901,62.59842519685039
14800605,"Sydvästra Göteborg, Högsbotorp S",16.036434180898727,69.66887417218543
14800606,"Sydvästra Göteborg, Högsbo",17.490537977485367,66.93548387096774
14800607,"Sydvästra Göteborg, Högsbotorp Östra",15.015453386875963,62.26175349428208
14800608,"Sydvästra Göteborg, Marklandsgatan",15.356054806892695,55.69767441860465
14800609,"Sydvästra Göteborg, Kapplandsgatan",14.006065636561111,56.68711656441718
14800610,"Sydvästra Göteborg, Flatås Västra",17.805185036718214,51.715265866209265
14800611,"Sydvästra Göteborg, Flatås Södra",17.451487445689047,52.443609022556394
14800612,"Sydvästra Göteborg, Kaverös Norra",21.151312157878728,69.06377204884667
14800613,"Sydvästra Göteborg, Kavås",12.720004900820188,59.026369168357
14800614,"Sydvästra Göteborg, Kaverös Södra",9.215615014815544,49.73985431841832
14800615,"Sydvästra Göteborg, Altplatsen",26.985596388487963,57.6536312849162
14800616,"Sydvästra Göteborg, Ruddalen",19.43546202969846,53.76712328767123
14800617,"Sydvästra Göteborg, Gånglåten",35.96121808137687,62.16216216216216
14800618,"Sydvästra Göteborg, Frölunda",47.86341495525454,58.66523143164693
14800620,"Sydvästra Göteborg, Frölunda Torg",41.93923706325534,66.86182669789227
14800621,"Sydvästra Göteborg, Positivparken",39.138826156721045,71.22302158273381
14800622,"Sydvästra Göteborg, Spinetten",30.20840328594646,61.170212765957444
14800623,"Sydvästra Göteborg, Tofta",24.52097141060645,63.806970509383376
14800624,"Sydvästra Göteborg, Järnbrott Västra",13.155081240027501,52.84090909090909
14800625,"Sydvästra Göteborg, Järnbrott Östra",13.76474264732281,50.72289156626506
14800626,"Sydvästra Göteborg, Järnbrott Södra",13.440533906358322,48.85892116182573
14800627,"Sydvästra Göteborg, Flatås Östra",15.326579789986896,47.422680412371136
14800628,"Sydvästra Göteborg, Sisjön Norra",19.044185658225306,36.92722371967655
14800629,"Sydvästra Göteborg, Pilegården",24.05398048964012,46.60287081339713
14800630,"Sydvästra Göteborg, Kobbegården",24.37991630939115,40.689655172413794
14800631,"Sydvästra Göteborg, Askim",11.535210860583588,28.93347412882788
14800632,"Sydvästra Göteborg, Sisjön Västra",11.285916376689835,25.307377049180328
14800633,"Sydvästra Göteborg, Sisjön Södra",11.027776279192178,20.114942528735632
14800634,"Sydvästra Göteborg, Trollåsen",10.262221353506199,15.492957746478874
14800635,"Sydvästra Göteborg, Lyckhem",7.950331587900764,21.986607142857142
14800636,"Sydvästra Göteborg, Lindås",2.735429428570673,18.655967903711133
14800637,"Sydvästra Göteborg, Billdal Södra",2.3708483732118055,22.587719298245613
14800638,"Sydvästra Göteborg, Billdal Norra",2.421882224495092,17.12511091393079
14800639,"Sydvästra Göteborg, Nygård",4.850363542087731,26.24750499001996
14800640,"Sydvästra Göteborg, Skintebo Västra",2.8950959899928814,28.25070159027128
14800641,"Sydvästra Göteborg, Skintebo Östra",8.238331216432712,28.361581920903955
14800642,"Sydvästra Göteborg, Uggleberget",10.463121503742016,22.789115646258505
14800643,"Sydvästra Göteborg, Brottkärr Östra",7.289396314611706,23.386342376052387
14800644,"Sydvästra Göteborg, Brottkärr Västra",5.377313950492013,13.582677165354331
14800645,"Sydvästra Göteborg, Hovås Södra",4.928368666607043,8.766859344894026
14800646,"Sydvästra Göteborg, Hovås Norra",11.423816978525789,27.852998065764023
14800647,"Sydvästra Göteborg, Hult",6.323045417098496,26.124401913875598
14800701,"Västra Göteborg, Långedrag Västra",4.893063892081084,13.043478260869565
14800702,"Västra Göteborg, Långedrag Östra",5.288822663887328,20.607375271149674
14800703,"Västra Göteborg, Tångudden",6.028452349847017,23.142250530785564
14800704,"Västra Göteborg, Hagen Norra",5.279312455194399,29.6875
14800705,"Västra Göteborg, Nya Varvet",4.241122504571648,44.32013769363167
14800706,"Västra Göteborg, Kungsten",5.417454641055152,45.95744680851064
14800707,"Västra Göteborg, Ekebäck",11.594523087086857,44.474393530997304
14800708,"Västra Göteborg, Hagen Södra",5.169072757935904,30.18018018018018
14800709,"Västra Göteborg, Grimmered",6.3106903074872704,39.64620187304891
14800710,"Västra Göteborg, Påvelund",5.502108682413847,33.29864724245577
14800711,"Västra Göteborg, Björnekulla",4.6672978979761774,31.64021164021164
14800712,"Västra Göteborg, Osberget",4.630851376352438,27.010309278350515
14800713,"Västra Göteborg, Källängen",3.0705945950705913,23.93340270551509
14800714,"Västra Göteborg, Fiskebäck",3.4120821976266544,17.937701396348015
14800715,"Västra Göteborg, Bratthammar",3.926174465496358,26.239669421487605
14800716,"Västra Göteborg, Tynnered Södra",14.584668384202066,36.099137931034484
14800717,"Västra Göteborg, Tynnered Norra",10.83131752180096,37.485448195576254
14800718,"Västra Göteborg, Guldringen m fl",14.309686542129484,43.652561247216035
14800719,"Västra Göteborg, Tynnered Östra",25.089288089733415,54.056902002107485
14800720,"Västra Göteborg, Skattegården",36.23371297925212,64.09140369967356
14800722,"Västra Göteborg, Ängås",37.35779915350044,66.76514032496307
14800723,"Västra Göteborg, Topasgatan",33.80273430837974,74.9656121045392
14800724,"Västra Göteborg, Korsåsen",25.958458402350384,38.25025432349949
14800725,"Västra Göteborg, Opaltorget Norra",31.98768361107912,53.86533665835412
14800726,"Västra Göteborg, Opaltorget Södra",30.875013495592686,62.69035532994924
14800727,"Västra Göteborg, Grevegården",39.57769100705409,65.98440545808967
14800728,"Västra Göteborg, Önnered Norra",16.389169850713134,35.88850174216028
14800729,"Västra Göteborg, Önnered Östra",6.740518299670966,37.627811860940696
14800730,"Västra Göteborg, Önnered Västra",3.588010891089489,26.195652173913043
14800731,"Västra Göteborg, Åkered",4.898076662065506,23.038728897715988
14800732,"Västra Göteborg, Välen",5.513145175749778,28.31858407079646
14800733,"Västra Göteborg, Näset Norra",5.73511921304225,21.234798877455567
14800734,"Västra Göteborg, Näset Södra",5.714285652028698,16.5
14800735,"Västra Göteborg, Donsö-Vrångö",2.313071630739269,25.056947608200456
14800736,"Västra Göteborg, Styrsö-Köpstadsö",2.7442911310175226,43.755781683626275
14800737,"Västra Göteborg, Brännö-Asperö",3.132350158904606,56.2363238512035
14800801,"Västra Hisingen, Länsmansgården Ö",40.64750437060904,76.61764705882354
14800802,"Västra Hisingen, Svartedalen Norra",29.715175437894853,70.51129607609988
14800803,"Västra Hisingen, Väderbodarna m fl",36.13953708312542,80.57553956834532
14800804,"Västra Hisingen, Önskevädersg. m fl",18.67264808085025,71.04795737122558
14800805,"Västra Hisingen, Svartedalen Södra",31.056806423372116,67.69983686786297
14800806,"Västra Hisingen, Kärrmossen",18.804964917064034,58.734939759036145
14800807,"Västra Hisingen, Jättesten",24.639803628330068,57.15823466092573
14800808,"Västra Hisingen, Treröset",42.575560645774054,81.10599078341014
14800809,"Västra Hisingen, Vårväderstorget",42.252032701237695,74.079754601227
14800811,"Västra Hisingen, Biskopsgården Södra",34.9318403675395,77.55905511811024
14800812,"Västra Hisingen, Väderlekstorget",43.45540010132149,72.6998491704374
14800813,"Västra Hisingen, Biskopsgården Norra",48.30442308508267,87.60593220338983
14800814,"Västra Hisingen, Svarte Mosse",50.11853104722691,91.57142857142857
14800816,"Västra Hisingen, Länsmansgården S",48.37721272935092,87.05738705738706
14800818,"Västra Hisingen, Länsmansgården C",35.33870332538875,77.99752781211372
14800819,"Västra Hisingen, Länsmansgården N",28.408949838605082,67.79661016949153
14800820,"Västra Hisingen, Amhult-Arendal",10.619825049246835,33.99778516057586
14800821,"Västra Hisingen, Andalen",3.29159240316333,21.924603174603174
14800822,"Västra Hisingen, Hjuvik",4.026056284480181,17.19924812030075
14800823,"Västra Hisingen, Hällsvik",3.58267472861857,20.42068361086766
14800824,"Västra Hisingen, Trånget",3.891390759086528,21.697203471552555
14800825,"Västra Hisingen, Tumlehed",3.0383144260384896,28.54230377166157
14800826,"Västra Hisingen, Torslanda Röd",4.339071501317529,29.146341463414632
14800827,"Västra Hisingen, Gossbydal",3.487950216232341,23.622881355932204
14800828,"Västra Hisingen, Nolered",8.63733279973373,32.23062381852552
14800829,"Västra Hisingen, Torslanda Torg",4.01220055979445,36.11764705882353
14800830,"Västra Hisingen, Torslanda",3.635619363854093,34.30232558139535
14800831,"Västra Hisingen, Domarringen m fl",3.952054407022625,28.76984126984127
14800832,"Västra Hisingen, Änghagen",3.5062158128706806,28.432327166504383
14800833,"Västra Hisingen, Älvegården",5.467662446442158,24.58053691275168
14800834,"Västra Hisingen, Lilleby",3.3324274770658646,24.720244150559513
14800835,"Västra Hisingen, Kvisljungeby",5.146969729352478,24.537815126050422
14800836,"Västra Hisingen, Björlanda",4.011581113033051,26.124401913875598
14800837,"Västra Hisingen, Nolvik",3.3967134333906968,26.16651418115279
14800901,"Centrala Hisingen, Kärrdalen",10.480643881690591,50.0
14800902,"Centrala Hisingen, Tolered Norra",14.546266875711606,48.648648648648646
14800903,"Centrala Hisingen, Slätta Damm",14.655852185899128,56.79723502304147
14800904,"Centrala Hisingen, Bjurslätt Norra",17.39167305542138,58.65384615384615
14800905,"Centrala Hisingen, Hildedal",20.68994875861323,51.43171806167401
14800906,"Centrala Hisingen, Tolered Södra",12.045723998013505,52.31243576567318
14800907,"Centrala Hisingen, Tolered Östra",28.0241024866333,60.321100917431195
14800908,"Centrala Hisingen, Flunsås",23.53263654082215,61.48738379814077
14800909,"Centrala Hisingen, Wieselgrenspl.",23.371057996633247,63.45679012345679
14800910,"Centrala Hisingen, Bjurslätt Södra",36.32895350975619,67.01631701631702
14800912,"Centrala Hisingen, Kvillebäcken N",20.483227068243902,61.569148936170215
14800913,"Centrala Hisingen, Kvillebäcken S",19.94033748474938,64.19437340153452
14800914,"Centrala Hisingen, Kvillebäcken Ö",21.31484006595311,61.81384248210024
14800915,"Centrala Hisingen, Vågmästareplatsen",24.10772062338302,51.59958720330237
14800916,"Centrala Hisingen, Backaplan",29.327584916824648,53.391684901531725
14800917,"Centrala Hisingen, Lundbyvassen",29.331177463513402,38.40782122905028
14800918,"Centrala Hisingen, Porslinsfabriken",23.485729223801208,52.02614379084967
14800919,"Centrala Hisingen, Brämaregården S",16.574238695352875,64.64237516869096
14800920,"Centrala Hisingen, Kvillestaden",14.836431642398981,68.00947867298578
14800921,"Centrala Hisingen, Brämaregården N",16.699199600974403,60.471567267683774
14800922,"Centrala Hisingen, Rambergsstaden Ö",13.901869894616171,60.9547123623011
14800923,"Centrala Hisingen, Rambergsstaden N",22.97368445039122,61.627906976744185
14800924,"Centrala Hisingen, Rambergsvallen",24.027674514778656,64.78365384615384
14800925,"Centrala Hisingen, Rambergsstaden S",36.76004496274114,67.46166950596252
14800926,"Centrala Hisingen, Kyrkbyn Norra",20.257488968173064,61.11908177905308
14800927,"Centrala Hisingen, Lundby Norra",18.382232105515747,49.734748010610076
14800928,"Centrala Hisingen, Kyrkbyn Södra",18.171086241930613,66.1144578313253
14800929,"Centrala Hisingen, Lundby Södra",15.642175149978032,50.82690187431091
14800930,"Centrala Hisingen, Bräcke Norra",13.31017566417832,48.82943143812709
14800931,"Centrala Hisingen, Bräcke Södra",11.792382730521346,50.97365406643757
14800932,"Centrala Hisingen, Pölsebo-Bratterås",13.666342362459936,37.314906219151034
14800933,"Centrala Hisingen, Färjenäs",11.680178314990078,33.01486199575371
14800934,"Centrala Hisingen, Eriksberg Västra",10.630367536363432,40.689655172413794
14800935,"Centrala Hisingen, Eriksberg Östra",12.245938156321797,34.08662900188324
14800936,"Centrala Hisingen, Sörhallsberget S",11.803668914035747,31.273062730627306
14800937,"Centrala Hisingen, Sörhallsberget N",11.894592030083594,40.155728587319246
14800938,"Centrala Hisingen, Sannegården V",12.071368185637967,41.83783783783784
14800939,"Centrala Hisingen, Sannegården Ö",11.927153281938145,35.579196217494086
14800940,"Centrala Hisingen, Lindholmen Södra",11.687994258340915,55.076628352490424
14800941,"Centrala Hisingen, Lindholmen Norra",19.871666301676385,42.074074074074076
14801001,"Norra Hisingen, Rödbo",7.561666450979501,29.977116704805493
14801002,"Norra Hisingen, Mysterna-Svankälla",6.26118070849295,36.93009118541033
14801003,"Norra Hisingen, Gerrebacka-Ingebäck",8.860637712722781,40.72612470402526
14801004,"Norra Hisingen, Kärra Norra",10.143328901091502,47.45945945945946
14801005,"Norra Hisingen, Kärra Östra",14.03354235230958,46.054181389870436
14801006,"Norra Hisingen, Kärra Södra",16.390507307883865,42.84284284284284
14801007,"Norra Hisingen, Kärra Västra",11.805539943880108,40.41884816753927
14801008,"Norra Hisingen, Skogome",17.513067275726378,53.04136253041362
14801009,"Norra Hisingen, Åketorp",9.514402566204545,46.5564738292011
14801010,"Norra Hisingen, Bäckebol Norra",29.329510762449996,61.18518518518518
14801011,"Norra Hisingen, Backadalen",28.50612918655505,58.64779874213836
14801012,"Norra Hisingen, Bäckebol Södra",36.56076096829162,69.9769053117783
14801013,"Norra Hisingen, Skälltorp",23.690219280443234,57.24465558194775
14801014,"Norra Hisingen, Selma Lagerlöfs Torg",21.8416506614876,48.930817610062896
14801015,"Norra Hisingen, Sankt Jörgen",11.858956594717972,47.37417943107221
14801016,"Norra Hisingen, Backa Röd",35.23119104607908,69.94535519125684
14801017,"Norra Hisingen, Julias Gata m fl",39.1741982444281,82.36272878535773
14801018,"Norra Hisingen, Blendas Gata m fl",37.837545548951866,67.68558951965065
14801019,"Norra Hisingen, Backa Södra",24.974872337862106,59.67130214917825
14801020,"Norra Hisingen, Backa Norra",31.633156353007404,64.81294236602629
14801021,"Norra Hisingen, Bällskär",21.30706810757807,52.340425531914896
14801022,"Norra Hisingen, Tingstad",27.292813820821877,69.63226571767497
14801023,"Norra Hisingen, Brunnsbo Södra",34.55899982496185,77.02265372168284
14801025,"Norra Hisingen, Brunnsbo Norra",24.348696040563844,56.850715746421265
14801026,"Norra Hisingen, Aröd",30.943631394383065,50.433839479392624
14801027,"Norra Hisingen, Tuve Södra",11.405528969984337,41.83884297520661
14801028,"Norra Hisingen, Gunnestorp",11.424756867148862,49.1566265060241
14801029,"Norra Hisingen, Arvesgärde m fl",14.20499626584102,46.608315098468275
14801030,"Norra Hisingen, Glöstorp",12.439072423928078,46.45748987854251
14801031,"Norra Hisingen, Tuve Norra",24.41367806804678,58.32106038291605
14801032,"Norra Hisingen, Norumshöjd",27.393985402265,64.77987421383648
14801033,"Norra Hisingen, Tången",9.269367605055931,45.87400177462289
14801034,"Norra Hisingen, Säve",5.656250261907995,30.72072072072072
14810101,Stadshuset Södra,16.912988622882235,48.90885750962773
14810102,Fässberg Östra,12.570815304120568,44.70284237726098
14810103,Fässberg Västra,12.20815370299051,50.19108280254777
14810104,Ekhaga,13.895522440951355,41.81478016838167
14810105,Västerberg,21.174904898310125,59.954233409610985
14810106,Balltorp Västra,16.308509420201663,35.339506172839506
14810107,Broslätt Västra,12.272188930768563,45.270270270270274
14810108,Åby Östra,14.597717082758606,48.07073954983923
14810109,Åby Västra,21.287270390596696,49.3573264781491
14810110,Toltorp Södra,9.599874965799957,44.24307036247335
14810111,Bosgården Norra,13.365610283041958,42.145178764897075
14810112,Toltorp Norra,14.422463452443711,35.98183881952327
14810113,Krokslätt Södra,12.86106383639576,47.23127035830619
14810114,Sörgården Östra,9.952839918167111,38.94009216589862
14810115,Sörgården Västra,9.962723924757348,41.40926640926641
14810116,Eklanda Västra,7.548083423978156,37.21413721413722
14810117,Balltorp Östra,21.172781599420333,46.585903083700444
14810118,Broslätt Östra,16.416283558855124,47.526673132880696
14810119,Bosgården Södra,12.609465716425307,53.98550724637681
14810120,Eklanda Östra,7.845504622613119,35.31707317073171
14810121,Stadshuset Norra,14.47259851918055,41.3625304136253
14810122,Stallbacken Östra,12.713704005367093,30.54263565891473
14810123,Stallbacken Västra,13.318976722768229,35.426540284360186
14810124,Krokslätt Norra,12.135374202980763,43.41192787794729
14810201,Hallen Norra,11.885783554013601,40.272614622057
14810202,Brattås Norra,21.831618265395765,45.9915611814346
14810203,Brattås Södra,10.435134640800571,44.03409090909091
14810204,Stretered,8.077077021435455,36.902654867256636
14810205,Hallen Södra,10.88421849361799,36.34232121922626
14810301,Skånhälla Västra,4.462262684523359,29.204545454545453
14810302,Almås,15.033133724794933,46.68949771689498
14810303,Valås,5.116727261301248,38.31877729257642
14810304,Sinntorp Norra,4.231928824137044,36.76042677012609
14810305,Hällesåker,2.5003079289706913,27.98283261802575
14810306,Sinntorp Östra,4.635043148406443,37.38693467336683
14810307,Skånhälla Bräcka,7.215129483334151,35.79277864992151
14810308,Skånhälla Fågelsten,5.87876907016095,35.78066914498141
14810309,Sinntorp Västra,9.078298622276904,39.47712418300654
14810401,Lackarebäck Norra,7.31319707475197,30.88235294117647
14810402,Kvarnbyn Norra,14.032216064927054,43.11377245508982
14810403,Glasberget Norra,5.105481516912669,51.224944320712694
14810404,Rävekärr Norra,8.262628474087293,42.05816554809844
14810405,Rävekärr Södra,15.15642212168781,44.69945355191257
14810406,Lackarebäck Södra,5.550971681662884,40.092592592592595
14810407,Glasberget Södra,9.185940130575675,44.90291262135922
14810408,Kvarnbyn Södra,15.171075368535199,41.12983151635282
14821150,Ingetorp-Skålldal-Lundby,3.1200300328888964,28.278322925958964
14821151,Norrmannebo-Solberg-Duvesjön,2.5289069283716024,24.32723358449946
14821152,Diseröd-Häljeröd,4.936261205476833,32.53706754530478
14821153,Olseröd-Rävsal,5.2085917552061405,35.49107142857143
14821154,Rishammar-Ullstorp,4.104422494307744,27.196652719665273
14821155,Ulvegärde-Munkegärde,5.961245962173103,38.793103448275865
14821156,Fridhem-Rostock-Marieberg,6.083247172767394,39.26267281105991
14821157,Centrum N,8.418163336976859,39.49104618284637
14821158,Kongahälla,10.048698165514685,37.92372881355932
14821159,Centrum S,4.770234132539445,41.76663031624864
14821160,Tveten,7.851385931117127,45.36256323777403
14821161,Fontin-Gamla Staden,7.738902538207301,37.52310536044362
14829901,Kode,4.083389508209632,33.14097279472382
14829902,Solberga-Rörtången-Aröd,2.135962874849199,28.631284916201118
14829903,Marstrand-Instön-Klåverön,2.167913465370738,23.513266239707228
14829904,Tjuvkil-Tofta,2.2809173247591827,29.237947122861588
14829905,Hålta-Lökeberg-Skårby,2.2295266707068184,28.23045267489712
14829906,Rollsbo-Bredsten-Vena,6.195652932291351,33.502024291497975
14829907,Kärna-Staby,3.632148906849734,32.299741602067186
14829908,Torsby-Kovikshamn-Glose,1.9190375979922862,31.545961002785514
14829909,Harestad-Ulvesund,3.1575450040531163,31.922398589065256
14829910,Tega,4.339419208641394,28.48043676069154
14829911,Sparrås-Nordtag,5.494595013437339,35.45023696682465
14829912,Björkås-Tornhaga-Stället,7.2065311935393,39.83253588516747
14829913,Ytterby C-Kastellegården,8.002899999567092,38.94637817497648
14829914,Grinden-Komarken V,16.56031364608536,46.41192917054986
14829915,Komarken N,21.509596609200305,62.224264705882355
14829916,Komarken S,8.4844922816155,44.95192307692308
14840101,Lysekil Kyrkvik,4.561968519211397,40.92741935483871
14840102,Lysekil Bansvik,31.300151853077498,57.925925925925924
14840103,Lysekil Centrum,10.12783836872939,49.46808510638298
14840104,Lysekil Slätten,3.0084013319415854,42.16269841269841
14840105,Lysekil Dalskogen,8.259580016120657,41.2807881773399
14840201,Lyse,3.446721255403242,33.84615384615385
14840301,Skaftö,1.4524328703374099,31.31407269338304
14840401,Bro,2.590190518011986,35.0
14840501,Brastad väster,5.378648436405652,40.045766590389015
14840502,Brastad öster,4.701143978275292,41.64785553047404
14850101,Äsperöd-Ängebacken,6.796389263431661,37.976190476190474
14850102,Stenbacken-Karlsberg,10.624598949383435,40.021810250817886
14850103,Hönseberget-Östberget,26.79943711296314,40.094899169632264
14850104,Kapelle,4.335550738643998,42.060810810810814
14850105,Håljuteberget,13.1656042056033,48.283038501560874
14850106,Ridhuset-Folkets park,9.79047885426869,46.253229974160206
14850107,Walkesborg-Bohusgården,10.231258572145867,45.45454545454545
14850108,Kampenhof-Strömstadsvägen,15.081215812132319,48.2532751091703
14850109,Centrum-Margretegärde,9.921329108532813,46.71610169491525
14850110,Tureborg-Vadbacken,18.637172827692897,67.76649746192894
14850301,Berg-Simmersröd,3.897958446576664,36.67992047713717
14850302,Hälle-Skafteröd,3.543372660452421,37.78437190900099
14850303,Lyckorna-Grinneröd,1.7968205401256607,28.16679779701023
14850501,Ammenäs-Sund-Bratteröd,2.5946558453259563,28.96764252696456
14850502,Dramsvik-Forshälla-Stenshult,2.0006330826526937,30.627306273062732
14850503,Ulvesund-Resteröd-Vassbovik,3.060907410105506,36.982520699172035
14850701,Bokenäs-Dragsmark,3.003194453615378,33.20754716981132
14850901,Skredsvik-Hogstorp,2.640597806411907,30.0
14850902,Högås-Sundsandvik,2.629263885221999,30.7974335472044
14851001,Utby-Lanesund,3.4886627713001666,27.901234567901234
14851002,Kissleberg-Smedseröd,3.868901657733765,35.634328358208954
14851003,Källdal-Misteröd-Sunningen,3.155769672233429,33.784800601956356
14851101,Lane-Ryr,1.6105017389098786,24.682926829268293
14851201,Unneröd-Ramneröd,19.458327528013765,48.71099050203528
14851202,Skogslyckan,26.899555019229872,62.62019230769231
14851204,Karlsruhe-Elseberg,13.347964973436278,44.0567066521265
14851205,Hedegärde-Vännerberg,11.725629508479553,43.836978131212724
14851206,Bleket-Södra Dalaberg-Vindfället,24.413541773446795,59.558117195004805
14851207,Dalaberg-Norra Hovhult,43.3967435739929,88.15566835871404
14851208,Hovhult,31.33006593170488,63.68098159509202
14851209,Fasseröd,14.053626142400502,46.768893756845564
14851210,Boxhult-Norra Unneröd,14.781458455046424,53.68126747437092
14851211,Helenedal-Norra Uddevalla,22.4814352317817,60.71055381400209
14851212,Kurveröd,7.228687488718653,39.97641509433962
14860101,Centrum nord,17.6873458903041,48.136958710976835
14860102,Centrum syd,9.053349486236943,39.74484789008832
14860103,Strömstad södra,16.293443864282935,35.216240070609004
14860104,Seläter-Hällestrand,8.499360913760226,34.74576271186441
14860105,Bojar,14.355707876198734,37.43016759776536
14860203,Skee-Strömstad östra,6.95204614382983,26.941514860977946
14860401,Strömstad norra,9.744102321358806,35.85237258347979
14860701,Tjärnö/Koster,3.5243704937229614,39.72179289026275
14870101,Frändefors/Sundals Ryr,2.1283053829974667,23.790849673202615
14870102,Brålanda,5.8025431169859845,23.946784922394677
14870103,Vänerkusten,2.381318547219666,26.861702127659573
14870104,Siviken/Väne Ryr,2.0798609351314585,28.688524590163933
14870105,Blåsut,3.0183625701118832,39.83739837398374
14870106,Öxnered/Vassända Naglum/Båberg,3.057259156405076,39.936440677966104
14870107,Centrala Vänersborg norra,4.865143723758897,44.20180722891566
14870108,Centrala Vänersborg,7.221541827825982,48.337388483373886
14870109,Centrala Vänersborg södra,15.117342422790344,48.11229428848016
14870110,Holmängen,8.473479579492228,44.64475079533404
14870111,Lyckhem V/Fredriksberg/Centrum V,11.585743185581947,45.16415261756877
14870112,Hedmanstorget/Mariero östra,27.235978888193543,60.52036199095023
14870113,Lyckhem södra/Tenggrenstorp,13.349068564756227,50.825921219822106
14870114,Flanaden,33.14872682850241,77.23577235772358
14870115,Torpa,21.518364143858154,63.68
14870116,Mariedal/Fridhem,7.6475220799220205,45.47759932375317
14870117,Onsjö norra,3.720937903200868,40.8207343412527
14870118,Onsjö södra,3.44450934945494,43.05555555555556
14870119,Brinketorp/Restad,7.337186128022619,42.517814726840854
14870120,Vargön norra/Nordkroken,3.1295139905606577,37.15415019762846
14870121,Vargön östra,3.8723329756685057,39.098532494758906
14870122,Centrala Vargön/Västra Tunhem,5.098486682362848,41.79236912156167
14870123,Vänersnäs/Lilleskog,2.8252531158875347,36.732570239334024
14880106,Strömslund,3.6787147395729365,35.08488278092158
14880107,Torsred,3.550282679692679,36.19186046511628
14880108,Björndalen,4.964029966484811,37.5
14880109,Centrum N,7.238231278260558,48.88475836431227
14880110,Centrum V,13.286029225272033,42.45283018867924
14880111,Centrum S,9.278914670291865,45.24017467248908
14880113,Centrum Ö,14.967566491153226,52.86259541984733
14880114,Hjortmossen,16.828416568677905,54.27394438722966
14880119,Skoftebyn N,11.133472498697824,51.29650507328072
14880120,Skoftebyn V,5.036592141336894,44.19263456090651
14880125,Skogshöjden,7.188425661208983,40.85138162808066
14880135,Källstorp,3.426674652524494,41.82692307692308
14880137,Skoftebyn Ö,8.07899299274455,39.08629441624365
14880327,Åsaka-Norra Björke,1.6426317128251204,29.79591836734694
14880428,Halvorstorp,4.187480909510434,35.09933774834437
14880429,Velanda,8.347025702513532,35.73743922204214
14880530,Upphärad,1.7256256656648872,31.544502617801047
14880632,Sjuntorp S,3.1402168754855095,33.747178329571106
14880731,Sjuntorp N,3.2116627418859998,34.514078110808356
14880916,Karlstorp,23.134327759122918,57.48898678414097
14880917,Kronogården N,44.44846175564358,78.04054054054055
14880918,Kronogården S,42.2552364514922,81.47751605995717
14880921,Sylte S,15.84845107313858,59.779338014042125
14880922,Sylte N,32.25316894139505,65.40880503144655
14880923,Lextorp N,38.733304504921854,77.24750277469478
14880924,Lextorp S,22.331502367110932,72.6962457337884
14880936,Kronogården V,47.58577036433795,85.81173260572987
14881001,Dannebacken,6.05619731826994,46.40423921271764
14881002,Hjulkvarn,4.324340289271286,40.56508577194753
14881003,Stavre Ö,4.888896787895775,39.20704845814978
14881004,Stavre V,7.845489818668644,46.46271510516252
14881005,Sandhem,3.3123319579188433,43.291731669266774
14881033,Tingvalla S,12.196032753920528,41.81585677749361
14881034,Tingvalla N,12.19595612727164,48.6228813559322
14890101,Stora Mellby/Magra,2.232590266673671,27.671232876712327
14890102,Erska/Sollebrunn,3.3990353523026067,31.747404844290656
14890103,Långared,2.116665938799561,23.516483516483518
14890104,Anten/Gräfsnäs,1.4319126960161939,36.493506493506494
14890105,Tegelbruket/Simmenäs,4.014222630364565,42.766151046405824
14890106,Kvarnbacken,5.071894036836654,43.34841628959276
14890107,Nolby V/Bolltorp,4.799411022998503,44.54303460514641
14890108,Nolby Ö/Rödene,5.605463822819382,47.83377541998232
14890109,Noltorp V,17.900471036106055,59.054325955734406
14890110,Noltorp Ö,18.834096312849695,51.785714285714285
14890111,Stadsskogen,5.744183707430476,39.45205479452055
14890112,Sörhaga,4.443848437722441,38.9272030651341
14890113,Kullingsberg,5.439433004434666,38.32428238944919
14890114,Centrum N,4.796614317578698,42.287694974003465
14890115,Centrum S/Tuvebo,6.685780911242944,41.355343179843615
14890116,Östlyckan/Brogården,18.244876286535018,55.485398579321235
14890117,Stockslycke/Holmalund,16.046445747655554,39.86420950533463
14890118,Bälinge,9.122941786127381,46.579804560260584
14890119,Hemsjö/V Bodarne,3.0003865519771136,40.0990099009901
14890120,Dammen/Prästeryd,3.9383087679308075,41.44634525660964
14890121,Ängabo/Maryd,3.991354798940164,43.471698113207545
14890122,Ingared,2.907201703617115,44.778481012658226
14890123,Hemsjö S,2.3993680952396867,33.64016736401673
14890124,Ödenäs/Skaftared,2.5070827960181754,33.40659340659341
14890125,Lövekulle,6.481610085972227,30.234833659491194
14900101,Aplared,2.2463736262458283,28.179551122194514
14900102,Bergsbo-Trandared,9.151554812905648,36.48068669527897
14900103,Bergsäter-Bergsbo,9.579829424283995,36.75675675675676
14900104,Boda-Brämhult,24.86269179715346,48.62155388471178
14900105,Brotorp,12.749028192052263,44.407158836689035
14900106,Brämhult-Ön,9.287350682195973,37.270875763747455
14900107,Brämhult-Kärra,9.971578291634732,38.39516824849008
14900108,Dalsjöfors Västra,3.852877256770506,34.97652582159625
14900109,Dalsjöfors Östra,3.867169738232799,35.76017130620985
14900110,Dannike-Draered,3.1612286518492763,27.851458885941646
14900112,Gånghester,5.299404665077415,33.89232127096205
14900114,Hulta Östra,39.03194395100777,78.42669845053635
14900115,Hässleholmen-Brämhult,19.943668925628096,50.866336633663366
14900116,Hässleholmen-Distansgatan,41.19850664360515,82.45614035087719
14900117,Hässleholmen-Tunnlandsgatan,42.71806666208728,86.91275167785236
14900118,Hässleholmen-Våglängdsgatan,45.17547863245965,89.33333333333333
14900119,Målsryd,4.211645827703204,36.158940397350996
14900122,Svensgärde-Sörmarken,18.13085470649735,44.375
14900123,Trandared Södra,13.879735582036936,51.775956284153004
14900124,Trandared Västra,10.923783397801836,44.24657534246575
14900125,Trandared Östra,17.62459303566313,53.462940461725395
14900126,Äspered-Rångedala,2.745389494307123,29.023508137432188
14900168,Hulta Västra,30.34163661889064,56.33507853403141
14900169,Dalsjöfors Centrum,2.6610806218062106,39.18417799752781
14900227,Bergdalen-Liljeberget,13.776205670354093,42.0785804816223
14900228,Bergdalen Södra,6.410574010645852,29.5906432748538
14900229,Bosnäs-Viared,5.31466026856242,31.132075471698112
14900230,Centrum,14.821529863261452,35.1506456241033
14900231,Centrum Norra,13.806580233997234,36.69849931787176
14900232,Centrum Östra,9.127215152375568,29.934640522875817
14900234,Druvefors Västra,22.520030307009613,43.14420803782506
14900235,Druvefors Östra,17.280350926763404,50.06031363088058
14900236,Göta,18.936373551120138,55.203619909502265
14900237,Göta-Kristineberg,25.9797304203722,59.05511811023622
14900238,Göta-Regementet,10.026187261500748,41.52106885919836
14900242,Kristineberg,28.248988904610545,65.18518518518519
14900243,Lugnet,8.727207696067719,43.46330275229358
14900244,Norrmalm-Sagavallen,12.534098305031765,40.33505154639175
14900245,Norrmalm-Hornsgatan,9.868338819465418,36.27329192546584
14900246,Norrmalm-Nedre,9.246144806725454,39.559164733178655
14900247,Norrmalm-Kype,11.033834888674765,46.647646219686166
14900248,Rydboholm,10.017934009053782,38.55243722304284
14900249,Salängen-Villastaden,15.783039408226337,34.6782988004362
14900251,Svaneholm-Seglora,7.605559677074154,38.26473859844271
14900252,Villastaden,8.265386434277334,35.28678304239401
14900253,Viskafors-Kinnarumma,4.634902787684171,37.37864077669903
14900254,Viskafors Centrum,8.662863571237247,41.922290388548056
14900255,Östermalm,15.98420227659757,42.805755395683455
14900256,Kristineberg-Dammsvedjan,10.291910288567726,41.61073825503356
14900257,Hedvigsborg,9.019994906240582,39.80978260869565
14900258,Dammsvedjan-Gässlösa-Kråkered,10.774472409819476,42.857142857142854
14900357,Borgstena-Tämta-Vänga,2.8312239654119415,24.914285714285715
14900358,Bredared,1.8386457632862447,28.84187082405345
14900359,Byttorp,10.379419523476404,45.61068702290076
14900360,Ekås-Hestra,6.008384671357186,34.38818565400844
14900361,Fristad-Kvarbo,3.4662348705492985,32.505910165484636
14900362,Fristad-Gingri,2.7961093683265,32.18116805721097
14900363,Fristad-Asklanda,4.902286923377681,30.761421319796955
14900365,Frufällan-Tosseryd,11.618389759727261,30.065897858319605
14900366,Hestra-Byttorp,8.499174034755384,44.41087613293051
14900367,Hestra Parkstad,6.896928510457294,43.48302300109529
14900369,Knalleland-Alideberg,21.222747401207943,54.45757250268529
14900370,Lundaskog-Lyckebo,9.177068456251364,32.147093712930015
14900371,Sjöbo-Almenäs,21.029667189597603,54.88997555012225
14900372,Sjöbo-Långesten,17.826887671040918,51.82567726737338
14900373,Sjöbo-Nolhaga,23.575938558136553,58.54341736694678
14900374,Norrby Norra,55.07742854033157,85.14492753623189
14900375,Norrby Södra,50.77804106431598,85.35791757049891
14900377,Parkstaden-Byttorp,8.39528559012336,33.10991957104557
14900378,Sandared Centrum,3.6450657011786487,34.437869822485204
14900379,Sandared Västra,3.8256221512074364,27.53441802252816
14900380,Sandared Östra,3.5246600276412106,26.303030303030305
14900381,Sandhult-Hedared,2.812499935922089,31.772908366533866
14900382,Sjöbo-Ryda,24.166415597761684,54.9929676511955
14900383,Sjöbo-Johannelund,24.14379632328151,55.45851528384279
14900384,Sjömarken Norra,5.026960887672197,28.8441145281018
14900385,Sjömarken Södra,7.486266782700298,30.793650793650794
14900386,Sparsör,5.0209277668796695,29.845626072041167
14900387,Tullen,12.889116812555924,45.85253456221198
14900388,Fristad Centrum,5.1292174446265655,44.38775510204081
14910101,Gunnarshill/Borgmästarhagen,15.89620983467912,43.80069524913094
14910102,Villastaden/Bronäs/Ekhagen/Karlsnäs,9.153893075243968,35.98848368522073
14910103,Centrum/Tingsholm N.,12.706653289197266,45.329400196656835
14910104,Skarpås/Furet/Hemryd/Tingsholm S.,7.0058215839464,40.42553191489362
14910105,Fridhem/Paradiset/Centrum S.,5.55608150059335,32.6797385620915
14910106,Markuslyckan/Karlslätt/Härstorp,10.999694798315197,41.18357487922705
14910107,Marbäck/Fredriksberg/Fållorna,7.549736939716105,38.547486033519554
14910108,Blidsberg/Dalum/Trädet,6.545574127835017,31.72231985940246
14910109,Gällstad/Rånnaväg/Grönahög,5.191510985485584,31.756214915797916
14910110,Hökerum/Nitta,2.252901455892924,29.288702928870293
14910111,Hössna/Liared,1.3135936692915933,21.816168327796234
14910112,Timmele/Älmestad,3.1995119910253207,28.447596532702917
14910113,Tvärred/Vegby,2.9045629158830657,35.09933774834437
14920101,Åmål norra - Mo,5.396307179433283,33.49244232299125
14920102,Åmål nordvästra,9.045865130010824,45.436702649656524
14920103,Åmål sydvästra,5.74123289799167,41.21621621621622
14920104,Åmål södra,6.973558069449346,40.10989010989011
14920105,Åmål centrala,23.09062109101957,56.61764705882353
14920607,Tösse - Fröskog - Ånimskog,1.3534643111035143,35.61643835616438
14930101,Näset,6.067769794474557,40.569395017793596
14930102,Madlyckan,6.330744298551622,40.0
14930103,Ladukärr,3.4580618816148565,44.5945945945946
14930104,Grangärdet,6.473257993720623,43.41463414634146
14930105,Trädgården,6.601638795962987,48.57142857142857
14930118,Högelid,3.0548974303641825,40.01530221882173
14930206,Marieholm,16.313179924054978,53.229398663697104
14930207,Leksberg,3.6363698967893883,42.63565891472868
14930208,Leverstad,17.232766185389067,50.61538461538461
14930216,Lockerud-Ekudden,6.195486265313357,40.52132701421801
14930217,Bråten-Västra skogen-Marieäng,12.520075033701707,51.63674762407603
14930314,Ullervad,1.0977596912369378,36.05263157894737
14930315,Tidavad,1.025260542726507,28.513513513513512
14931011,Lugnås,1.5141975406858537,31.73076923076923
14931409,Hassle-Torsö,1.2096474337819814,30.464135021097047
14931813,Lyrestad-Sjötorp,1.9125558079984613,31.016042780748663
14940101,Gamla stadens centrum,13.735638162311583,43.790849673202615
14940102,Margretelund N,22.987185987696005,53.544165757906214
14940103,Fredriksdal,18.67050955744797,49.373191899710704
14940104,Wennerberg,9.884501551677262,48.795811518324605
14940105,Lidåker-Ljunghed,4.669274256126164,45.991189427312776
14940106,Margretelund S,15.258201135605132,54.390934844192635
14940107,Nya staden N,8.519485093239158,45.060658578856156
14940108,Nya staden S,9.036415444618884,43.11328443357783
14940109,Ågårdsområdet,4.35884907664354,39.9548532731377
14940110,Dalängen,11.157199642689339,47.583333333333336
14940111,Framnäs,10.727048326510689,53.869346733668344
14940213,Järpås,1.691210703142863,29.784688995215312
14940514,Råda,2.6918053766679195,35.93974175035868
14940622,Tun-Gillstad,2.2831035475265122,33.26904532304725
14940816,Sunnersberg,1.5812748235666052,34.39584877687176
14941117,Otterstad,1.6801853349830576,29.47019867549669
14941315,Stenhammar,2.1326220811045755,34.79707252162342
14941325,Tofta-Ulriksdal,1.5943957294829505,41.323971915747244
14942020,Hovby-Majåker,2.721986813368784,43.12832194381169
14942121,Saleby-Norra Härene,1.4336547835369196,27.258320126782884
14942424,Vinninga-Filsbäck,2.0292436999841037,37.877671333824615
14942923,Örslösa,0.6313747088810266,31.41509433962264
14950101,Marieberg,13.406657561159667,49.497991967871485
14950102,Västermalm-Domprostegården,10.544088714832874,46.46739130434783
14950103,Centrum,18.03791576528007,49.518716577540104
14950104,Skaraberg-Tveta,15.260677403638852,40.547476475620186
14950105,Gällkvist västra-Härlunda,12.699488366495228,39.12213740458015
14950106,Gällkvist östra-Skånings Åsaka,6.261306706202893,36.177105831533474
14950107,Hindsbo-Händene,10.354359567130256,35.96004439511654
14950514,Varnhem-Eggby,1.3931401434513302,38.990490124359916
14950813,Axvall,3.0907946394645944,31.379962192816635
14951609,Ardala,2.186773275388934,23.768939393939394
14960101,Centrum västra,7.339089836608023,42.69141531322506
14960102,Kullen,6.745806045065233,37.213565536205316
14960103,Billingssluttningen,6.118403085133009,38.48739495798319
14960104,Dälderna,10.58592463066209,40.64901793339026
14960105,Centrum östra,10.490024496191532,45.98155467720685
14960106,Havstena,16.391928295322273,52.90199809705043
14960107,Norrmalm,10.372143402258764,40.87102177554439
14960108,Västra Fältet,6.988405058060323,36.89119170984456
14960109,Rosenhaga,13.725495247513443,46.34858812074002
14960110,Lunden,13.570325129946317,40.63136456211813
14960111,Mariesjö,15.732084409473005,40.71146245059288
14960112,Östermalm,14.7349304133163,46.93251533742331
14960113,Trädgårdsstaden,10.080290388726976,35.108153078202996
14960115,Källegården,5.729172906129925,32.447665056360705
14960129,Ekängen,7.319098909673008,32.91866028708134
14960132,Aspö/Ulveket,5.24910746551493,39.03541823662396
14960134,Högskolan/Trängen,12.857137679190242,50.21720243266724
14960316,Våmb,4.950513144708419,36.706689536878216
14960331,Hentorp,3.7318221181035534,35.09496284062758
14960417,Södra Ryd,29.407220499584763,47.36842105263158
14960418,Ryds Centrum,42.72269991628505,61.904761904761905
14960419,Norra Ryd,30.521446087759028,54.890678941311855
14960521,Skultorps centrum,8.669437960524906,37.82857142857143
14960533,Skultorp nordväst,5.529686980077468,33.364140480591495
14960820,Skultorpsbygden,4.206997172081056,27.934485896269337
14961223,Värsås,2.4964828796878678,25.64841498559078
14961322,Igelstorp,4.044702772928681,28.21011673151751
14961625,Väring,1.4163631609273186,28.71125611745514
14961824,Frösve/Säter,1.7725088743184094,34.58083832335329
14962226,Berg,1.4770371206418942,31.278748850045996
14962427,Timmersdala,0.8437895438988808,29.25969447708578
14962628,Tidan,7.2677046018607605,33.012512030798845
14970101,"Hjo södra, Grevbäck",4.736784823523524,35.22992985190959
14970102,"Hjo västra, Mofalla, Långeruder m fl",2.4808482007114954,33.30585325638912
14970103,"Hjo mellersta, Hammarsjorden",8.396339894945516,45.04596527068437
14970104,"Hjo norra, Smedstorp, Sanna",3.544264624193727,38.80733944954128
14970505,"Norra och Södra Fågelås, Gate",2.5337087338189774,26.17702448210923
14970706,"Korsberga, Blikstorp",1.3348164597605483,28.253424657534246
14980101,Tidaholms Innerstad,11.146469269072828,50.74349442379182
14980102,Tidaholm Östra,8.310092017690218,43.82022471910113
14980103,Tidaholm Västra,5.260007152861907,47.31707317073171
14980104,Tidaholm Norra,5.260606566114647,49.79209979209979
14980110,Hökensås Norra,1.0377430445020908,35.99663582842725
14980207,Hökensås Södra/Västra,1.116772817768949,28.44744455159113
14981512,Dimbo m.fl.,1.6713091340243285,30.98982423681776
14990101,Centrum,6.906757946550911,40.893470790378004
14990102,Kyrkerör,13.722109205469057,44.922547332185886
14990103,Dotorp-Tåstorp,27.461819338338422,59.346642468239565
14990104,Bestorp-Mösseberg,3.6868211268082605,38.60262008733624
14990105,Fredriksberg,21.657455592710363,51.64473684210526
14990106,Ranten-Grönelund,27.924855873930316,56.029011786038076
14990107,Vilhelmsberg-Åttagård,16.35093586226647,51.817334575955265
14990108,Södra Bestorp-Nedre Mösseberg,4.1370033368711985,40.12298232129132
14990209,Bergsliden,15.302332548529796,40.78624078624079
14990310,Vilske,2.971990672649655,26.758938869665513
14990512,Floby,5.304289198157692,36.170212765957444
14990711,Odensberg,1.1748603214425544,28.994082840236686
14991428,Åsarp-Kättilstorp,1.678153455264796,25.41743970315399
14991513,Kinnarp-Slutarp,3.031726864190713,24.29193899782135
14992016,Vartofta,1.6870518774156011,24.861878453038674
14993123,Stenstorpsbygden,1.66500768634346,25.418060200668897
14993422,Stenstorp,8.117256070659502,37.950819672131146
14994125,Gudhem-Broddetorp,1.6908838321557818,32.358003442340795
17150101,Vikstad,1.5510846277779875,36.40032284100081
17150102,Tolita,1.0111402445403175,27.272727272727273
17150103,Dalliden,3.9994531332342396,39.55719557195572
17150109,Stenåsen,1.5404195708212443,37.5
17150110,Sannerud,11.067460037960133,44.35178165276725
17150205,Fagerås,1.848255283543155,29.00763358778626
17150206,Frykerud,1.3633812568761325,29.734513274336283
17150308,Boda,1.363366972019022,35.42857142857143
17300101,Charlottenbergs tätort,16.384412595341768,45.50408719346049
17300102,Charlottenbergs omland,7.309911037219547,29.41176470588235
17300105,Åmotfors,9.097838861169368,43.65192582025678
17300307,Koppom,1.5343562207137367,30.855539971949508
17300511,Köla-Skillingmark,1.7040359259184772,26.21035058430718
17370101,Torsby Norra,5.862341094356222,40.980881130507065
17370102,Oleby,5.487677444589088,30.913978494623656
17370105,Svenneby,5.328136403712741,35.96311475409836
17370106,Torsby Södra,5.954691698427287,40.685224839400426
17370309,Vitsand,1.386377354490093,29.873417721518987
17370512,Östmark,0.941619591007267,31.382978723404257
17370617,Sysslebäck,1.1470281662880935,36.470588235294116
17370822,Likenäs,2.2531477567955984,38.50415512465374
17370923,Stöllet,2.253147690857036,30.073349633251834
17600103,Storfors Centrala,5.142351240245271,46.78819444444444
17600201,Bjurtjärn,2.0043336447929088,30.856423173803528
17600302,Lungsund,2.383920557856469,31.68831168831169
17610101,Skoghall,9.142949328189921,47.776726584673604
17610102,Haga,3.95650863812928,45.20654715510522
17610103,Gunnarskär,1.3192283327263656,41.3260672116258
17610104,Mörmon,6.992226846187801,51.097804391217565
17610105,Klöverud,2.8866113137238685,39.03830480847596
17610106,Hammar,1.414980453776727,42.15775158658205
17610107,Lövnäs,2.3576248796971386,32.210031347962385
17610108,Hallersrud,1.6283266629539337,35.490196078431374
17610109,Östra Bärstad-Rud,1.8084451672353683,28.08888888888889
17620203,Munkfors Sydvästra,2.6827891845944296,40.36697247706422
17620205,Munkfors Centrala,4.5627366109123,50.67218200620476
17630101,Forshaga öst,3.4921458028090773,48.958333333333336
17630102,Forshaga väst-Dyvelsten,3.7107427681565865,45.76271186440678
17630103,Grossbol,10.159443727465343,41.650294695481335
17630104,Skived öst,2.072231733853008,36.81318681318681
17630105,Skived väst,2.1292102425009363,41.501103752759384
17630212,Deje,4.2222739826978035,42.88272157564906
17630315,Dejefors,3.384376537908913,39.39393939393939
17640102,Grums Västra,6.5474368854831635,51.65816326530612
17640103,Grums Centrala,5.431154857534854,42.8341384863124
17640106,Grums Södra-Gamla Slottsbron,6.4544715059058495,44.980842911877396
17640107,Segmon-Slottsbron,3.8772780683386747,38.160469667318985
17640108,Värmskog-Grums Norra,1.0410834973300906,28.939828080229226
17650101,Årjäng N,10.946654309448173,34.19506462984724
17650102,Årjäng Ö,10.564712962340122,33.333333333333336
17650203,Sillerud,1.2857142697493376,18.96551724137931
17650307,Holmedal-Karlanda,1.4502762550650923,21.64804469273743
17650509,Årjäng V,6.383464415461729,32.15739484396201
17650711,Töcksfors,6.41221380508129,20.663811563169165
17660101,Klockaregården,9.283020885954965,31.917211328976034
17660102,Åmberg,3.3412061700065143,32.31197771587744
17660103,Leran,8.646139061610477,37.340425531914896
17660106,Södra Borgeby,2.3143139969587128,31.21019108280255
17660109,Rottneros,4.257113101343735,29.15057915057915
17660110,Stöpafors,0.8138351808321497,24.547283702213278
17660119,Gräsmark,1.1035654097826606,31.908396946564885
17660124,Brobyäng,8.208972518423423,40.73033707865169
17660215,Västra Ämtervik,1.2332439749034303,29.29447852760736
17660317,Östra Ämtervik,1.428391920606904,25.925925925925927
17660523,Lysvik,1.092896236717386,31.545338441890166
17800101,Tingvallastaden,7.780089849122645,38.06870937790158
17800102,Viken,5.719266527177658,47.78481012658228
17800103,Sommarro,6.245290876631404,43.021914648212224
17800104,Orrholmen söder,18.6870939282061,61.920529801324506
17800105,Kvarnberget,12.047244537371444,52.26615236258438
17800106,Tullholmen öst,7.708106636314539,35.458612975391496
17800107,Inre hamn,5.653736968682047,33.169291338582674
17800111,Tingvalla,10.685973122467297,39.48412698412698
17800112,Klara,6.939353828118669,39.64346349745331
17800113,Råtorp-Älvåker,2.152557694463836,38.34995466908432
17800114,Haga öst,4.72484449783434,42.774566473988436
17800115,Herrhagen 1,7.710124556902191,47.853881278538815
17800116,Herrhagen 2,6.084339278806621,43.032786885245905
17800117,Herrhagen 3,5.308312294179825,48.59038142620232
17800118,Tormestad-Lamberget,5.134633551848956,48.57142857142857
17800119,Råtorp söder,3.7434608695443576,40.433925049309664
17800120,Haga väst,5.044132839261692,39.07216494845361
17800123,Tullholmen väst,6.859234000361032,33.00220750551876
17800125,Orrholmen norr,9.591342476310107,45.54826616682287
17800126,Marieberg,7.082738416994458,45.72072072072072
17800230,Sundsta,4.311162302007106,35.09532062391681
17800231,Norrstrand centrum,5.460994680586651,48.6228813559322
17800232,Norrstrand norr,5.470854787212962,44.21416234887737
17800233,Norrstrand-Sjöstad,6.657112871642024,45.06612410986775
17800234,Norrstrand söder,4.894472236967958,48.306997742663654
17800235,Kroppkärr,3.622637810913877,42.67716535433071
17800236,Färjestad norr,5.997972840587245,40.25270758122743
17800238,Lorensberg,4.188110350604453,47.27272727272727
17800239,Rud norr,24.850930725565334,65.9297789336801
17800240,Rud söder,15.151661669240113,57.39247311827957
17800241,Kronoparken väst,22.71809750359358,46.27039627039627
17800242,Kronoparken söder,36.882055873356215,75.20891364902506
17800243,Stockfallet,6.280019533522908,43.43891402714932
17800244,Universitetet,16.3070971665184,56.42570281124498
17800245,Kronoparken öst,31.695809408259283,73.72764786795048
17800246,Kronoparken centrum,36.38750034573877,77.62619372442019
17800247,Alster söder,3.4838941219249437,40.5307599517491
17800249,Färjestad söder,6.29081283619022,42.66792809839168
17800250,Långtäppan-Rud,21.86165505439577,56.08974358974359
17800251,Kronoparken norr,23.25854818552985,65.39408866995073
17800350,Skattkärr,2.7892815254545456,36.531007751937985
17800351,Östra Fågelvik,2.1306171624840213,31.04693140794224
17800456,Väse,1.5196079021971718,32.432432432432435
17800665,Molkom,4.482505699303506,42.297650130548305
17800667,Nyed,2.3930837943488297,34.56112852664577
17800775,Alster norr,2.8030840983133625,35.66833452466047
17800880,Skåre,4.0095435592002255,45.05347593582888
17800881,Soldattorpet,1.5018215193449096,42.06008583690987
17800882,Grava,1.9908749545586522,27.239819004524886
17800883,Stodene,3.0390153086836205,41.506646971935005
17800990,Vålberg-Nor,6.033586707544474,37.55868544600939
17800991,Vålberg,7.025491217284837,41.938490214352285
17800992,Edsvalla,2.1704474095282067,35.08064516129032
17801106,Romstad-Strand,4.251711809087457,38.66891322662173
17801107,Gruvlyckan,28.617378093430034,65.9090909090909
17801108,Våxnäs söder,25.087626167261217,61.17775354416576
17801109,Hagalund,6.967954308891736,48.23805794831637
17801110,Våxnäs norr,29.535612634838998,66.96428571428571
17801119,Bergvik-Zakrisdal,5.417642086573765,33.46883468834688
17801120,Hultsberg,4.835434156564029,42.96636085626911
17801121,Björkås-Dingelsundet,4.579643725085605,37.28813559322034
17810101,Innerstaden,24.41009572992763,63.16916488222698
17810102,Södermalm,15.062382542549875,50.73339085418464
17810103,Enserud,12.724941937206204,49.13907284768212
17810104,Fältet,7.33958195014621,43.80165289256198
17810105,Djurgården,5.313695291821383,43.41978866474544
17810106,Kurlanda,6.847110670622653,39.635995955510616
17810107,Östra Vålösundet,5.961811417113304,37.2210953346856
17810108,Stenstaliden,6.6612343571533135,44.889615699100574
17810109,Strand,4.8202311313015676,39.831401475237094
17810110,Ölme,1.5915178335984126,32.11951447245565
17810111,Kristinehamn norra,4.880503736553006,38.797814207650276
17810112,Kristinehamn nord-östra,4.153201223458145,44.18604651162791
17810113,Kristinehamn östra,5.817300493325739,44.46707399864223
17810114,Björneborg,9.420166776581844,44.757433489827854
17810115,Kristinehamn södra,1.9013180612997975,30.407023144453312
17820101,Filipstads norra,6.514793250586258,37.27959697732997
17820102,Filipstads västra,16.972410757052764,48.30960854092527
17820103,Filipstads södra,7.121658071831281,40.50046339202966
17820104,Filipstads östra,6.680463290949175,40.31180400890869
17820712,Lesjöfors,2.881171878503611,47.77070063694268
17830101,Hagfors Centrum,8.62997119220161,55.53648068669528
17830105,Hagfors Östra,8.618053392928253,52.77777777777778
17830210,Ekshärad-Västanberg,1.3314968717562126,32.36449332285939
17830315,Hagfors Norra-Gustav Adolf,4.283599749825568,48.824082784571964
17830418,Råda-Höje,2.075731913324339,42.07188160676533
17830522,Sunnemo-Uddeholm,2.7635598873965317,41.74757281553398
17840102,Haga,6.039048384460375,45.25205158264947
17840103,Minneberg,10.424848613149045,49.21259842519685
17840104,Solberga,8.32020112522603,51.65369649805447
17840105,Styckåsen,8.830673343002458,56.28019323671498
17840106,Degerängen,12.271363215494718,49.15458937198068
17840125,Rosendal,4.711163816566795,46.78298800436205
17840207,Dottevik,13.797713061493427,50.24813895781638
17840208,Solvik,5.412127781636637,40.94240837696335
17840209,Agneteberg,9.596282833387436,46.71610169491525
17840210,Jössefors,2.4873742395778833,36.04938271604938
17840228,Taserud,3.252998419252559,44.81283422459893
17840311,Stavnäs-Högerud,0.8596102765918637,38.729016786570746
17840514,Glava,1.6901002971439159,39.37823834196891
17840617,Gunnarskog-Bogen,1.4040521066603218,30.430879712746858
17840920,Älgå-Ny,1.3488737577130243,32.74917853231106
17841123,Edane,1.7926393023411131,38.34254143646409
17841124,Mangskog,1.7926703129003605,39.489489489489486
17850101,Tegnér,4.5961473374255135,36.48960739030023
17850102,Tingvalla,11.016216846537187,36.795252225519285
17850103,Trätälja,22.4240669088531,50.41208791208791
17850105,Värmlandsnäs Södra,0.8890245822252877,18.901453957996768
17850206,Höglunda,8.52880022682832,38.10444874274661
17850308,Värmlandsnäs Norra,2.5775779333224405,25.31645569620253
17851018,Annelund,4.3839015484748245,36.25218914185639
17851120,Svaneholm,1.706827321232722,28.187919463087248
17851223,Nysäter,1.4992503905468557,23.116883116883116
18140100,Lanna,2.4649568073056414,28.1390134529148
18140200,Hidinge,1.9150488054203725,30.62330623306233
18140301,Fjugesta Västra,4.306659117577163,32.98097251585624
18140302,Fjugesta Östra,6.658390263374688,31.944444444444443
18140400,Mullhyttan,2.8628359382754267,29.245283018867923
18140500,Kräcklinge m.fl.,1.0678263300256488,24.2320819112628
18600101,Laxå Centrala,14.188899153031702,40.53156146179402
18600103,Laxå-Kanalområdet,10.995754943565,37.13768115942029
18600205,Finnerödja,2.94334061154916,31.674757281553397
18600407,Skagershult,3.440621589510417,40.0
18610111,Hässleberg,28.554557736854594,62.05191594561187
18610113,Kårstahult,12.833636820367552,46.666666666666664
18610114,Vingen,15.62313162249217,46.48862512363996
18610115,Vadsbron,6.563444042585049,40.44173648134044
18610116,Långängen,4.80709419379874,49.1335372069317
18610221,Vretstorp,4.156170853345898,30.02028397565923
18610231,Östansjö,2.1848674939981385,34.505208333333336
18610441,Sköllersta,3.069743132510528,35.63096500530223
18610451,Pålsboda,7.9380758699600795,36.02533650039588
18610671,Sottern,3.177042472787642,39.575289575289574
18620101,Jannelund,15.550994538287256,56.00835945663532
18620102,Bossåsen,6.205554518069701,39.257592800899886
18620103,Bruket,7.345110183593946,45.87973273942094
18620105,Stora Valla,12.391035092368893,51.097804391217565
18620108,Strömtorp,4.407525263259447,39.77724741447892
18620210,Åtorp,1.153838173515589,31.54471544715447
18620211,Svartå,2.3720349630585686,40.625
18630101,Gillershöjden,7.24565498923164,43.48239771646051
18630102,Centrum,15.771454931774763,55.07411630558723
18630104,Hjulsjö-Kronhagen,5.468367799671176,44.388398486759144
18630208,Grythyttan,1.919258767625544,37.175493250259606
18640101,Hörken-Ställdalen,3.585147305852011,29.98266897746967
18640103,Bångbro-Kyrkbacksskolan,4.532633376004969,36.03864734299517
18640105,"Tingshuset, Kopparberg",10.26010899930775,44.07713498622589
18800101,Örnsro,16.229134069855576,55.32302092811647
18800102,Näbbtorget,21.292336136470183,55.331412103746395
18800103,Våghustorget,10.728271139016755,45.531400966183575
18800104,Oskarsparken,5.613340956967087,39.97965412004069
18800105,Wadköping,5.2388806593014285,39.72310969116081
18800106,Sveaparken,8.8902579900758,39.80582524271845
18800107,Stadsparken,5.311728070742735,46.50246305418719
18800108,Krämartorget,14.782157815499481,50.17261219792865
18800109,Eklunda,7.26615609648634,34.795042897998094
18800110,Södermalm,13.57817243930023,51.40367860600194
18800111,Eyra,6.490047060395275,37.134502923976605
18800112,Gustavsvik,6.823049934020708,34.47852760736196
18800113,Ladugårdsängen västra,8.730456834392182,50.2262443438914
18800114,Ladugårdsängen östra,8.490403953155344,46.40820980615735
18800115,Olivplan,11.28671193890019,42.53347064881565
18800116,Sörbyängen,7.675078099290002,48.09725158562368
18800216,Bettorp,8.358454700997829,43.408071748878925
18800217,Olaus Petri,9.586619569190587,56.966707768187426
18800218,Åkullen,10.735447593343721,50.48231511254019
18800219,Längbrotorg,9.887172640527936,54.15282392026578
18800220,Hagaby-Ringstorp,11.346931165693771,39.411764705882355
18800221,Norrby,13.11650783991054,59.599528857479385
18800222,Bromsplan,11.87339613268755,50.91496232508073
18800223,Svampen,12.812943573324972,48.70420017873101
18800224,Rynningeåsen,10.04380188609548,46.02829162132753
18800225,Rynninge,6.709032454287863,41.86046511627907
18800226,Tegnér,11.36223280894577,47.6409666283084
18800227,Sofia,9.416395600033487,43.502202643171806
18800228,Nobel,15.573842267641504,52.91622481442206
18800229,Malmplan,12.05019603964708,51.88781014023733
18800230,Vasastan,7.960347090269575,47.19626168224299
18800231,Järntorget,9.121063721623694,49.80353634577603
18800232,Universitetssjukhuset,11.73819872991958,46.84772065955383
18800233,Slottet,8.26320707853619,43.04761904761905
18800234,Centrum,6.9930726860902706,39.02691511387164
18800235,Centralstationen,10.581509512954687,49.556400506970846
18800339,Heden,18.05147636407042,39.5945945945946
18800340,Mellringe,13.991216315152169,37.7906976744186
18800341,Björkhaga,4.842147596873539,49.914236706689536
18800342,Varberga västra,37.68697422330506,69.93103448275862
18800343,Varberga östra,54.31186240207027,72.99843014128729
18800344,Karlslund,9.689775639158555,46.03174603174603
18800345,Oxhagen,46.02752452909874,82.27571115973741
18800346,Solhaga,7.55452148672206,57.31707317073171
18800347,Västhaga,13.130977570582568,56.69456066945607
18800348,Rosta västra,11.795318394096526,53.16863587540279
18800349,Rosta östra,9.416353289988145,55.3656220322887
18800350,Hagastrand,9.487007002188152,46.52701212789415
18800479,Skebäck,5.319453200253265,41.727199354317996
18800480,Sörby norra,6.830273974895814,42.170989433237274
18800481,Sörby södra,7.504592195787868,42.78350515463917
18800482,Tybble,17.126320443835972,54.06824146981627
18800483,Ekeby Almby,5.0843752406391856,29.072907290729074
18800484,Almby,10.05740363481529,43.16848281642917
18800485,Brickeberg,16.664270906198098,48.41997961264016
18800486,Brickebacken norra,35.188249277641674,67.85225718194255
18800487,Brickebacken södra,27.648930903342016,67.76315789473684
18800488,Grönpepparparken,9.393043955498602,44.1025641025641
18800489,Näsby,5.244928571566028,42.287234042553195
18800490,Tybblelund,5.722378082373746,45.87488667271079
18800491,Universitetet,12.719159268942995,57.7720207253886
18800492,Ormesta,5.200999051069525,35.17520215633423
18800493,Norra Ormesta,4.614964509052271,42.64150943396226
18800494,Tybblekullen,12.140025810754096,52.18466611706513
18800501,Marieberg,3.9024845585110626,30.848861283643892
18800502,Mosås,5.8503012832955665,33.771929824561404
18800503,Täby,2.2078696967819473,27.11864406779661
18800701,Vintrosa,2.1840768304160534,37.56050338818974
18800801,Garphyttan,4.139693878429995,44.73197781885398
18800802,Latorp,2.0565580474528686,41.444866920152094
18801001,Kil,2.2083602049809072,31.256281407035175
18801101,Ervalla,2.236900494412926,29.09423604757548
18801201,Axberg,3.7045666382001294,35.99562363238512
18801301,Hovsta västra,4.226689632037552,42.379547689282205
18801302,Lillån västra,7.740523797958141,39.89247311827957
18801303,Lillån östra,6.920388835940937,39.02214022140221
18801304,Hovsta östra,5.694671037624155,44.870466321243526
18801401,Hampetorp,2.0206958751397734,32.365145228215766
18801501,Kilsmo-Brevens Bruk,2.3377976185032403,36.18090452261306
18801502,Asker,1.8389346068705543,24.71190781049936
18801503,Odensbacken,3.097604523262094,34.84069886947585
18801601,Stora Mellösa västra,2.1907100566191717,33.49282296650718
18801602,Stora Mellösa östra,2.1903873451628364,34.44976076555024
18801701,Norrbyås,2.803797173459727,34.23913043478261
18801801,Gällersta,4.880369147966906,31.151832460732983
18802601,Rinkaby,1.9132133384381969,33.77135348226018
18802701,Glanshammar,2.4433689229211524,31.714876033057852
18802901,Lillkyrka,1.4612824878346478,32.20536756126021
18803060,Lundby norra,17.374743045942264,56.08465608465608
18803061,Lundby södra,18.66453773862593,47.990543735224584
18803062,Vivalla västra,54.66221154019363,91.02564102564102
18803063,Vivalla norra,51.580766548385526,86.94158075601375
18803064,Vivalla östra,51.71119631998767,90.85037674919268
18803066,Nyponlunden,16.589378187136973,39.1566265060241
18803067,Nya Hjärsta,13.806976253844928,47.58687258687259
18803068,Baronbackarna,40.129187977271464,75.38619979402678
18803070,Gamla Hjärsta,8.453463638828863,45.68690095846645
18803071,Mikael,7.926087252399721,43.96186440677966
18803072,Karla,18.309601479806,52.88135593220339
18803073,Trängen,23.28398675009899,62.06896551724138
18803074,Markbacken,37.7003548875633,76.57766990291262
18803189,Brunnsgärdet,5.118122397716893,39.42307692307692
18803190,Nasta,5.398784479377143,35.8974358974359
18803191,Lindhult norra,4.748091587761683,36.208732694355696
18803192,Adolfsberg västra,4.211478198251807,32.136752136752136
18803193,Adolfsberg östra,3.2659844508874896,38.666666666666664
18803194,Ladugårdsängen södra,10.457064595184816,39.37232524964337
18803195,Ladugårdsängen Hagen,10.235668112503237,36.40552995391705
18803196,Lindhult södra,4.599489662786335,32.804757185332015
18810102,Hällabrottet,2.7122642340824403,34.98542274052478
18810104,Åbytorp-Hardemo,2.2598281296017175,26.672613737734167
18810105,Skogstorp,4.674590816541791,34.62145110410095
18810106,Malmen,15.615864075502468,53.39712918660287
18810107,Fylsta,20.376903818922486,50.78671328671329
18810108,Stadshuset,11.656836808418186,46.31147540983606
18810109,Åsen,6.877590162859986,39.03966597077244
18810112,Haga,6.933818011970129,39.61661341853035
18810114,Kumlaby,9.561228177467077,37.541528239202655
18810115,Sörby,4.854654760612815,28.594122319301032
18810116,Vialund,16.310224341869976,40.0
18810310,Ekeby-Kvarntorp,1.6392321225325623,27.184466019417474
18820101,Sjöängen,8.303682025601617,43.041029766693484
18820102,Närlunda,8.049784340811803,40.57377049180328
18820103,Klockarbacken-Olshammar,5.461691034798874,30.64814814814815
18820304,Åsbro,3.335035612707917,36.713615023474176
18820306,Rönneshytta-Mariedamm,2.2077796925566844,31.557377049180328
18820408,Snavlunda,0.9487775461647144,35.472972972972975
18820511,Hammar,2.1857383357888285,27.12082262210797
18820513,Åmmeberg-Zinkgruvan,1.4891759889398837,34.5
18830101,Aggerud,5.716912541794635,37.93103448275862
18830102,Stråningstorp,9.322128487060596,47.22222222222222
18830103,Landa,30.679054997663346,58.4061135371179
18830104,Skranta,17.064026248798243,44.0650406504065
18830105,Häsängen,10.087031012582313,32.666666666666664
18830106,Ekeby,10.795139798664016,44.40400363967243
18830107,Karlberg,6.175919610459096,37.67985611510792
18830108,Rävåsen,5.387704563678336,42.577777777777776
18830109,Sandmo,13.38988406496273,48.4903934126258
18830110,Karls-Åby,4.702809527991814,38.506711409395976
18830111,Bohult,5.837112841953968,44.058976582827405
18830112,Bregården,7.36785352352977,41.49879129734085
18830113,Bofors,5.189016512492985,46.52493867538839
18830114,Sandviken,11.118683432658568,50.44422507403751
18830115,Österleden,5.67085362850002,39.366138448707254
18830116,Bråten,2.718976847866999,38.2404181184669
18830117,Granbergsdal,2.0406661078004413,27.715355805243444
18840306,Järnboås-Klacka-Lerberg,1.8575851568597594,27.43764172335601
18840401,Hagby-Esstorp,9.42659603525794,44.457142857142856
18840403,Karlsäng-Pershyttan,10.015056589011989,43.07891332470893
18840404,Gyttorp-Viker,4.337539514827545,37.875
18840405,Hitorp-Alntorp,4.016344434648747,41.0
18840407,Ås-Ringshyttan,5.040602244453997,36.41025641025641
18840409,Dalsta-Born,6.4942958324671025,41.61979752530934
18840410,Torget-Gunnarsberg,7.979942926129876,46.721311475409834
18850203,Gusselby,1.5624531409958007,26.829268292682926
18850204,Lindesbergs Norra,13.310712903705738,43.23529411764706
18850206,Linde,13.147779522967879,26.13277133825079
18850207,Lindesbergs Mellersta,9.767452538430943,41.26139817629179
18850209,Vedevåg,4.612978730687712,29.102167182662537
18850210,Lindesbergs Västra,6.8496658775565535,38.600628930817614
18850212,Lindesbergs Sydöstra,9.798001258433871,39.930955120828536
18850216,Lindesbergs Nordöstra,34.609826575099035,63.98258977149075
18850302,Guldsmedshyttan,3.702296944805499,35.07549361207898
18850305,Storå,3.3799270369164587,29.29380993897123
18850413,Frövi Västra,8.508093820601582,42.004971002485505
18850414,Frövi Östra,3.6213648895855353,36.472760849492154
18850518,Fellingsbro Västra,5.78092492450393,34.104046242774565
18850519,Fellingsbro Östra,6.01534886782385,34.409937888198755
18850522,Rockhammar,2.161263503952255,30.625
18850728,Ramshyttan,1.5071592192698713,32.19954648526077
19040201,Skinnskatteberg Södra,3.4599157293764753,35.20499108734403
19040202,Skinnskatteberg Norra,6.41074776466795,43.4947049924357
19070101,Bruket och Landsbygd,5.418622164781163,33.770161290322584
19070103,Stavtorpet,3.6399512226617787,36.48780487804878
19070104,Skogslund,7.125720553106934,39.80154355016538
19070105,Dalskogen,10.801419145221178,43.63468634686347
19070207,Ramnäs,5.9922354447984105,39.61840628507295
19070208,Virsbo,5.136688463187774,35.34822601839684
19600101,Runna - Granhammar,12.208403304231076,43.13072439633638
19600102,Centrum,20.48023456231683,46.749521988527725
19600103,Haga - Skillinge,5.97118755721446,35.934489402697494
19600104,Torpa - Malmberga,8.09297813480866,30.583756345177665
19600506,Valskog - Kungs-Barkarö,3.69348514659979,29.147465437788018
19610103,Nibble,11.754740535062218,46.824644549763036
19610104,Fredhem,5.695692321397035,43.347639484978544
19610105,Barnängen,7.612539610316585,49.192546583850934
19610106,Eldsboda,7.301985252949425,39.367816091954026
19610107,Tuna,16.79465266456379,46.40831758034027
19610108,Näs,3.0534138495655254,39.70873786407767
19610109,Lövboås,19.30790869333346,56.5415244596132
19610310,Tunbo,3.4026390083653144,32.958034800409415
19610311,Kolbäcks Centrum,3.369060354828872,40.84507042253521
19610312,Strömsholm,1.9968840835197934,30.93220338983051
19620101,Kärrgruvan,3.815316487580025,41.52046783625731
19620103,Skallberget,4.504551880390418,43.42599549211119
19620104,Björkängen,11.934273342757786,47.597765363128495
19620205,Karbenning,2.102529810295052,32.47588424437299
19800101,101 Centrum,15.858785292618736,40.951492537313435
19800102,102 Kyrkbacken,10.062551707563852,33.80782918149466
19800103,103 Herrgärdet,11.492207293176493,44.09722222222222
19800104,104 Kopparlunden,26.77439150369264,48.77800407331976
19800105,105 Östermalm,18.745919934828414,39.682539682539684
19800106,106 Östra Hamnen/Slottsträdgården,9.284620657727205,25.714285714285715
19800107,107 Lillåudden,12.939114645613044,33.53090601185436
19800108,108 Norrmalm/Blåsbo,3.7290846860845783,31.19092627599244
19800109,109 Aroslund/Iggebygärdet,11.794438290470078,36.99222126188418
19800110,110 Kristiansborg/Karlsdal,14.71662081530744,38.33955223880597
19800111,111 Annedal/Stallhagen,6.441459205854958,27.044534412955464
19800112,112 Oxbacken C/Västermalm,11.067996910500113,41.43589743589744
19800113,113 Pettersberg Ö,23.80036861016974,45.43269230769231
19800114,114 Pettersberg V,56.06334120397512,86.32326820603907
19800115,115 Jakobsberg,7.343023284177725,34.03693931398417
19800116,116 Hammarby Stadshage,30.348622989177617,52.81837160751566
19800117,117 Vetterslund,28.495382558447677,56.68202764976959
19800118,118 Pettersberg S,27.38776601982401,55.10534846029174
19800119,119 Mälarporten/Ängsgärdet,16.702851778222517,40.804597701149426
19800201,201 Hammarby Ö,24.259194926148293,49.08906882591093
19800202,202 Hammarby V,38.399350522519576,69.50819672131148
19800203,203 Bäckby Ö,47.52901744100804,77.21123829344432
19800204,204 Bäckby N/Hälleborg,47.02751395700932,78.5377358490566
19800205,205 Bäckby V,31.872875405825248,52.578361981799794
19800206,206 Bäckby C,32.14038113662364,63.12649164677804
19800207,207 Bäckby S,34.88831296223061,55.742574257425744
19800208,208 Skälby V,18.57288855567974,42.88337924701561
19800209,209 Skälby Ö,21.52665867726183,51.07843137254902
19800210,210 Stohagen/Spantgatan,17.00376649002508,41.95876288659794
19800211,211 Enhagen-Ekbacken/Örtagården,5.939561043736889,25.975103734439834
19800212,212 Barkarö/Tidö-Lindö,4.271428258908032,23.10756972111554
19800213,213 Barkarö tätort,5.265469106391841,26.371826371826373
19800214,214 Dingtuna-Lillhärad landsbygd,6.685141680088434,23.553719008264462
19800215,215 Dingtuna tätort,5.908806826210005,29.596977329974813
19800216,216 Kvicksund/Rytterne,2.6216444981996205,25.197984161267097
19800301,301 Skallberget S,33.472305300375545,66.26506024096386
19800302,302 Skallberget N,29.906879969323395,54.92577597840756
19800303,303 Nordanby,26.60960931739924,50.66445182724252
19800304,304 Gryta NÖ,7.434956583733146,44.49013157894737
19800305,305 Gryta NV,9.99973932231254,46.24889673433363
19800306,306 Önsta,16.02585760470648,40.18604651162791
19800307,307 Gryta SÖ,21.388060780789555,49.59276018099548
19800308,308 Gryta SV,16.330596847573386,48.266666666666666
19800309,309 Tunby/Vega,13.862526543171132,41.7946645109135
19800310,310 Rönnby S,4.782256907789239,35.557363710333604
19800311,311 Rönnby N,6.128962905438659,39.39393939393939
19800312,312 Fredriksberg,44.53787644423284,69.52965235173824
19800313,313 Råby S,37.24811392013718,63.64665911664779
19800314,314 Råby N,39.264536149847444,72.06572769953051
19800315,315 Råby Ö,32.932432197507126,60.63675832127352
19800316,316 Vallby S,45.84925423632849,70.07211538461539
19800317,317 Eriksborg/Hagaberg,21.043297870226873,42.77828886844526
19800318,318 Brottberga/Vallby N,13.920137968211515,31.929046563192905
19800319,319 Vallby C/Bjärby/Skerike,23.08891164382572,29.530201342281877
19800320,320 Skultuna landsbygd,5.257076247288904,30.462519936204146
19800321,321 Skultuna Ö,13.609914246599194,46.30484988452656
19800322,322 Haraker Romfartuna,2.6339552167480096,30.213631739572737
19800323,323 Vallby C,49.17346038415581,74.33628318584071
19800324,324 Skultuna V,10.15800451722824,44.42916093535076
19800401,401 Emaus,17.390589781083325,44.62809917355372
19800402,402 Bergslagsparken,17.393506619556398,40.24096385542169
19800403,403 Gideonsberg,18.706391258929063,49.69199178644764
19800404,404 Skälängen,15.016909621047066,47.01570680628272
19800405,405 Nordanby gärde,16.090509555642264,47.053045186640475
19800406,406 Sandgärdet,12.19816127080759,40.816326530612244
19800407,407 Haga,14.214575536016554,43.836978131212724
19800408,408 Skjutbanegatan,17.107177631695087,43.501048218029354
19800409,409 Hemdal,11.781287704457817,39.665787159190856
19800410,410 Malmaberg S,18.113759198306717,47.7195945945946
19800411,411 Malmaberg N,14.125090247995367,46.926829268292686
19800412,412 Klockartorp,7.840283790307174,43.957968476357266
19800413,413 Skiljebo S,7.273970854134083,35.130278526504945
19800414,414 Skiljebo N,24.476502149410106,54.390934844192635
19800415,415 Odensviplatsen,17.97304244517391,50.101010101010104
19800416,416 Brandthovda,10.778422276682324,37.188208616780045
19800417,417 Bjurhovda SV,25.29534732589768,55.51470588235294
19800418,418 Bjurhovda SO,22.484517604198395,48.17001180637544
19800419,419 Bjurhovda N/Badelunda,6.880033562077487,35.66021867115223
19800420,420 Hökåsen/Tillberga landsbygd,2.973645534213764,25.31512605042017
19800421,421 Hökåsen tätort,5.8097561652708025,29.893529893529895
19800422,422 Tillberga tätort,3.473491765642312,34.66773418734988
19800423,423 Tortuna/Sevalla,1.965168276012216,24.859550561797754
19800501,501 Viksäng V/Ängsgärdet,27.813542581376034,62.5
19800502,502 Viksäng/Stenhagen,12.327259660674661,46.39269406392694
19800503,503 Viksäng Ö,21.23154277485803,45.61774023231256
19800504,504 Talltorp/Lillhamra,6.0569766420830735,32.18283582089552
19800505,505 Notudden,18.237860376551193,36.8421052631579
19800506,506 Mälarparken,10.299947505321791,37.5
19800507,507 Framnäs/Öster Mälarstrand,5.681714677901238,28.54230377166157
19800508,508 Berghamra/Hamre,11.0731266007765,28.725314183123878
19800509,509 Gäddeholm,2.629733493687647,27.284595300261095
19800510,510 Irsta S,2.8915498971104374,28.8
19800511,511 Irsta N,2.566079712248565,32.82172373081464
19800512,512 Björksta/Kungsåra/Ängsö,1.5605710038193539,29.098360655737704
19800513,513 Öster Mälarstrand V,25.457004302011892,39.689578713968956
19800514,514 Kärrbolandet,2.6718144693607395,24.40419447092469
19800515,515 Öster Mälarstrand Ö,19.20888794686177,37.17616580310881
19800516,516 Förseglet,21.964231517689655,40.88785046728972
19810101,Centrum,7.858878733027436,42.47933884297521
19810102,Åkra,33.318942163385984,64.46446446446447
19810103,"Jakobsberg, Bryggeriet, Turbo m.fl",19.574518648633756,52.92887029288703
19810104,Kungsängen-Valla-Vasastaden,7.558981915963485,42.943722943722946
19810105,Sala Norra,5.259589098689512,40.4040404040404
19810106,Sala Östra,6.005949488254083,32.33018056749785
19810107,Sala Södra,7.629484603302974,38.47328244274809
19810108,"Dalhem, Gärdesta, Hagaberg m.fl.",9.02262044022798,44.49307075127644
19810210,Västerfärnebo - Västerbykil,2.327837012018369,29.501267962806423
19810312,Kila - Fläckebo,1.6997593222025456,29.790419161676645
19810514,Kumla-Ransta-Tärna,1.9867812526013142,28.74493927125506
19810818,Möklinta,1.1538615344364749,24.4281045751634
19820101,Kolarbyn,35.80500310179118,63.1578947368421
19820102,Centrum,24.6577599570874,53.33926981300089
19820103,Risbron,20.12718922799047,50.213492741246796
19820104,Västanfors,4.383983929516069,39.49579831932773
19820106,Per Ols,12.345119617413788,43.13421256788208
19820108,Meling,7.293205781515298,39.726027397260275
19820207,Åvestbo-Västervåla,2.3654693758417147,31.0580204778157
19830101,Byjorden-Odensvi,11.267272573821723,43.194706994328925
19830102,Karlsdal,15.432090198378889,44.57446808510638
19830103,Tunadal,15.005663867587321,50.89820359281437
19830104,Karlberg,9.775334332312198,38.40262582056893
19830105,Skogsborg,19.459530475903183,49.32844932844933
19830106,Nyckelberget,17.139803710548183,44.45676274944567
19830107,Elund-Ållesta,4.663706046573058,34.174311926605505
19830108,Östanås,9.656322574500221,45.31400966183575
19830109,Ullvi,10.84852850521157,45.4233409610984
19830110,Nygård-Skogsbrynet,38.24994169027219,77.02702702702703
19830111,Hästhagen-Skogshöjden-Himmeta-Bro,5.013936188897437,36.33802816901409
19830422,Kolsva Ö,3.241488471433589,33.60091743119266
19830423,Kolsva V,2.4576996024166156,37.97235023041475
19830625,Munktorp,1.4861995718687433,27.5
19840101,Ladubacksgärdena-N Skogen,4.428368074185769,39.723502304147466
19840102,Prästgärdet,7.119855360309686,45.0
19840103,Sturestaden-Nästkvarn,9.451106388938975,47.06382978723404
19840104,Ringsborg-Strömsborg,15.178166156850049,48.18024263431543
19840106,Herrängen-Ekbacken-Södra Landsförsam,7.267636064751389,39.35538592027142
19840107,Brattberget-Strömsnäs,9.342884925897295,42.20623501199041
19840208,Norra Landsförsam-Vasastaden-Medåker,11.18739361682844,35.54347826086956
19840309,Götlunda,1.7624015315510893,32.61296660117878
20210101,Vansbro,10.1407534424881,36.156111929307805
20210103,Järna,1.8893615454078312,28.99770466717674
20210301,Nås,1.6000000206887506,36.822429906542055
20210401,Äppelbo,1.0721944211333425,30.26086956521739
20230203,Malung södra,3.5425071776570576,38.43441466854725
20230205,Malung västra,4.563205456084113,27.177334732423926
20230206,Malung norra,12.619972570764538,38.58165256994145
20230301,Lima,2.060528030204714,20.449897750511248
20230502,Transtrand,2.7598895967988324,24.390243902439025
20260105,Mockfjärd,3.91847853823371,31.93033381712627
20260201,Gagnef,2.112187618033034,35.130718954248366
20260202,Djurås,2.492228814943934,35.4317998385795
20260203,Bäsna,1.302481736368768,36.69724770642202
20260204,Djurmo,1.3313681875633898,35.677083333333336
20260301,Floda,3.5924617070127725,36.36363636363637
20260302,Björbo,3.5924617659642517,29.7741273100616
20290102,Edshult - Åkerö - Övermo mfl,2.9688112488676586,36.30481667864846
20290103,Häradsbygden - Heden - Djura mfl,0.8212138955075375,37.094395280235986
20290104,Leksandsnoret,10.71426358107166,44.55719557195572
20290106,Leksand Ö,7.093819276482924,41.00790513833992
20290108,Tällberg mfl,2.6896605330158194,32.65625
20290110,Leksand V,7.270881175402453,36.74121405750799
20290301,Insjön Ö,4.831273567400207,33.734939759036145
20290311,Insjön V - Ål-Kilen,8.34984607123859,32.43967828418231
20290401,Siljansnäs,2.44198077043877,35.88741204065676
20310101,Rättvik C,4.474212091640348,38.60182370820669
20310102,Rättvik S,1.314340185087411,31.855604813172896
20310104,Vikarbyn,1.3661770398966153,38.49802371541502
20310105,Boda-Gärdsjö,1.3759761980697325,30.0
20310106,Rättvik V,5.312739390688344,37.03085904920767
20310401,Ore,2.251407142127995,30.825958702064895
20340201,Orsa Mellersta,9.8810671886057,41.722595078299776
20340202,Skattungbyn-Kallmora,2.124430957744435,40.0749063670412
20340203,Orsa Södra,2.271185869757294,27.28937728937729
20340204,Orsa Västra,2.392335908539517,30.670926517571885
20340206,Orsa Östra,11.304397069813012,42.68537074148296
20390206,Kyrkbyn,7.3163839852385975,35.856905158069885
20390209,Rot,1.9293941536455494,28.45303867403315
20390210,Väster-Myckeläng,4.118866523829273,26.55971479500891
20390211,Åsen,1.3641133688436078,24.137931034482758
20390401,Särna,2.885682574916759,27.07509881422925
20390501,Idre,0.7874015768698205,35.36776212832551
20610101,Morgårdshammar-Gubbo,2.655595010292318,47.11375212224109
20610103,Hagge-Harnäs m.fl.,2.6098946424359672,34.419942473633746
20610105,Smedjebacken N,6.392734275696793,45.58689717925387
20610106,Smedjebacken S,5.484407424866422,43.671607753705814
20610108,Smedjebacken C,8.044279359973062,56.70945157526254
20610201,Söderbärke-Malingsbo,1.5102504783792157,33.28477785870357
20610205,Sörbo-Vad,1.2613047561051631,27.611940298507463
20620103,Färnäs-Nusnäs-Garsås,1.2891367377419947,30.139103554868626
20620107,Noret Norra-Bergkarlås,7.583658512584021,38.082191780821915
20620110,Stranden,6.782875181356662,42.80936454849498
20620111,Vika-Venjan-Selbäck,1.509547212190948,29.85658409387223
20620114,Morkarlby,4.245792113911441,38.13765182186235
20620115,Noret Södra,9.844174329468395,40.774077407740776
20620116,Öna-Kråkberg,2.937525362153882,32.81733746130031
20620117,Utmeland-Hånåkni,3.43469852285249,41.18895966029724
20620118,Klockarhagen,10.412850266683886,38.84140550807218
20620201,Våmhus-Bonäs,0.7987094467659142,26.08695652173913
20620202,Östnor-Hemus-Långlet-Oxberg,1.9723084070849493,31.53049482163406
20620301,Sollerö-Isunda,1.2108906541196824,35.042735042735046
20800101,Källviken och V Främby,5.264491771775636,39.350525310410696
20800102,Kvarnberget och Ö Främby,12.805340641472931,53.43213728549142
20800103,Elsborg,20.05000107646566,54.87551867219917
20800104,Hyttgården,4.076747315035501,40.258690379951496
20800105,Kämparvet,8.687093756394683,47.15852442671984
20800106,Nedre Norslund,21.40880752107138,57.8397212543554
20800107,Övre Norslund,7.115584603496262,50.886262924667655
20800109,Hälsingberg,8.68548905690131,46.118721461187214
20800110,Gruvriset,3.4476500102362144,39.96925441967717
20800111,Kristine,4.709148014964924,44.38964241676942
20800112,Pilbo-Samuelsdal,2.913706812360212,41.09055501460565
20800210,Grycksbo,3.8531964480254417,41.1957411957412
20800301,Gruvan,2.6597333496404474,43.27645051194539
20800303,Herrhagen,21.44420245346046,56.16850551654965
20800304,Ångbryggeriet,4.707926650042144,44.18316831683168
20800306,Bojsenburg,19.81003980800768,58.0259222333001
20800307,Kyrkbacken,3.840781791078737,46.62027833001988
20800308,Lugnet,3.6527984965825757,47.97160243407708
20800309,Slätta,4.255304616465969,59.40054495912806
20800311,Östanfors,4.529287974424795,49.086479902557855
20800401,Aspeboda,1.3199394359777745,31.97729422894986
20800501,Vika,1.6164993989988765,31.638418079096045
20800601,Hosjö Näs,4.284460632672918,41.63126593033135
20800602,Hosjö Sandviken,5.021074626752986,40.289855072463766
20800701,Sundbornsbyn,2.023965192733438,34.23005565862709
20800702,Danholn och Karlsbyheden,1.535828422992485,37.69230769230769
20800801,Linghed,1.513374701478436,24.573378839590443
20800802,Boda och Toftbyn,2.015049392419991,32.28346456692913
20800803,Borgärdet och Lumsheden,3.1229927028893103,33.57015985790409
20800935,Haraldsbo,6.206515760431424,43.22799097065463
20800980,Hälsinggården,6.166587377316844,43.212951432129515
20801001,Enviken,1.4211544755912906,25.717017208413
20801060,Britsarvet,3.379638968971924,48.84696016771488
20801101,Bjursås Ö och Sågmyra,2.0652008186373023,39.120545868081884
20801102,Bjursås V,1.7588838433168907,32.78688524590164
20801138,Karlberg,5.0686580095678435,48.15618221258134
20801140,Stenslund,2.4248264689320536,45.81416743330267
20801154,Varpan,5.243415025489938,37.12632594021215
20810101,Bergslagsbyn,13.473592239877178,43.60257326661901
20810103,Bullermyren,37.43885560023054,68.75784190715181
20810105,Hagalund N,27.54288583396628,54.15944540727903
20810107,Hagalund V,11.127507240270132,49.23076923076923
20810109,Hagalund Ö - Ringen,15.621430734912625,53.733170134638925
20810111,Jakobsgårdarna,28.817086160214625,63.90845070422535
20810113,Kvarnsveden V,3.0924020364247333,42.63877715205149
20810114,Kvarnsveden Södra,4.62660886408004,46.52278177458034
20810115,Kvarnsveden Ö,4.1900895535252065,42.20283533260633
20810117,Mats Knuts - Nygårdarna,4.732956842667503,41.48372445117335
20810119,Norr Amsberg,7.358667785327874,35.311284046692606
20810121,Skräddarbacken,7.046703672980618,42.04753199268738
20810123,Tjärna Ängar - Paradiset,36.55052638628308,62.900188323917135
20810124,Tjärna Allé,49.65362976808289,91.47381242387333
20810125,Tjärna Ängar - Övre Tjärna,24.727034885267052,60.128322639780016
20810201,Centrum - Norra,13.56314252299455,45.645645645645644
20810202,Centrum - Mjälga,11.029479513995703,43.9572192513369
20810203,Domnarvet V,6.770449819511885,42.22222222222222
20810205,Domnarvet Ö,2.9609857139504854,44.770206022187004
20810207,Färjegårdarna - Årby - Hytting,4.659967996785314,40.35874439461883
20810209,Gylletäppan,7.252706933926783,40.34672970843184
20810211,Gylle-Åselby-Buskåker,4.644643055436233,34.5578231292517
20810213,Hushagen - Forssa,4.885293313344185,46.29948364888124
20810215,Kyrkbygden - Söder Tuna,3.938991592461973,28.712174524982405
20810217,Ornäs,1.4890015143278863,33.96537510305029
20810219,Torsång,1.6037987710606456,27.93159609120521
20810221,Väster Tuna - Idkerberget,1.943367503749504,25.96732588134136
20810223,Östermalm,16.550007212582184,45.12820512820513
20820101,Säter S,9.117617627217038,48.96182183523108
20820102,Säter N,9.445187900339734,45.75221238938053
20820103,Säter omland,3.510167758731636,38.020833333333336
20820207,Stora Skedvi,1.9064911013929113,25.58139534883721
20820304,Gustafs N,1.3386224646280036,29.235382308845576
20820406,Gustafs S,2.510357674325515,34.47461629279811
20830101,Hedemora SV,12.324283830471888,41.802067946824224
20830102,Hedemora NÖ,9.620650969639629,40.449438202247194
20830103,Hedemora NV,8.59078308181674,36.69064748201439
20830104,Hedemora SÖ,8.577438534135522,37.3864430468204
20830105,Vikmanshyttan,1.4201824299422667,34.572072072072075
20830307,Husby,2.4490804044646692,36.73621460506706
20830308,Långshyttan,3.343913020006762,43.731778425655975
20840101,Avesta norra-Högbo,10.359628798234398,45.375914836992685
20840102,Avesta centrum,18.756467870166624,50.621375310687654
20840103,Avesta västra,16.851905556166415,45.925361766945926
20840104,Avesta södra,20.98690615149648,52.04248366013072
20840301,Horndal,6.863656863361172,38.42239185750636
20840302,By,1.8067174192666353,31.88010899182561
20840401,Folkärna,6.092292924340778,30.7981220657277
20840402,Fors,1.6331191164478365,32.06459054209919
20840403,Krylbo,23.099062095906493,51.5096065873742
20840404,Karlbo,5.100703582665936,34.609720176730484
20840601,Skogsbo - Rutbo-Grytnäs,3.1141617334321046,34.146341463414636
20840602,Skogsbo - Grytnäs gärde,3.3453026366494782,38.5
20850101,Ludvika Ulrika,20.66845985044338,47.018348623853214
20850102,Marnäs,22.65560615464192,48.34905660377358
20850103,Magneten,26.850630042717942,45.1948051948052
20850104,Högberget,23.310606060399405,46.519721577726216
20850105,Sörvik-Håksberg,7.256500555365545,35.92512598992081
20850108,Blötberget-Gonäs,2.1291989232431314,33.78196500672947
20850110,Lorentsberga,11.89957151841883,43.133640552995395
20850111,Näset,36.09312334967326,58.59232175502742
20850113,Ludvika gård,26.755393274852935,48.54932301740812
20850114,Knutsbo,10.295683613617443,39.71880492091388
20850203,Björkås-Stallbacken,3.4117422963351904,37.32097725358045
20850204,Öraberget,5.171507226171099,39.186295503211994
20850307,Kyrkbyn-Nyhammar,3.230308857261371,41.132776230269265
20850311,Sunnansjö-Saxdalen,2.5778000462275092,32.157506152584084
20850401,Fredriksberg,3.851640480585103,57.971014492753625
21010201,Ockelbo Södra,8.582930044766712,44.17040358744394
21010203,Ockelbo Byar,2.00090990729219,33.22091062394604
21010205,Ockelbo Norra,11.574473144524744,39.15461624026696
21040102,Hofors Norra,8.965957822416613,43.73881932021467
21040103,Hofors Södra,3.2075542966960824,40.54054054054054
21040104,Hofors Centrum,9.633675275077998,47.97630799605133
21040105,Hofors Västra,11.749588384905188,54.88505747126437
21040201,Torsåker,1.0220593220621619,31.169757489301
21210105,Ovanåker N,2.3721929610573955,28.89039242219215
21210106,Edsbyn,6.815877265561121,42.857142857142854
21210201,Ovanåker V,6.194400931542643,37.60972316002701
21210301,Alfta S,1.988269829553073,32.35087719298246
21210303,Alfta N,9.54833801747531,37.53481894150418
21320201,Harmånger-Ilsbo,4.692387653164521,32.811140121845085
21320301,Jättendal-Stocka-Strömsbruk,2.6595744567677677,41.44927536231884
21320401,Gnarp,3.1293140883524897,40.184757505773675
21320501,Bergsjö,6.255507287469128,38.96848137535817
21320601,Hassela-Älgered,4.058440954023358,43.63395225464191
21610101,Ljusdal CV,3.364425068252261,35.84456780333069
21610102,Tallåsen-Ramsjö,1.5535698445059745,30.80999242997729
21610104,Ljusdal CÖ,26.659651650325593,48.36448598130841
21610105,Ljusdal CS,4.560655310885453,37.2972972972973
21610106,Ljusdal CN,6.335173912472021,40.67164179104478
21610107,Ljusdal C,11.289181011304919,46.17169373549884
21610301,Korskrogen-Los,2.3866074359995957,34.383954154727796
21610401,Färila,3.2776335075096736,33.05908750934929
21610701,Järvsö Ö,2.091160676358452,38.85267275097784
21610702,Järvsö V,2.296194711374326,36.17571059431525
21610703,Järvsö N,2.0145351523168222,39.529411764705884
21800101,Väster N,6.997332540144923,41.823242867084204
21800102,Villastaden,8.648867566347981,34.464944649446494
21800103,Väster S,10.71434715264651,42.95432458697765
21800105,Norr,9.900229762590298,43.10880829015544
21800106,Öster-Alderholmen,28.366980888949172,65.466297322253
21800107,Söder V,11.31496510843087,44.555160142348754
21800108,Stigslund,5.2079780213192794,40.824742268041234
21800109,Strömsbro,2.5168442417053023,35.49723756906077
21800110,Norrlandet-Utvalnäs,2.2664761796316233,28.125
21800111,Vallbacken,8.402687265642228,44.29065743944636
21800112,Lindbacka,3.501956057167782,26.33228840125392
21800113,Nordost,43.058897102738236,72.33626588465299
21800114,Gävle Strand,22.035226784853695,38.21989528795812
21800201,Söder Ö,13.210577139513479,43.587786259541986
21800202,Brynäs V,18.531133453810853,58.51996105160662
21800203,Brynäs C,14.182164917900494,56.766917293233085
21800204,Brynäs Ö,23.59983524643746,57.25593667546174
21800206,Brynäs S,18.06806724732878,53.21027287319422
21800208,Hemsta,10.495819335729227,48.15884476534296
21800213,Furuvik-Ytterharnäs,2.7576188730735076,35.250266240681576
21800214,Hemlingby,4.525258315421552,31.43309580364212
21800301,Bergby-Axmar,2.706471301538272,36.2381363244176
21800302,Norrsundet-Hamrångefjärden,4.221024447559037,43.58264081255771
21800401,Hedesunda N,2.585706245392981,26.303030303030305
21800402,Hedesunda S,2.36813353147482,27.167019027484145
21800501,Hille,2.2068510799998444,35.910780669144984
21800502,Åbyggeby,3.2672529412994256,29.480968858131487
21800503,Björke-Trödje,1.9785390396843472,28.61799217731421
21800604,Valbo C,4.5402430773292,38.88470233609646
21800605,Valbo N,6.284215059912059,41.16242038216561
21800607,Valbo V,1.8169990505269662,34.41156228492773
21800608,Forsbacka,3.5026566100918624,40.03189792663477
21800609,Hagaström C,2.7345659051284077,41.19402985074627
21800701,Södertull,9.502255097206586,46.95863746958638
21800702,Olsbacka,5.388545997550498,41.09090909090909
21800703,Sörby,17.629907833938322,54.384772263766145
21800704,Fridhem,3.925044990982401,38.94736842105263
21800705,Andersberg C,54.351117850466515,83.99592252803262
21800706,Andersberg N,17.782098629552802,56.72937771345875
21800707,Andersberg S-Sälgsjön-Hästbo,8.08516780373831,39.421088904204
21800801,Sätra C,23.426367974376245,61.36986301369863
21800802,Sätra NO,28.602630469411906,62.82051282051282
21800804,Sätra Ö-Gavlehov,43.33173188500255,64.22136422136423
21800805,Sätra V,16.596078796052705,51.86046511627907
21800806,Sätra NV,18.385692060973227,52.76967930029154
21800901,Bomhus V,12.885942584100864,46.15384615384615
21800902,Bomhus N,5.486533081388219,37.160940325497286
21800903,Bomhus Ö,3.3763749080430814,37.151469480030144
21800904,Bomhus C,6.66664347673612,43.83020730503455
21800906,Bomhus SV,9.184665364810494,43.59183673469388
21800907,Bomhus SO,6.216551699116961,46.43171806167401
21801002,Norrtull-Lexe,7.0099086649051365,43.333333333333336
21801003,Valbo Ö-Hagaström N,2.9279377020001145,34.72803347280335
21810101,Sandviken Norra,4.2312486425814395,40.0
21810102,Jäderfors-Norrsätra,29.873204138959327,53.5253227408143
21810103,Murgården,46.38479363544669,69.04276985743381
21810104,Sandbacka,10.278237436419902,40.31209362808843
21810105,Barrsätra,13.65281374700706,48.52017937219731
21810106,Sandviken Centrum,17.52026862589424,50.1151189562548
21810109,Jernvallen Norra,7.848441359118418,47.2093023255814
21810110,Jernvallen Södra,10.526977847028823,41.34228187919463
21810113,Björksätra,33.40680842422591,61.24744376278119
21810115,Vallhov,14.831829122545631,47.78254649499285
21810202,Kungsgården-Åshammar,2.9975637930542507,31.622306717363752
21810204,Säljan,5.176300972699921,39.83322642719692
21810205,Storvik Norra,2.9445424587308007,38.884045335658236
21810206,Gästrike-Hammarby-Storvik Södra,3.057342603699994,36.787974683544306
21810301,Järbo,2.5107854618692835,31.566118220597197
21810401,Årsunda,2.1071643375582982,33.75156838143037
21810501,Österfärnebo,2.8789160549352664,29.514321295143212
21810601,Stadsparken,15.17260704874739,55.77211394302849
21820101,Söderhamn Centrum-Väster,16.666662789184453,52.63598326359833
21820102,Söderhamn Norrtull-Granskär,19.89245835157381,52.33160621761658
21820103,Söderhamn Norrberget-Hägnan m fl,22.491438301746808,57.826887661141804
21820105,Söderhamn Klossdammen-Stormyran m fl,3.076080436001079,45.70135746606335
21820106,Söderhamn Öster-Broberg-Färssjön,3.3724920947113466,37.72020725388601
21820107,Stugsund,5.575088725877483,44.57274826789838
21820201,Sandarne,4.140568894271945,43.77916018662519
21820401,Ljusne,6.157941372425344,50.96073517126149
21820501,Söderala,4.051256057056073,35.46034639927074
21820502,Marma-Mo,2.7064479501987098,39.33691756272401
21820503,Bergvik – Skog,2.8820256757913603,36.89320388349515
21820901,Vågbro,2.6558587133503275,34.78260869565217
21820902,Norrala-Trönö,1.259542006976711,37.52151462994836
21830301,Bollnäs Centrum,6.054576781294017,47.03862660944206
21830302,Bollnäs-Sävsberg,8.651550676327139,40.82892416225749
21830303,Bollnäs-Granberg,4.284196825564515,40.59040590405904
21830304,Bollnäs-Gärdet,28.277098504663158,61.611374407582936
21830306,Bollnäs-Hamre,22.432301057603347,51.70682730923695
21830307,Bollnäs-Björktjära,7.647922988368204,41.28664495114006
21830308,Bollnäs-Lottefors,1.800049733056609,33.127317676143385
21830309,Bollnäs-Ren,6.391817320080028,48.68004223864836
21830310,Bollnäs-Söräng,1.3816961294282726,34.30769230769231
21830311,Bollnäs-Hå,1.4250755475698345,38.77245508982036
21830312,Bollnäs-Kilberg,5.26526541283258,45.25089605734767
21830401,Rengsjö,1.3578275042360344,31.7103620474407
21830501,Hanebo-Segersta,1.8425967133534236,34.466477809254016
21830602,Hanebo Centrum,3.2841631392325024,40.83570750237417
21830902,Arbrå Centrum,3.49709374120003,39.88095238095238
21830903,Arbrå-Undersvik,1.6009497406385267,36.37316561844864
21830904,Arbrå-Flästa,2.440340223894268,38.13747228381375
21840101,Öster,4.891359542250847,46.864951768488744
21840103,Kålhagen,5.003526444221331,47.33276883996613
21840104,Sandvalla-Kristineberg,5.231418247519378,50.34588777863182
21840105,Väster,6.2112960528779615,48.20083682008368
21840106,Centrum,5.464345070804054,44.5729537366548
21840107,Fridhem-Åvik,6.018485185423551,44.31464174454829
21840201,Idenor-Saltvik,6.2669236312237695,39.269746646795824
21840302,Björkberg-Maln-Lingarö,12.731039898913403,43.79671150971599
21840303,Håsta,22.33187524195534,62.760834670947034
21840401,Rogsta-Malsta,1.388475944452795,30.90909090909091
21840501,Njutånger,1.2923510527927722,37.174721189591075
21840503,Iggesund  Norra,11.005066938103068,51.00261551874455
21840504,Iggesund Södra,10.647936201220025,52.69953051643193
21840701,Enånger,1.9369120133323545,39.40020682523268
21840803,Bobygden-Kalvstigen-Långbacka,2.6426977706215244,35.41202672605791
21840804,Ava-Gåsbacka-Myra,4.178119347198928,45.55555555555556
21840805,Stömne-Smedsbo-Överälve,3.7033314104006942,45.784418356456776
21840901,Bjuråker-Norrbo,1.8456638739986966,36.48208469055375
21840902,Svågadalen,1.8479629338323638,36.15384615384615
21841101,Näsviken,2.567927383554978,37.24340175953079
21841102,Forsa,2.7505046406479936,45.44198895027624
21841201,Hög-Sanna,3.8957300435535234,35.83959899749373
22600201,Ånge,3.7626051633512896,44.91315136476427
22600202,Ånge centrum,6.870905913359509,52.442996742671006
22600205,Borgsjö-Erikslund-Hallsta,1.5728474063574462,35.705209656925035
22600306,Alby-Östavall-Överturingen,1.7041995885636685,39.50381679389313
22600409,Ljungaverk,3.1288216280432413,39.91416309012875
22600410,Fränsta,3.4792038047587894,41.642788920725884
22600412,Torpshammar-Naggen-Munkbysjön,1.30932916014546,32.021709633649934
22620106,Bergeforsen,2.136296502409069,38.201383551114525
22620107,Sörberge,3.2707612025724218,40.03378378378378
22620109,Centrum,8.565370436018439,58.111824014665444
22620110,Böle,11.599539381551592,44.515612489991994
22620114,Nyvivsta,9.132209139775092,55.07765830346475
22620116,Vivsta,12.21830545436678,51.14638447971781
22620117,Timrådalen,4.99198147006195,40.662894098625706
22620205,Ljustorp,2.3605149047228617,32.24699828473413
22620302,Söråker,2.7525276355474477,42.259721203228175
22620303,Ala,2.2905461531101134,34.88045007032349
22620401,Tynderö,1.7383641254202966,39.81651376146789
22800101,Centrum,11.654157692146674,55.609756097560975
22800102,Norrstaden,16.65358595509996,56.21345029239766
22800103,Norra Brännan,10.224599583187436,58.267716535433074
22800104,Hovsjorden,5.128807101831842,56.165616561656165
22800105,Geresta-Gånsvik,6.586363804907399,51.798107255520506
22800106,Rotudden-Gådeå,20.495495245097608,58.42696629213483
22800107,Änget-Murberget,19.431296031718567,57.92300805729633
22800108,Hälletorp-Framnäs,14.211065648362615,52.06185567010309
22800109,Kullen-Haga,10.324016577452715,45.54385964912281
22800226,Högsjö,2.4060150729832093,43.64303178484108
22800323,Häggdånger,1.805728575742445,41.8848167539267
22800424,Stigsjö-Viksjö,1.7871018189787413,37.392373923739235
22800620,Bondsjö-Säbrå,5.823033321216916,46.06542882404951
22800622,Älandsbro,3.918317039878113,36.88464364437913
22810106,Inre hamnen,6.733473619078358,43.09586631486368
22810107,Södermalm Ö,5.6140174712500555,42.51447477253929
22810108,Södermalm N,8.948413532585413,42.7265170407315
22810109,Södermalm V,6.039551035541136,45.803357314148684
22810110,Stenstaden,10.799853744096936,41.660319878141664
22810111,Norrliden,4.7986188443685185,41.16145500957243
22810112,Norrmalm,7.026231131103362,44.36392914653784
22810113,Västermalm N,15.061476512420997,47.29632299927902
22810114,Västermalm S,11.26146467153847,48.877374784110536
22810115,Sallyhill,15.512957372078924,53.552859618717505
22810116,Nacksta Ö,31.148347741348573,71.66123778501628
22810118,Nacksta V,28.568765957609997,64.23505572441742
22810119,Sidsjö-Böle,14.020250974460113,42.80387770320656
22810201,Kubikenborg,9.90701357466265,50.09615384615385
22810203,Skönsmon,6.632119507714154,47.70723104056437
22810204,Östermalm,4.732340242820384,46.6499162479062
22810330,Haga N,7.507026171779044,50.51067780872795
22810331,Haga S,9.766103530625735,41.6988416988417
22810333,Heffners,35.18343171877602,68.08964781216649
22810334,Skönsberg,11.887678345439646,54.26052889324192
22810335,Korsta,10.849113376511925,44.3170964660936
22810336,Bydalen,6.3634259825789385,37.93363499245852
22810337,Bosvedjan,7.547532231028971,47.53333333333333
22810338,Bosvedjan C,9.324848519217008,56.49717514124294
22810339,Ljustadalen-Johannedal,14.166216519374428,47.69539078156313
22810340,Birsta,9.477202241624502,49.0138067061144
22810341,Finsta,12.24868142308228,46.898803046789986
22810420,Alnö S,2.2432335061906064,38.19969742813918
22810421,Alnö-Vi S,2.7680899349502677,47.19411223551058
22810422,Alnö-Vi N,6.261299122491478,44.51772464962902
22810423,Alnö N,2.830532274064735,38.13015582034831
22810424,Alnö Ö,2.250107149381537,39.871677360219984
22810545,Sättna,1.6090909232595787,34.052532833020635
22810624,Granloholm Ö,8.496779158160958,54.07905803195963
22810625,Bergsåker V,2.0307106942019635,37.67290480065093
22810626,Bergsåker Ö,7.491627169055261,46.846846846846844
22810627,Granlo S,3.4598834151193394,45.40084388185654
22810628,Granlo N,3.70381787233395,48.05327868852459
22810646,Granloholm mellersta,8.31615195532441,58.02845528455285
22810647,Granloholm V,6.1829789975708636,55.05397448478901
22810701,Stöde N,2.674328263565156,41.03260869565217
22810702,Stöde S,2.859216535073944,39.81481481481482
22810802,Vattjom-Ängom,1.616087258536028,40.63136456211813
22810803,Tuna V,1.7991614185896712,41.62062615101289
22810804,Allsta,2.2264122969949707,37.957824639289676
22810805,Matfors,2.018481320840262,46.160558464223385
22810901,Attmar,1.5230588081866219,31.814345991561183
22811002,Njurunda S,1.1692188640897123,34.26573426573427
22811003,Nolby,3.572262977176906,45.0
22811004,Skottsund,1.8066726065240566,40.082644628099175
22811006,Svartvik,11.733161597485804,43.459915611814345
22811007,Njurundabommen,2.185399937310747,36.18290258449304
22811008,Kvissleby,5.16110645172023,47.37864077669903
22811009,Bredsand,19.21434675936973,60.54945054945055
22811010,Essvik,2.017693502902039,39.47784810126582
22811103,Indal,1.995071999008697,30.18147086914995
22811301,Liden-Holm,1.372712687607719,33.50083752093802
22820101,Björsta,10.42524316102162,51.75332527206771
22820102,Gumås,5.924178161715744,51.351351351351354
22820103,Centrum,11.97939749816854,56.979166666666664
22820105,Frånö-Lunde,6.360835957713681,45.81005586592179
22820109,Östby,14.166441753010497,52.88461538461539
22820211,Nora-Skog,3.130990334411893,43.641618497109825
22820415,Nordingrå,2.8044873860997908,48.004561003420754
22820517,Docksta,2.6212319687238588,34.018691588785046
22820618,Ullånger,4.456327936013159,38.21376281112738
22820719,Bjärtrå,2.4428868045487384,45.195729537366546
22821125,Bollsta,4.0482919619187445,41.329856584093875
22821128,Blästa,4.627790334507769,41.36054421768708
22821129,Nyland,2.5219230582228027,41.43337066069429
22830111,Skärvsta,9.959867888309093,38.88111888111888
22830112,Trästa,10.364840902907405,45.34769833496572
22830113,Hullsta,14.347068450720101,47.4835886214442
22830114,Önsta,13.959107275019875,46.77259185700099
22830115,Remsle,5.319764547783801,39.92502343017807
22830116,Prästbordet,3.06223276753445,40.879689521345405
22830308,Graninge,2.241715265300423,46.12068965517241
22830406,Österforse,3.3300562253413037,27.365728900255753
22830407,Långsele,8.420274421282798,41.53182308522114
22830505,Ed,1.6313213914999642,37.79342723004695
22830604,Resele,1.631321412540684,30.813953488372093
22830709,Helgum,1.4466548550324483,26.18510158013544
22830803,Ådalsliden,2.3607175779170606,47.98136645962733
22830901,Junsele,3.6878216060243196,37.517630465444284
22831121,Boteå,2.303522889814282,43.60730593607306
22831424,Edsele,1.4466546076859366,41.810344827586206
22831525,Ramsele,1.624695385456007,46.288798920377864
22840101,Centrum,4.745728210477112,41.36269786648314
22840102,Östra,16.66889052911489,55.35353535353536
22840103,Övre,11.977704409521149,50.28312570781427
22840105,Sjukhuset,7.876948039760652,49.5
22840106,Åsdalen,7.290381321033661,45.962732919254655
22840107,Skyttis,16.62379954509985,57.21434528773978
22840108,Valhalla,25.676870633762544,60.79601990049751
22840201,Arnäsvall,1.9283327130405388,35.679611650485434
22840202,Bonäset,1.7998283031032236,41.072858286629305
22840205,Gimåt-Högland,2.639754707476922,45.521601685985246
22840206,Järved,2.4416976853221417,44.8394495412844
22840207,Svartby-Brösta,3.197131223063474,44.07027818448024
22840208,Idbyn-Ovansjö,1.2110727833419173,33.58585858585859
22840401,Mellansel,5.6308653571183935,51.858108108108105
22840402,Bredbyn-Sörflärke,2.5909187762115096,41.105990783410135
22840403,Norrflärke-Solberg,1.4835165413651756,34.50292397660819
22840501,Sidensjö-Skorped,1.328480202963555,40.44265593561368
22840701,Bjästa,5.9421939069446,49.735449735449734
22840702,Nätra-Landsbygd,3.0050940104275368,41.96804037005887
22840704,Köpmanholmen,1.947558759680718,47.683397683397686
22840801,Billsta,1.2968265662099348,39.549180327868854
22840802,Domsjö Södra,5.975551381423792,49.09560723514212
22840803,Domsjö Västra,2.8525688196520482,43.41269841269841
22840804,Gene,11.401768083401398,51.39318885448916
22840806,Haffsta,3.119535673083745,38.51132686084142
22840807,Hörnett,3.5188280652512436,45.784996133023974
22840809,Kroksta,3.8979097519964814,45.5
22840812,Norrlungånger,15.918597990533588,56.65349143610013
22840813,Prästbordet,4.010356229498711,37.30569948186528
22840814,Sund,5.170606937479377,47.85859959211421
22840815,Gullänget,6.264142628558105,48.33625218914186
22840818,Översjäla,3.4992610097334165,46.120058565153734
22840901,Mo,1.112979419746691,35.74821852731591
22841001,Grundsunda Södra,1.8250949814857,36.86534216335541
22841002,Grundsunda Norra,4.957074182803498,40.57788944723618
22841003,Husum,8.202503935286364,48.43462246777164
22841101,Gideå,2.1718602003065577,37.00906344410876
22841201,Björna Södra,1.9707206897349545,37.74038461538461
22841202,Björna Norra-Trehörningsjö,1.9707207394338484,33.06188925081433
23030101,Döviken,1.1734029043614935,38.59649122807018
23030103,Hammaren,6.259442698079549,44.66403162055336
23030205,Fors,4.638715262513318,35.738831615120276
23030409,Stugubyn,1.7291066319793373,46.75642594859241
23050101,Bräcke-Bodsjö,9.53191503550928,44.39692044482464
23050404,Kälarne,1.596638694018789,41.8848167539267
23050612,Gällö-Sundsjö-Pilgrimstad,4.5981771190940215,41.652470187393526
23090101,Krokom,10.834535627904282,47.41744284504657
23090102,Rödöbygden,1.3139366984356335,38.38771593090211
23090103,Dvärsätt,1.6722999786995274,38.94616265750286
23090206,Nälden,4.681532926546628,38.03088803088803
23090305,Aspås,0.2752293557781332,30.959302325581394
23090408,Ås Södra,2.488450323670633,41.1829134720701
23090409,Ås Norra,2.0553039431675977,46.671061305207644
23090611,Föllingebygden,2.0969855948412395,34.806629834254146
23090815,Offerdalsbygden,2.761627893596764,36.10271903323263
23091017,Alsenbygden,1.7815301923586797,36.975857687420586
23130101,Östra Bredgård,2.2766958755519173,39.820742637644045
23130102,Strömsund,17.07143128288122,48.313384113166485
23130103,Västra Bredgård,5.459510903733054,42.42819843342036
23130418,Hammerdal,3.677891841621264,37.657784011220194
23130528,Gäddede,2.678655204005365,40.0
23130632,Backe-Rossön,2.4685138195120424,39.64577656675749
23130835,Hoting-Kyrktåsjö-Norråker,1.8272443831070115,37.51584283903676
23210101,Duved Tegefors,4.593615033878417,45.46632124352332
23210102,Duved Västra,4.302541728945412,40.798858773181166
23210106,Åre Östra,2.7825540166998097,44.03444034440344
23210107,Åre Västra,3.1589594727093853,40.17412935323383
23210207,Mattmar,9.056669960248696,34.85254691689008
23210308,Mörsil,9.228093999732485,44.757433489827854
23210410,Kall,3.2880629553034946,39.68668407310705
23210513,Järpen,15.027531518932387,50.74183976261128
23210514,Undersåker,3.5931101385793167,50.204081632653065
23210616,Hallen-Marby,1.286449658859199,30.102040816326532
23260102,Svenstavik-Vigge-Gillhov,10.266602509949088,42.549526270456504
23260207,Hackås,1.948409942578744,33.47826086956522
23260308,Oviksbygden,1.4092446586094305,37.82178217821782
23260614,Storsjö-Åsarna,1.853677881682298,34.07643312101911
23260817,Klövsjö-Rätan,2.805418506545347,32.42009132420091
23610101,Sveg-Glöte,7.589829860601608,39.11353032659409
23610102,Sveg-Ytterhogdal,5.560257994569245,45.36741214057508
23610119,Lillhärdal-Ängersjö,3.7515743054224955,34.51327433628319
23610509,Hede-Vemdalen,4.553478192062759,35.0140056022409
23610712,Funäsdalen,2.2524436946513653,35.763888888888886
23800101,Sjukhusområdet,7.163327913430531,53.61570247933884
23800102,Östersund övre centrum,13.582072106804562,44.38264738598443
23800103,Östersund nedre centrum,13.289398041859618,50.35685963521015
23800104,Universitetet,17.302014441694613,53.20686540198735
23800105,Norra Odenslund,11.790386721406211,47.69673704414587
23800106,Söder,7.686790061327367,50.976361767728676
23800107,Erikslund-Övre Blomängen,4.854173815298173,47.548566142460686
23800108,Karlslund,4.819312722314679,48.319327731092436
23800109,Eriksberg-Solliden-Fyrvalla,4.352615385636998,48.424543946932005
23800110,Brittsbo-Lugnviksstrand,3.0262949587171497,45.95162986330179
23800111,Körfältet,21.508168985186742,59.613196814562
23800112,Nedre Blomängen,9.277430246016165,47.30538922155689
23800113,Södra Odenslund,4.828572893738668,50.0
23800114,Storsjöstrand-Odensvik-Fagervallen,6.81180400947913,46.56272147413182
23800115,Marielund-Odenskog,9.277483502099455,55.833333333333336
23800116,Odensala Tavelbäcken,5.9962447218743105,49.699054170249354
23800118,Odensala Övre,2.7956122727238815,52.88288288288288
23800119,Odensala Nedre,2.1273621282991773,46.52482269503546
23800120,Lugnviks Centrum,8.35944237555056,51.910531220876045
23800121,Norr,7.158078784486144,42.87257019438445
23800225,Hornsberg Nedre,5.82569205927659,48.262548262548265
23800226,Hornsberg Övre,5.810701110822661,52.9331514324693
23800227,Östberg,6.367921895164891,44.57964601769911
23800228,Frösödal,3.631660970175673,52.947052947052946
23800229,Norra Frösön-Lövsta,4.919290264186293,48.177083333333336
23800230,Västra Frösön,2.261525863866405,45.08118433619866
23800232,Södra Valla-Mjälle,7.60320818554365,52.86059629331184
23800538,Fåker-Tandsbyn med landsbygd,1.636808750773849,41.432019308125504
23800639,Marieby med landsbygd,1.8132271205077124,36.68122270742358
23800640,Orrviken med landsbygd,1.5235152681379616,38.607594936708864
23800740,Brunflo Södergård,4.961176309930445,45.189189189189186
23800741,Brunflo Storviken,2.857675151721482,44.37182280319535
23800743,Brunflo Änge,4.451798925951334,44.506726457399104
23800749,Torvalla Fjällmon,7.625564657968225,57.424118129614435
23800751,Torvalla Centrum,26.859420128120703,64.35643564356435
23800752,Torvalla Skogsmon,15.732633869704737,51.71919770773639
23800753,Torvalla Ängsmon,9.303129509522275,47.80487804878049
23800754,Torvalla By-Ope,8.613625291562592,45.08032128514056
23800945,Centrala Lit,4.653638758600737,45.72697003329634
23800946,Lit med landsbygd,1.8519219510762381,33.48056537102474
23801047,Häggenås med landsbygd,1.8502202481709347,37.5
24010206,Gräsmyr,1.118568307404073,33.391915641476274
24010208,Håknäs,1.9518542364359641,42.93333333333333
24010212,Levar,2.968037228401177,43.849493487698986
24010214,Lögdeå-Rundvik,2.973049729511238,41.38817480719794
24010216,Norrfors,1.1200622653021204,36.554621848739494
24010224,Vallen,11.632601097046994,49.195596951735816
24030104,Bjurholm,7.008733339432478,34.988713318284425
24040103,Vindelns västra,8.520349779789075,50.225428313796215
24040104,Vindelns östra,6.57959502634858,37.6
24040107,Hällnäs,2.072538828771807,44.11764705882353
24040120,Tvärålund,1.2957317389202863,30.652503793626707
24090101,Bygdeå,2.432638727028492,49.74874371859296
24090112,Överklinten,1.9108283684256755,43.026004728132385
24090306,Robertsfors,8.662922062506182,55.629629629629626
24090406,Nysätra-Ånäset,2.4246390196405962,38.55981416957027
24170204,Norsjö Norra,5.195527807304963,48.76604146100691
24170207,Norsjö Södra,5.257634107159274,44.078269824922764
24180102,Malå 1,4.200957859920486,46.70487106017192
24180103,Malå 2,8.794267333854275,52.332361516034986
24210122,Storuman Östra,3.2957583513603135,43.60753221010902
24210124,Storuman Luspen,6.808084958021171,43.74412041392286
24210314,Storuman Västra,4.979904902657087,42.126379137412236
24220100,Sorsele,3.7225043043423516,41.85441941074524
24250104,Dorotea,4.330357129324777,44.10958904109589
24601001,Västra byarna-Älvdala,5.1230068922400145,45.22569444444444
24601002,Lägret-Nyby,8.498826128580584,49.440298507462686
24601003,Myran-Centrum,10.610250582930759,49.95766299745978
24601004,Vännäsby,2.1913461611762295,48.49340866290019
24601005,Östra byarna,1.5382585427093398,39.83050847457627
24620101,Baksjönäs,5.157077639957235,43.914081145584724
24620105,Dikanäs,0.941915296808166,51.440329218106996
24620110,Latikberg,1.2104282982400985,31.818181818181817
24620113,Lövliden,13.214109278368555,49.645390070921984
24620116,Nästansjö,0.9419151768790681,35.14644351464435
24620118,Vilhelmina-Saxnäs,0.9419151305357911,53.2319391634981
24620120,Skansholm,0.9419152000836225,36.44444444444444
24620126,Vilhelmina,5.185741442267212,46.10917537746806
24630121,Åsele C,5.188679222283398,45.1568894952251
24630123,Åsele omland,3.188927065400659,35.5
24800101,Berghem Norra,9.426972338634336,64.18772563176896
24800102,Berghem Södra,7.707588676892527,68.8
24800103,Sandabrånet,5.714528376360226,63.01089918256131
24800104,Sandbacka,5.766124069170273,63.80772855796418
24800105,Haga Norra,4.7382370722847575,60.8846487424111
24800106,Haga Södra,6.763462723955,58.01393728222997
24800107,Centrum Västra,6.756378552322643,57.9136690647482
24800108,Ytterhiske,5.52801331383925,56.7351598173516
24800109,Centrum,9.322166535359461,54.333643988816405
24800110,Centrum Östra,5.349447488287456,59.63606286186931
24800111,Östermalm - Fridhem,6.952434234651189,62.1978021978022
24800112,Västerslätt,5.989656954996233,56.07300188797986
24800114,Ersmark,7.662765270031274,48.1578947368421
24800115,Ersboda Östra,22.508699065890692,67.5912408759124
24800116,Ersboda Västra,13.010545915900254,64.54545454545455
24800117,Ersboda Mellan,18.948487137768076,70.11217948717949
24800119,Dragonfältet,5.52510870642094,52.98372513562387
24800120,Öbackastrand,8.17414175876114,57.45283018867924
24800121,Ersboda Norra,27.358672372643568,71.90635451505017
24800122,Haga Östra,5.179448649233572,59.51265229615745
24800123,Brinkvägen,5.55249585137298,54.08271474019088
24800124,Öbacka - Rosendal,7.596042570249176,67.578125
24800220,Grubbe Södra,3.6067449627028045,56.50708024275118
24800221,Grubbe Norra,4.102243179146183,54.49640287769784
24800222,Kronoparken,4.176911460830213,55.90277777777778
24800223,Backen,3.726481947228262,56.32458233890215
24800224,Umedalen Östra,11.141626817390994,63.44621513944223
24800225,Brännland,2.4157864868860566,48.01980198019802
24800226,Hissjö,2.8400912459582495,44.544431946006746
24800227,Umedalen Västra,8.051520472822736,54.757015742642025
24800228,Sandåkern,3.58049922983103,52.29615745079663
24800229,Brattby – Sörfors – Överboda,2.417363282323702,39.95354239256678
24800330,Tavelsjö Södra,1.138525154379002,44.93284493284493
24800331,Tavelsjö Norra,1.1407584731678695,37.20349563046192
24800440,Östteg,3.922437995301828,49.2089925062448
24800441,Västteg,5.340110649668117,50.16366612111293
24800442,Böleå,5.744920911659429,47.104851330203445
24800443,Böleäng Östra,5.412258110249281,51.49812734082397
24800444,Röbäck Östra - Klabböle,3.7385532130224997,44.972972972972975
24800445,Stöcke,2.0773106534889574,46.53061224489796
24800446,Böleäng Västra,6.970736434696069,54.76858345021038
24800447,Yttersjö,1.505040794245192,47.553093259464454
24800448,Södra Teg,5.7302635981088645,49.87510407993339
24800449,Röbäck Västra - Skravelsjö,3.3705964694640813,55.830753353973165
24800450,Stöcksjö - Degernäs,2.1335549891608356,39.63868225292242
24800535,Ålidhem Östra,34.58931371744808,76.98961937716263
24800536,Innertavle,3.2512719618616672,48.91165172855314
24800538,Tomtebo,12.447577024283339,72.8780487804878
24800549,Universitetsområdet,22.30983891444267,59.69773299748111
24800550,Sofiehem,9.28650929498182,65.33203125
24800551,Ålidhem Västra,29.455778649626083,67.22129783693843
24800552,Ålidhem Södra,26.697776845607486,78.40152235965746
24800553,Carlshem Västra,9.440629759995582,64.05023547880691
24800554,Carlshem Östra,19.073377576051975,69.54314720812182
24800555,Universitetsområdet Östra,14.145672112324199,66.99729486023445
24800556,Tomtebo Södra,12.909452719680353,64.81481481481481
24800557,Tomtebo Norra,10.35186755398734,57.98381162619573
24800558,Ålidbacken,19.96731243118323,73.96021699819168
24800559,Tavleliden – Tomtebo gård,7.784551372728799,57.18232044198895
24800660,Holmsund Östra,4.6600216487856745,53.49182763744428
24800661,Holmsund Västra,10.589138453598272,57.51520417028671
24800662,Holmsund Södra,3.073957825242515,52.70100502512563
24800663,Obbola Norra,2.352941203596733,58.92648774795799
24800664,Obbola Södra,2.373071571385502,50.85508550855086
24800770,Hörnefors Östra,1.4948430614771047,53.5924617196702
24800771,Hörnefors Västra,2.320633887033066,52.8957528957529
24800772,Sörmjöle - Norrmjöle,2.1782705571594896,47.72727272727273
24800990,Bullmark,2.182787556425249,41.80432020330368
24800991,Sävar Östra,1.7147814723101642,49.48830409356725
24800992,Sävar Västra,2.7851873955191166,54.09252669039146
24800993,Täfteå,0.8668630738092501,50.13799448022079
24801137,Nydalahöjd,14.583358367242711,71.89605389797883
24801155,Mariehem,14.528634073816866,68.61198738170347
24801157,Mariehemshöjd,27.5726896275717,74.02482269503547
24801158,Mariedal,6.631361734075219,63.44186046511628
24801159,Marieberg,9.524487803259012,64.01673640167364
24801160,Mariestrand,15.470416663218495,60.15625
24801161,Olovsdal,15.032611737909898,55.76470588235294
24810101,Lycksele,17.286099780167465,49.80988593155894
24810102,Södermalm,12.60192840771551,55.24691358024691
24810103,Norrmalm,3.0192197090091923,44.23963133640553
24810104,Villaryd,7.989456420881177,47.916666666666664
24810105,Forsdala,5.2653798427641645,39.532794249775385
24810113,Kattisavan,1.0863942598119807,40.37267080745342
24810114,Knaften,2.11515865678175,43.02059496567506
24810305,Björksele,1.9685038724244135,37.956204379562045
24820101,Centrum Ö,10.554614477801813,53.786104605776735
24820102,Centrum S,9.606139052190056,54.17218543046358
24820103,Norrhammar,6.293393362953701,61.0
24820104,Erikslid,10.867886129727191,61.2565445026178
24820105,Älvsbacka V,10.13102344878291,55.118110236220474
24820106,Älvsbacka Ö,5.822877415568301,57.25108225108225
24820107,Getberget,9.471363195520206,56.149732620320854
24820108,Alhem-Norvalla,7.641110686292395,51.230101302460206
24820109,Morön-Hedensbyn,6.157705975518136,56.94050991501416
24820110,Moröhöjden,8.647351463629798,58.57321652065081
24820111,Morö backe V,5.648063576454113,54.03071017274472
24820112,Morö backe C,26.805151285285156,72.69076305220884
24820113,Morö backe Ö,8.971493433583886,56.59722222222222
24820114,Bergsbyn,4.6360222335214205,52.77777777777778
24820115,Centrum V,10.53170079506282,56.358381502890175
24820116,Klockarberget,11.683249481951853,58.42696629213483
24820201,Inre Ursviken,6.973828332175797,57.175141242937855
24820202,Yttre Ursviken,5.327415558803098,59.92063492063492
24820204,Skelleftehamn V,21.65086933822542,55.73366214549938
24820205,Skelleftehamn Ö,19.84552707244419,61.461794019933556
24820206,Furunäs,6.88060023043209,45.714285714285715
24820301,Bureå N,5.307178139095325,61.283422459893046
24820302,Bureå S,7.858848929497403,47.97047970479705
24820303,Hjoggböle,1.767360335611397,43.807574206755376
24820401,Prästbordet,9.007246949609714,59.518348623853214
24820402,Brännan-Mobacken,4.3318071093750445,55.526315789473685
24820403,Sjungande dalen,15.260082202288883,63.84892086330935
24820404,Sunnanå S,3.379611079792831,51.32743362831859
24820405,Sunnanå Ö,4.612599113486546,61.58690176322418
24820406,Sörböle,6.552283330697414,59.66785290628707
24820407,Anderstorp N,16.886434342499705,61.787709497206706
24820408,Anderstorp S,12.72978446176343,68.49775784753363
24820409,Anderstorp Ö,19.750387358001497,67.43542435424354
24820410,Stackgrönnan-Örviken,3.793582907220118,47.75549188156638
24820411,Skråmträsk-Klutmark,2.6122835497954666,41.97802197802198
24820412,Myckle-Medle,2.4231930226053024,47.75132275132275
24820413,Stämningsgården,9.253871951964914,53.74015748031496
24820414,Sunnanå V,4.481854098157586,53.80493033226152
24820501,Boliden,15.480634133045134,51.82625863770977
24820601,Kåge N,8.744611147185427,50.46059365404299
24820602,Kåge S,3.927903233545471,49.24444444444445
24820603,Kågedalen,2.275158161667002,44.83282674772037
24820701,Byske C,8.579344622157848,55.718206770356815
24820702,Byske-Fällfors,2.7163417261182006,47.32052578361982
24820703,Drängsmark-Ostvik,1.0952496952443398,48.91500904159132
24820901,Jörn,6.490368881035783,49.86413043478261
24821001,Lövånger,7.743403540570449,49.065800162469536
24821101,Burträsk C,10.055360545171848,56.440281030444964
24821102,Burträsk V,4.742961277665684,45.54838709677419
24821103,Burträsk Ö,3.05423938918922,40.55690072639225
25050001,Arvidsjaur Norra,5.062990398930652,45.551894563426686
25050002,Arvidsjaur Östra,1.9962884120493571,41.64546225614928
25050003,Arvidsjaur Västra,3.283477900870209,50.39432176656151
25060203,Arjeplog,3.5811315216186084,44.77707006369427
25100202,Jokkmokks Östra,7.0756288556436475,58.49236641221374
25100217,Jokkmokks Västra,7.316436320940274,55.496828752642706
25100409,Porjus,4.013961533375444,48.01980198019802
25100516,Vuollerim,3.546099317606772,55.91182364729459
25130001,Överkalix övre,6.214401467909842,44.936086529006886
25130002,Överkalix nedre,10.230538630121744,45.50970873786408
25140103,Gammelgården-Morjärv,1.7061471478209635,46.72544080604534
25140105,Innanbäcken,2.13631466327632,41.53263954588458
25140106,Kalix V,6.5848520828829225,53.2442748091603
25140107,Näsbyn,10.87778469153386,51.262135922330096
25140108,Risön,3.7287731803355992,43.112947658402206
25140115,Sangis,2.331961593083681,43.18529862174579
25140118,Ytterbyn,1.810297567453376,44.252873563218394
25140123,Kalix C,9.521687436265456,57.722007722007724
25140125,Stenbäcken,2.4610356107089246,48.098663926002054
25140221,Töre,2.550579937758479,37.74145616641902
25180101,Hedenäset,1.5151516064390649,39.354838709677416
25180102,Kuivakangas,2.10395974950419,37.22466960352423
25180103,Svanstein,1.3440861219510845,51.75644028103044
25180104,Övertorneå,5.767177847922491,46.77222898903776
25210001,Pajala norra,5.195037515965458,53.183023872679044
25210002,Pajala södra,7.998033472387626,54.10798122065728
25210004,Junosuando - Tärendö,1.25305193479939,48.292682926829265
25210005,Korpilombolo,2.0466358453580193,37.6010781671159
25230001,Gällivare Södra,2.6313603584504297,41.25452352231604
25230002,Gällivare Norra,2.6852506362574236,53.58090185676392
25230003,Gällivare Västra,7.858739679392522,46.649145860709595
25230005,Heden,3.0422933815586455,49.183673469387756
25230006,Koskullskulle,3.5814027279689933,41.7258883248731
25230007,Maria,6.456111101883573,47.69488683989941
25230008,Mellanområdet,3.3424227763048253,45.210199862164025
25230009,Sjöparken,12.658505559353214,48.578391551584076
25230011,Dundret,9.183159066420536,43.878787878787875
25230012,Gällivare Centrum V,13.83357019718906,55.357142857142854
25230013,Gällivare Centrum Ö,13.581665905499676,52.252252252252255
25600209,Vidsel,2.042772663048253,49.40923737916219
25600211,Älvsbyns N,9.533235262419469,55.7784911717496
25600212,Älvsbyns Ö,3.7218764074454382,47.72727272727273
25600214,Älvsbyns V,4.339323553238943,47.74247491638796
25800101,Varvet,4.894518121212754,50.0
25800102,Stadsparken,6.2068584079223506,51.93861066235864
25800103,Kulturens hus,5.500593914881633,46.134453781512605
25800104,Gültzauudden-Norra hamn,3.8592883087186842,53.34101382488479
25800105,Östermalm,4.671630351088746,53.88076490438695
25800106,Bergviken,7.170993989605847,54.52292441140025
25800107,Kallkällan,10.070037933122213,52.517361111111114
25800108,Munkeberg,9.023257060422596,50.29197080291971
25800109,Mjölkudden,12.9615086385079,55.09641873278237
25800111,Notviken,17.413662159099175,54.31734317343174
25800112,Köpmantorget,5.0552022177896685,48.90371782650143
25800113,Södra hamn,4.87837777555391,48.99178491411501
25800212,Burströmska,7.353639453688528,56.25
25800213,Malmudden,8.516661296496261,56.55913978494624
25800214,Svartöstan-Lövskatan,5.033757811333781,54.1871921182266
25800215,Södra Örnäset,14.663740175821443,54.42260442260442
25800216,Skurholmen,6.086904359158446,54.54545454545455
25800217,Norra Örnäset,12.45386516210169,60.108108108108105
25800220,Klintbacken,5.580373584760171,49.35897435897436
25800221,Lulsundet,3.876688920442769,50.98566308243728
25800222,Kronan,7.793181099736384,45.435576421491916
25800223,Hällbacken,4.526436692102939,36.375321336760926
25800237,Hertsöcentrum,18.307640575634746,61.59844054580897
25800259,Hertsölund,16.283766440690364,57.773109243697476
25800260,Hertsöängar,14.031647956562187,50.43103448275862
25800267,Björkskatan norra,6.591501802291332,54.24636572302984
25800268,Björkskatan södra,7.806973066119653,53.72670807453416
25800270,Bredviken-Lerbäcken,6.95565121054514,54.60368294635708
25800323,Alvik-Ersnäs,1.7442379674578554,41.46868250539957
25800324,Antnäs-Måttsund,1.996979128790026,41.02564102564103
25800325,Avan-Bälinge-Klöverträsk,1.204081221373761,36.97560975609756
25800326,Bensbyn-Brändön,1.3168717494883455,36.44859813084112
25800327,G:a Bergnäset-Kallax-Gäddvik,8.361002191747286,40.08138351983723
25800328,Trollstaden,2.5490313144829084,39.8359161349134
25800335,Gammelstad,3.724016856020703,50.575916230366495
25800344,Persön,1.421771812980621,32.526881720430104
25800346,Rutvik,3.0542390529082586,37.5
25800349,Öhemmanet-Karlsvik,4.272462585150143,51.80840664711632
25800350,Hammaren,1.7562883939957907,52.661752661752665
25800355,Bergstaden,16.79933281602549,54.584681769147785
25800361,Stadsön,3.0717502545322777,51.503006012024045
25800362,Porsöudden,24.16955730643965,60.8130081300813
25800363,Porsöberget,13.946821835799629,50.124378109452735
25800364,Universitetet,25.278346710926556,47.27891156462585
25800365,Lillporsön,21.016560659868333,49.90654205607477
25800371,Sunderbyn,2.39715729911408,43.54995150339476
25800439,Jämtön-Vitå,1.8045113181113799,40.90909090909091
25800442,Niemisel-Prästholm,1.8045112818442786,35.11326860841424
25800447,Råneå,4.017369906630747,43.5354273192111
25810001,Roknäs Lillpite Markbygden,1.9149345772522928,43.45132743362832
25810002,Sjulsmark Alterdalen Sikfors,1.369081529862097,41.651865008880996
25810003,Sjulnäs Böle,0.8014018326151934,49.91150442477876
25810004,Svensbyn,1.0624443912795236,50.682852807283766
25810005,Porsnäs Östra,1.3165222314289846,50.22727272727273
25810006,Porsnäs Västra,3.108129647987728,47.3463687150838
25810007,Rosvik,2.9702329931144567,42.45353159851301
25810008,Bergsviken Västra,2.133460861002535,54.56410256410256
25810009,Bergsviken Östra,2.7387072982530274,53.455019556714475
25810010,Hortlax,1.4057004333444316,48.912228057014254
25810011,Öjebyn Centrala,9.440088502239638,60.342368045649074
25810012,Öjebyn Norra,10.895285322634113,56.03907637655417
25810013,Öjebyn Södra,6.360557120152747,58.10104529616725
25810014,Djupviken Norra,7.544140604506717,56.758893280632414
25810015,Djupviken Södra,3.618581351026363,53.49794238683128
25810016,Backen Annelund,6.176129440381127,55.53732567678425
25810017,Backen Källbo,6.019801970174673,56.00303951367781
25810018,Häggholmen Västra,5.505823043950509,61.2184249628529
25810019,Norrmalm,5.506410694435558,56.5015479876161
25810020,Häggholmen Östra,10.709905495566863,68.48591549295774
25810021,Strömnäs,5.891622051085261,48.22627037392138
25810022,Pitholm,3.7973374114842184,53.64291433146517
25810023,Klubbgärdet,3.5097326280420162,50.15511892450879
25810024,Munksund Norra,3.8280618782033313,55.60704355885079
25810025,Munksund Södra,4.053130781570904,49.77817213842059
25810026,Blåsmark Hemmingsmark,1.2531447909279434,52.44648318042813
25810027,Jävre,1.9915221845102937,48.91891891891892
25820101,Sveafältet,29.980567849303565,52.17877094972067
25820102,Björknäs,17.91545047842372,54.161781946072686
25820103,Centrum norra,7.860636557664305,54.857142857142854
25820104,Prästholmen,13.621155357589432,56.5450643776824
25820105,Erikslund- Fagernäs,4.547560187651887,43.49258649093905
25820113,Svartbjörsbyn-Skogså,2.9762601756904874,42.33038348082596
25820115,Heden - Södra Bredåker,2.211827074494646,37.577639751552795
25820116,Bodsvedjan - Unbyn,3.7026425019320706,44.24528301886792
25820117,Vittjärv - Norra Bredåker,2.555254238280169,36.075949367088604
25820124,Centrum södra,7.470348413205182,53.348214285714285
25820132,Torpgärdan,8.907219387456301,49.92503748125937
25820133,Sanden,9.65889612730414,50.54945054945055
25820136,Svartbyn,3.5598616550698807,46.84139784946237
25820139,Trångfors,2.7169444831852,45.20383693045564
25820220,Gunnarsbyn,2.012651001166915,46.61654135338346
25820328,Harads,4.855119754466578,45.78651685393258
25820409,Sävastön,3.578620223957495,40.07319304666057
25820440,Sävast,2.473518735652588,50.25553662691652
25830101,Haparanda Norra,10.457191642467539,41.895261845386536
25830102,Nikkala,1.5143605344708093,33.97435897435897
25830103,Seskarö,1.5143603795650238,48.30508474576271
25830114,Haparanda Södra,8.599203813747721,45.110410094637224
25830115,Marielund,1.853734220360642,40.34833091436865
25830116,Grankullen,2.4033928724060307,30.34188034188034
25830408,Karungi,1.7942518845364763,24.675324675324674
25840001,Tuolluvaara-Nya Centrum,6.469677640225937,46.916666666666664
25840002,Högalid och Sandstensberget,11.80001605139667,50.2262443438914
25840003,Övre Norrmalm-Gamla Centrum,10.575017897550696,54.98220640569395
25840004,Kiruna nordost,2.1698112766108157,54.43037974683544
25840005,Bolaget-Triangeln,6.919060033816429,52.40384615384615
25840006,Kurra – Jägarområdet – N Stråket,6.521506249500946,48.63701578192253
25840007,Östermalm,6.872949665377362,51.60142348754449
25840009,Lombolo västra,14.080334124136053,51.568381430363864
25840010,Jukkasjärvi,2.3551877769858764,36.495535714285715
25840011,Lombolo mellersta,2.826643220153867,49.392265193370164
25840012,Kiruna sydost,5.351906103426184,58.27067669172932
25840013,Luossavaara-Abisko,6.564475495225536,57.450796626054355
25840015,Lombolo östra-Nikkaluoktavägen,4.77977873119073,49.85507246376812
