district_id,district_name,municipality_name,county_name,election_year,population_year,rest_world_unknown_pct,selected_vote_pct,votes_s,votes_v,votes_mp,valid_votes,rest_world_unknown_residents_estimated,birth_population_estimated,coverage_quality,election_status
01140101,Övra Runby,Upplands Väsby,Stockholm,2026,2025,15.01602949707253,8.960915157292659,313,94,69,1049,290.99107,1937.869595,high_coverage,provisional
01140102,Mälaren,Upplands Väsby,Stockholm,2026,2025,10.520801104398519,5.391120507399577,275,51,70,946,131.190641,1246.964368,high_coverage,provisional
01140120,Edssjön,Upplands Väsby,Stockholm,2026,2025,19.406198114391383,8.141321044546851,426,106,60,1302,692.26059,3567.213866,high_coverage,provisional
01140121,Nedra Runby,Upplands Väsby,Stockholm,2026,2025,17.68073716328589,11.328976034858387,242,104,53,918,280.54215,1586.710709,high_coverage,provisional
01140126,Prästgårdsmarken,Upplands Väsby,Stockholm,2026,2025,18.486492006732096,13.427947598253276,303,123,49,916,278.436324,1506.160952,high_coverage,provisional
01140203,Folkparken,Upplands Väsby,Stockholm,2026,2025,24.422196669071493,10.886319845857418,305,113,50,1038,521.887531,2136.939351,high_coverage,provisional
01140204,Fysingen,Upplands Väsby,Stockholm,2026,2025,27.311428353256307,8.972972972972974,248,83,26,925,753.640165,2759.431529,high_coverage,provisional
01140206,Sigma,Upplands Väsby,Stockholm,2026,2025,40.53177644069971,24.86263736263736,292,181,21,728,666.811423,1645.157162,high_coverage,provisional
01140207,Odenslunda Södra,Upplands Väsby,Stockholm,2026,2025,16.8723704984287,6.944444444444445,241,70,40,1008,286.998201,1700.995133,high_coverage,provisional
01140209,Smedby Norra,Upplands Väsby,Stockholm,2026,2025,34.132509124537584,17.478991596638654,215,104,21,595,576.143869,1687.96225,high_coverage,provisional
01140210,Väsbyskogen Västra,Upplands Väsby,Stockholm,2026,2025,32.46991552046551,6.91114245416079,244,49,34,709,766.873102,2361.795803,high_coverage,provisional
01140211,Skälby,Upplands Väsby,Stockholm,2026,2025,27.9723842323164,12.295973884657236,267,113,24,919,487.00124,1741.007259,high_coverage,provisional
01140212,Smedby Södra,Upplands Väsby,Stockholm,2026,2025,26.771572689165033,12.771084337349398,260,106,17,830,540.26638,2018.059926,high_coverage,provisional
01140218,Korpkulla,Upplands Väsby,Stockholm,2026,2025,29.10603262102454,12.183235867446394,343,125,37,1026,508.159558,1745.890842,high_coverage,provisional
01140219,Ekebo,Upplands Väsby,Stockholm,2026,2025,32.83243706069617,18.958031837916064,273,131,24,691,211.796992,645.08459,high_coverage,provisional
01140223,Brunnby,Upplands Väsby,Stockholm,2026,2025,19.785840197257563,8.080808080808081,257,80,37,990,387.997912,1960.987798,high_coverage,provisional
01140224,Apoteksskogen,Upplands Väsby,Stockholm,2026,2025,34.47246758075402,14.592933947772657,266,95,37,651,666.887921,1934.552319,high_coverage,provisional
01140225,Väsbyskogen Östra,Upplands Väsby,Stockholm,2026,2025,35.66594548778184,25.163826998689384,338,192,18,763,326.416918,915.206126,high_coverage,provisional
01140231,Vilunda,Upplands Väsby,Stockholm,2026,2025,25.876839057962474,8.362369337979095,319,72,34,861,357.329012,1380.883543,high_coverage,provisional
01140232,Fyrklövern Norra,Upplands Väsby,Stockholm,2026,2025,35.61097418489291,14.126984126984127,244,89,20,630,589.023665,1654.050973,high_coverage,provisional
01140233,Fyrklövern Södra,Upplands Väsby,Stockholm,2026,2025,43.791427274421146,24.399260628465804,236,132,18,541,671.598153,1533.629285,high_coverage,provisional
01140313,Odenslunda Norra,Upplands Väsby,Stockholm,2026,2025,20.671675652811988,7.755102040816326,268,76,26,980,339.976202,1644.647525,high_coverage,provisional
01140314,Norra Bollstanäs,Upplands Väsby,Stockholm,2026,2025,8.145354842798563,2.8831562974203337,277,38,47,1318,130.443473,1601.446168,high_coverage,provisional
01140315,Sjukyrkoberget,Upplands Väsby,Stockholm,2026,2025,12.108385371944106,3.7661050545094152,284,38,29,1009,189.016577,1561.038662,high_coverage,provisional
01140316,Grimstaby,Upplands Väsby,Stockholm,2026,2025,12.173571821776989,5.11921458625526,368,73,54,1426,275.001671,2259.005615,high_coverage,provisional
01140317,Gamla Bollstanäs,Upplands Väsby,Stockholm,2026,2025,10.533970329271591,3.736479842674533,233,38,35,1017,162.009594,1537.972758,high_coverage,provisional
01140318,Frestaby,Upplands Väsby,Stockholm,2026,2025,10.39148450566812,2.903225806451613,209,27,37,930,171.04051,1645.968003,high_coverage,provisional
01140327,Östra Frestaby-Ekeby,Upplands Väsby,Stockholm,2026,2025,12.222541146583612,4.8270313757039425,283,60,40,1243,313.325549,2563.505782,high_coverage,provisional
01150101,1 Vallentuna västra,Vallentuna,Stockholm,2026,2025,6.1294187784283585,3.3665835411471323,124,27,30,802,118.652267,1935.783331,high_coverage,provisional
01150102,2 Markim-Orkesta,Vallentuna,Stockholm,2026,2025,3.8170029741967206,3.392705682782019,228,40,86,1179,68.170334,1785.964917,high_coverage,provisional
01150103,3 Hammarbacken N,Vallentuna,Stockholm,2026,2025,7.290763696559756,3.198781416603199,319,42,58,1313,119.062698,1633.06209,high_coverage,provisional
01150104,4 Hammarbacken S,Vallentuna,Stockholm,2026,2025,11.703591421699917,5.3886925795053005,281,61,61,1132,231.814037,1980.708559,high_coverage,provisional
01150105,5 Ormsta N,Vallentuna,Stockholm,2026,2025,7.460085305449605,3.5987748851454824,313,47,104,1306,163.981789,2198.12217,high_coverage,provisional
01150106,6 Vallentuna nordöstra,Vallentuna,Stockholm,2026,2025,7.417234060689183,3.434867141931303,302,53,85,1543,206.396756,2782.664728,high_coverage,provisional
01150107,7 Norrgården-Sörgården,Vallentuna,Stockholm,2026,2025,12.863691587758082,6.391478029294274,239,48,40,751,167.999657,1305.998794,high_coverage,provisional
01150108,8 Vallentuna C,Vallentuna,Stockholm,2026,2025,10.59731192995903,6.244864420706656,389,76,89,1217,227.27797,2144.675664,high_coverage,provisional
01150109,9 Ormsta S,Vallentuna,Stockholm,2026,2025,17.79993977955522,9.055727554179567,368,117,73,1292,433.529672,2435.568195,high_coverage,provisional
01150110,10 Lovisedal,Vallentuna,Stockholm,2026,2025,5.50452256357994,1.8691588785046729,314,26,82,1391,117.913906,2142.127762,high_coverage,provisional
01150111,11 Karlberg,Vallentuna,Stockholm,2026,2025,6.036401973654877,3.48993288590604,311,52,71,1490,170.516543,2824.804308,high_coverage,provisional
01150112,12 Vada-Angarn-Össeby,Vallentuna,Stockholm,2026,2025,4.1998042488161245,3.2710280373831777,224,42,92,1284,84.841111,2020.120605,high_coverage,provisional
01150113,13 Bällsta S,Vallentuna,Stockholm,2026,2025,6.472501057600258,1.408450704225352,186,17,59,1207,136.364964,2106.835716,high_coverage,provisional
01150114,14 Bällsta V,Vallentuna,Stockholm,2026,2025,7.318336966151034,4.192355117139334,354,68,92,1622,175.052439,2391.970195,high_coverage,provisional
01150115,15 Vallentuna sydöstra,Vallentuna,Stockholm,2026,2025,5.190821116472271,2.682926829268293,255,33,73,1230,90.858379,1750.366213,high_coverage,provisional
01150116,16 Garn,Vallentuna,Stockholm,2026,2025,4.397933976732509,3.4554973821989527,189,33,63,955,72.109212,1639.61561,high_coverage,provisional
01150117,17 Kårsta-Frösunda,Vallentuna,Stockholm,2026,2025,4.4316990795396345,5.016181229773463,185,62,99,1236,101.437828,2288.915068,high_coverage,provisional
01170001,Berga NV,Österåker,Stockholm,2026,2025,10.80528297451482,6.9384215091066785,347,80,56,1153,192.911732,1785.346413,high_coverage,provisional
01170002,Berga SÖ,Österåker,Stockholm,2026,2025,13.107057902660982,7.492795389048991,313,78,50,1041,215.376623,1643.211044,high_coverage,provisional
01170003,Björksättra-Högsättra,Österåker,Stockholm,2026,2025,8.261137476908424,5.052430886558628,267,53,55,1049,116.01822,1404.385538,high_coverage,provisional
01170004,Brevik,Österåker,Stockholm,2026,2025,4.185561144217917,1.6483516483516483,225,21,73,1274,85.483857,2042.35117,high_coverage,provisional
01170005,Flaxenvik-Grindmossen,Österåker,Stockholm,2026,2025,6.778807632254554,2.981895633652822,188,28,38,939,128.209498,1891.328165,high_coverage,provisional
01170006,Fredsborg,Österåker,Stockholm,2026,2025,7.032315479998537,3.4777303233679073,294,57,74,1639,229.454328,3262.856006,high_coverage,provisional
01170007,Hacksta V,Österåker,Stockholm,2026,2025,20.53069056593113,14.046822742474916,303,126,29,897,451.830688,2200.757381,high_coverage,provisional
01170008,Hacksta Ö,Österåker,Stockholm,2026,2025,13.602049384657464,6.335797254487856,292,60,48,947,263.795026,1939.377064,high_coverage,provisional
01170009,Ljusterö,Österåker,Stockholm,2026,2025,3.842675621015733,3.188775510204082,296,50,75,1568,84.999864,2211.996858,high_coverage,provisional
01170010,Margretelund,Österåker,Stockholm,2026,2025,4.519240301716477,2.3848684210526314,203,29,65,1216,93.822082,2076.058712,high_coverage,provisional
01170011,Roslagskulla-Åsättra,Österåker,Stockholm,2026,2025,3.927383582535275,3.5900783289817233,312,55,76,1532,114.896374,2925.519537,high_coverage,provisional
01170012,Runö,Österåker,Stockholm,2026,2025,13.888424011215383,6.379310344827586,332,74,51,1160,273.639923,1970.273393,high_coverage,provisional
01170013,Rydbo,Österåker,Stockholm,2026,2025,4.334151127071051,1.937984496124031,164,20,54,1032,65.515911,1511.620363,high_coverage,provisional
01170014,Skånsta,Österåker,Stockholm,2026,2025,6.569266640061841,3.116651825467498,254,35,65,1123,122.396164,1863.163283,high_coverage,provisional
01170015,Skärgårdsstad,Österåker,Stockholm,2026,2025,4.994814409888422,2.31935771632471,155,26,33,1121,70.748383,1416.436672,high_coverage,provisional
01170016,Smedby,Österåker,Stockholm,2026,2025,6.230666808703736,4.448938321536906,242,44,73,989,112.310481,1802.543523,high_coverage,provisional
01170017,Svinninge,Österåker,Stockholm,2026,2025,4.516895994366813,1.8645121193287757,215,30,95,1609,108.504291,2402.187058,high_coverage,provisional
01170018,Säby,Österåker,Stockholm,2026,2025,5.497189843208861,3.4140969162995596,168,31,51,908,79.524357,1446.636541,high_coverage,provisional
01170019,Söra N,Österåker,Stockholm,2026,2025,8.864954622694192,3.2967032967032965,387,48,78,1456,252.98447,2853.759334,high_coverage,provisional
01170020,Söra S,Österåker,Stockholm,2026,2025,12.750647220051865,8.40751730959446,307,85,46,1011,140.993912,1105.778472,high_coverage,provisional
01170021,Tråsättra,Österåker,Stockholm,2026,2025,6.660107362060178,4.790823211875844,372,71,76,1482,139.54878,2095.29325,high_coverage,provisional
01170022,Tuna,Österåker,Stockholm,2026,2025,8.013450010065151,2.8019323671497585,272,29,64,1035,186.812076,2331.231564,high_coverage,provisional
01170023,Åkerstorp,Österåker,Stockholm,2026,2025,7.335673841616615,6.309420916162489,308,73,72,1157,143.52491,1956.533416,high_coverage,provisional
01170024,Österskär V,Österåker,Stockholm,2026,2025,4.769163601996418,2.0592020592020592,263,32,86,1554,87.486713,1834.424656,high_coverage,provisional
01170025,Österskär Ö,Österåker,Stockholm,2026,2025,2.9056390271232426,1.5224358974358974,183,19,63,1248,57.206165,1968.798067,high_coverage,provisional
01200101,Värmdö 1 Saltarö,Värmdö,Stockholm,2026,2025,4.454529708331785,3.0991735537190084,197,30,68,968,68.462718,1536.923592,high_coverage,provisional
01200102,Värmdö 2 Strömma m.fl.,Värmdö,Stockholm,2026,2025,4.053102460108716,2.931937172774869,143,28,40,955,62.968522,1553.588211,high_coverage,provisional
01200103,Värmdö 3 Ängsvik,Värmdö,Stockholm,2026,2025,3.6193797517140496,5.174234424498416,168,49,82,947,50.812005,1403.887088,high_coverage,provisional
01200104,Värmdö 4 Hemmesta,Värmdö,Stockholm,2026,2025,8.349261751065963,7.195121951219512,244,59,43,820,130.420028,1562.054609,high_coverage,provisional
01200105,Värmdö 5 Vik,Värmdö,Stockholm,2026,2025,3.452846932302125,1.7514595496246872,249,21,63,1199,63.914312,1851.061262,high_coverage,provisional
01200106,Värmdö 6 Kopparmora,Värmdö,Stockholm,2026,2025,3.085550155158439,3.3333333333333335,229,34,44,1020,49.547949,1605.805983,high_coverage,provisional
01200107,Värmdö 7 Haghulta Kolvik,Värmdö,Stockholm,2026,2025,3.5548145890574463,3.3206831119544593,225,35,60,1054,60.974314,1715.260036,high_coverage,provisional
01200108,Värmdö 8 Herrviksnäs m.fl.,Värmdö,Stockholm,2026,2025,3.779690924547179,2.366863905325444,177,28,75,1183,75.174421,1988.903921,high_coverage,provisional
01200109,Värmdö 9 Torsby,Värmdö,Stockholm,2026,2025,6.118816865385868,4.18041804180418,161,38,46,909,99.57208,1627.309367,high_coverage,provisional
01200301,Djurö 1 Vindö,Värmdö,Stockholm,2026,2025,4.567807531655198,3.357314148681055,188,28,46,834,56.264369,1231.758751,high_coverage,provisional
01200302,Djurö 2 Björkås Barnvik,Värmdö,Stockholm,2026,2025,6.093570654850087,4.850746268656716,179,39,35,804,74.040765,1215.063699,high_coverage,provisional
01200303,Djurö 3 Stavsnäs,Värmdö,Stockholm,2026,2025,8.514612731590903,6.646825396825397,203,67,90,1008,144.212395,1693.704688,high_coverage,provisional
01200501,Ingarö 1 Lillängsdal Fagerholm,Värmdö,Stockholm,2026,2025,5.1173804986853195,4.072398190045249,192,36,59,884,73.720621,1440.592917,high_coverage,provisional
01200502,Ingarö 2 Säby Eknäs,Värmdö,Stockholm,2026,2025,4.063612170658739,2.816901408450704,214,32,84,1136,68.942822,1696.589613,high_coverage,provisional
01200503,Ingarö 3 Ingaröstrand,Värmdö,Stockholm,2026,2025,3.2589526835252647,2.200303490136571,225,29,61,1318,68.806613,2111.310586,high_coverage,provisional
01200504,Ingarö 4 Klacknäset,Värmdö,Stockholm,2026,2025,4.1397318196086115,5.00544069640914,207,46,95,919,61.340724,1481.755985,high_coverage,provisional
01200505,Ingarö 5 Lämshaga Brunn,Värmdö,Stockholm,2026,2025,5.833326662697636,5.027322404371585,182,46,62,915,74.789763,1282.111689,high_coverage,provisional
01200601,Gustavsberg 1 Lugnet,Värmdö,Stockholm,2026,2025,6.889557890344676,7.60233918128655,364,91,112,1197,123.527845,1792.972016,high_coverage,provisional
01200602,Gustavsberg 2 Tallåsen,Värmdö,Stockholm,2026,2025,5.881158369683979,4.704463208685163,231,39,97,829,74.640904,1269.153104,high_coverage,provisional
01200603,Gustavsberg 3 Munkmora,Värmdö,Stockholm,2026,2025,15.303388950365061,12.050534499514091,344,124,58,1029,291.933245,1907.637883,high_coverage,provisional
01200604,Gustavsberg 4 Höjdhagen m.fl.,Värmdö,Stockholm,2026,2025,4.368888314371761,4.5358649789029535,311,43,137,948,76.931037,1760.883581,high_coverage,provisional
01200605,Gustavsberg 5 Ösbydalen m.fl.,Värmdö,Stockholm,2026,2025,5.7093204777381485,6.451612903225806,241,54,52,837,77.978391,1365.808616,high_coverage,provisional
01200606,Gustavsberg 6 Ormingelandet,Värmdö,Stockholm,2026,2025,3.592022283255162,1.988950276243094,157,18,69,905,49.772972,1385.653208,high_coverage,provisional
01200607,Gustavsberg 7 Farsta och Hamnområdet,Värmdö,Stockholm,2026,2025,5.530211464438251,4.20353982300885,244,38,120,904,135.549979,2451.081299,high_coverage,provisional
01200608,Gustavsberg 8 Mörtnäs,Värmdö,Stockholm,2026,2025,4.296253204616943,2.170138888888889,205,25,95,1152,68.703105,1599.140035,high_coverage,provisional
01200609,Gustavsberg 9 Mölnvik m.fl.,Värmdö,Stockholm,2026,2025,4.801421145192243,4.956896551724138,253,46,65,928,100.717267,2097.655339,high_coverage,provisional
01200610,Gustavsberg 10 Charlottendal m.fl.,Värmdö,Stockholm,2026,2025,6.695021527731538,4.708520179372197,264,42,54,892,80.882112,1208.093382,high_coverage,provisional
01200611,Gustavsberg 11 Porslinskvarteren S,Värmdö,Stockholm,2026,2025,8.244868189836813,4.970414201183432,238,42,41,845,77.22457,936.638018,high_coverage,provisional
01200612,Gustavsberg 12 Porslinskvarteren N,Värmdö,Stockholm,2026,2025,8.416037883858047,5.430932703659977,231,46,72,847,53.647373,637.442152,high_coverage,provisional
01200613,Gustavsberg 13 Hästhagen,Värmdö,Stockholm,2026,2025,6.030081507248509,10.107816711590296,251,75,62,742,71.527933,1186.185177,high_coverage,provisional
01230201,Norra Barkarby,Järfälla,Stockholm,2026,2025,23.584981726771247,12.717536813922356,551,190,98,1494,614.04615,2603.547279,high_coverage,provisional
01230202,Södra Barkarby,Järfälla,Stockholm,2026,2025,15.596751654220055,7.503607503607504,358,104,97,1386,344.997954,2211.985942,high_coverage,provisional
01230203,Skälby Gård Västra,Järfälla,Stockholm,2026,2025,14.763876444070608,6.774193548387097,364,84,56,1240,322.004478,2181.029347,high_coverage,provisional
01230204,Orgona,Järfälla,Stockholm,2026,2025,14.870227603312907,7.03953712632594,308,73,58,1037,284.073825,1910.352905,high_coverage,provisional
01230205,Neptuni,Järfälla,Stockholm,2026,2025,17.44790205574082,9.455587392550143,420,132,72,1396,417.010354,2390.031493,high_coverage,provisional
01230206,Skälby Gård Östra,Järfälla,Stockholm,2026,2025,15.320344311302046,5.7835820895522385,218,62,47,1072,274.999136,1794.993183,high_coverage,provisional
01230207,Barkarbystaden,Järfälla,Stockholm,2026,2025,36.390878566879906,25.123639960435213,327,254,38,1011,1097.888034,3016.931927,high_coverage,provisional
01230208,Kalvshälla,Järfälla,Stockholm,2026,2025,29.239666600546983,19.431643625192013,481,253,65,1302,919.674164,3145.296342,high_coverage,provisional
01230209,Karlslund,Järfälla,Stockholm,2026,2025,33.272934728856676,16.402116402116402,253,124,26,756,453.53784,1363.08337,high_coverage,provisional
01230210,Dragonbacken,Järfälla,Stockholm,2026,2025,35.06784300688496,22.938530734632682,248,153,35,667,723.087059,2061.966169,high_coverage,provisional
01230211,Ålsta,Järfälla,Stockholm,2026,2025,36.01067984531616,25.821596244131456,216,165,26,639,279.720716,776.77155,high_coverage,provisional
01230212,Kyrkbyn,Järfälla,Stockholm,2026,2025,28.236621343809706,13.602941176470589,144,74,54,544,148.825276,527.064744,high_coverage,provisional
01230213,Västra Barkarbystaden,Järfälla,Stockholm,2026,2025,32.879867004772805,19.51219512195122,123,72,13,369,133.577943,406.260594,high_coverage,provisional
01230306,Fjällen,Järfälla,Stockholm,2026,2025,10.445973447312,4.636363636363637,327,51,56,1100,170.996249,1636.958488,high_coverage,provisional
01230307,Sandvik,Järfälla,Stockholm,2026,2025,12.960239184362802,6.168080185042405,367,80,72,1297,264.000426,2037.00273,high_coverage,provisional
01230308,Hummelmora,Järfälla,Stockholm,2026,2025,15.184983252536439,7.173725151253241,315,83,38,1157,275.000305,1811.001701,high_coverage,provisional
01230309,Centrala Viksjö Södra,Järfälla,Stockholm,2026,2025,14.474890143079165,5.800293685756241,443,79,35,1362,316.999756,2189.997664,high_coverage,provisional
01230310,Lund,Järfälla,Stockholm,2026,2025,11.378010158128548,8.072653884964682,257,80,28,991,180.000195,1582.000653,high_coverage,provisional
01230311,Fastebol,Järfälla,Stockholm,2026,2025,12.304176153284207,6.315789473684211,343,84,70,1330,258.860444,2103.842149,high_coverage,provisional
01230312,Centrala Viksjö Norra,Järfälla,Stockholm,2026,2025,21.299140651850422,12.439418416801292,390,154,53,1238,481.997629,2262.990967,high_coverage,provisional
01230313,Högby,Järfälla,Stockholm,2026,2025,16.542788801504397,6.527196652719665,354,78,54,1195,306.540613,1853.016542,high_coverage,provisional
01230413,Tallbohov,Järfälla,Stockholm,2026,2025,49.24417164969785,38.095238095238095,161,176,14,462,716.99258,1455.994803,high_coverage,provisional
01230414,Olovslund,Järfälla,Stockholm,2026,2025,14.891741457911186,7.568807339449541,284,99,71,1308,322.55782,2166.018131,high_coverage,provisional
01230415,Norra Vibblaby,Järfälla,Stockholm,2026,2025,30.540252924068675,13.023782559456398,311,115,45,883,563.482921,1845.049949,high_coverage,provisional
01230416,Västerby,Järfälla,Stockholm,2026,2025,27.097796666281166,12.541993281075028,262,112,55,893,506.993099,1870.975361,high_coverage,provisional
01230417,Grönvreten,Järfälla,Stockholm,2026,2025,15.110749653990679,6.021505376344086,257,56,79,930,225.349906,1491.321815,high_coverage,provisional
01230418,Snapphanen,Järfälla,Stockholm,2026,2025,46.5671675105488,34.48275862068966,335,310,24,899,1091.916891,2344.821361,high_coverage,provisional
01230419,Norra Nyberg,Järfälla,Stockholm,2026,2025,49.58496885192908,26.027397260273972,198,114,17,438,848.015734,1710.227421,high_coverage,provisional
01230420,Hammaren,Järfälla,Stockholm,2026,2025,36.53961301901443,20.87912087912088,450,247,43,1183,905.207036,2477.330659,high_coverage,provisional
01230421,Dackevägen,Järfälla,Stockholm,2026,2025,46.06122596770292,27.613636363636363,347,243,26,880,918.000462,1993.000496,high_coverage,provisional
01230422,Centrala Jakobsberg,Järfälla,Stockholm,2026,2025,44.25987990296435,19.346049046321525,258,142,31,734,718.255635,1622.814243,high_coverage,provisional
01230423,Södra Aspnäs,Järfälla,Stockholm,2026,2025,43.46959609889024,16.295264623955433,301,117,31,718,708.855529,1630.692697,high_coverage,provisional
01230424,Ekedal,Järfälla,Stockholm,2026,2025,39.44878752596696,18.349514563106798,392,189,51,1030,832.2945,2109.810091,high_coverage,provisional
01230425,Norra Aspnäs,Järfälla,Stockholm,2026,2025,37.4543887322849,16.18705035971223,205,90,22,556,246.843613,659.051239,high_coverage,provisional
01230426,Vattmyra,Järfälla,Stockholm,2026,2025,21.64545675367406,11.416666666666666,330,137,89,1200,406.678129,1878.815188,high_coverage,provisional
01230427,Berghem/Polhem,Järfälla,Stockholm,2026,2025,23.935500448804596,7.173601147776184,347,100,49,1394,950.354696,3970.481829,high_coverage,provisional
01230428,Södra Vibblaby,Järfälla,Stockholm,2026,2025,40.80407159279624,18.95910780669145,394,204,60,1076,1044.246788,2559.173012,high_coverage,provisional
01230429,Södra Nyberg,Järfälla,Stockholm,2026,2025,43.5217440035091,31.643356643356643,224,181,13,572,603.972985,1387.74996,high_coverage,provisional
01230430,Riddarparken,Järfälla,Stockholm,2026,2025,43.469574655444724,28.365384615384617,242,177,19,624,284.354699,654.146495,high_coverage,provisional
01230528,Lädersättra,Järfälla,Stockholm,2026,2025,24.11350300311395,8.604206500956023,385,90,64,1046,544.001947,2256.005471,high_coverage,provisional
01230529,Centrala Kallhäll,Järfälla,Stockholm,2026,2025,17.023160672658793,10.222222222222221,404,138,121,1350,389.998016,2290.984756,high_coverage,provisional
01230530,Emaljvägen/Kopparvägen,Järfälla,Stockholm,2026,2025,24.080234270364883,12.61609907120743,469,163,82,1292,575.997731,2391.993884,high_coverage,provisional
01230531,Ulvsättra/Skogstorp,Järfälla,Stockholm,2026,2025,23.342394714816184,12.016021361815755,209,90,74,749,507.297421,2173.287819,high_coverage,provisional
01230532,Kolarängen/Villastaden,Järfälla,Stockholm,2026,2025,14.981626745858854,11.39240506329114,345,144,92,1264,334.969961,2235.871756,high_coverage,provisional
01230533,Stäket,Järfälla,Stockholm,2026,2025,10.848425892807803,3.8271604938271606,342,62,83,1620,280.00089,2581.027817,high_coverage,provisional
01230534,Bolinder strand,Järfälla,Stockholm,2026,2025,9.848203526568131,3.780313837375178,353,53,105,1402,187.894938,1907.910793,high_coverage,provisional
01230535,Lilla Ulvsättra,Järfälla,Stockholm,2026,2025,33.66280209706284,28.111273792093705,274,192,23,683,217.702263,646.714621,high_coverage,provisional
01250101,Munsö,Ekerö,Stockholm,2026,2025,4.185176894642134,3.3834586466165413,126,27,41,798,54.041392,1291.257057,high_coverage,provisional
01250201,Adelsö,Ekerö,Stockholm,2026,2025,7.019703720061299,3.8535645472061657,117,20,35,519,57.000006,812.000168,high_coverage,provisional
01250301,Ekerö 1 Ekebyhov-Gällstaö,Ekerö,Stockholm,2026,2025,6.632644414130816,3.767123287671233,212,44,83,1168,180.969956,2728.473663,high_coverage,provisional
01250302,Ekerö 2 Ekebyhov Västra,Ekerö,Stockholm,2026,2025,8.850433273341176,6.863679694947569,312,72,62,1049,116.741068,1319.043536,high_coverage,provisional
01250303,Ekerö 3 Ekerö-Väsby,Ekerö,Stockholm,2026,2025,4.854555979056619,2.644628099173554,321,32,75,1210,63.349625,1304.951993,high_coverage,provisional
01250304,Ekerö 4 Träkvista-Skärvik,Ekerö,Stockholm,2026,2025,2.9949012863723166,1.8656716417910448,165,20,65,1072,50.165881,1675.042888,high_coverage,provisional
01250305,Ekerö 5 Närlunda,Ekerö,Stockholm,2026,2025,8.143787930873872,2.08955223880597,115,14,50,670,193.517321,2376.25688,high_coverage,provisional
01250306,Ekerö 6 Älvnäs,Ekerö,Stockholm,2026,2025,5.6796142518622235,2.6244343891402715,203,29,60,1105,113.969888,2006.648391,high_coverage,provisional
01250307,Ekerö 7 Sundby Helgö,Ekerö,Stockholm,2026,2025,4.319269071867898,2.7799841143764894,207,35,92,1259,77.79538,1801.123725,high_coverage,provisional
01250308,Ekerö 8 Ekerö centrum,Ekerö,Stockholm,2026,2025,7.787984858753147,5.546995377503852,189,36,52,649,46.531219,597.474441,high_coverage,provisional
01250309,Ekerö 9 Träkvista,Ekerö,Stockholm,2026,2025,5.78104290494933,2.962962962962963,124,20,35,675,77.825242,1346.214572,high_coverage,provisional
01250310,Ekerö 10 Sandudden,Ekerö,Stockholm,2026,2025,3.10951433104249,1.490947816826411,155,14,47,939,47.329367,1522.082292,high_coverage,provisional
01250401,Lovö,Ekerö,Stockholm,2026,2025,3.9331655265177314,5.0670640834575265,120,34,89,671,38.848706,987.721105,high_coverage,provisional
01250901,Färingsö 1 Färingsö Norra,Ekerö,Stockholm,2026,2025,5.233464329490312,5.027932960893855,195,54,59,1074,86.065008,1644.513129,high_coverage,provisional
01250902,Färingsö 2 Färentuna Hilleshög,Ekerö,Stockholm,2026,2025,5.8643662479260845,4.506437768240343,185,42,73,932,81.78416,1394.595026,high_coverage,provisional
01250903,Färingsö 3 Svartsjö Sånga,Ekerö,Stockholm,2026,2025,4.695699342003568,6.527777777777778,118,47,82,720,67.614298,1439.91966,high_coverage,provisional
01250904,Färingsö 4 Stenhamra Södra,Ekerö,Stockholm,2026,2025,3.961075563211439,2.883799830364716,284,34,59,1179,62.551821,1579.162528,high_coverage,provisional
01250905,Färingsö 5 Stenhamra Norra,Ekerö,Stockholm,2026,2025,4.893992778282386,4.71441523118767,247,52,57,1103,81.420954,1663.691748,high_coverage,provisional
01250906,Färingsö 6 Skå,Ekerö,Stockholm,2026,2025,5.103973524224728,4.317269076305221,155,43,90,996,80.4811,1576.832239,high_coverage,provisional
01260103,Fridhem,Huddinge,Stockholm,2026,2025,5.824283947445347,3.9247751430907605,325,48,108,1223,117.021656,2009.202454,high_coverage,provisional
01260105,Vistaberg,Huddinge,Stockholm,2026,2025,7.648660073088668,5.487364620938628,374,76,100,1385,194.322311,2540.605925,high_coverage,provisional
01260106,Stuvsta centrum,Huddinge,Stockholm,2026,2025,9.876090551980807,7.331042382588774,240,64,83,873,179.704641,1819.592885,high_coverage,provisional
01260107,Myrängen-Högmora,Huddinge,Stockholm,2026,2025,10.499126488249825,5.676328502415459,432,94,110,1656,325.981593,3104.844897,high_coverage,provisional
01260108,Stuvsta gård,Huddinge,Stockholm,2026,2025,8.539392170891176,8.871851040525739,234,81,69,913,134.468019,1574.679044,high_coverage,provisional
01260109,Kynäs,Huddinge,Stockholm,2026,2025,7.401115071552508,5.59593023255814,310,77,104,1376,172.668351,2333.004545,high_coverage,provisional
01260110,Kvarnbergsplan,Huddinge,Stockholm,2026,2025,14.08564220867964,7.628128724672229,300,64,43,839,187.172374,1328.816757,high_coverage,provisional
01260116,Sörskogen,Huddinge,Stockholm,2026,2025,9.928039880871681,6.108897742363878,206,46,42,753,123.015026,1239.066598,high_coverage,provisional
01260117,Balingsnäs,Huddinge,Stockholm,2026,2025,7.10590591239762,4.316546762589928,311,48,88,1112,137.91453,1940.843739,high_coverage,provisional
01260119,Segersminne,Huddinge,Stockholm,2026,2025,6.581338793390154,6.404494382022472,248,57,88,890,72.512838,1101.794639,high_coverage,provisional
01260120,Stensängen,Huddinge,Stockholm,2026,2025,5.694799542245398,5.3056516724336795,242,46,84,867,80.00805,1404.931805,high_coverage,provisional
01260122,Gladökvarn-Lissma-Ådran,Huddinge,Stockholm,2026,2025,5.005348184012156,5.145797598627787,184,60,73,1166,98.344127,1964.780938,high_coverage,provisional
01260123,Vårdkasen-Rosenhill,Huddinge,Stockholm,2026,2025,11.768563652219447,5.47945205479452,250,56,78,1022,215.378316,1830.115572,high_coverage,provisional
01260124,Skogsäng,Huddinge,Stockholm,2026,2025,5.531456143944596,4.7368421052631575,332,63,147,1330,113.628434,2054.222813,high_coverage,provisional
01260125,Milsten,Huddinge,Stockholm,2026,2025,6.140923531391939,4.41696113074205,283,50,104,1132,116.376816,1895.102836,high_coverage,provisional
01260126,Källbrink,Huddinge,Stockholm,2026,2025,7.361938701427634,4.015670910871695,240,41,83,1021,120.521219,1637.085337,high_coverage,provisional
01260127,Tomtberga norra,Huddinge,Stockholm,2026,2025,14.671611397124474,11.570247933884298,317,112,48,968,265.874851,1812.172118,high_coverage,provisional
01260128,Tomtberga södra,Huddinge,Stockholm,2026,2025,16.59086271817154,9.743589743589743,329,95,69,975,362.62866,2185.713101,high_coverage,provisional
01260129,Storängen,Huddinge,Stockholm,2026,2025,13.336756593939375,9.245742092457421,233,76,43,822,247.02068,1852.179563,high_coverage,provisional
01260130,Huddinge centrum,Huddinge,Stockholm,2026,2025,15.471215729843868,14.545454545454545,260,112,36,770,155.570136,1005.545645,high_coverage,provisional
01260131,Hörningsnäs,Huddinge,Stockholm,2026,2025,6.644259170806759,6.226765799256506,296,67,103,1076,96.482242,1452.114367,high_coverage,provisional
01260132,Paradisbacken,Huddinge,Stockholm,2026,2025,10.075979553507523,9.064039408866995,281,92,76,1015,129.011635,1280.388019,high_coverage,provisional
01260133,Solgård,Huddinge,Stockholm,2026,2025,11.34836846040326,7.644444444444445,272,86,102,1125,244.460429,2154.146033,high_coverage,provisional
01260134,Fullersta gård,Huddinge,Stockholm,2026,2025,6.9930211821581,5.837837837837838,236,54,95,925,115.166682,1646.880211,high_coverage,provisional
01260135,Fullersta torg,Huddinge,Stockholm,2026,2025,9.161693064336376,7.368421052631579,255,63,42,855,124.808806,1362.289755,high_coverage,provisional
01260136,Snättringe gård,Huddinge,Stockholm,2026,2025,6.397573407786649,5.077720207253886,222,49,81,965,100.319588,1568.088111,high_coverage,provisional
01260201,Vidja-Mellansjö-Svartvik,Huddinge,Stockholm,2026,2025,8.861049850844289,3.9553752535496955,211,39,94,986,162.133893,1829.736834,high_coverage,provisional
01260202,Hammartorp,Huddinge,Stockholm,2026,2025,13.90583340192776,10.051282051282051,299,98,65,975,245.973501,1768.8512,high_coverage,provisional
01260203,Trångsund centrum,Huddinge,Stockholm,2026,2025,19.017286162760534,12.843224092116918,373,145,47,1129,394.913101,2076.600718,high_coverage,provisional
01260204,Stortorp,Huddinge,Stockholm,2026,2025,7.774207255517885,4.7664442326024785,270,50,73,1049,145.990329,1877.880589,high_coverage,provisional
01260205,Västra Skogås norra,Huddinge,Stockholm,2026,2025,26.860483806668768,16.28787878787879,304,129,39,792,497.886338,1853.601527,high_coverage,provisional
01260206,Västra Skogås centrum,Huddinge,Stockholm,2026,2025,36.662167270885355,25.148279952550414,362,212,28,843,751.899977,2050.887967,high_coverage,provisional
01260207,Västra Skogås västra,Huddinge,Stockholm,2026,2025,32.15407659712772,25.53191489361702,252,156,22,611,530.351386,1649.406365,high_coverage,provisional
01260208,Västra Skogås södra,Huddinge,Stockholm,2026,2025,31.111417658125138,17.50465549348231,196,94,31,537,438.932426,1410.840325,high_coverage,provisional
01260209,Östra Skogås centrala,Huddinge,Stockholm,2026,2025,15.945847767822949,9.649122807017545,278,77,50,798,239.93941,1504.714039,high_coverage,provisional
01260210,Östra Skogås norra,Huddinge,Stockholm,2026,2025,12.895993904766375,9.751609935602575,317,106,81,1087,243.961949,1891.765387,high_coverage,provisional
01260211,Östra Skogås södra,Huddinge,Stockholm,2026,2025,10.732723516953053,8.71694417238002,305,89,69,1021,191.774561,1786.821031,high_coverage,provisional
01260212,Fållan-Nytorp,Huddinge,Stockholm,2026,2025,8.03995308460346,6.481481481481482,298,84,99,1296,171.151546,2128.762994,high_coverage,provisional
01260213,Sjöängen,Huddinge,Stockholm,2026,2025,6.105560632404698,3.2598274209012463,192,34,74,1043,102.98838,1686.79645,high_coverage,provisional
01260214,Länna,Huddinge,Stockholm,2026,2025,14.241477863465626,6.472919418758257,369,98,50,1514,433.074962,3040.941159,high_coverage,provisional
01260301,Smista östra,Huddinge,Stockholm,2026,2025,13.435748512433998,8.782608695652174,288,101,55,1150,279.973808,2083.797622,high_coverage,provisional
01260302,Segeltorp centrum,Huddinge,Stockholm,2026,2025,6.49024250121789,6.238361266294227,290,67,120,1074,114.998378,1771.865658,high_coverage,provisional
01260303,Kråkvik-Kungens kurva,Huddinge,Stockholm,2026,2025,12.60384104122048,7.6923076923076925,336,102,92,1326,312.98145,2483.222765,high_coverage,provisional
01260304,Vårby gård östra,Huddinge,Stockholm,2026,2025,41.41486770621761,33.04130162703379,377,264,11,799,818.933993,1977.391305,high_coverage,provisional
01260305,Vårby gård centrum,Huddinge,Stockholm,2026,2025,29.8404255230484,34.0878828229028,324,256,22,751,560.324506,1877.736313,high_coverage,provisional
01260306,Vårby gård,Huddinge,Stockholm,2026,2025,31.08963518068427,22.532894736842106,263,137,30,608,944.866397,3039.168493,high_coverage,provisional
01260307,Haga,Huddinge,Stockholm,2026,2025,42.80503965266062,26.33863965267728,270,182,36,691,680.132595,1588.907756,high_coverage,provisional
01260308,Myrstuguberget,Huddinge,Stockholm,2026,2025,29.891702006162497,21.30841121495327,206,114,24,535,356.021044,1191.036375,high_coverage,provisional
01260309,Utsälje centrala,Huddinge,Stockholm,2026,2025,6.972399727363075,5.616850551654965,300,56,50,997,111.008791,1592.117425,high_coverage,provisional
01260310,Utsälje,Huddinge,Stockholm,2026,2025,8.582779755069442,5.105762217359591,265,70,98,1371,195.055256,2272.634992,high_coverage,provisional
01260311,Juringe,Huddinge,Stockholm,2026,2025,12.787281716144445,7.540056550424128,243,80,67,1061,238.938694,1868.565183,high_coverage,provisional
01260312,Smista västra,Huddinge,Stockholm,2026,2025,14.763339713662827,9.55794504181601,238,80,36,837,233.12516,1579.081458,high_coverage,provisional
01260313,Vårby gård västra,Huddinge,Stockholm,2026,2025,30.701347019048054,31.074380165289256,281,188,19,605,186.286598,606.770113,high_coverage,provisional
01260402,Grantorp norra,Huddinge,Stockholm,2026,2025,44.45965991358753,34.487734487734485,310,239,30,693,477.126222,1073.166603,high_coverage,provisional
01260403,Grantorp östra,Huddinge,Stockholm,2026,2025,41.45325730044189,23.7012987012987,244,146,25,616,859.922998,2074.440114,high_coverage,provisional
01260404,Flemingsberg norra,Huddinge,Stockholm,2026,2025,45.1064154019303,26.72811059907834,191,116,19,434,1171.631398,2597.482836,high_coverage,provisional
01260405,Visättra östra,Huddinge,Stockholm,2026,2025,40.83728097945994,26.615384615384617,260,173,33,650,728.102457,1782.935689,high_coverage,provisional
01260406,Visättra västra,Huddinge,Stockholm,2026,2025,38.305572821448685,32.72506082725061,301,269,37,822,718.817543,1876.535162,high_coverage,provisional
01260407,Visättra,Huddinge,Stockholm,2026,2025,30.235077060873756,27.59170653907496,192,173,54,627,836.925654,2768.061918,high_coverage,provisional
01260408,Kästa,Huddinge,Stockholm,2026,2025,21.398312641879475,15.384615384615385,242,102,30,663,300.107053,1402.47999,high_coverage,provisional
01260409,Flemingsberg södra,Huddinge,Stockholm,2026,2025,46.503402071646974,35.91989987484355,193,287,90,799,403.356506,867.369887,high_coverage,provisional
01260410,Visättra-Björnkulla,Huddinge,Stockholm,2026,2025,29.826969348199555,27.292576419213972,157,125,18,458,104.302259,349.691106,high_coverage,provisional
01260411,Glömsta södra,Huddinge,Stockholm,2026,2025,16.094684524924187,12.338425381903642,191,105,47,851,382.100542,2374.079103,high_coverage,provisional
01260412,Glömsta norra,Huddinge,Stockholm,2026,2025,17.83201013250274,9.431524547803617,211,73,25,774,165.575339,928.52874,high_coverage,provisional
01270001,N Lanthem,Botkyrka,Stockholm,2026,2025,12.136516950360795,3.801169590643275,140,26,72,684,203.648181,1677.978796,high_coverage,provisional
01270002,Tullinge C,Botkyrka,Stockholm,2026,2025,12.413102258053366,9.124537607891492,264,74,48,811,105.515093,850.029999,high_coverage,provisional
01270003,Ö Tullingeberg,Botkyrka,Stockholm,2026,2025,14.99692919157101,12.05607476635514,346,129,44,1070,260.331872,1735.901188,high_coverage,provisional
01270004,Tullinge Parkhem,Botkyrka,Stockholm,2026,2025,8.254033533645432,5.258899676375404,293,65,79,1236,167.571373,2030.175578,high_coverage,provisional
01270005,G:a Tullingeberg,Botkyrka,Stockholm,2026,2025,11.01242645070869,8.46774193548387,309,84,65,992,192.217617,1745.461074,high_coverage,provisional
01270006,Tullinge Gård,Botkyrka,Stockholm,2026,2025,10.044681987355819,8.433734939759036,208,56,54,664,109.728459,1092.403514,high_coverage,provisional
01270007,Banslätt/Römossen,Botkyrka,Stockholm,2026,2025,10.774575374779605,7.18232044198895,357,78,77,1086,167.121012,1551.068197,high_coverage,provisional
01270008,Tullingeskog,Botkyrka,Stockholm,2026,2025,7.930065860863789,4.013761467889908,232,35,70,872,126.143731,1590.702186,high_coverage,provisional
01270009,Riksten N,Botkyrka,Stockholm,2026,2025,14.478229923232139,12.448559670781894,231,121,47,972,286.669561,1980.004203,high_coverage,provisional
01270010,S Lanthem,Botkyrka,Stockholm,2026,2025,5.914025484035649,4.421052631578948,195,42,81,950,98.488479,1665.337413,high_coverage,provisional
01270011,Tullinge Villastad N,Botkyrka,Stockholm,2026,2025,9.215070104142098,5.195989061075661,275,57,82,1097,167.155491,1813.936184,high_coverage,provisional
01270012,Tullinge Villastad S,Botkyrka,Stockholm,2026,2025,13.92860398486076,5.172413793103448,185,39,60,754,197.508382,1418.005582,high_coverage,provisional
01270013,Riksten S,Botkyrka,Stockholm,2026,2025,11.759353075805238,7.871720116618076,240,81,53,1029,295.706062,2514.645662,high_coverage,provisional
01270020,Segersjö,Botkyrka,Stockholm,2026,2025,11.116470710125858,10.195530726256983,229,73,31,716,136.949771,1231.953689,high_coverage,provisional
01270021,Kvarnsjön,Botkyrka,Stockholm,2026,2025,16.78760864444499,9.523809523809524,217,86,29,903,345.727632,2059.421561,high_coverage,provisional
01270022,Tumba C,Botkyrka,Stockholm,2026,2025,24.081346345173596,12.64367816091954,283,110,59,870,408.973203,1698.298746,high_coverage,provisional
01270023,Broängen,Botkyrka,Stockholm,2026,2025,16.326970531642274,10.452586206896552,248,97,50,928,266.88581,1634.631541,high_coverage,provisional
01270024,Uttran,Botkyrka,Stockholm,2026,2025,10.177223427491782,4.3893129770992365,231,46,57,1048,132.683705,1303.731867,high_coverage,provisional
01270025,Kassmyra,Botkyrka,Stockholm,2026,2025,17.82997188833848,11.390134529147982,335,127,45,1115,383.182329,2149.091044,high_coverage,provisional
01270026,Skäcklinge,Botkyrka,Stockholm,2026,2025,19.59847080089755,10.256410256410257,425,136,38,1326,535.454836,2732.12559,high_coverage,provisional
01270028,Storvreten V,Botkyrka,Stockholm,2026,2025,35.400154907266135,26.408010012515646,300,211,34,799,843.634561,2383.138049,high_coverage,provisional
01270029,Storvreten S,Botkyrka,Stockholm,2026,2025,30.800131900890715,21.512151215121513,433,239,40,1111,862.966699,2801.827933,high_coverage,provisional
01270030,Storvreten Ö,Botkyrka,Stockholm,2026,2025,31.388800234978046,21.106259097525474,272,145,22,687,597.98072,1905.076701,high_coverage,provisional
01270031,Vretarna/Tumba bruk,Botkyrka,Stockholm,2026,2025,16.6255983915046,11.511423550087873,372,131,61,1138,377.04935,2267.884386,high_coverage,provisional
01270032,Tuna,Botkyrka,Stockholm,2026,2025,24.99051284267522,18.078381795195956,295,143,28,791,351.325302,1405.834703,high_coverage,provisional
01270033,Nackdala/Solhöjden,Botkyrka,Stockholm,2026,2025,20.552627619045357,10.160965794768611,352,101,46,994,465.498213,2264.908515,high_coverage,provisional
01270034,Kulturen Tumba Park,Botkyrka,Stockholm,2026,2025,19.895472611107245,9.27536231884058,223,64,40,690,395.505533,1987.917255,high_coverage,provisional
01270035,Vårsta C/Bremora,Botkyrka,Stockholm,2026,2025,9.810834193649713,7.150368033648791,276,68,44,951,66.856869,681.459575,high_coverage,provisional
01270036,Grödinge Landsbygd,Botkyrka,Stockholm,2026,2025,6.974813079577511,3.9154267815191854,207,50,68,1277,230.756628,3308.427414,high_coverage,provisional
01270037,Vårsta/Malmtorp/Slättmalm,Botkyrka,Stockholm,2026,2025,9.459040188053532,5.3633217993079585,101,31,18,578,58.255286,615.868892,high_coverage,provisional
01270041,Albydalen V Småhus S,Botkyrka,Stockholm,2026,2025,38.79024059599228,18.59605911330049,411,151,21,812,774.681336,1997.103715,high_coverage,provisional
01270042,Albydalen C/Rotemannen,Botkyrka,Stockholm,2026,2025,41.32168835841748,29.166666666666668,343,210,22,720,905.916481,2192.35108,high_coverage,provisional
01270043,Alby småhus Ö/Albygård,Botkyrka,Stockholm,2026,2025,30.21646798688107,24.92753623188406,282,172,14,690,525.980969,1740.709633,high_coverage,provisional
01270044,Albyberget V/Tingstorget,Botkyrka,Stockholm,2026,2025,45.38038394959566,31.197097944377266,342,258,41,827,1499.864294,3305.093883,high_coverage,provisional
01270046,Albyberget Ö/Albygård,Botkyrka,Stockholm,2026,2025,44.772440211352105,35.50913838120105,306,272,36,766,982.811154,2195.125281,high_coverage,provisional
01270047,Albydalen Ö,Botkyrka,Stockholm,2026,2025,41.273224021420816,26.89295039164491,410,206,18,766,866.84067,2100.249473,high_coverage,provisional
01270051,Fittja småhusområde,Botkyrka,Stockholm,2026,2025,37.39418503108264,31.632653061224488,282,217,20,686,585.01822,1564.463083,high_coverage,provisional
01270052,Fittja Krögarvägen,Botkyrka,Stockholm,2026,2025,41.6663465615181,34.4984802431611,296,227,24,658,716.414904,1719.408979,high_coverage,provisional
01270053,Fittja Forvägen,Botkyrka,Stockholm,2026,2025,41.5761366894337,32.515337423312886,386,265,24,815,924.435046,2223.475098,high_coverage,provisional
01270054,Fittja Värdshusvägen,Botkyrka,Stockholm,2026,2025,41.11696920676324,32.608695652173914,323,210,15,644,839.880671,2042.661916,high_coverage,provisional
01270055,Slagsta strand,Botkyrka,Stockholm,2026,2025,40.98637720802797,31.11888111888112,79,89,9,286,338.419422,825.68757,high_coverage,provisional
01270061,Slagsta N,Botkyrka,Stockholm,2026,2025,24.580741385898904,13.351877607788595,252,96,29,719,390.777345,1589.770377,high_coverage,provisional
01270062,Slagsta S,Botkyrka,Stockholm,2026,2025,27.16174935598388,12.446351931330472,219,87,15,699,363.9597,1339.971499,high_coverage,provisional
01270063,Hallunda/Brunna,Botkyrka,Stockholm,2026,2025,35.66814588171501,19.902120717781404,233,122,15,613,698.100803,1957.210799,high_coverage,provisional
01270064,Hallunda C,Botkyrka,Stockholm,2026,2025,41.332040732956884,20.722135007849293,275,132,16,637,810.513643,1960.981429,high_coverage,provisional
01270065,Hallunda/Norsborg låghus,Botkyrka,Stockholm,2026,2025,32.55571506418621,13.188073394495413,329,115,9,872,559.842279,1719.643626,high_coverage,provisional
01270066,Norsborg småhusområde,Botkyrka,Stockholm,2026,2025,30.8768931380729,9.464508094645081,187,76,3,803,593.536781,1922.268469,high_coverage,provisional
01270067,Norsborg Ö,Botkyrka,Stockholm,2026,2025,41.52337199933158,22.238805970149254,303,149,7,670,833.217339,2006.622533,high_coverage,provisional
01270068,Norsborg C,Botkyrka,Stockholm,2026,2025,44.51625724104634,22.757847533632287,397,203,9,892,1065.886421,2394.375644,high_coverage,provisional
01270069,Norsborg V,Botkyrka,Stockholm,2026,2025,43.35868506781269,25.24271844660194,327,182,14,721,680.557195,1569.598326,high_coverage,provisional
01270070,Eriksberg Ö,Botkyrka,Stockholm,2026,2025,34.86545508206274,22.673656618610746,299,173,43,763,427.021766,1224.770378,high_coverage,provisional
01270071,Eriksberg V/G:a Norsborg,Botkyrka,Stockholm,2026,2025,33.50007009135293,14.485387547649301,308,114,19,787,1023.833,3056.211516,high_coverage,provisional
01280101,1 Rönninge norra,Salem,Stockholm,2026,2025,5.863530054706362,3.6219081272084805,208,41,96,1132,117.040479,1996.075366,high_coverage,provisional
01280102,2 Rönninge sydöstra,Salem,Stockholm,2026,2025,5.679036357234883,3.582089552238806,229,36,96,1005,115.772643,2038.596616,high_coverage,provisional
01280103,3 Salem västra,Salem,Stockholm,2026,2025,16.341203244753853,7.8006500541711805,239,72,35,923,317.999906,1946.000556,high_coverage,provisional
01280104,4 Salems centrum med omnejd,Salem,Stockholm,2026,2025,16.385121451478305,5.480868665977249,289,53,27,967,310.009099,1892.015875,high_coverage,provisional
01280105,5 Salem norra,Salem,Stockholm,2026,2025,21.639458480616817,7.531380753138075,258,72,28,956,424.993007,1963.972469,high_coverage,provisional
01280106,6 Rönninge centrum med omnejd,Salem,Stockholm,2026,2025,12.181950313075534,5.888324873096447,242,58,58,985,214.90696,1764.142477,high_coverage,provisional
01280107,7 Salem södra,Salem,Stockholm,2026,2025,22.281626809323605,13.807106598984772,307,136,30,985,497.990371,2234.982101,high_coverage,provisional
01280108,8 Salem östra,Salem,Stockholm,2026,2025,14.90894133518622,5.389221556886228,269,63,52,1169,369.001594,2475.035522,high_coverage,provisional
01280109,9 Rönninge sydvästra,Salem,Stockholm,2026,2025,5.131372269167214,2.998065764023211,209,31,100,1034,54.304388,1058.281979,high_coverage,provisional
01360101,Haninge 1 Gudö m.fl.,Haninge,Stockholm,2026,2025,5.009360832452091,2.9827315541601256,246,38,89,1274,106.129043,2118.614461,high_coverage,provisional
01360102,Haninge 2 Vendelsö-Norrby m.m,Haninge,Stockholm,2026,2025,3.8499215977159182,3.1531531531531534,193,28,62,888,50.203823,1304.021958,high_coverage,provisional
01360103,Haninge 3 Söderby,Haninge,Stockholm,2026,2025,7.399720593518701,7.035175879396985,373,84,43,1194,142.000999,1919.004876,high_coverage,provisional
01360104,Haninge 4 Vega-Söderhagen,Haninge,Stockholm,2026,2025,8.881649121537329,5.362537764350453,307,71,37,1324,203.914141,2295.90404,high_coverage,provisional
01360105,Haninge 5 Sågen-Lyckebyn m.fl.,Haninge,Stockholm,2026,2025,7.862352413249617,5.156382079459003,301,61,64,1183,163.233347,2076.138774,high_coverage,provisional
01360106,Haninge 6 Källtorp,Haninge,Stockholm,2026,2025,4.252872027610575,4.453781512605042,323,53,59,1190,78.405614,1843.59213,high_coverage,provisional
01360107,Haninge 7 Vendelsömalm N,Haninge,Stockholm,2026,2025,6.02134692544583,4.265041888804265,361,56,65,1313,130.001777,2159.014895,high_coverage,provisional
01360108,Haninge 8 Vendelsömalm-Ramsdalen,Haninge,Stockholm,2026,2025,5.522442727871366,4.788418708240535,248,43,35,898,74.000306,1339.992276,high_coverage,provisional
01360109,Haninge 9 Svartbäcken m.fl,Haninge,Stockholm,2026,2025,4.814332816074063,5.223880597014926,330,56,51,1072,84.830142,1762.033188,high_coverage,provisional
01360110,Haninge 10 Vendelsömalm,Haninge,Stockholm,2026,2025,8.471864693071304,5.63230605738576,268,53,39,941,137.710879,1625.50848,high_coverage,provisional
01360111,Haninge 11 Kolartorp-Hermanstorp m.m,Haninge,Stockholm,2026,2025,9.699497530308628,5.2213393870601585,238,46,50,881,188.08215,1939.091684,high_coverage,provisional
01360112,Haninge 12 Vendelsömalm S m.fl.,Haninge,Stockholm,2026,2025,12.95105248951902,10.026857654431513,372,112,34,1117,264.898039,2045.378468,high_coverage,provisional
01360113,Haninge 13 Brandbergen NÖ,Haninge,Stockholm,2026,2025,26.73199647842793,23.4375,358,210,26,896,763.950285,2857.812306,high_coverage,provisional
01360114,Haninge 14 Brandbergen SÖ,Haninge,Stockholm,2026,2025,25.662573414096002,16.09442060085837,386,150,17,932,537.699012,2095.265363,high_coverage,provisional
01360115,Haninge 15 Vendelsö,Haninge,Stockholm,2026,2025,4.820855496263711,2.6150627615062763,221,25,55,956,73.997997,1534.955716,high_coverage,provisional
01360116,Haninge 16 Brandbergen V,Haninge,Stockholm,2026,2025,28.984527591837754,15.604026845637584,221,93,34,596,511.018079,1763.071961,high_coverage,provisional
01360117,Haninge 17 Brandbergen N,Haninge,Stockholm,2026,2025,32.46376842866401,27.692307692307693,309,234,21,845,822.057356,2532.230224,high_coverage,provisional
01360118,Haninge 18 Brandbergen S,Haninge,Stockholm,2026,2025,23.702610395027996,15.600448933782268,348,139,26,891,310.789984,1311.205723,high_coverage,provisional
01360119,Haninge 19 Handen N,Haninge,Stockholm,2026,2025,12.329732403065455,8.932038834951456,165,46,14,515,103.873062,842.459987,high_coverage,provisional
01360120,Haninge 20 Handen C,Haninge,Stockholm,2026,2025,17.919830911287495,10.695652173913043,459,123,33,1150,393.631811,2196.626815,high_coverage,provisional
01360121,Haninge 21 Söderbymalm,Haninge,Stockholm,2026,2025,15.946399129038797,12.84829721362229,224,83,39,646,214.007207,1342.040954,high_coverage,provisional
01360123,Haninge 23 Poseidon,Haninge,Stockholm,2026,2025,18.064995103611533,14.305364511691884,279,104,16,727,280.93635,1555.142132,high_coverage,provisional
01360124,Haninge 24 Kvarntorp S,Haninge,Stockholm,2026,2025,14.673632598583163,7.920792079207921,298,88,44,1111,317.498945,2163.737867,high_coverage,provisional
01360125,Haninge 25 Parkvägsområdet,Haninge,Stockholm,2026,2025,12.325272712370424,11.704545454545455,354,103,30,880,186.5167,1513.286597,high_coverage,provisional
01360126,Haninge 22 Vega S,Haninge,Stockholm,2026,2025,18.451244687501763,10.011778563015312,227,85,25,849,317.543899,1720.989041,high_coverage,provisional
01360131,Haninge 31 Jordbro NÖ,Haninge,Stockholm,2026,2025,38.02223179757572,26.271186440677965,264,155,24,590,718.997133,1890.991399,high_coverage,provisional
01360132,Haninge 32 Jordbro V,Haninge,Stockholm,2026,2025,47.342315355643954,33.53808353808354,362,273,31,814,1434.000195,3029.00309,high_coverage,provisional
01360133,Haninge 33 Jordbro SV,Haninge,Stockholm,2026,2025,36.64918277455621,25.683060109289617,326,188,22,732,646.993148,1765.368554,high_coverage,provisional
01360134,Haninge 34 Jordbro SÖ,Haninge,Stockholm,2026,2025,37.15469354704571,26.151315789473685,260,159,16,608,514.287758,1384.179787,high_coverage,provisional
01360140,Haninge 40 Krogtäppan och Sommarbo,Haninge,Stockholm,2026,2025,19.809778808009675,12.5171939477304,286,91,24,727,246.944435,1246.578457,high_coverage,provisional
01360144,Haninge 44 Handen Central N,Haninge,Stockholm,2026,2025,20.34287909068225,15.796178343949045,295,124,27,785,413.897655,2034.607064,high_coverage,provisional
01360145,Haninge 45 Vallaområdet V,Haninge,Stockholm,2026,2025,16.564413289392498,12.341772151898734,270,78,18,632,215.970406,1303.821646,high_coverage,provisional
01360146,Haninge 46 Vallaområdet Ö,Haninge,Stockholm,2026,2025,17.179613252541134,13.846153846153847,344,135,33,975,373.994922,2176.969391,high_coverage,provisional
01360147,Haninge 47 Slätmossen m. fl.,Haninge,Stockholm,2026,2025,10.038636001193808,10.370994940978077,440,123,55,1186,207.999513,2071.98979,high_coverage,provisional
01360148,Haninge 48 Jordbro N-Dåntorp-Öran,Haninge,Stockholm,2026,2025,17.787996976544378,10.709987966305656,346,89,25,831,266.808692,1499.936684,high_coverage,provisional
01360162,Haninge 62 Vendelsö-Dalen m.m,Haninge,Stockholm,2026,2025,5.135137019301447,1.4959723820483315,205,13,51,869,79.803127,1554.060324,high_coverage,provisional
01360163,Haninge 63 Vega N,Haninge,Stockholm,2026,2025,13.370087107627253,10.556348074179743,206,74,30,701,143.226328,1071.244539,high_coverage,provisional
01360164,Haninge 64 Kvarntorp N,Haninge,Stockholm,2026,2025,17.124509264654073,10.566829951014695,384,151,47,1429,354.596147,2070.693773,high_coverage,provisional
01360165,Haninge 65 Handen Central S,Haninge,Stockholm,2026,2025,20.342110579890296,15.722120658135283,161,86,30,547,185.151863,910.190033,high_coverage,provisional
01360166,Haninge 66 Kolartorp-Rudan m.m,Haninge,Stockholm,2026,2025,14.472984701761463,6.6115702479338845,199,48,33,726,250.542134,1731.102044,high_coverage,provisional
01360537,Haninge 37 Dalarö,Haninge,Stockholm,2026,2025,2.6840098130785615,2.7216174183514776,202,35,55,1286,54.33307,2024.324566,high_coverage,provisional
01360649,Haninge 49 Hammarängen-Hammarskogen,Haninge,Stockholm,2026,2025,3.7559409884623953,4.628736740597878,239,48,63,1037,64.0021,1704.023045,high_coverage,provisional
01360650,Haninge 50 Tungelsta,Haninge,Stockholm,2026,2025,5.481026646346694,4.6938775510204085,213,46,40,980,97.731444,1783.08646,high_coverage,provisional
01360651,Haninge 51 Jägartorp-Sågen m.fl.,Haninge,Stockholm,2026,2025,9.692575137731481,7.686781609195402,371,107,70,1392,240.221574,2478.408169,high_coverage,provisional
01360652,Haninge 52 Skogs-Ekeby m.fl.,Haninge,Stockholm,2026,2025,6.293918725183909,3.7005163511187606,238,43,46,1162,132.0124,2097.45956,high_coverage,provisional
01360653,Haninge 53 Åbylund m.fl.,Haninge,Stockholm,2026,2025,13.504848147747783,9.715857011915674,364,106,32,1091,323.103938,2392.503303,high_coverage,provisional
01360654,Haninge 54 Åby,Haninge,Stockholm,2026,2025,20.27867116503997,12.459016393442623,288,114,28,915,406.907013,2006.576317,high_coverage,provisional
01360655,Haninge 55 Västerhaninge,Haninge,Stockholm,2026,2025,6.003597969835232,4.903786468032278,467,79,80,1611,173.519519,2890.258806,high_coverage,provisional
01360656,Haninge 56 Ribby-Öhaninge kyrkby m.m,Haninge,Stockholm,2026,2025,24.012592011770064,5.970149253731344,127,44,30,737,1020.109715,4248.22824,high_coverage,provisional
01360657,Haninge 57 Ribbyberg m.fl.,Haninge,Stockholm,2026,2025,8.510959233680104,5.699481865284974,268,55,29,965,132.713336,1559.322896,high_coverage,provisional
01360658,Haninge 58 Västerhaninge SÖ-Skärgård,Haninge,Stockholm,2026,2025,5.3813175041031815,4.391217564870259,225,44,49,1002,113.43913,2108.017784,high_coverage,provisional
01360659,Haninge 59 Tungelsta-Utlida-Häringe,Haninge,Stockholm,2026,2025,4.41291204803224,4.367088607594937,338,69,86,1580,116.256043,2634.451848,high_coverage,provisional
01360660,Haninge 61 Västerhaninge Ö,Haninge,Stockholm,2026,2025,14.154470723256951,7.790549169859514,213,61,40,783,168.507013,1190.486146,high_coverage,provisional
01360760,Haninge 60 Muskö,Haninge,Stockholm,2026,2025,2.5974026348831547,3.6809815950920246,108,18,13,489,18.0,692.99999,high_coverage,provisional
01380101,1 Björkbacken,Tyresö,Stockholm,2026,2025,13.068723414254503,7.070707070707071,340,77,71,1089,250.019488,1913.113317,high_coverage,provisional
01380102,2 Siken,Tyresö,Stockholm,2026,2025,10.725173222373707,5.49777117384844,495,74,85,1346,209.967635,1957.708567,high_coverage,provisional
01380103,3 Myggdalen,Tyresö,Stockholm,2026,2025,9.984326484214233,6.363636363636363,411,77,61,1210,185.003233,1852.936533,high_coverage,provisional
01380104,4 Nyboda,Tyresö,Stockholm,2026,2025,21.07387485880384,16.6289592760181,286,147,48,884,431.132341,2045.814279,high_coverage,provisional
01380105,5 Fårdala,Tyresö,Stockholm,2026,2025,6.32772072148908,4.090909090909091,327,45,113,1100,107.002656,1691.014201,high_coverage,provisional
01380106,6 Krusboda N,Tyresö,Stockholm,2026,2025,5.673350450150158,3.7827352085354025,316,39,70,1031,90.993357,1603.873369,high_coverage,provisional
01380107,7 Krusboda S,Tyresö,Stockholm,2026,2025,5.668013568394701,4.597701149425287,419,60,88,1305,111.995888,1975.928368,high_coverage,provisional
01380108,8 Öringe,Tyresö,Stockholm,2026,2025,4.374732234498747,3.537532355478861,340,41,105,1159,80.048166,1829.784355,high_coverage,provisional
01380109,9 Rotvik,Tyresö,Stockholm,2026,2025,4.553491500514061,3.4582132564841497,294,48,101,1388,110.394445,2424.391151,high_coverage,provisional
01380110,10 Tyresö Strand,Tyresö,Stockholm,2026,2025,3.095236127762726,2.0070838252656436,118,17,44,847,39.000426,1260.014564,high_coverage,provisional
01380111,11 Tyresö Strand Centrum,Tyresö,Stockholm,2026,2025,3.617569057961302,2.4328859060402683,320,29,110,1192,54.611321,1509.61378,high_coverage,provisional
01380112,12 Gimmersta - Nytorp - Raksta,Tyresö,Stockholm,2026,2025,3.225810482225094,3.3057851239669422,243,48,118,1452,69.989946,2169.685615,high_coverage,provisional
01380113,13 Brevikshalvön,Tyresö,Stockholm,2026,2025,4.130768763385594,3.0039525691699605,245,38,72,1265,77.010173,1864.306075,high_coverage,provisional
01380121,21 Fornudden,Tyresö,Stockholm,2026,2025,3.941616154911518,2.5547445255474455,278,35,77,1370,80.999849,2054.990791,high_coverage,provisional
01380122,22 Sofieberg,Tyresö,Stockholm,2026,2025,5.411514815843106,3.194103194103194,309,39,81,1221,95.993957,1773.883289,high_coverage,provisional
01380123,23 Trollbäcken V,Tyresö,Stockholm,2026,2025,6.626485275654953,5.580159433126661,291,63,74,1129,120.997994,1825.975445,high_coverage,provisional
01380124,24 Skälsätra,Tyresö,Stockholm,2026,2025,5.922316416177957,3.506574827802129,360,56,92,1597,149.025221,2516.333315,high_coverage,provisional
01380125,25 Trollbäcken Ö,Tyresö,Stockholm,2026,2025,5.9861424097644,4.406779661016949,333,65,84,1475,139.694673,2333.634308,high_coverage,provisional
01380126,26 Hanviken,Tyresö,Stockholm,2026,2025,4.701653556842552,3.70888733379986,335,53,84,1429,104.000388,2211.995987,high_coverage,provisional
01380127,27 Lindalen,Tyresö,Stockholm,2026,2025,10.016318787818673,5.98438855160451,301,69,66,1153,227.3025,2269.321742,high_coverage,provisional
01380128,28 Bollmoraberg V,Tyresö,Stockholm,2026,2025,16.94503017161311,11.534795042897999,300,121,63,1049,345.280562,2037.650913,high_coverage,provisional
01380129,29 Granängsringen,Tyresö,Stockholm,2026,2025,36.0098705696948,22.98728813559322,349,217,30,944,851.95166,2365.883705,high_coverage,provisional
01380130,30 Farmarstigen V,Tyresö,Stockholm,2026,2025,7.289194307058323,7.178217821782178,338,87,74,1212,123.379291,1692.632763,high_coverage,provisional
01380131,31 Farmarstigen Ö,Tyresö,Stockholm,2026,2025,10.817136149212715,8.192955589586523,393,107,80,1306,244.996817,2264.895381,high_coverage,provisional
01380132,32 Masten,Tyresö,Stockholm,2026,2025,10.017707431185874,7.670850767085077,213,55,36,717,78.712416,785.732829,high_coverage,provisional
01380133,33 Bollmoraberg Ö,Tyresö,Stockholm,2026,2025,16.944753644696632,10.954063604240282,264,93,36,849,241.509733,1425.277334,high_coverage,provisional
01390101,Härnevi-Skällsta,Upplands-Bro,Stockholm,2026,2025,25.512172771849173,12.945368171021377,290,109,32,842,230.50415,903.506542,high_coverage,provisional
01390102,Råby,Upplands-Bro,Stockholm,2026,2025,35.63344787906046,19.170403587443946,302,171,32,892,974.148415,2733.803415,high_coverage,provisional
01390103,Finnsta,Upplands-Bro,Stockholm,2026,2025,37.46141295821843,26.621160409556314,245,156,12,586,555.705097,1483.406666,high_coverage,provisional
01390104,Kockbacka-Lejondal,Upplands-Bro,Stockholm,2026,2025,18.327334629897265,8.048289738430583,257,80,27,994,305.447866,1666.624592,high_coverage,provisional
01390105,Låssa,Upplands-Bro,Stockholm,2026,2025,13.085584484512367,11.543624161073826,181,86,47,745,80.725528,616.904259,high_coverage,provisional
01390106,Bro södra,Upplands-Bro,Stockholm,2026,2025,36.90078166028958,24.047619047619047,110,101,17,420,1251.431485,3391.341399,high_coverage,provisional
01390107,Bro norra,Upplands-Bro,Stockholm,2026,2025,31.8113558984676,15.39338654503991,319,135,16,877,617.305211,1940.518389,high_coverage,provisional
01390108,Ådö-Rättarboda,Upplands-Bro,Stockholm,2026,2025,38.741463551555185,15.254237288135593,184,117,42,767,446.035662,1151.313402,high_coverage,provisional
01390305,Kungsängen södra-Stäksön södra,Upplands-Bro,Stockholm,2026,2025,13.37140835965766,6.560846560846561,238,62,43,945,234.077717,1750.583863,high_coverage,provisional
01390306,Sylta östra-Tibblehöjden,Upplands-Bro,Stockholm,2026,2025,8.857520126892991,5.770690964312832,355,76,78,1317,129.07157,1457.197592,high_coverage,provisional
01390307,Lennartsnäs-Tibble S - Sylta V,Upplands-Bro,Stockholm,2026,2025,17.67085732851349,5.691056910569106,194,42,40,738,447.056661,2529.909289,high_coverage,provisional
01390308,Norrboda,Upplands-Bro,Stockholm,2026,2025,18.743476358842518,8.524904214559387,260,89,33,1044,389.106911,2075.959142,high_coverage,provisional
01390309,Kungsängen norra-Stäksön norra,Upplands-Bro,Stockholm,2026,2025,18.843438707036196,10.023677979479084,404,127,47,1267,637.329613,3382.236241,high_coverage,provisional
01390310,Brunna norra,Upplands-Bro,Stockholm,2026,2025,13.174977351147756,6.65514261019879,305,77,23,1157,247.128273,1875.739642,high_coverage,provisional
01390311,Brunna södra,Upplands-Bro,Stockholm,2026,2025,15.916529843578152,5.349048050770626,321,59,28,1103,213.300184,1340.117388,high_coverage,provisional
01390312,Tibble norra,Upplands-Bro,Stockholm,2026,2025,21.079255300633264,10.00981354268891,399,102,33,1019,290.778302,1379.452442,high_coverage,provisional
01390313,Korsängen,Upplands-Bro,Stockholm,2026,2025,22.338678050416053,7.743547044129892,395,93,38,1201,415.856441,1861.598256,high_coverage,provisional
01390512,Håtuna-Håbo-Tibble,Upplands-Bro,Stockholm,2026,2025,3.9325617104139607,2.6816608996539792,198,31,33,1156,69.990075,1779.757831,high_coverage,provisional
01400136,Turinge,Nykvarn,Stockholm,2026,2025,3.931740679594934,2.0695364238410594,252,25,45,1208,83.276433,2118.055075,high_coverage,provisional
01400137,Gammeltorp-Hökmossen,Nykvarn,Stockholm,2026,2025,9.402457248489759,1.655867530597552,309,23,57,1389,293.382361,3120.273278,high_coverage,provisional
01400138,Stensborg-Brokvarn,Nykvarn,Stockholm,2026,2025,10.148692697692143,3.616484440706476,251,43,34,1189,229.816263,2264.491298,high_coverage,provisional
01400139,Lillhaga-Sandtorp,Nykvarn,Stockholm,2026,2025,4.675917687716343,2.781844802342606,277,38,49,1366,98.438601,2105.225275,high_coverage,provisional
01400140,Nykvarn centrum,Nykvarn,Stockholm,2026,2025,8.50034508995472,5.7330827067669174,299,61,21,1064,71.135254,836.851366,high_coverage,provisional
01400234,Taxinge,Nykvarn,Stockholm,2026,2025,2.986719466569497,3.015873015873016,201,38,44,1260,57.920984,1939.284377,high_coverage,provisional
01600101,1 Täby kyrkby,Täby,Stockholm,2026,2025,9.179392618797289,2.907488986784141,171,33,67,1135,167.370461,1823.328274,high_coverage,provisional
01600102,2 Runborg,Täby,Stockholm,2026,2025,7.157593378083674,1.7741935483870968,224,22,98,1240,138.99947,1941.986121,high_coverage,provisional
01600103,3 Byle,Täby,Stockholm,2026,2025,7.4012803677648025,1.646090534979424,242,24,67,1458,180.00078,2432.022178,high_coverage,provisional
01600104,4 Midgård,Täby,Stockholm,2026,2025,8.533685470509681,2.5677603423680457,300,36,99,1402,180.99423,2120.93861,high_coverage,provisional
01600105,5 Vallatorp södra,Täby,Stockholm,2026,2025,10.079341037055835,2.245508982035928,204,30,39,1336,207.56649,2059.325994,high_coverage,provisional
01600106,6 Vallatorp norra,Täby,Stockholm,2026,2025,7.663885174465064,1.7415215398716775,205,19,42,1091,132.037691,1722.85581,high_coverage,provisional
01600107,7 Visinge,Täby,Stockholm,2026,2025,9.629818883757311,3.433922996878252,159,33,55,961,151.060337,1568.67267,high_coverage,provisional
01600108,8 Erikslund m.fl.,Täby,Stockholm,2026,2025,9.13676328140845,2.2325581395348837,202,24,59,1075,163.001481,1784.017775,high_coverage,provisional
01600109,9 Skarpäng norra,Täby,Stockholm,2026,2025,6.9319340970441585,1.5373864430468205,213,22,58,1431,154.936361,2235.110127,high_coverage,provisional
01600110,10 Ella park,Täby,Stockholm,2026,2025,9.136670013997815,1.5859766277128549,152,19,37,1198,214.040601,2342.654388,high_coverage,provisional
01600111,"11 Ensta, Kullagränd",Täby,Stockholm,2026,2025,11.213639523271274,2.931854199683043,214,37,69,1262,231.002984,2060.017923,high_coverage,provisional
01600112,12 Skarpäng södra,Täby,Stockholm,2026,2025,5.270302327341058,1.4314928425357873,146,14,46,978,77.978249,1479.578289,high_coverage,provisional
01600113,13 Ella gård västra,Täby,Stockholm,2026,2025,6.191278752127586,1.8041237113402062,179,21,57,1164,111.998526,1808.972435,high_coverage,provisional
01600114,14 Ella gård norra,Täby,Stockholm,2026,2025,8.220529458618335,2.4807527801539777,182,29,68,1169,143.288174,1743.052862,high_coverage,provisional
01600115,15 Roslags-Näsby norra,Täby,Stockholm,2026,2025,11.158047886728061,2.4114544084400906,214,32,53,1327,202.086879,1811.131132,high_coverage,provisional
01600116,16 Storstugan,Täby,Stockholm,2026,2025,15.88368474182703,3.401360544217687,205,25,33,735,122.127366,768.885608,high_coverage,provisional
01600117,17 Åkerbyvägen,Täby,Stockholm,2026,2025,13.603366753913665,5.405405405405405,287,64,61,1184,271.726033,1997.491047,high_coverage,provisional
01600118,18 Marknadsvägen,Täby,Stockholm,2026,2025,18.16457008835027,6.231454005934718,254,63,58,1011,316.998982,1745.149929,high_coverage,provisional
01600119,19 Täby centrum,Täby,Stockholm,2026,2025,15.880699508984156,3.0197444831591174,156,26,26,861,276.061431,1738.345536,high_coverage,provisional
01600120,20 Näsbydal,Täby,Stockholm,2026,2025,14.53761307725239,4.4548651817116065,200,38,57,853,198.666748,1366.570612,high_coverage,provisional
01600121,21 Grindtorp södra,Täby,Stockholm,2026,2025,19.599091523764578,6.037735849056604,226,48,32,795,255.371301,1302.975195,high_coverage,provisional
01600122,22 Roslags-Näsby södra,Täby,Stockholm,2026,2025,10.73211137760823,3.576982892690513,228,46,62,1286,283.208332,2638.887373,high_coverage,provisional
01600223,23 Löttingelund,Täby,Stockholm,2026,2025,12.412657959923033,2.37467018469657,117,18,34,758,56.75459,457.231563,high_coverage,provisional
01600224,"24 Arninge, Ullna norra",Täby,Stockholm,2026,2025,21.834391127320707,5.526992287917738,146,43,20,778,375.893833,1721.567736,high_coverage,provisional
01600225,25 Gribbylund norra,Täby,Stockholm,2026,2025,8.872767389166214,2.7586206896551726,200,36,62,1305,166.596994,1877.621566,high_coverage,provisional
01600226,"26 Arninge, Ullna södra",Täby,Stockholm,2026,2025,17.799289025776627,6.533575317604356,122,36,19,551,337.09756,1893.882163,high_coverage,provisional
01600227,"27 Gribbylund västra, Myrängen",Täby,Stockholm,2026,2025,9.205769310012053,2.0157756354075373,200,23,62,1141,183.321093,1991.371789,high_coverage,provisional
01600228,28 Gribbylunds centrum,Täby,Stockholm,2026,2025,25.71107509015964,7.713125845737483,218,57,35,739,359.007159,1396.313292,high_coverage,provisional
01600229,29 Gribbylund södra,Täby,Stockholm,2026,2025,7.411731753033183,2.1844660194174756,233,27,58,1236,144.00392,1942.91867,high_coverage,provisional
01600230,30 Grindtorp norra,Täby,Stockholm,2026,2025,14.402958245429007,3.166023166023166,310,41,68,1295,201.972432,1402.298254,high_coverage,provisional
01600231,"31 Täby park, Månstenen, m.fl.",Täby,Stockholm,2026,2025,16.552211403542447,4.768583450210379,116,34,34,713,375.808114,2270.440516,high_coverage,provisional
01600232,"32 Täby park, Smaragden m.fl.",Täby,Stockholm,2026,2025,16.916910242290662,4.160475482912333,141,28,33,673,94.040741,555.897854,high_coverage,provisional
01600233,"33 Täby park, Bergskristallen, m.fl.",Täby,Stockholm,2026,2025,16.12645084531959,5.740181268882175,208,57,44,993,218.093556,1352.396495,high_coverage,provisional
01600234,34 Viggbyholm västra,Täby,Stockholm,2026,2025,9.766763855619926,4.61361014994233,199,40,38,867,128.114075,1311.735155,high_coverage,provisional
01600235,35 Viggbyholm norra,Täby,Stockholm,2026,2025,5.6773692454561235,1.5347334410339257,168,19,67,1238,109.007739,1920.039622,high_coverage,provisional
01600236,36 Hägernäs norra,Täby,Stockholm,2026,2025,18.265830485126795,8.963815789473685,299,109,84,1216,374.958988,2052.789159,high_coverage,provisional
01600237,"37 Lahäll, Näsbygård",Täby,Stockholm,2026,2025,5.223381241282765,2.142857142857143,129,27,59,1260,79.217746,1516.598968,high_coverage,provisional
01600238,38 Norskogen m.fl.,Täby,Stockholm,2026,2025,20.492982482647893,7.148530579825258,242,90,59,1259,504.142622,2460.07443,high_coverage,provisional
01600239,39 Näsbyparks centrum,Täby,Stockholm,2026,2025,7.902575584439431,2.675059008654603,192,34,67,1271,135.888299,1719.544439,high_coverage,provisional
01600240,40 Näsbypark östra,Täby,Stockholm,2026,2025,7.4510417483462135,1.3605442176870748,93,16,38,1176,152.702314,2049.408917,high_coverage,provisional
01600241,41 Viggbyholm sydväst,Täby,Stockholm,2026,2025,7.7131750273172175,1.6835016835016836,111,15,30,891,110.023752,1426.439198,high_coverage,provisional
01600242,42 Viggbyholm sydöst,Täby,Stockholm,2026,2025,9.124454887058677,3.022974607013301,129,25,33,827,72.709098,796.859636,high_coverage,provisional
01600243,43 Hägernäs södra,Täby,Stockholm,2026,2025,14.497836840084497,2.358490566037736,231,30,50,1272,329.395422,2272.031515,high_coverage,provisional
01600244,44 Näsbypark västra,Täby,Stockholm,2026,2025,4.379741639889274,1.6319129646418857,117,18,59,1103,95.346877,2176.997751,high_coverage,provisional
01600245,45 Näsby slott,Täby,Stockholm,2026,2025,4.549811589485681,0.4681647940074906,83,5,20,1068,66.312689,1457.482089,high_coverage,provisional
01620101,Gamla Enebyberg,Danderyd,Stockholm,2026,2025,5.543195663059758,1.1743450767841013,110,13,36,1107,98.000929,1767.950023,high_coverage,provisional
01620102,Sätra Äng,Danderyd,Stockholm,2026,2025,8.301441175681921,2.821011673151751,122,29,47,1028,133.762661,1611.318543,high_coverage,provisional
01620103,Klingsta,Danderyd,Stockholm,2026,2025,7.592201375118177,1.834061135371179,114,21,53,1145,140.000728,1844.007042,high_coverage,provisional
01620104,Kevinge Strand-Charlottenberg,Danderyd,Stockholm,2026,2025,7.142964375425687,2.496217851739788,215,33,68,1322,111.993624,1567.887198,high_coverage,provisional
01620105,Kevinge-Mörbyskogen,Danderyd,Stockholm,2026,2025,12.036372857946036,3.8567493112947657,198,42,83,1089,197.994378,1644.967137,high_coverage,provisional
01620106,Berga-Rinkeby,Danderyd,Stockholm,2026,2025,12.022605453910696,5.873015873015873,195,74,54,1260,254.998761,2120.994172,high_coverage,provisional
01620107,Mörby,Danderyd,Stockholm,2026,2025,11.493016170568373,2.4707412223667102,132,19,41,769,117.009867,1018.095383,high_coverage,provisional
01620108,Nora,Danderyd,Stockholm,2026,2025,5.701187883923922,1.3392857142857142,91,15,46,1120,100.672246,1765.811758,high_coverage,provisional
01620109,Anneberg,Danderyd,Stockholm,2026,2025,7.649757792509203,1.6608391608391608,133,19,49,1144,137.990809,1803.858537,high_coverage,provisional
01620110,Norra Djursholm,Danderyd,Stockholm,2026,2025,9.386674192859491,1.2935323383084578,61,13,26,1005,150.002012,1598.031517,high_coverage,provisional
01620111,Mellersta Djursholm,Danderyd,Stockholm,2026,2025,4.347844794716225,0.8839779005524862,44,8,15,905,56.000375,1288.003083,high_coverage,provisional
01620112,Djursholms Ekeby,Danderyd,Stockholm,2026,2025,9.265873156455699,2.151639344262295,88,21,58,976,143.996106,1554.047887,high_coverage,provisional
01620113,Långängen-Tranholmen,Danderyd,Stockholm,2026,2025,6.1111067238314005,2.357207615593835,87,26,52,1103,110.001575,1800.027065,high_coverage,provisional
01620114,Stocksund,Danderyd,Stockholm,2026,2025,7.474369078330258,2.109300095877277,90,22,37,1043,123.995222,1658.938978,high_coverage,provisional
01620115,Svalnäs,Danderyd,Stockholm,2026,2025,7.209002965837875,0.5230125523012552,51,5,14,956,100.998305,1401.002406,high_coverage,provisional
01620116,Södra Djursholm,Danderyd,Stockholm,2026,2025,4.188103926539758,0.21645021645021645,37,2,10,924,57.000041,1360.998724,high_coverage,provisional
01620117,Djursholms Ösby,Danderyd,Stockholm,2026,2025,5.599504313980048,0.2918287937743191,60,3,30,1028,84.999642,1517.985115,high_coverage,provisional
01620118,Sikreno,Danderyd,Stockholm,2026,2025,5.601971536112867,1.387604070305273,83,15,45,1081,94.000105,1677.982553,high_coverage,provisional
01620119,Inverness,Danderyd,Stockholm,2026,2025,19.201973308748734,8.923643054277829,218,97,58,1087,337.003423,1755.045784,high_coverage,provisional
01620120,Västra Enebyberg,Danderyd,Stockholm,2026,2025,5.267357347283618,0.5046257359125316,165,6,51,1189,93.045012,1766.445788,high_coverage,provisional
01630110,10 Mellersta Rotebro,Sollentuna,Stockholm,2026,2025,12.829066826181846,4.9010367577756835,284,52,72,1061,220.992822,1722.594675,high_coverage,provisional
01630111,11 Gillbo-Gillberga,Sollentuna,Stockholm,2026,2025,7.299401647950065,3.3391915641476273,257,38,93,1138,129.615239,1775.696766,high_coverage,provisional
01630112,12 Södra Rotebro,Sollentuna,Stockholm,2026,2025,33.51826626580568,15.620641562064156,260,112,30,717,502.456575,1499.052997,high_coverage,provisional
01630113,13 Rotsunda,Sollentuna,Stockholm,2026,2025,35.90964628924064,14.383561643835616,142,63,25,438,353.242486,983.698038,high_coverage,provisional
01630114,14 Rotsunda gård,Sollentuna,Stockholm,2026,2025,26.4008066915559,10.06993006993007,201,72,25,715,338.411681,1281.82326,high_coverage,provisional
01630115,15 Rotsunda strand,Sollentuna,Stockholm,2026,2025,21.192428544100107,9.078947368421053,241,69,23,760,304.565099,1437.141092,high_coverage,provisional
01630121,21 Södra Viby,Sollentuna,Stockholm,2026,2025,6.885919708913934,2.1514629948364887,223,25,90,1162,123.327327,1791.007334,high_coverage,provisional
01630122,22 Norra Viby,Sollentuna,Stockholm,2026,2025,8.304307166933198,3.4653465346534653,314,42,92,1212,165.285597,1990.359866,high_coverage,provisional
01630123,23 Östra Viby,Sollentuna,Stockholm,2026,2025,11.42028209065044,2.816901408450704,269,28,70,994,187.151511,1638.764345,high_coverage,provisional
01630131,31 Norra Norrviken,Sollentuna,Stockholm,2026,2025,13.016762337514399,6.2132661628883294,341,74,94,1191,257.685936,1979.64693,high_coverage,provisional
01630132,32 Södra Norrviken,Sollentuna,Stockholm,2026,2025,11.621116304492128,4.05040504050405,255,45,69,1111,202.596415,1743.34728,high_coverage,provisional
01630140,40 Norra Väsjön,Sollentuna,Stockholm,2026,2025,13.874771349845057,9.166666666666666,110,44,33,480,133.92149,965.215834,high_coverage,provisional
01630141,41 Södra Väsjön,Sollentuna,Stockholm,2026,2025,22.219193541834887,7.125603864734299,209,59,38,828,682.529972,3071.803532,high_coverage,provisional
01630142,42 Edsängen-Solängen,Sollentuna,Stockholm,2026,2025,16.756383202464416,3.9682539682539684,265,45,79,1134,132.056679,788.09775,high_coverage,provisional
01630143,43 Tunberget,Sollentuna,Stockholm,2026,2025,17.715084205705686,5.811138014527845,187,48,58,826,249.531979,1408.584775,high_coverage,provisional
01630151,51 Östra Häggvik,Sollentuna,Stockholm,2026,2025,17.199507710910094,5.7057057057057055,278,57,70,999,328.044051,1907.287444,high_coverage,provisional
01630152,52 Västra Häggvik,Sollentuna,Stockholm,2026,2025,24.254233083820676,8.302919708029197,356,91,64,1096,334.911481,1380.837233,high_coverage,provisional
01630153,53 Skälby-Edsbacka,Sollentuna,Stockholm,2026,2025,18.436627457684576,4.295051353874883,261,46,98,1071,305.159325,1655.179754,high_coverage,provisional
01630154,54 Nytorp,Sollentuna,Stockholm,2026,2025,12.748805858412,5.817452357071214,222,58,62,997,306.910673,2407.368003,high_coverage,provisional
01630155,55 Södra Häggvik-Ängstorp,Sollentuna,Stockholm,2026,2025,21.542040898385405,13.363533408833522,232,118,78,883,591.009219,2743.515444,high_coverage,provisional
01630156,56 Hersby-Skansen,Sollentuna,Stockholm,2026,2025,12.654017795209905,3.285968028419183,181,37,51,1126,128.355495,1014.345776,high_coverage,provisional
01630157,57 Sollentuna centrum,Sollentuna,Stockholm,2026,2025,17.689190229417754,8.366935483870968,295,83,46,992,273.0996,1543.878473,high_coverage,provisional
01630160,60 Östra Edsberg,Sollentuna,Stockholm,2026,2025,38.458596743737054,19.932810750279955,375,178,27,893,633.278131,1646.649084,high_coverage,provisional
01630161,61 Edsbergs centrum,Sollentuna,Stockholm,2026,2025,30.52204785247003,14.814814814814815,275,120,47,810,566.647555,1856.518795,high_coverage,provisional
01630162,62 Västra Edsberg,Sollentuna,Stockholm,2026,2025,33.48722104164131,17.964071856287426,368,180,51,1002,576.751496,1722.303249,high_coverage,provisional
01630164,64 Norra Landsnora,Sollentuna,Stockholm,2026,2025,27.226183728275256,9.035409035409035,262,74,71,819,429.235955,1576.555713,high_coverage,provisional
01630165,65 Edsbacka-Edsängen,Sollentuna,Stockholm,2026,2025,22.900276202743658,12.280701754385966,196,84,56,684,328.384543,1433.976342,high_coverage,provisional
01630170,70 Södra Töjnan,Sollentuna,Stockholm,2026,2025,21.2235567540981,8.006814310051107,300,94,65,1174,455.651944,2146.916039,high_coverage,provisional
01630171,71 Norra Töjnan,Sollentuna,Stockholm,2026,2025,16.613978306145384,5.731922398589065,301,65,58,1134,308.478108,1856.738358,high_coverage,provisional
01630172,72 Knista,Sollentuna,Stockholm,2026,2025,24.492745471148236,11.834961997828447,268,109,47,921,380.286048,1552.647695,high_coverage,provisional
01630173,73 Östra Bagarby,Sollentuna,Stockholm,2026,2025,47.20094438492927,23.66148531951641,218,137,29,579,651.734891,1380.766634,high_coverage,provisional
01630174,74 Västra Bagarby,Sollentuna,Stockholm,2026,2025,42.873533742818154,21.446700507614214,353,169,29,788,824.35226,1922.753242,high_coverage,provisional
01630175,75 Fågelsången,Sollentuna,Stockholm,2026,2025,14.168931037934865,4.0126715945089755,214,38,56,947,228.444061,1612.288608,high_coverage,provisional
01630178,78 Norra Bagarby,Sollentuna,Stockholm,2026,2025,24.957927848004893,11.618669314796424,349,117,51,1007,465.326165,1864.442304,high_coverage,provisional
01630179,79 Mellersta Bagarby,Sollentuna,Stockholm,2026,2025,46.807264153716176,29.84822934232715,247,177,16,593,683.775377,1460.831752,high_coverage,provisional
01630180,80 Södra Landsnora Falkberget,Sollentuna,Stockholm,2026,2025,15.841304165578265,2.1863117870722433,175,23,53,1052,306.495624,1934.787823,high_coverage,provisional
01630181,81 Västra Sjöberg,Sollentuna,Stockholm,2026,2025,11.95930868631097,3.3444816053511706,179,30,70,897,231.234988,1933.514671,high_coverage,provisional
01630182,82 Östra Sjöberg,Sollentuna,Stockholm,2026,2025,16.774513451942298,5.6353591160221,170,51,56,905,234.784421,1399.649663,high_coverage,provisional
01630183,83 Kärrdal,Sollentuna,Stockholm,2026,2025,17.670153170292302,6.966773847802787,237,65,71,933,135.462029,766.614911,high_coverage,provisional
01630190,90 Tegelhagen,Sollentuna,Stockholm,2026,2025,7.970533384906548,3.9904229848363926,276,50,123,1253,111.163644,1394.682622,high_coverage,provisional
01630191,91 Eriksberg,Sollentuna,Stockholm,2026,2025,16.972479924535435,8.075772681954138,219,81,71,1003,340.130772,2004.0134,high_coverage,provisional
01630192,92 Helenelunds centrum,Sollentuna,Stockholm,2026,2025,34.26487365362396,15.084388185654008,315,143,55,948,938.662817,2739.431718,high_coverage,provisional
01630193,93 Norra Silverdal,Sollentuna,Stockholm,2026,2025,11.465380776038165,3.2416502946954813,202,33,45,1018,164.947424,1438.65631,high_coverage,provisional
01630194,94 Edsviken,Sollentuna,Stockholm,2026,2025,5.420926346049587,1.4649190439475712,136,19,56,1297,89.545814,1651.854467,high_coverage,provisional
01630195,95 Södra Silverdal,Sollentuna,Stockholm,2026,2025,13.615444278579716,2.845528455284553,197,28,59,984,284.307896,2088.127939,high_coverage,provisional
01630196,96 Kummelby,Sollentuna,Stockholm,2026,2025,13.128164655928062,3.347639484978541,227,39,79,1165,249.717606,1902.151691,high_coverage,provisional
01800101,Domkyrko 1 Gamla stan inre,Stockholm,Stockholm,2026,2025,5.533914645038375,7.670720299345183,239,82,146,1069,78.746372,1422.977712,high_coverage,provisional
01800102,Domkyrko 2 Gamla stan yttre,Stockholm,Stockholm,2026,2025,7.03766361947704,7.9962370649106305,214,85,118,1063,131.076092,1862.494417,high_coverage,provisional
01800103,Domkyrko 3 Norrmalm nedre,Stockholm,Stockholm,2026,2025,13.640302640386567,6.45848119233499,295,91,115,1409,340.898924,2499.203522,high_coverage,provisional
01800401,Johannes 1 Johannes S,Stockholm,Stockholm,2026,2025,8.757752042749946,3.229665071770335,162,27,49,836,122.986709,1404.318236,high_coverage,provisional
01800402,Johannes 2 Vanadislunden SÖ,Stockholm,Stockholm,2026,2025,7.655856039628725,5.6835637480798775,259,74,103,1302,131.461107,1717.131387,high_coverage,provisional
01800403,Johannes 3 Norrmalm N,Stockholm,Stockholm,2026,2025,7.8939140079497285,4.873646209386282,213,54,84,1108,112.428518,1424.243004,high_coverage,provisional
01800404,Johannes 4 Vanadislunden SV,Stockholm,Stockholm,2026,2025,7.7773844967516625,5.376344086021505,244,70,92,1302,152.601153,1962.114038,high_coverage,provisional
01800405,Johannes 5 Monica Zetterlunds Park,Stockholm,Stockholm,2026,2025,6.915390976493496,2.204724409448819,189,28,78,1270,121.081788,1750.902999,high_coverage,provisional
01800406,Johannes 6 Vanadislunden Ö,Stockholm,Stockholm,2026,2025,8.76005061120157,3.076923076923077,188,36,88,1170,141.981108,1620.77954,high_coverage,provisional
01800407,Johannes 7 Vanadislunden N,Stockholm,Stockholm,2026,2025,18.00311569662781,4.666666666666667,152,42,73,900,297.15152,1650.556076,high_coverage,provisional
01800408,Johannes 8 Karl Staafs Park,Stockholm,Stockholm,2026,2025,8.691071510979548,5.691056910569106,95,35,28,615,60.30833,693.911331,high_coverage,provisional
01800501,Adolf Fredrik 1 Tegnérlunden V,Stockholm,Stockholm,2026,2025,8.143527333469475,4.827586206896552,154,49,74,1015,118.001909,1449.02699,high_coverage,provisional
01800502,Adolf Fredrik 2 Rådmansgatan mfl,Stockholm,Stockholm,2026,2025,11.11771022721874,5.663716814159292,203,64,64,1130,186.996667,1681.971046,high_coverage,provisional
01800503,Adolf Fredrik 3 Kv Grönlandet mfl,Stockholm,Stockholm,2026,2025,10.392898690783749,3.672316384180791,180,39,76,1062,163.998906,1577.990038,high_coverage,provisional
01800504,Adolf Fredrik 4 Norra Bantorget,Stockholm,Stockholm,2026,2025,10.313666848614565,4.334677419354839,210,43,64,992,144.969489,1405.605699,high_coverage,provisional
01800505,Adolf Fredrik 5 Spökparken,Stockholm,Stockholm,2026,2025,8.053196423175093,3.982300884955752,156,36,61,904,102.999575,1278.989976,high_coverage,provisional
01800506,Adolf Fredrik 6 Tegnérlunden S,Stockholm,Stockholm,2026,2025,9.534460283292704,6.7085953878406706,199,64,85,954,129.005498,1353.044579,high_coverage,provisional
01800601,Gustav Vasa 1 Sabbatsberg,Stockholm,Stockholm,2026,2025,8.318091599894364,8.257638315441783,286,100,107,1211,152.801127,1836.973363,high_coverage,provisional
01800602,Gustav Vasa 2 Luntmakarg. N mfl,Stockholm,Stockholm,2026,2025,7.804574086461569,4.031551270815075,189,46,58,1141,122.998527,1575.980004,high_coverage,provisional
01800603,Gustav Vasa 3 Kv Riddarsporren mfl,Stockholm,Stockholm,2026,2025,8.318979402661794,4.024297646165528,292,53,118,1317,153.42073,1844.225386,high_coverage,provisional
01800604,Gustav Vasa 4 Observatorielunden,Stockholm,Stockholm,2026,2025,7.640894211296218,4.61121157323689,218,51,89,1106,139.602111,1827.038919,high_coverage,provisional
01800605,Gustav Vasa 5 Odenplan V,Stockholm,Stockholm,2026,2025,8.289076454845334,4.83271375464684,221,52,85,1076,125.000198,1508.01116,high_coverage,provisional
01800606,Gustav Vasa 6 Atlasområdet,Stockholm,Stockholm,2026,2025,5.766961091389355,6.185567010309279,278,84,112,1358,98.942048,1715.670462,high_coverage,provisional
01800607,Gustav Vasa 7 A. Lindgrens terrass,Stockholm,Stockholm,2026,2025,7.128866122814127,3.996282527881041,187,43,95,1076,108.998152,1528.968985,high_coverage,provisional
01800608,Gustav Vasa 8 Kv Nejlikan mfl,Stockholm,Stockholm,2026,2025,5.875107894470283,2.5662959794696323,219,30,74,1169,97.276544,1655.740554,high_coverage,provisional
01800609,Gustav Vasa 9 Odenplan NV,Stockholm,Stockholm,2026,2025,6.867819251025546,3.4837688044338875,219,44,80,1263,108.60126,1581.306322,high_coverage,provisional
01800701,Matteus 1 Vanadislunden V,Stockholm,Stockholm,2026,2025,8.064575863101936,4.945054945054945,269,72,108,1456,164.955794,2045.436695,high_coverage,provisional
01800702,Matteus 2 Enkehusparken,Stockholm,Stockholm,2026,2025,6.276009227949673,4.235294117647059,237,54,94,1275,120.911881,1926.572709,high_coverage,provisional
01800703,Matteus 3 Vanadisplan SÖ,Stockholm,Stockholm,2026,2025,6.0994715892342475,4.470359572400389,219,46,78,1029,73.039107,1197.46614,high_coverage,provisional
01800704,Matteus 4 Kv Sleipner-Midgård,Stockholm,Stockholm,2026,2025,5.725060971332258,2.806122448979592,189,33,79,1176,74.983796,1309.74668,high_coverage,provisional
01800705,Matteus 5 S:t Eriksparken,Stockholm,Stockholm,2026,2025,6.244524917397199,5.301645338208409,252,58,112,1094,100.506322,1609.511105,high_coverage,provisional
01800706,Matteus 6 Norra station V,Stockholm,Stockholm,2026,2025,15.443208712241862,3.8461538461538463,226,39,68,1014,398.365526,2579.551526,high_coverage,provisional
01800707,Matteus 7 Röda bergen Ö,Stockholm,Stockholm,2026,2025,8.800352964256767,4.3577981651376145,216,57,78,1308,164.789409,1872.531814,high_coverage,provisional
01800708,Matteus 8 Röda bergen V,Stockholm,Stockholm,2026,2025,8.06257222205555,4.938271604938271,259,60,108,1215,127.246266,1578.234123,high_coverage,provisional
01800709,Matteus 9 Gästrikegatan mfl,Stockholm,Stockholm,2026,2025,6.036852443390137,3.568929321203639,244,51,108,1429,119.533017,1980.055304,high_coverage,provisional
01800710,Matteus 10 Hälsingehöjden,Stockholm,Stockholm,2026,2025,7.293408968919718,3.2367972742759794,186,38,67,1174,122.074555,1673.765389,high_coverage,provisional
01800711,Matteus 11 S:t Eriksplan,Stockholm,Stockholm,2026,2025,7.194761567949829,4.481327800829876,185,54,82,1205,120.581785,1675.96638,high_coverage,provisional
01800712,Matteus 12 Birkastan Ö,Stockholm,Stockholm,2026,2025,4.846487151008937,3.2554257095158596,163,39,79,1198,75.237158,1552.406014,high_coverage,provisional
01800713,Matteus 13 Rörstrand,Stockholm,Stockholm,2026,2025,6.027397259523362,4.562043795620438,175,50,72,1096,87.999844,1459.997412,high_coverage,provisional
01800714,Matteus 14 Birkastan S,Stockholm,Stockholm,2026,2025,5.239617335526699,4.58477508650519,219,53,88,1156,81.999762,1564.995242,high_coverage,provisional
01800715,Matteus 15 Karlberg,Stockholm,Stockholm,2026,2025,5.483920701789473,3.8983050847457625,203,46,105,1180,84.935644,1548.812403,high_coverage,provisional
01800716,Matteus 16 Birkastan V,Stockholm,Stockholm,2026,2025,5.225067437173452,3.0402629416598193,224,37,102,1217,86.070052,1647.252462,high_coverage,provisional
01800717,Matteus 17 Norrbackatäppan,Stockholm,Stockholm,2026,2025,12.573391315576199,7.631318136769078,219,77,103,1009,177.076377,1408.342209,high_coverage,provisional
01800718,Matteus 18 Norrtull,Stockholm,Stockholm,2026,2025,6.671414545974524,4.033613445378151,235,48,106,1190,121.682594,1823.939933,high_coverage,provisional
01800719,Matteus 19 Gävlegatan mfl,Stockholm,Stockholm,2026,2025,7.398658254541368,5.296950240770466,255,66,115,1246,125.73412,1699.417863,high_coverage,provisional
01800720,Matteus 20 Torsplan,Stockholm,Stockholm,2026,2025,15.200500865597371,3.8461538461538463,207,41,34,1066,88.710013,583.599276,high_coverage,provisional
01800721,Matteus 21 Norra station N,Stockholm,Stockholm,2026,2025,12.430123965448395,5.575326215895611,176,47,46,843,214.073184,1722.212784,high_coverage,provisional
01800901,Engelbrekt 1 Humlegården,Stockholm,Stockholm,2026,2025,6.4677810180678,2.2222222222222223,123,28,38,1260,116.368453,1799.202117,high_coverage,provisional
01800902,Engelbrekt 2 Engelbrektsgatan mfl,Stockholm,Stockholm,2026,2025,5.418075411844141,1.5772870662460567,130,20,55,1268,94.298504,1740.442811,high_coverage,provisional
01800903,Engelbrekt 3 Östra station,Stockholm,Stockholm,2026,2025,46.3692415805942,7.331730769230769,169,61,74,832,1381.427888,2979.190172,high_coverage,provisional
01800904,Engelbrekt 4 Villastaden,Stockholm,Stockholm,2026,2025,6.423990827434724,2.1756021756021755,119,28,43,1287,112.7358,1754.918446,high_coverage,provisional
01800905,Engelbrekt 5 Eriksberg,Stockholm,Stockholm,2026,2025,6.553426279081959,1.9504876219054763,124,26,45,1333,115.727591,1765.90971,high_coverage,provisional
01800906,Engelbrekt 6 Lärkstan,Stockholm,Stockholm,2026,2025,6.669620682025844,1.6551724137931034,125,24,65,1450,145.319005,2178.819635,high_coverage,provisional
01800907,Engelbrekt 7 Kv Trasten mfl,Stockholm,Stockholm,2026,2025,8.32541724633491,2.983539094650206,138,29,48,972,117.647724,1413.115049,high_coverage,provisional
01800908,Engelbrekt 8 Roslagstull,Stockholm,Stockholm,2026,2025,15.135993912905821,10.899182561307901,248,120,150,1101,359.487398,2375.049832,high_coverage,provisional
01800909,Engelbrekt 9 Hjorthagen C,Stockholm,Stockholm,2026,2025,7.158408321308768,8.380952380952381,239,88,164,1050,106.867036,1492.88824,high_coverage,provisional
01800910,Engelbrekt 10 Hjorthagen V-Värtahamn,Stockholm,Stockholm,2026,2025,6.405856939578323,6.480117820324006,134,44,72,679,69.452604,1084.204731,high_coverage,provisional
01800911,Engelbrekt 11 Lappkärrsberget V,Stockholm,Stockholm,2026,2025,47.572819665511666,15.777262180974478,100,68,66,431,398.426612,837.508928,high_coverage,provisional
01800912,Engelbrekt 12 Ekhagen-Frescati,Stockholm,Stockholm,2026,2025,24.5254021968989,7.452574525745257,169,55,139,738,573.75886,2339.447302,high_coverage,provisional
01800913,Engelbrekt 13 Kv Beckasinen mfl,Stockholm,Stockholm,2026,2025,8.449590293692298,4.5822102425876015,171,51,73,1113,126.768724,1500.294329,high_coverage,provisional
01800914,Engelbrekt 14 Husarviken,Stockholm,Stockholm,2026,2025,7.7369125421929255,4.6875,147,48,84,1024,103.085285,1332.38271,high_coverage,provisional
01800915,Engelbrekt 15 Storängstorget,Stockholm,Stockholm,2026,2025,8.209162024547021,4.565408252853381,214,52,118,1139,150.027824,1827.565634,high_coverage,provisional
01800916,Engelbrekt 16 Stålklockan,Stockholm,Stockholm,2026,2025,6.999634681661436,5.022421524663677,218,56,88,1115,137.515128,1964.604358,high_coverage,provisional
01800917,Engelbrekt 17 Körsbärsvägen mfl,Stockholm,Stockholm,2026,2025,17.731864586365106,10.377358490566039,289,121,125,1166,176.332923,994.440952,high_coverage,provisional
01800918,Engelbrekt 18 Gasklockorna,Stockholm,Stockholm,2026,2025,6.724153641031296,3.9014373716632442,186,38,87,974,116.085727,1726.399086,high_coverage,provisional
01800919,Engelbrekt 19 Lappkärrsberget Ö,Stockholm,Stockholm,2026,2025,48.362072645827,21.095890410958905,78,77,65,365,780.651856,1614.181968,high_coverage,provisional
01801001,Hedvig Eleonora 1 Kv Rådjuret mfl,Stockholm,Stockholm,2026,2025,7.368417034945754,2.422145328719723,91,28,41,1156,118.997339,1614.964767,high_coverage,provisional
01801002,Hedvig Eleonora 2 Kv Bävern mfl,Stockholm,Stockholm,2026,2025,6.312290133597388,1.3195098963242224,93,14,46,1061,94.997166,1504.955634,high_coverage,provisional
01801003,Hedvig Eleonora 3 Kv Ynglingen mfl,Stockholm,Stockholm,2026,2025,6.250010861951097,2.5614754098360657,117,25,36,976,83.002037,1328.030284,high_coverage,provisional
01801004,Hedvig Eleonora 4 Nybergsgatan mfl,Stockholm,Stockholm,2026,2025,5.317578209008426,1.256544502617801,76,12,35,955,71.998435,1353.970401,high_coverage,provisional
01801005,Hedvig Eleonora 5 Östermalmstorg,Stockholm,Stockholm,2026,2025,9.394837585876672,1.9101123595505618,78,17,35,890,118.001032,1256.019925,high_coverage,provisional
01801006,Hedvig Eleonora 6 Nybroplan,Stockholm,Stockholm,2026,2025,6.597932286650325,2.0793950850661624,110,22,42,1058,95.999496,1454.993653,high_coverage,provisional
01801007,Hedvig Eleonora 7 Tyskbagarområdet,Stockholm,Stockholm,2026,2025,5.560103114817653,2.8272251308900525,99,27,35,955,68.000761,1223.012588,high_coverage,provisional
01801008,Hedvig Eleonora 8 Kv Guldfisken mfl,Stockholm,Stockholm,2026,2025,6.671837669683646,1.5102481121898597,101,14,34,927,85.998402,1288.976235,high_coverage,provisional
01801101,Oscar 1 Djurgården,Stockholm,Stockholm,2026,2025,4.371722168840023,4.020979020979021,107,23,45,572,35.254919,806.430913,high_coverage,provisional
01801102,Oscar 2 Garnisionen-Diplomatstaden,Stockholm,Stockholm,2026,2025,5.67616704661876,1.0718113612004287,44,10,24,933,72.642238,1279.776254,high_coverage,provisional
01801103,Oscar 3 Strandvägen mellersta mfl,Stockholm,Stockholm,2026,2025,6.33911462021967,1.490066225165563,93,18,30,1208,107.003594,1687.989576,high_coverage,provisional
01801104,Oscar 4 Storgatan-Grevgatan mfl,Stockholm,Stockholm,2026,2025,5.011156900837033,1.7843289371605897,120,23,41,1289,90.000046,1795.993376,high_coverage,provisional
01801105,Oscar 5 Strandvägen Ö mfl,Stockholm,Stockholm,2026,2025,7.352063500890945,2.0276497695852536,84,22,40,1085,112.351968,1528.169173,high_coverage,provisional
01801106,Oscar 6 Karlaplan S,Stockholm,Stockholm,2026,2025,5.260218351492649,1.492537313432836,105,19,25,1273,92.998083,1767.951001,high_coverage,provisional
01801107,Oscar 7 Karlaplan V,Stockholm,Stockholm,2026,2025,6.7168367283952755,2.260327357755261,117,29,39,1283,115.99832,1726.978408,high_coverage,provisional
01801108,Oscar 8 Fältöversten mfl,Stockholm,Stockholm,2026,2025,5.396609928661441,2.0833333333333335,130,24,36,1152,83.000607,1538.013829,high_coverage,provisional
01801109,Oscar 9 Gustav Adolfsparken,Stockholm,Stockholm,2026,2025,5.396474275366793,1.3824884792626728,222,18,74,1302,97.94561,1814.992623,high_coverage,provisional
01801110,Oscar 10 Karlaplan N,Stockholm,Stockholm,2026,2025,4.679824228346658,1.9668737060041408,49,19,23,966,57.00074,1218.010276,high_coverage,provisional
01801111,Oscar 11 Starrängsringen S,Stockholm,Stockholm,2026,2025,6.72126938742847,2.6761819803746656,170,30,65,1121,80.299969,1194.714337,high_coverage,provisional
01801112,Oscar 12 Tessinparken V,Stockholm,Stockholm,2026,2025,3.803435867092685,3.2714412024756854,174,37,83,1131,56.526497,1486.195613,high_coverage,provisional
01801113,Oscar 13 Olaus Petris park mfl,Stockholm,Stockholm,2026,2025,4.927081047600765,3.397212543554007,189,39,82,1148,84.795381,1721.006417,high_coverage,provisional
01801114,Oscar 14 Tessinparken S,Stockholm,Stockholm,2026,2025,6.368770540051722,1.9113814074717637,145,22,77,1151,87.552565,1374.716901,high_coverage,provisional
01801115,Oscar 15 Tessinparken N,Stockholm,Stockholm,2026,2025,6.441913954436893,2.97790585975024,179,31,94,1041,87.575539,1359.464588,high_coverage,provisional
01801116,Oscar 16 Rindögatan mfl,Stockholm,Stockholm,2026,2025,5.263219404670727,3.7256562235393735,177,44,94,1181,79.000842,1500.998456,high_coverage,provisional
01801117,Oscar 17 Starrängsringen N,Stockholm,Stockholm,2026,2025,8.94943226480785,2.925531914893617,166,33,74,1128,168.197613,1879.422158,high_coverage,provisional
01801118,Oscar 18 Studentbacken mfl,Stockholm,Stockholm,2026,2025,14.941638814957365,6.557377049180328,151,64,66,976,243.951185,1632.693629,high_coverage,provisional
01801119,Oscar 19 Sandhamnsgatan N mfl,Stockholm,Stockholm,2026,2025,11.893736184943632,10.19047619047619,283,107,100,1050,195.411717,1642.980086,high_coverage,provisional
01801120,Oscar 20 Smedsbacken,Stockholm,Stockholm,2026,2025,7.45687960252829,4.396551724137931,206,51,82,1160,118.99525,1595.778078,high_coverage,provisional
01801121,Oscar 21 Ladugårdsgärdet,Stockholm,Stockholm,2026,2025,7.045600674521787,1.6304347826086956,122,15,41,920,155.77275,2210.922208,high_coverage,provisional
01801122,Oscar 22 Kampementsbacken mfl,Stockholm,Stockholm,2026,2025,6.7491623570743124,4.704944178628389,228,59,131,1254,139.433683,2065.940566,high_coverage,provisional
01801123,Oscar 23 Tessinparken Ö,Stockholm,Stockholm,2026,2025,6.651656808937139,1.9400352733686066,153,22,58,1134,117.9847,1773.764092,high_coverage,provisional
01801124,Oscar 24 Wittstocksgatan mfl,Stockholm,Stockholm,2026,2025,5.000002218196635,2.5064822817631804,108,29,48,1157,76.976979,1539.538897,high_coverage,provisional
01801125,Oscar 25 Öregrundsgatan mfl,Stockholm,Stockholm,2026,2025,7.031801102463521,6.598513011152416,193,71,99,1076,35.380844,503.154789,high_coverage,provisional
01801126,Oscar 26 Skeppargatan N mfl,Stockholm,Stockholm,2026,2025,4.91965206757361,1.7874875868917577,129,18,42,1007,57.812365,1175.131172,high_coverage,provisional
01801301,Maria 1 Ivar Lo:s park mfl,Stockholm,Stockholm,2026,2025,6.329187608287853,10.67463706233988,264,125,213,1171,96.118808,1518.659486,high_coverage,provisional
01801302,Maria 2 Mariaberget V,Stockholm,Stockholm,2026,2025,5.906322558911952,10.354477611940299,299,111,164,1072,86.999117,1472.982827,high_coverage,provisional
01801303,Maria 3 Mariatorget V,Stockholm,Stockholm,2026,2025,8.529595100736238,13.202247191011235,303,141,179,1068,133.958194,1570.510586,high_coverage,provisional
01801304,Maria 4 Bergsgruvan,Stockholm,Stockholm,2026,2025,6.19750187476911,12.131147540983607,360,148,230,1220,102.039477,1646.461414,high_coverage,provisional
01801305,Maria 5 Mariatorget S,Stockholm,Stockholm,2026,2025,5.488542896061359,11.238720262510254,314,137,201,1219,90.991673,1657.847533,high_coverage,provisional
01801306,Maria 6 Mariatorget C,Stockholm,Stockholm,2026,2025,4.523854877745904,9.46236559139785,271,88,139,930,57.001039,1260.010335,high_coverage,provisional
01801307,Maria 7 Skaraborgsgatan mfl,Stockholm,Stockholm,2026,2025,8.369081069947619,8.829174664107486,280,92,157,1042,117.067719,1398.812104,high_coverage,provisional
01801308,Maria 8 Södra station N,Stockholm,Stockholm,2026,2025,9.88295177291333,10.727611940298507,300,115,180,1072,151.997482,1537.976563,high_coverage,provisional
01801309,Maria 9 Södra station S,Stockholm,Stockholm,2026,2025,8.026918529261616,13.254310344827585,275,123,189,928,95.085822,1184.586858,high_coverage,provisional
01801310,Maria 10 Södra station Ö,Stockholm,Stockholm,2026,2025,10.821293341234284,9.825145711906744,351,118,178,1201,174.370629,1611.365883,high_coverage,provisional
01801311,Maria 11 Södra station V,Stockholm,Stockholm,2026,2025,8.659735089816143,11.089866156787762,292,116,165,1046,139.666442,1612.825803,high_coverage,provisional
01801312,Maria 12 Fredmansgatan mfl,Stockholm,Stockholm,2026,2025,6.350183416146273,9.95475113122172,312,110,192,1105,95.005857,1496.112014,high_coverage,provisional
01801313,Maria 13 Mariaberget Ö,Stockholm,Stockholm,2026,2025,4.696602270466683,12.396694214876034,278,120,183,968,58.01037,1235.156112,high_coverage,provisional
01801401,Högalid 1 Reimersholme N-Långholmen,Stockholm,Stockholm,2026,2025,4.7153885739462496,10.911424903722722,213,85,199,779,50.683556,1074.854282,high_coverage,provisional
01801402,Högalid 2 Reimersholme S,Stockholm,Stockholm,2026,2025,4.680189916078988,9.969788519637461,306,99,247,993,66.01625,1410.546392,high_coverage,provisional
01801403,Högalid 3 Pålsundsparken,Stockholm,Stockholm,2026,2025,6.241571042663474,8.17347789824854,310,98,204,1199,120.318896,1927.702099,high_coverage,provisional
01801404,Högalid 4 Högalidsgatan Ö mfl,Stockholm,Stockholm,2026,2025,5.474780272455307,7.8431372549019605,279,84,234,1071,26.811437,489.726266,high_coverage,provisional
01801405,Högalid 5 Bergsund S,Stockholm,Stockholm,2026,2025,5.889121916755296,15.533980582524272,263,160,196,1030,74.942063,1272.550714,high_coverage,provisional
01801406,Högalid 6 Tobakspinnargatan mfl,Stockholm,Stockholm,2026,2025,5.602251665879267,13.823163138231632,210,111,163,803,57.712511,1030.166341,high_coverage,provisional
01801407,Högalid 7 Hornstull,Stockholm,Stockholm,2026,2025,8.659654022163506,12.216131558339859,334,156,207,1277,159.204262,1838.459846,high_coverage,provisional
01801408,Högalid 8 Bergsund N,Stockholm,Stockholm,2026,2025,6.529135408272078,15.283018867924529,278,162,185,1060,83.064034,1272.205718,high_coverage,provisional
01801409,Högalid 9 Högalidsparken,Stockholm,Stockholm,2026,2025,6.088384777799078,12.8,362,176,264,1375,113.010625,1856.16759,high_coverage,provisional
01801410,Högalid 10 Drakenberg,Stockholm,Stockholm,2026,2025,6.711328116482569,15.958668197474168,257,139,138,871,118.682223,1768.386539,high_coverage,provisional
01801411,Högalid 11 Zinkensdamm N,Stockholm,Stockholm,2026,2025,10.126550284342029,17.986230636833046,328,209,185,1162,184.278483,1819.755769,high_coverage,provisional
01801412,Högalid 12 Skinnarviksparken,Stockholm,Stockholm,2026,2025,5.854838071317033,9.533468559837727,270,94,193,986,114.230333,1951.041713,high_coverage,provisional
01801413,Högalid 13 Zinkensdamm Ö,Stockholm,Stockholm,2026,2025,6.9901820939938855,8.834586466165414,301,94,171,1064,102.55806,1467.172938,high_coverage,provisional
01801414,Högalid 14 Zinkensdamm V,Stockholm,Stockholm,2026,2025,5.904606979418326,13.6,376,170,282,1250,60.740443,1028.695783,high_coverage,provisional
01801415,Högalid 15 Rackarbergen,Stockholm,Stockholm,2026,2025,7.101693623512188,22.065727699530516,215,188,156,852,91.34396,1286.227833,high_coverage,provisional
01801416,Högalid 16 Kv Svärdet-Skottet,Stockholm,Stockholm,2026,2025,10.730991958679592,14.132553606237817,340,145,128,1026,159.793637,1489.085423,high_coverage,provisional
01801417,Högalid 17 Zinkensdamms IP,Stockholm,Stockholm,2026,2025,6.449373222377143,11.805026656511805,351,155,246,1313,116.347518,1804.012793,high_coverage,provisional
01801418,Högalid 18 Lundagatan S mfl,Stockholm,Stockholm,2026,2025,8.14585860703624,14.10118406889128,275,131,139,929,104.999275,1288.989658,high_coverage,provisional
01801419,Högalid 19 Heleneborg,Stockholm,Stockholm,2026,2025,4.996645087753396,10.159817351598173,232,89,162,876,63.881805,1278.493947,high_coverage,provisional
01801420,Högalid 20 Folkskolegatan mfl,Stockholm,Stockholm,2026,2025,6.108583184172662,11.941848390446522,266,115,175,963,80.993718,1325.900222,high_coverage,provisional
01801421,Högalid 21 Tanto,Stockholm,Stockholm,2026,2025,6.998548532015402,11.363636363636363,276,110,249,968,105.410977,1506.183411,high_coverage,provisional
01801422,Högalid 22 Tobaksmonopolet,Stockholm,Stockholm,2026,2025,7.722647665742293,11.131221719457013,296,123,181,1105,131.251311,1699.56363,high_coverage,provisional
01801501,Katarina 1 Björns Trädgård,Stockholm,Stockholm,2026,2025,8.097526462895516,9.609375,338,123,211,1280,145.998209,1802.997615,high_coverage,provisional
01801502,Katarina 2 Mosebacke,Stockholm,Stockholm,2026,2025,7.4700572149698905,11.248966087675765,301,136,161,1209,113.300336,1516.726482,high_coverage,provisional
01801503,Katarina 3 Katarina N,Stockholm,Stockholm,2026,2025,5.9071819671182295,11.61790017211704,304,135,211,1162,87.148844,1475.30319,high_coverage,provisional
01801504,Katarina 4 Axel Landquists park,Stockholm,Stockholm,2026,2025,6.0192297563049895,10.78838174273859,346,130,209,1205,119.568334,1986.43911,high_coverage,provisional
01801505,Katarina 5 Bondegatan V mfl,Stockholm,Stockholm,2026,2025,8.347192661852445,13.231323132313232,269,147,178,1111,112.795701,1351.301037,high_coverage,provisional
01801506,Katarina 6 Nytorgsg-Bondeg mfl,Stockholm,Stockholm,2026,2025,5.564484130157741,9.345794392523365,367,120,203,1284,104.001314,1869.019869,high_coverage,provisional
01801507,Katarina 7 Kv Linjalen mfl,Stockholm,Stockholm,2026,2025,16.013286074897085,20.178926441351887,334,203,133,1006,229.341699,1432.196352,high_coverage,provisional
01801508,Katarina 8 Medborgarplatsen-Skrapan,Stockholm,Stockholm,2026,2025,8.429661310692927,15.989159891598916,290,177,191,1107,144.549412,1714.77129,high_coverage,provisional
01801509,Katarina 9 Helgalunden,Stockholm,Stockholm,2026,2025,7.2266828981070095,12.405063291139241,315,147,229,1185,116.978587,1618.703749,high_coverage,provisional
01801510,Katarina 10 Kv Ingenjören-Ritaren,Stockholm,Stockholm,2026,2025,8.189186045302222,11.99364575059571,373,151,217,1259,148.888765,1818.11433,high_coverage,provisional
01801511,Katarina 11 Hallandsgatan mfl,Stockholm,Stockholm,2026,2025,5.584064649047194,11.962470680218921,358,153,249,1279,92.133598,1649.937882,high_coverage,provisional
01801512,Katarina 12 Eriksdal Ö,Stockholm,Stockholm,2026,2025,7.662235838605685,14.37699680511182,379,180,196,1252,190.486482,2486.043056,high_coverage,provisional
01801513,Katarina 13 Rosenlund,Stockholm,Stockholm,2026,2025,9.130474482231318,15.89648798521257,328,172,154,1082,161.123258,1764.675629,high_coverage,provisional
01801514,Katarina 14 Bjurholmsplan mfl,Stockholm,Stockholm,2026,2025,6.257344530992795,12.015810276679842,331,152,215,1265,104.749695,1674.027928,high_coverage,provisional
01801515,Katarina 15 Ölandsgatan mfl,Stockholm,Stockholm,2026,2025,12.4682678662508,14.641148325358852,264,153,157,1045,196.999187,1580.004449,high_coverage,provisional
01801516,Katarina 16 Blekingegatan Ö mfl,Stockholm,Stockholm,2026,2025,6.0157097806914805,12.314225053078557,402,174,233,1413,115.65949,1922.624166,high_coverage,provisional
01801517,Katarina 17 Gotlandsgatan Ö mfl,Stockholm,Stockholm,2026,2025,6.385124296149456,10.11139674378749,327,118,180,1167,102.709013,1608.567167,high_coverage,provisional
01801518,Katarina 18 Nytorget,Stockholm,Stockholm,2026,2025,5.49030353656825,13.333333333333334,326,152,179,1140,84.006669,1530.091523,high_coverage,provisional
01801519,Katarina 19 Nackas hörna,Stockholm,Stockholm,2026,2025,5.456537609811719,12.630792227204783,351,169,228,1338,100.989223,1850.793126,high_coverage,provisional
01801520,Katarina 20 Ringen,Stockholm,Stockholm,2026,2025,9.412178901546628,11.633875106928999,379,136,158,1169,53.8318,571.937705,high_coverage,provisional
01801521,Katarina 21 Fatburen S,Stockholm,Stockholm,2026,2025,10.84416691866954,13.223938223938225,270,137,157,1036,156.369383,1441.967688,high_coverage,provisional
01801701,Sofia 1 Mandelparken,Stockholm,Stockholm,2026,2025,6.087481810459417,7.07635009310987,327,76,184,1074,76.754032,1260.850289,high_coverage,provisional
01801702,Sofia 2 Åsöberget,Stockholm,Stockholm,2026,2025,7.062163510365048,14.670380687093779,285,158,204,1077,99.075132,1402.900568,high_coverage,provisional
01801703,Sofia 3 Vita berget,Stockholm,Stockholm,2026,2025,7.6532476516499,10.365853658536585,339,119,175,1148,131.511605,1718.376446,high_coverage,provisional
01801704,Sofia 4 Stigbergsparken,Stockholm,Stockholm,2026,2025,5.126547973600613,10.413080895008607,307,121,196,1162,76.449456,1491.246281,high_coverage,provisional
01801705,Sofia 5 Sågargatan mfl,Stockholm,Stockholm,2026,2025,6.504483424269178,11.488250652741515,316,132,200,1149,88.10604,1354.543232,high_coverage,provisional
01801706,Sofia 6 Luma,Stockholm,Stockholm,2026,2025,7.628058408132278,8.017621145374449,315,91,138,1135,164.741047,2159.672071,high_coverage,provisional
01801707,Sofia 7 Kv Vitbetan,Stockholm,Stockholm,2026,2025,6.356251867608413,14.655942806076855,298,164,195,1119,104.503435,1644.104689,high_coverage,provisional
01801708,Sofia 8 Hammarby Allé Ö,Stockholm,Stockholm,2026,2025,6.940919945339803,4.945515507124895,306,59,119,1193,130.566537,1881.11285,high_coverage,provisional
01801709,Sofia 9 Skanstull,Stockholm,Stockholm,2026,2025,6.405168361563546,11.692307692307692,280,114,178,975,107.005704,1670.615009,high_coverage,provisional
01801710,Sofia 10 Vintertullen,Stockholm,Stockholm,2026,2025,5.341690122605407,10.084626234132582,417,143,250,1418,78.998283,1478.90052,high_coverage,provisional
01801711,Sofia 11 Barnängen N,Stockholm,Stockholm,2026,2025,6.535043926483715,13.194444444444445,323,152,157,1152,79.972586,1223.749785,high_coverage,provisional
01801712,Sofia 12 Danviksklippan mfl,Stockholm,Stockholm,2026,2025,8.606819607105805,7.525870178739416,278,80,115,1063,115.10252,1337.340914,high_coverage,provisional
01801713,Sofia 13 Sickla udde,Stockholm,Stockholm,2026,2025,7.366594139812433,3.476669716376944,271,38,114,1093,152.934507,2076.054471,high_coverage,provisional
01801714,Sofia 14 Sickla kanal,Stockholm,Stockholm,2026,2025,5.876342027464234,8.26044703595724,252,85,120,1029,86.426316,1470.750266,high_coverage,provisional
01801715,Sofia 15 Mårtensdal,Stockholm,Stockholm,2026,2025,10.433750966359947,5.794831636648395,314,74,110,1277,211.722473,2029.207652,high_coverage,provisional
01801716,Sofia 16 Sickla Park,Stockholm,Stockholm,2026,2025,7.760679451099254,8.238636363636363,237,87,127,1056,134.386118,1731.628253,high_coverage,provisional
01801717,Sofia 17 Lugnet,Stockholm,Stockholm,2026,2025,7.831580288935146,9.31174089068826,270,92,83,988,48.072638,613.830622,high_coverage,provisional
01801718,Sofia 18 Rutger Fuchsgatan mfl,Stockholm,Stockholm,2026,2025,6.814585842011901,11.608093716719916,269,109,139,939,85.998538,1261.97747,high_coverage,provisional
01801719,Sofia 19 Blecktornsområdet,Stockholm,Stockholm,2026,2025,5.13033546651985,12.301957129543336,268,132,233,1073,79.635269,1552.242919,high_coverage,provisional
01801720,Sofia 20 Klippgatan mfl,Stockholm,Stockholm,2026,2025,5.428233684543185,12.598425196850394,298,144,243,1143,89.997286,1657.947893,high_coverage,provisional
01801721,Sofia 21 Lumabryggan,Stockholm,Stockholm,2026,2025,7.705376946659862,5.301645338208409,274,58,142,1094,131.45626,1706.032825,high_coverage,provisional
01801722,Sofia 22 Hammarbyterrassen,Stockholm,Stockholm,2026,2025,9.674624382053937,6.501547987616099,361,84,148,1292,140.636207,1453.660643,high_coverage,provisional
01801723,Sofia 23 Henriksdalshamnen,Stockholm,Stockholm,2026,2025,7.87515820534627,2.83436669619132,259,32,106,1129,154.703798,1964.453208,high_coverage,provisional
01801724,Sofia 24 Virkesvägen mfl,Stockholm,Stockholm,2026,2025,9.669899509732808,4.89443378119002,271,51,108,1042,159.911749,1653.70642,high_coverage,provisional
01801725,Sofia 25 Barnängen mellersta,Stockholm,Stockholm,2026,2025,6.517388877124249,12.749349522983522,333,147,199,1153,95.134886,1459.708601,high_coverage,provisional
01801726,Sofia 26 Barnängen S,Stockholm,Stockholm,2026,2025,6.2041338817760705,8.80503144654088,312,98,228,1113,112.954281,1820.629328,high_coverage,provisional
01801801,Kungsholm 1 Ture Nermans gränd mfl,Stockholm,Stockholm,2026,2025,7.178289709565769,4.270462633451957,238,48,101,1124,113.293618,1578.281493,high_coverage,provisional
01801802,Kungsholm 2 Pontonjärparken,Stockholm,Stockholm,2026,2025,6.889353574712108,4.400749063670412,186,47,100,1068,98.998763,1436.981887,high_coverage,provisional
01801803,Kungsholm 3 Celsiusgatan mfl,Stockholm,Stockholm,2026,2025,6.562710619633293,4.306632213608958,247,50,98,1161,100.997724,1538.963545,high_coverage,provisional
01801804,Kungsholm 4 S:t Eriksområdet,Stockholm,Stockholm,2026,2025,5.9968520620425325,2.359882005899705,276,32,105,1356,113.998023,1900.964403,high_coverage,provisional
01801805,Kungsholm 5 Kronoberg,Stockholm,Stockholm,2026,2025,7.2662755645926955,3.294573643410853,199,34,99,1032,101.016202,1390.206043,high_coverage,provisional
01801806,Kungsholm 6 Kungsholmstorg V,Stockholm,Stockholm,2026,2025,5.596138686582071,4.216867469879518,202,42,103,996,68.997685,1232.951663,high_coverage,provisional
01801807,Kungsholm 7 Kungsholmstorg Ö,Stockholm,Stockholm,2026,2025,6.576995816727603,2.0669291338582676,161,21,52,1016,93.009252,1414.160121,high_coverage,provisional
01801808,Kungsholm 8 Piperska muren,Stockholm,Stockholm,2026,2025,7.0940624802739345,4.314002828854314,236,61,103,1414,134.997932,1902.970722,high_coverage,provisional
01801809,Kungsholm 9 Kungsklippan mfl,Stockholm,Stockholm,2026,2025,9.656403279138702,4.995970991136181,218,62,123,1241,163.911051,1697.433778,high_coverage,provisional
01801810,Kungsholm 10 Ragnar Östbergs plan,Stockholm,Stockholm,2026,2025,5.701589828790197,2.8957528957528957,225,30,108,1036,81.966867,1437.614235,high_coverage,provisional
01801811,Kungsholm 11 Barnhusviken,Stockholm,Stockholm,2026,2025,8.274766772545636,4.83271375464684,239,52,89,1076,122.593411,1481.533128,high_coverage,provisional
01801812,Kungsholm 12 Justitiabrunnen,Stockholm,Stockholm,2026,2025,6.518727568304108,4.178272980501393,186,45,83,1077,93.998292,1441.973008,high_coverage,provisional
01801813,Kungsholm 13 John Ericssonsgatan mfl,Stockholm,Stockholm,2026,2025,6.7879634414776495,4.5967042497831745,208,53,84,1153,96.999566,1428.993642,high_coverage,provisional
01801901,S:t Göran 1 Fredhäll S,Stockholm,Stockholm,2026,2025,6.464162343145127,11.155378486055778,255,112,122,1004,78.558057,1215.285954,high_coverage,provisional
01801902,S:t Göran 2 Fredhäll N,Stockholm,Stockholm,2026,2025,7.582810829458152,7.5829383886255926,260,80,102,1055,107.027993,1411.455401,high_coverage,provisional
01801903,S:t Göran 3 Fredhäll V,Stockholm,Stockholm,2026,2025,4.033134693291351,6.054872280037843,258,64,115,1057,54.745677,1357.397686,high_coverage,provisional
01801904,S:t Göran 4 Kristinebergsparken,Stockholm,Stockholm,2026,2025,10.398545219359022,5.787234042553192,287,68,119,1175,197.556747,1899.849862,high_coverage,provisional
01801905,S:t Göran 5 Kristinebergs strand,Stockholm,Stockholm,2026,2025,9.152702921466735,3.210576015108593,190,34,75,1059,154.217463,1684.939021,high_coverage,provisional
01801906,S:t Göran 6 Geijersvägen mfl,Stockholm,Stockholm,2026,2025,14.123195185467488,7.227615965480044,268,67,86,927,169.202486,1198.046786,high_coverage,provisional
01801907,S:t Göran 7 Marieberg S,Stockholm,Stockholm,2026,2025,8.598704276683439,5.1573426573426575,230,59,131,1144,136.189929,1583.842456,high_coverage,provisional
01801908,S:t Göran 8 Rålambshov,Stockholm,Stockholm,2026,2025,8.53965423561011,7.43879472693032,237,79,132,1062,131.129221,1535.533142,high_coverage,provisional
01801909,S:t Göran 9 Stadshagen N,Stockholm,Stockholm,2026,2025,14.95580418460003,9.693372898120673,237,98,84,1011,189.181815,1264.939101,high_coverage,provisional
01801910,S:t Göran 10 Svarvargatan V mfl,Stockholm,Stockholm,2026,2025,7.606428427530591,6.133979015334948,235,76,123,1239,136.006556,1788.047535,high_coverage,provisional
01801911,S:t Göran 11 Industrigatan mfl,Stockholm,Stockholm,2026,2025,9.830489625510323,4.638364779874214,274,59,111,1272,173.998963,1769.992845,high_coverage,provisional
01801912,S:t Göran 12 Kv Dykaren-Färjan,Stockholm,Stockholm,2026,2025,6.641252840023562,4.0241448692152915,241,40,82,994,86.998375,1309.969325,high_coverage,provisional
01801913,S:t Göran 13 Fridhemsplan V,Stockholm,Stockholm,2026,2025,8.77367872944643,7.805907172995781,332,111,173,1422,181.002687,2063.019317,high_coverage,provisional
01801914,S:t Göran 14 Kronobergsgatan N mfl,Stockholm,Stockholm,2026,2025,9.201966255186427,5.806938159879336,266,77,108,1326,173.013563,1880.180368,high_coverage,provisional
01801915,S:t Göran 15 Fridhemsplan S,Stockholm,Stockholm,2026,2025,7.111960117164649,4.310344827586207,264,50,98,1160,116.689596,1640.751552,high_coverage,provisional
01801916,S:t Göran 16 Lilla Västerbron,Stockholm,Stockholm,2026,2025,7.94658346677018,4.283360790774299,246,52,97,1214,107.117888,1347.974113,high_coverage,provisional
01801917,S:t Göran 17 Kv Karlsvik mfl,Stockholm,Stockholm,2026,2025,5.38253981453803,3.2553407934893186,171,32,89,983,67.977099,1262.918647,high_coverage,provisional
01801918,S:t Göran 18 Fridhemsplan Ö,Stockholm,Stockholm,2026,2025,9.747686173873813,6.888168557536467,282,85,125,1234,169.993959,1743.941649,high_coverage,provisional
01801919,S:t Göran 19 S:t Göransområdet,Stockholm,Stockholm,2026,2025,14.410206348874489,3.642384105960265,203,33,43,906,232.979607,1616.768014,high_coverage,provisional
01801920,S:t Göran 20 Kv Trossen mfl,Stockholm,Stockholm,2026,2025,8.291134500515458,5.892547660311958,244,68,88,1154,131.001993,1580.024941,high_coverage,provisional
01801921,S:t Göran 21 Fredhäll mellersta,Stockholm,Stockholm,2026,2025,6.200323547228008,5.528612997090204,232,57,108,1031,84.722767,1366.424935,high_coverage,provisional
01801922,S:t Göran 22 Thorildsplan,Stockholm,Stockholm,2026,2025,8.985149255261435,7.202216066481994,253,78,122,1083,138.998056,1546.975482,high_coverage,provisional
01801923,S:t Göran 23 Nelly Sachs Park,Stockholm,Stockholm,2026,2025,13.106381216669192,6.809338521400778,264,70,92,1028,326.0368,2487.618776,high_coverage,provisional
01801924,S:t Göran 24 Kristineberg S,Stockholm,Stockholm,2026,2025,7.790552323669347,10.369068541300527,291,118,134,1138,121.961175,1565.501006,high_coverage,provisional
01801925,S:t Göran 25 Hornsbergs strand,Stockholm,Stockholm,2026,2025,10.883625943861455,4.657070279424217,268,55,80,1181,201.998384,1855.984256,high_coverage,provisional
01801926,S:t Göran 26 Stadshagen V,Stockholm,Stockholm,2026,2025,15.22527212460895,6.370070778564206,221,63,67,989,151.537596,995.303038,high_coverage,provisional
01801927,S:t Göran 27 Stadshagen Ö,Stockholm,Stockholm,2026,2025,14.899522864778701,8.41683366733467,272,84,86,998,199.257024,1337.338288,high_coverage,provisional
01802101,Brännkyrka 1 Västertorp Ö,Stockholm,Stockholm,2026,2025,7.957608095050714,17.476489028213166,385,223,239,1276,157.215635,1975.66446,high_coverage,provisional
01802102,Brännkyrka 2 Västertorpsparken,Stockholm,Stockholm,2026,2025,11.218246472678292,20.188195038494438,370,236,160,1169,198.849311,1772.552524,high_coverage,provisional
01802103,Brännkyrka 3 Västertorp C,Stockholm,Stockholm,2026,2025,11.501659503724264,18.80199667221298,386,226,156,1202,208.153718,1809.771172,high_coverage,provisional
01802104,Brännkyrka 4 Västertorp V,Stockholm,Stockholm,2026,2025,19.750676481920404,20.55984555984556,329,213,104,1036,390.973922,1979.546991,high_coverage,provisional
01802105,Brännkyrka 5 Fruängen Ö,Stockholm,Stockholm,2026,2025,10.346608380096988,13.338997451146984,387,157,120,1177,192.552655,1861.021969,high_coverage,provisional
01802106,Brännkyrka 6 Fruängen mellersta,Stockholm,Stockholm,2026,2025,10.259397421001243,16.372093023255815,331,176,134,1075,158.284534,1542.824861,high_coverage,provisional
01802107,Brännkyrka 7 Fruängen N,Stockholm,Stockholm,2026,2025,9.927586371206766,16.486486486486488,366,183,132,1110,177.077865,1783.695033,high_coverage,provisional
01802108,Brännkyrka 8 Fruängen S,Stockholm,Stockholm,2026,2025,12.922241693898744,17.634635691657866,353,167,94,947,181.698299,1406.089619,high_coverage,provisional
01802109,Brännkyrka 9 Herrängen V,Stockholm,Stockholm,2026,2025,3.8419383443107935,2.7250206440957885,246,33,110,1211,70.000133,1822.000426,high_coverage,provisional
01802110,Brännkyrka 10 Långbroparken,Stockholm,Stockholm,2026,2025,5.622561342792947,5.493562231759657,405,64,104,1165,109.322689,1944.357426,high_coverage,provisional
01802111,Brännkyrka 11 Långsjö S,Stockholm,Stockholm,2026,2025,4.474828744394159,4.3264503441494595,208,44,149,1017,68.382519,1528.159465,high_coverage,provisional
01802112,Brännkyrka 12 Älvsjö S,Stockholm,Stockholm,2026,2025,22.346144060531024,15.553339980059821,364,156,64,1003,370.14105,1656.397851,high_coverage,provisional
01802113,Brännkyrka 13 Långbrogårdsparken,Stockholm,Stockholm,2026,2025,5.137885558855624,4.787644787644788,316,62,160,1295,108.846364,2118.50503,high_coverage,provisional
01802114,Brännkyrka 14 Långbro V,Stockholm,Stockholm,2026,2025,5.138055599897939,5.047318611987381,331,64,126,1268,85.231827,1658.834268,high_coverage,provisional
01802115,Brännkyrka 15 Långbro Ö,Stockholm,Stockholm,2026,2025,11.317915520284037,8.983050847457626,313,106,122,1180,209.843897,1854.086087,high_coverage,provisional
01802116,Brännkyrka 16 Herr Stens väg mfl,Stockholm,Stockholm,2026,2025,20.538708071216114,12.607099143206854,216,103,102,817,391.438387,1905.85691,high_coverage,provisional
01802117,Brännkyrka 17 Solberga V,Stockholm,Stockholm,2026,2025,14.934103693385085,21.033544877606527,317,232,132,1103,209.660358,1403.903189,high_coverage,provisional
01802118,Brännkyrka 18 Solberga Ö,Stockholm,Stockholm,2026,2025,15.601426655203761,15.694164989939638,360,156,103,994,317.373624,2034.26027,high_coverage,provisional
01802119,Brännkyrka 19 Solberga mellersta,Stockholm,Stockholm,2026,2025,16.29707705446173,18.676627534685167,314,175,85,937,286.794169,1759.788998,high_coverage,provisional
01802120,Brännkyrka 20 Liseberg,Stockholm,Stockholm,2026,2025,6.3301447683462095,6.86175580221998,332,68,113,991,85.360767,1348.480487,high_coverage,provisional
01802121,Brännkyrka 21 Örby slott,Stockholm,Stockholm,2026,2025,10.751676725878552,8.326848249027238,356,107,149,1285,227.044197,2111.709669,high_coverage,provisional
01802122,Brännkyrka 22 Östbergahöjden,Stockholm,Stockholm,2026,2025,32.553807510530724,23.954372623574145,303,189,47,789,564.559218,1734.234061,high_coverage,provisional
01802123,Brännkyrka 23 Gamla Östberga,Stockholm,Stockholm,2026,2025,17.525825522599305,14.598540145985401,365,160,97,1096,347.519942,1982.901984,high_coverage,provisional
01802124,Brännkyrka 24 Östbergabackarna,Stockholm,Stockholm,2026,2025,32.60950591466762,25.0,327,214,56,856,660.974602,2026.938414,high_coverage,provisional
01802125,Brännkyrka 25 Herrängen Ö,Stockholm,Stockholm,2026,2025,3.216255379717736,4.698512137823022,336,60,156,1277,65.000651,2021.004035,high_coverage,provisional
01802126,Brännkyrka 26 Långsjö N,Stockholm,Stockholm,2026,2025,5.427334516143309,4.545454545454546,234,43,111,946,79.995122,1473.930191,high_coverage,provisional
01802127,Brännkyrka 27 Fruängen V,Stockholm,Stockholm,2026,2025,13.903736631926437,15.737051792828685,293,158,88,1004,205.703211,1479.481498,high_coverage,provisional
01802128,Brännkyrka 28 Kristalltorget mfl,Stockholm,Stockholm,2026,2025,16.79463587850164,12.285714285714286,311,129,134,1050,392.07691,2334.536532,high_coverage,provisional
01802129,Brännkyrka 29 Älvsjö Ö,Stockholm,Stockholm,2026,2025,25.41821618895555,17.653167185877468,344,170,115,963,409.931395,1612.746512,high_coverage,provisional
01802130,Brännkyrka 30 Gyllene Ratten,Stockholm,Stockholm,2026,2025,13.104391290806516,19.09722222222222,241,165,62,864,215.680669,1645.865605,high_coverage,provisional
01802131,Brännkyrka 31 Älvsjö N,Stockholm,Stockholm,2026,2025,20.733404236074872,10.801080108010801,370,120,85,1111,275.119394,1326.937877,high_coverage,provisional
01802132,Brännkyrka 32 Älvsjö V,Stockholm,Stockholm,2026,2025,20.474022549580983,20.642201834862384,385,225,91,1090,407.873533,1992.15143,high_coverage,provisional
01802301,Vantör 1 Stureby N,Stockholm,Stockholm,2026,2025,7.50092598050553,6.938775510204081,269,68,117,980,129.266519,1723.340816,high_coverage,provisional
01802302,Vantör 2 Sturebyhöjden,Stockholm,Stockholm,2026,2025,8.857764201428825,12.989690721649485,247,126,137,970,148.14211,1672.454884,high_coverage,provisional
01802303,Vantör 3 Stureby C,Stockholm,Stockholm,2026,2025,5.966127100482735,6.54281098546042,309,81,149,1238,109.370099,1833.184194,high_coverage,provisional
01802304,Vantör 4 Stureby S,Stockholm,Stockholm,2026,2025,6.751168686808643,9.991673605328893,299,120,204,1201,128.799536,1907.810958,high_coverage,provisional
01802305,Vantör 5 Bandhagen Ö,Stockholm,Stockholm,2026,2025,16.451742501040076,21.217712177121772,320,230,167,1084,225.125189,1368.397232,high_coverage,provisional
01802306,Vantör 6 Bandhagen S,Stockholm,Stockholm,2026,2025,21.382442131708057,27.051671732522795,316,267,130,987,432.463918,2022.518828,high_coverage,provisional
01802307,Vantör 7 Bäckahagen,Stockholm,Stockholm,2026,2025,14.579816969099511,22.737556561085974,280,201,97,884,240.14471,1647.103736,high_coverage,provisional
01802308,Vantör 8 Högdalen Ö,Stockholm,Stockholm,2026,2025,21.804787409013713,24.65923172242875,273,199,70,807,355.489875,1630.32947,high_coverage,provisional
01802309,Vantör 9 Högdalen mellersta,Stockholm,Stockholm,2026,2025,21.65263093652969,25.35816618911175,210,177,80,698,305.515508,1410.985616,high_coverage,provisional
01802310,Vantör 10 Högdalen V,Stockholm,Stockholm,2026,2025,14.789187491051072,20.661985957873622,327,206,129,997,244.036347,1650.099758,high_coverage,provisional
01802311,Vantör 11 Skebokvarnsvägen Ö mfl,Stockholm,Stockholm,2026,2025,18.597137310619388,29.469790382244142,286,239,66,811,217.439326,1169.208585,high_coverage,provisional
01802312,Vantör 12 Skebokvarnsvägen N,Stockholm,Stockholm,2026,2025,14.848245635444208,24.15795586527294,242,208,78,861,259.155626,1745.361926,high_coverage,provisional
01802313,Vantör 13 Örby V,Stockholm,Stockholm,2026,2025,11.260587275279192,9.826589595375722,300,119,111,1211,215.147632,1910.625323,high_coverage,provisional
01802314,Vantör 14 Örby S,Stockholm,Stockholm,2026,2025,6.893007102834784,5.801526717557252,333,76,145,1310,146.500013,2125.342551,high_coverage,provisional
01802315,Vantör 15 Örby N,Stockholm,Stockholm,2026,2025,8.121861134046986,7.191780821917808,284,84,98,1168,158.022437,1945.643177,high_coverage,provisional
01802316,Vantör 16 Snösätrahöjden,Stockholm,Stockholm,2026,2025,42.887790236737004,42.45049504950495,289,343,34,808,693.578553,1617.193493,high_coverage,provisional
01802317,Vantör 17 Gillerbacken mfl,Stockholm,Stockholm,2026,2025,36.70798057929361,36.353591160220994,281,329,68,905,737.829808,2009.998361,high_coverage,provisional
01802318,Vantör 18 Rågsved N,Stockholm,Stockholm,2026,2025,40.615302200098284,37.1875,243,238,31,640,692.949286,1706.128598,high_coverage,provisional
01802319,Vantör 19 Rågsved V,Stockholm,Stockholm,2026,2025,33.01402230682835,27.142857142857142,298,228,45,840,561.023244,1699.348352,high_coverage,provisional
01802320,Vantör 20 Rågsved Ö,Stockholm,Stockholm,2026,2025,34.31037670474035,31.94263363754889,264,245,56,767,597.00011,1739.998704,high_coverage,provisional
01802321,Vantör 21 Hagsätra Ö,Stockholm,Stockholm,2026,2025,29.426545392672313,20.65997130559541,235,144,45,697,470.704008,1599.589764,high_coverage,provisional
01802322,Vantör 22 Hagsätra C,Stockholm,Stockholm,2026,2025,27.30726721831181,28.72340425531915,252,216,54,752,398.760399,1460.27208,high_coverage,provisional
01802323,Vantör 23 Hagsätra V,Stockholm,Stockholm,2026,2025,36.40026800229856,33.994334277620396,274,240,30,706,536.190364,1473.039605,high_coverage,provisional
01802324,Vantör 24 Ormkärr N,Stockholm,Stockholm,2026,2025,17.787079015237328,14.1280353200883,319,128,89,906,340.38495,1913.664125,high_coverage,provisional
01802325,Vantör 25 Hagsätra N,Stockholm,Stockholm,2026,2025,33.59230362622191,23.45191040843215,262,178,65,759,737.807627,2196.359128,high_coverage,provisional
01802326,Vantör 26 Rågsved C,Stockholm,Stockholm,2026,2025,41.78414266081795,32.8125,308,252,45,768,681.180273,1630.236328,high_coverage,provisional
01802327,Vantör 27 Bandhagen C,Stockholm,Stockholm,2026,2025,15.655518516923042,22.760800842992623,275,216,101,949,235.389524,1503.55623,high_coverage,provisional
01802328,Vantör 28 Rågsved S,Stockholm,Stockholm,2026,2025,30.24342923745264,33.87909319899244,270,269,52,794,564.582771,1866.794822,high_coverage,provisional
01802329,Vantör 29 Högdalen S,Stockholm,Stockholm,2026,2025,22.150585631110633,25.441329179646935,291,245,111,963,312.203786,1409.46064,high_coverage,provisional
01802330,Vantör 30 Ormkärr S,Stockholm,Stockholm,2026,2025,29.442086952588873,23.065693430656935,238,158,44,685,384.593663,1306.271745,high_coverage,provisional
01802331,Vantör 31 Högdalen C,Stockholm,Stockholm,2026,2025,21.398551874684365,24.23913043478261,277,223,98,920,321.569292,1502.761934,high_coverage,provisional
01802332,Vantör 32 Bäckaskiftsvägen mfl,Stockholm,Stockholm,2026,2025,10.201622297446177,14.008179959100204,332,137,124,978,138.621092,1358.814196,high_coverage,provisional
01802333,Vantör 33 Bandhagen N,Stockholm,Stockholm,2026,2025,16.223784298766052,25.025125628140703,297,249,109,995,282.805409,1743.153162,high_coverage,provisional
01802501,Farsta 1 Svedmyra N,Stockholm,Stockholm,2026,2025,7.548139886644959,6.812842599843383,375,87,199,1277,148.998049,1973.970425,high_coverage,provisional
01802502,Farsta 2 Svedmyra S,Stockholm,Stockholm,2026,2025,11.510743159642606,17.519685039370078,304,178,140,1016,176.000328,1529.009253,high_coverage,provisional
01802503,Farsta 3 Tallkrogen N,Stockholm,Stockholm,2026,2025,10.82401677659008,12.71551724137931,299,118,99,928,148.951091,1376.116594,high_coverage,provisional
01802504,Farsta 4 Olympiaområdet,Stockholm,Stockholm,2026,2025,5.479470879574982,8.15018315018315,287,89,160,1092,92.000441,1679.00228,high_coverage,provisional
01802505,Farsta 5 Gubbängen Ö,Stockholm,Stockholm,2026,2025,8.17373127528331,14.0625,346,153,146,1088,154.73981,1893.135519,high_coverage,provisional
01802506,Farsta 6 Gubbängen S,Stockholm,Stockholm,2026,2025,9.342244216865586,16.666666666666668,299,158,143,948,109.745661,1174.724814,high_coverage,provisional
01802507,Farsta 7 Gubbängen V,Stockholm,Stockholm,2026,2025,9.987172505518917,17.829457364341085,271,161,149,903,148.31341,1485.039033,high_coverage,provisional
01802508,Farsta 8 Skönstaholm,Stockholm,Stockholm,2026,2025,11.598817641399618,22.529644268774703,234,171,140,759,172.459425,1486.870734,high_coverage,provisional
01802509,Farsta 9 Lingvägen S,Stockholm,Stockholm,2026,2025,15.72326359138121,24.789915966386555,289,236,136,952,208.176473,1324.002945,high_coverage,provisional
01802510,Farsta 10 Kryddhyllan,Stockholm,Stockholm,2026,2025,13.414653767474338,24.522292993630572,266,231,143,942,201.353263,1500.994856,high_coverage,provisional
01802511,Farsta 11 Fagerlid,Stockholm,Stockholm,2026,2025,12.409021266173417,25.376344086021504,281,236,157,930,196.396397,1582.69047,high_coverage,provisional
01802512,Farsta 12 Hökarängen V,Stockholm,Stockholm,2026,2025,14.178360637561422,23.590333716915996,252,205,166,869,183.702424,1295.653487,high_coverage,provisional
01802513,Farsta 13 Fagersjö yttre,Stockholm,Stockholm,2026,2025,27.37206945144628,18.854748603351954,238,135,61,716,401.026164,1465.0926,high_coverage,provisional
01802514,Farsta 14 Tallkrogen V,Stockholm,Stockholm,2026,2025,9.023719450948883,16.52249134948097,355,191,180,1156,163.04953,1806.899371,high_coverage,provisional
01802515,Farsta 15 Farsta Strand V,Stockholm,Stockholm,2026,2025,10.173904551823965,12.693246541903987,422,156,173,1229,200.305663,1968.817989,high_coverage,provisional
01802516,Farsta 16 Farsta Strand C,Stockholm,Stockholm,2026,2025,26.448392602425656,21.46490335707019,386,211,56,983,509.805104,1927.546644,high_coverage,provisional
01802517,Farsta 17 Farsta Strand Ö,Stockholm,Stockholm,2026,2025,27.420277446215795,23.106060606060606,421,244,75,1056,513.146444,1871.412297,high_coverage,provisional
01802518,Farsta 18 Larsboda,Stockholm,Stockholm,2026,2025,14.139802530717244,13.797634691195794,202,105,83,761,302.102536,2136.539993,high_coverage,provisional
01802519,Farsta 19 Hästhagen,Stockholm,Stockholm,2026,2025,21.630744815842586,22.47765006385696,283,176,47,783,306.771696,1418.220679,high_coverage,provisional
01802520,Farsta 20 Ekebergabacken mfl,Stockholm,Stockholm,2026,2025,18.898568291080966,20.266412940057087,322,213,89,1051,352.564673,1865.56287,high_coverage,provisional
01802521,Farsta 21 Farsta C,Stockholm,Stockholm,2026,2025,17.437579581760485,17.146017699115045,334,155,82,904,298.845713,1713.802719,high_coverage,provisional
01802522,Farsta 22 Farstaängen,Stockholm,Stockholm,2026,2025,22.75831534444302,19.08177905308465,243,133,77,697,343.312674,1508.515322,high_coverage,provisional
01802523,Farsta 23 Nykroppagatan mfl,Stockholm,Stockholm,2026,2025,29.07122564053527,24.745269286754002,284,170,49,687,381.975776,1313.93076,high_coverage,provisional
01802524,Farsta 24 Värmlandsvägen mfl,Stockholm,Stockholm,2026,2025,10.206021285658567,14.498432601880877,390,185,199,1276,223.098909,2185.953789,high_coverage,provisional
01802525,Farsta 25 Sköndal V,Stockholm,Stockholm,2026,2025,6.36161582898907,8.442622950819672,340,103,196,1220,117.197556,1842.260821,high_coverage,provisional
01802526,Farsta 26 Norra Sköndal,Stockholm,Stockholm,2026,2025,8.31279450945292,8.212996389891696,357,91,138,1108,148.953281,1791.855685,high_coverage,provisional
01802527,Farsta 27 Dalbrobranten mfl,Stockholm,Stockholm,2026,2025,6.924169377810656,10.390689941812136,387,125,127,1203,106.216357,1533.994205,high_coverage,provisional
01802528,Farsta 28 Stora Sköndal,Stockholm,Stockholm,2026,2025,12.125958197975272,10.467479674796747,322,103,114,984,258.396306,2130.935154,high_coverage,provisional
01802529,Farsta 29 Sköndal C,Stockholm,Stockholm,2026,2025,11.487817567670746,11.669829222011385,353,123,92,1054,217.028824,1889.208483,high_coverage,provisional
01802530,Farsta 30 Torsbygatan mfl,Stockholm,Stockholm,2026,2025,24.487347236019772,21.516164994425864,298,193,75,897,374.538011,1529.516478,high_coverage,provisional
01802531,Farsta 31 Fagersjö inre,Stockholm,Stockholm,2026,2025,32.100485814436915,23.59882005899705,270,160,44,678,459.974993,1432.922217,high_coverage,provisional
01802532,Farsta 32 Västboda,Stockholm,Stockholm,2026,2025,25.508994827067696,27.7841561423651,306,242,75,871,408.211688,1600.265674,high_coverage,provisional
01802533,Farsta 33 Ågesta Broväg mfl,Stockholm,Stockholm,2026,2025,14.435295806117248,17.857142857142858,295,180,110,1008,96.272543,666.924629,high_coverage,provisional
01802534,Farsta 34 Kristinehamnsgatan S mfl,Stockholm,Stockholm,2026,2025,21.18642169393602,18.660812294182218,320,170,58,911,292.792594,1381.982282,high_coverage,provisional
01802535,Farsta 35 Russinvägen mfl,Stockholm,Stockholm,2026,2025,14.336676745477096,25.64366632337796,280,249,138,971,263.423479,1837.409629,high_coverage,provisional
01802536,Farsta 36 Karin Larssons väg mfl,Stockholm,Stockholm,2026,2025,9.683555990203017,8.508014796547473,242,69,91,811,149.195139,1540.706112,high_coverage,provisional
01802537,Farsta 37 Hökarängen N,Stockholm,Stockholm,2026,2025,14.609354620459317,25.984251968503937,279,231,103,889,169.239778,1158.434321,high_coverage,provisional
01802538,Farsta 38 Gubbängen N,Stockholm,Stockholm,2026,2025,9.489235655758415,17.3963133640553,224,151,127,868,117.200782,1235.091911,high_coverage,provisional
01802539,Farsta 39 Östmarksgatan mfl,Stockholm,Stockholm,2026,2025,17.840147198000647,15.978695073235686,282,120,75,751,236.858901,1327.673468,high_coverage,provisional
01802701,Bromma 1 Abrahamsberg S,Stockholm,Stockholm,2026,2025,9.45063990283457,7.296137339055794,265,85,161,1165,172.732246,1827.730691,high_coverage,provisional
01802702,Bromma 2 Abrahamsberg N,Stockholm,Stockholm,2026,2025,8.300186971618203,7.51131221719457,289,83,117,1105,130.830981,1576.241372,high_coverage,provisional
01802703,Bromma 3 Åkeslund mellersta,Stockholm,Stockholm,2026,2025,9.761568475714272,7.506361323155216,206,59,107,786,130.05212,1332.287125,high_coverage,provisional
01802704,Bromma 4 Riksby N,Stockholm,Stockholm,2026,2025,13.567814576529251,10.201149425287356,171,71,61,696,162.001667,1194.014453,high_coverage,provisional
01802705,Bromma 5 Åkeshov,Stockholm,Stockholm,2026,2025,14.863776188979585,11.443661971830986,137,65,80,568,146.29826,984.26038,high_coverage,provisional
01802706,Bromma 6 Riksby V-Brommaplan,Stockholm,Stockholm,2026,2025,14.863743172840131,8.909090909090908,286,98,98,1100,235.612789,1585.151104,high_coverage,provisional
01802707,Bromma 7 Riksby Ö,Stockholm,Stockholm,2026,2025,10.608792756987908,7.171314741035856,235,72,86,1004,157.812136,1487.559797,high_coverage,provisional
01802708,Bromma 8 Bromma kyrka S,Stockholm,Stockholm,2026,2025,5.373525969007655,2.479338842975207,128,24,70,968,81.99959,1525.992253,high_coverage,provisional
01802709,Bromma 9 Bromma kyrka N,Stockholm,Stockholm,2026,2025,5.9176671221336585,2.8947368421052633,104,22,61,760,68.999802,1165.996677,high_coverage,provisional
01802710,Bromma 10 Beckomberga S,Stockholm,Stockholm,2026,2025,10.449690054789027,5.848513902205178,305,61,63,1043,180.432389,1726.676945,high_coverage,provisional
01802711,Bromma 11 Bällstavägen S mfl,Stockholm,Stockholm,2026,2025,4.343175698268681,2.886836027713626,168,25,76,866,72.028401,1658.427059,high_coverage,provisional
01802712,Bromma 12 Norra Ängby Ö,Stockholm,Stockholm,2026,2025,7.39868894503417,5.47945205479452,188,52,119,949,111.625531,1508.720421,high_coverage,provisional
01802713,Bromma 13 Norra Ängby V,Stockholm,Stockholm,2026,2025,8.20505920741327,9.467455621301776,267,96,110,1014,133.415449,1626.014458,high_coverage,provisional
01802714,Bromma 14 Blackeberg V,Stockholm,Stockholm,2026,2025,17.681483189839984,15.454545454545455,244,119,106,770,225.479385,1275.228908,high_coverage,provisional
01802715,Bromma 15 Blackeberg mellersta,Stockholm,Stockholm,2026,2025,13.138531790837769,12.13640922768305,304,121,136,997,244.689494,1862.380804,high_coverage,provisional
01802716,Bromma 16 Blackeberg gård,Stockholm,Stockholm,2026,2025,10.73171244584478,10.113960113960115,214,71,92,702,231.037409,2152.847555,high_coverage,provisional
01802717,Bromma 17 Blackeberg Ö,Stockholm,Stockholm,2026,2025,17.001928273727497,16.43243243243243,272,152,120,925,257.113605,1512.261438,high_coverage,provisional
01802718,Bromma 18 Södra Ängby,Stockholm,Stockholm,2026,2025,2.442032730137275,1.3066202090592334,113,15,74,1148,40.0003,1637.991969,high_coverage,provisional
01802719,Bromma 19 Johannesfred Ö,Stockholm,Stockholm,2026,2025,11.146498368416626,11.491442542787286,254,94,76,818,139.947537,1255.529157,high_coverage,provisional
01802720,Bromma 20 Johannesfred V,Stockholm,Stockholm,2026,2025,13.130915584038826,9.12906610703043,272,87,112,953,287.474219,2189.293025,high_coverage,provisional
01802721,Bromma 21 Bällsta,Stockholm,Stockholm,2026,2025,7.913202235955365,5.065666041275797,114,27,38,533,92.005369,1162.681886,high_coverage,provisional
01802722,Bromma 22 Beckomberga N,Stockholm,Stockholm,2026,2025,17.567624392630634,4.9079754601226995,285,56,80,1141,427.658516,2434.355986,high_coverage,provisional
01802723,Bromma 23 Mariehäll S,Stockholm,Stockholm,2026,2025,9.442719726049019,7.248764415156508,300,88,100,1214,152.845563,1618.66038,high_coverage,provisional
01802724,Bromma 24 Blackeberg N,Stockholm,Stockholm,2026,2025,14.693431892490395,13.3130081300813,276,131,142,984,219.396481,1493.160227,high_coverage,provisional
01802725,Bromma 25 Karsvikshage,Stockholm,Stockholm,2026,2025,4.8233758269130105,2.608695652173913,207,30,82,1150,67.618827,1401.898368,high_coverage,provisional
01802726,Bromma 26 Åkeslund V,Stockholm,Stockholm,2026,2025,11.197130573253569,10.012836970474968,214,78,76,779,132.574476,1184.004019,high_coverage,provisional
01802727,Bromma 27 Eneby,Stockholm,Stockholm,2026,2025,5.923305125083777,3.820598006644518,112,23,42,602,52.013094,878.109314,high_coverage,provisional
01802728,Bromma 28 Annedalsparken,Stockholm,Stockholm,2026,2025,12.636834484426522,8.70712401055409,335,99,57,1137,204.906406,1621.501067,high_coverage,provisional
01802729,Bromma 29 Linaberg,Stockholm,Stockholm,2026,2025,12.038024940692825,8.146821844225604,303,91,57,1117,281.598718,2339.243517,high_coverage,provisional
01802730,Bromma 30 Beckomberga mellersta,Stockholm,Stockholm,2026,2025,16.25395457092668,9.466911764705882,331,103,77,1088,278.897825,1715.876735,high_coverage,provisional
01802731,Bromma 31 Blackeberg S,Stockholm,Stockholm,2026,2025,11.905171967990992,14.537902388369679,286,140,119,963,73.155748,614.487117,high_coverage,provisional
01802732,Bromma 32 Lönnebergaparken,Stockholm,Stockholm,2026,2025,12.656850828875205,7.956448911222781,322,95,92,1194,280.05057,2212.640204,high_coverage,provisional
01802733,Bromma 33 Mariehäll V,Stockholm,Stockholm,2026,2025,11.169733998818836,3.7193575655114115,287,44,73,1183,142.485361,1275.637907,high_coverage,provisional
01802734,Bromma 34 Åkeslund Ö,Stockholm,Stockholm,2026,2025,8.171219555667761,9.622411693057247,196,79,133,821,92.385789,1130.62424,high_coverage,provisional
01802735,Bromma 35 Mariehäll N,Stockholm,Stockholm,2026,2025,11.856804728922757,5.583756345177665,301,66,86,1182,175.387216,1479.211474,high_coverage,provisional
01802801,Essinge 1 Lilla Essingen mellersta,Stockholm,Stockholm,2026,2025,7.493541001160771,8.699472759226714,256,99,117,1138,115.997692,1547.969004,high_coverage,provisional
01802802,Essinge 2 Lilla Essingen N,Stockholm,Stockholm,2026,2025,8.256703279412566,8.790252393385552,294,101,119,1149,131.204127,1589.061912,high_coverage,provisional
01802803,Essinge 3 Stora Essingen S,Stockholm,Stockholm,2026,2025,6.2323588560587995,5.888538380651945,182,56,117,951,84.185066,1350.773727,high_coverage,provisional
01802804,Essinge 4 Stora Essingen N,Stockholm,Stockholm,2026,2025,7.164170180071748,5.535714285714286,241,62,161,1120,119.999677,1674.997578,high_coverage,provisional
01802805,Essinge 5 Stora Essingen Ö,Stockholm,Stockholm,2026,2025,5.961765741514253,5.951115834218916,222,56,116,941,83.609181,1402.423118,high_coverage,provisional
01802806,Essinge 6 Luxområdet,Stockholm,Stockholm,2026,2025,5.878939318115546,4.097714736012608,230,52,90,1269,104.787319,1782.418789,high_coverage,provisional
01802901,Västerled 1 Smedslätten V,Stockholm,Stockholm,2026,2025,3.9537700606191644,2.1788990825688073,68,19,49,872,50.856052,1286.267315,high_coverage,provisional
01802902,Västerled 2 Äppelviken,Stockholm,Stockholm,2026,2025,4.423723236462279,1.8910741301059002,156,25,83,1322,88.068396,1990.820657,high_coverage,provisional
01802903,Västerled 3 Stora Mossen,Stockholm,Stockholm,2026,2025,4.596926464936,2.541630148992112,124,29,61,1141,77.967934,1696.088345,high_coverage,provisional
01802904,Västerled 4 Alvik,Stockholm,Stockholm,2026,2025,7.868181700211348,7.596253902185223,198,73,112,961,117.000287,1487.005403,high_coverage,provisional
01802905,Västerled 5 Johannelund,Stockholm,Stockholm,2026,2025,9.768767923564418,8.79765395894428,261,90,118,1023,153.390729,1570.215714,high_coverage,provisional
01802906,Västerled 6 Traneberg S,Stockholm,Stockholm,2026,2025,7.392196934372204,7.516891891891892,306,89,148,1184,106.953809,1446.847398,high_coverage,provisional
01802907,Västerled 7 Traneberg Ö,Stockholm,Stockholm,2026,2025,6.973615499870794,6.508875739644971,243,66,130,1014,129.589083,1858.276858,high_coverage,provisional
01802908,Västerled 8 Minneberg,Stockholm,Stockholm,2026,2025,6.249122912213615,3.048780487804878,284,30,110,984,83.514428,1336.418393,high_coverage,provisional
01802909,Västerled 9 Ulvsunda trädgårdsstad,Stockholm,Stockholm,2026,2025,9.109470788829315,4.450261780104712,135,34,68,764,110.74075,1215.666119,high_coverage,provisional
01802910,Västerled 10 Nockebyhov V,Stockholm,Stockholm,2026,2025,6.420401551485926,4.4673539518900345,205,52,95,1164,136.136127,2120.367798,high_coverage,provisional
01802911,Västerled 11 Nockebyhov Ö,Stockholm,Stockholm,2026,2025,3.2376554951772047,4.436557231588288,187,50,94,1127,41.53272,1282.802326,high_coverage,provisional
01802912,Västerled 12 Nockeby S,Stockholm,Stockholm,2026,2025,3.2010733827764923,1.1904761904761905,127,14,66,1176,53.925693,1684.612833,high_coverage,provisional
01802913,Västerled 13 Nockeby N,Stockholm,Stockholm,2026,2025,3.7385605431258933,3.8237738985868663,194,46,121,1203,59.382235,1588.371629,high_coverage,provisional
01802914,Västerled 14 Höglandet-Olovslund,Stockholm,Stockholm,2026,2025,4.18185633814271,1.5467904098994587,113,20,75,1293,79.10145,1891.539154,high_coverage,provisional
01802915,Västerled 15 Ålsten S,Stockholm,Stockholm,2026,2025,1.8305251018973616,1.098901098901099,65,11,43,1001,27.000383,1475.007525,high_coverage,provisional
01802916,Västerled 16 Ålsten N,Stockholm,Stockholm,2026,2025,2.441865426526185,1.2248468941382327,120,14,66,1143,41.999985,1719.995891,high_coverage,provisional
01802917,Västerled 17 Traneberg mellersta,Stockholm,Stockholm,2026,2025,7.755353546334984,7.224334600760456,275,76,91,1052,113.002842,1457.094655,high_coverage,provisional
01802918,Västerled 18 Ulvsunda N,Stockholm,Stockholm,2026,2025,8.190310304186617,7.142857142857143,206,60,90,840,116.284887,1419.786097,high_coverage,provisional
01802919,Västerled 19 Smedslätten Ö,Stockholm,Stockholm,2026,2025,3.9191955364652316,2.92326431181486,106,24,46,821,52.963797,1351.394604,high_coverage,provisional
01803101,Vällingby 1 Vällingby N,Stockholm,Stockholm,2026,2025,8.993729834242394,9.742647058823529,329,106,200,1088,171.784936,1910.052216,high_coverage,provisional
01803102,Vällingby 2 Vällingby V,Stockholm,Stockholm,2026,2025,23.229111108887025,15.613825983313468,256,131,74,839,363.996778,1566.985393,high_coverage,provisional
01803103,Vällingby 3 Vällingby Ö,Stockholm,Stockholm,2026,2025,24.371858138058908,21.75032175032175,241,169,64,777,409.041087,1678.333612,high_coverage,provisional
01803104,Vällingby 4 Vällingby C,Stockholm,Stockholm,2026,2025,26.21904096883555,17.755856966707768,323,144,68,811,439.93378,1677.917131,high_coverage,provisional
01803105,Vällingby 5 Grimsta V,Stockholm,Stockholm,2026,2025,31.341399869697312,27.377521613832855,286,190,43,694,493.000387,1573.000533,high_coverage,provisional
01803106,Vällingby 6 Grimsta Ö,Stockholm,Stockholm,2026,2025,32.98742374130832,22.410865874363328,201,132,50,589,444.061447,1346.153766,high_coverage,provisional
01803107,Vällingby 7 Råcksta Ö,Stockholm,Stockholm,2026,2025,23.46964491630726,19.23474663908997,306,186,79,967,446.555432,1902.693601,high_coverage,provisional
01803108,Vällingby 8 Råcksta V,Stockholm,Stockholm,2026,2025,24.18821677890806,15.91796875,365,163,117,1024,451.496998,1866.59894,high_coverage,provisional
01803109,Vällingby 9 Råcksta N,Stockholm,Stockholm,2026,2025,22.869563216867434,13.764705882352942,269,117,68,850,483.256438,2113.098678,high_coverage,provisional
01803110,Vällingby 10 Nälsta Ö,Stockholm,Stockholm,2026,2025,11.992146783852503,6.704545454545454,231,59,86,880,183.000651,1526.004095,high_coverage,provisional
01803111,Vällingby 11 Nälsta V,Stockholm,Stockholm,2026,2025,10.826363786980586,6.460176991150442,308,73,90,1130,206.999051,1911.990536,high_coverage,provisional
01803112,Vällingby 12 Grimsta mellersta,Stockholm,Stockholm,2026,2025,37.77640337043645,25.905292479108635,299,186,41,718,604.435106,1600.033492,high_coverage,provisional
01803113,Vällingby 13 Kälvesta V,Stockholm,Stockholm,2026,2025,13.032115681328241,5.5396370582617,320,58,86,1047,226.941009,1741.398055,high_coverage,provisional
01803114,Vällingby 14 Kälvesta S,Stockholm,Stockholm,2026,2025,19.29582720178655,10.073710073710073,294,82,46,814,309.357259,1603.233983,high_coverage,provisional
01803115,Vällingby 15 Vinsta V,Stockholm,Stockholm,2026,2025,19.371193016616328,10.450819672131148,315,102,38,976,340.161186,1756.015676,high_coverage,provisional
01803116,Vällingby 16 Vinsta Ö,Stockholm,Stockholm,2026,2025,22.87518559750248,11.186903137789905,237,82,40,733,559.991247,2448.029305,high_coverage,provisional
01803117,Vällingby 17 Råcksta S,Stockholm,Stockholm,2026,2025,36.45066648105055,20.403022670025187,241,162,51,794,779.232892,2137.774058,high_coverage,provisional
01803118,Vällingby 18 Nälsta gård,Stockholm,Stockholm,2026,2025,22.08876920587252,7.710557532621589,232,65,79,843,367.999644,1666.003391,high_coverage,provisional
01803119,Vällingby 19 Vällingby mellersta,Stockholm,Stockholm,2026,2025,29.903776191469348,21.580188679245282,325,183,55,848,549.259535,1836.75644,high_coverage,provisional
01803120,Vällingby 20 Johannelund trädg.stad,Stockholm,Stockholm,2026,2025,22.596652635363,20.61855670103093,207,120,34,582,48.613397,215.135391,high_coverage,provisional
01803121,Vällingby 21 Vällingby Parkstad,Stockholm,Stockholm,2026,2025,36.04037757888077,18.367346938775512,252,162,72,882,737.832503,2047.238549,high_coverage,provisional
01803122,Vällingby 22 Kälvesta Ö,Stockholm,Stockholm,2026,2025,15.959836368259538,6.469920544835414,257,57,63,881,196.732449,1232.672093,high_coverage,provisional
01803401,Enskede 1 Årstaberg,Stockholm,Stockholm,2026,2025,7.4402674833110725,14.335664335664335,351,164,204,1144,144.87627,1947.191688,high_coverage,provisional
01803402,Enskede 2 Sköntorpsvägen V,Stockholm,Stockholm,2026,2025,6.617099763716256,13.032581453634085,356,156,260,1197,82.539618,1247.368499,high_coverage,provisional
01803403,Enskede 3 Siljansvägen V,Stockholm,Stockholm,2026,2025,8.403498980659865,12.698412698412698,351,152,235,1197,141.209498,1680.365504,high_coverage,provisional
01803404,Enskede 4 Årsta Centrum,Stockholm,Stockholm,2026,2025,9.294438358457958,17.752442996742673,347,218,264,1228,169.672577,1825.528025,high_coverage,provisional
01803405,Enskede 5 Valla torg V,Stockholm,Stockholm,2026,2025,12.733302901852529,17.004405286343612,379,193,132,1135,225.485235,1770.830685,high_coverage,provisional
01803406,Enskede 6 Valla torg Ö,Stockholm,Stockholm,2026,2025,12.637595374969395,22.898799313893655,379,267,146,1166,266.364472,2107.714831,high_coverage,provisional
01803407,Enskede 7 Långhalsvägen mfl,Stockholm,Stockholm,2026,2025,6.851240406991783,15.132105684547637,363,189,277,1249,107.347045,1566.826423,high_coverage,provisional
01803408,Enskede 8 Årstaskogen,Stockholm,Stockholm,2026,2025,6.284459842196915,15.701668302257115,326,160,192,1019,196.037485,3119.400711,high_coverage,provisional
01803409,Enskede 9 Sköntorpsvägen Ö,Stockholm,Stockholm,2026,2025,6.436551417897591,12.601260126012601,326,140,210,1111,40.969684,636.516068,high_coverage,provisional
01803410,Enskede 10 Bolmensvägen mfl,Stockholm,Stockholm,2026,2025,8.596072396266088,14.786324786324787,334,173,215,1170,150.127504,1746.466259,high_coverage,provisional
01803411,Enskede 11 Gullmarsplan,Stockholm,Stockholm,2026,2025,11.427796029163387,14.358108108108109,357,170,148,1184,128.249201,1122.256651,high_coverage,provisional
01803412,Enskede 12 Skärmarbrink,Stockholm,Stockholm,2026,2025,11.494998020127404,16.29955947136564,321,185,132,1135,238.720896,2076.737165,high_coverage,provisional
01803413,Enskede 13 Blåsut,Stockholm,Stockholm,2026,2025,10.162835506256243,13.815187557182067,321,151,135,1093,156.001084,1535.01534,high_coverage,provisional
01803414,Enskede 14 Globen,Stockholm,Stockholm,2026,2025,8.881628816904284,15.013404825737265,289,168,128,1119,144.582186,1627.879176,high_coverage,provisional
01803415,Enskede 15 Enskede Gård N,Stockholm,Stockholm,2026,2025,9.383179124112555,11.754537597234226,323,136,181,1157,166.671582,1776.28051,high_coverage,provisional
01803416,Enskede 16 Enskede Gård S,Stockholm,Stockholm,2026,2025,7.944546903034344,8.857142857142858,295,93,146,1050,122.315648,1539.617671,high_coverage,provisional
01803417,Enskede 17 Enskedefältet,Stockholm,Stockholm,2026,2025,5.858357739852634,4.939516129032258,245,49,125,992,120.84452,2062.771264,high_coverage,provisional
01803418,Enskede 18 Gamla Enskede S,Stockholm,Stockholm,2026,2025,3.7207048112471455,6.454388984509467,297,75,178,1162,65.001042,1747.008841,high_coverage,provisional
01803419,Enskede 19 Gamla Enskede N,Stockholm,Stockholm,2026,2025,3.9496398495021454,5.882352941176471,295,68,196,1156,68.99577,1746.887631,high_coverage,provisional
01803420,Enskede 20 Skogskyrkogården,Stockholm,Stockholm,2026,2025,6.034596326017129,10.283315844700944,264,98,151,953,84.010034,1392.140078,high_coverage,provisional
01803421,Enskede 21 Dalen N,Stockholm,Stockholm,2026,2025,20.183967187381892,24.07199100112486,293,214,108,889,307.00188,1521.018525,high_coverage,provisional
01803422,Enskede 22 Dalen S,Stockholm,Stockholm,2026,2025,18.065094558845455,19.41941941941942,369,194,133,999,296.491492,1641.239635,high_coverage,provisional
01803423,Enskede 23 Enskede IP,Stockholm,Stockholm,2026,2025,11.928255233185029,11.260709914320685,249,92,112,817,167.005932,1400.086842,high_coverage,provisional
01803424,Enskede 24 Dalen V,Stockholm,Stockholm,2026,2025,21.099849652598376,24.195624195624195,285,188,87,777,298.574418,1415.054718,high_coverage,provisional
01803425,Enskede 25 Ottsjövägen mfl,Stockholm,Stockholm,2026,2025,6.612975837379408,15.282685512367491,349,173,217,1132,113.722353,1719.684992,high_coverage,provisional
01803426,Enskede 26 Årstavägen Ö,Stockholm,Stockholm,2026,2025,7.7902193860509525,12.422907488986784,371,141,171,1135,100.13635,1285.411168,high_coverage,provisional
01803601,Skarpnäck 1 Bagarmossen S,Stockholm,Stockholm,2026,2025,8.904346858517023,28.23639774859287,283,301,259,1066,150.596123,1691.265237,high_coverage,provisional
01803602,Skarpnäck 2 Brotorp,Stockholm,Stockholm,2026,2025,6.413570062492981,17.342879872712807,336,218,440,1257,125.412434,1955.423154,high_coverage,provisional
01803603,Skarpnäck 3 Ljusnevägen mfl,Stockholm,Stockholm,2026,2025,12.01924798223557,24.134419551934826,288,237,248,982,220.094639,1831.184774,high_coverage,provisional
01803604,Skarpnäck 4 Bergsrådsvägen mfl,Stockholm,Stockholm,2026,2025,9.08866277413925,27.171903881700555,290,294,274,1082,123.155973,1355.050529,high_coverage,provisional
01803605,Skarpnäck 5 Bagarmossen N,Stockholm,Stockholm,2026,2025,27.134350907961437,24.681933842239186,329,194,84,786,381.024815,1404.215698,high_coverage,provisional
01803606,Skarpnäck 6 Bagarmossen C,Stockholm,Stockholm,2026,2025,11.783894294911597,28.232758620689655,220,262,197,928,181.000028,1535.995007,high_coverage,provisional
01803607,Skarpnäck 7 Skarpnäcks trädgårdsstad,Stockholm,Stockholm,2026,2025,3.168953944305685,7.430617726051925,288,83,315,1117,50.692488,1599.659979,high_coverage,provisional
01803608,Skarpnäck 8 Enskededalen Ö,Stockholm,Stockholm,2026,2025,3.9215867026243503,9.365244536940686,241,90,179,961,55.141832,1406.110235,high_coverage,provisional
01803609,Skarpnäck 9 Kärrtorp S,Stockholm,Stockholm,2026,2025,7.635286885089274,21.748400852878465,297,204,191,938,134.755426,1764.903245,high_coverage,provisional
01803610,Skarpnäck 10 Kärrtorp V,Stockholm,Stockholm,2026,2025,6.247251865304778,18.164794007490638,336,194,264,1068,123.511584,1977.054658,high_coverage,provisional
01803611,Skarpnäck 11 Björkhagen Ö,Stockholm,Stockholm,2026,2025,7.383861573508814,17.22272317403066,296,191,323,1109,110.104824,1491.15504,high_coverage,provisional
01803612,Skarpnäck 12 Björkhagen V,Stockholm,Stockholm,2026,2025,6.607411655469818,16.05351170568562,347,192,288,1196,118.849169,1798.725056,high_coverage,provisional
01803613,Skarpnäck 13 Björkhagen N,Stockholm,Stockholm,2026,2025,5.6642385231992485,14.335360556038228,313,165,319,1151,103.038448,1819.105032,high_coverage,provisional
01803614,Skarpnäck 14 Hammarbyhöjden S,Stockholm,Stockholm,2026,2025,6.685133162263043,14.418125643666324,290,140,204,971,103.283537,1544.973518,high_coverage,provisional
01803615,Skarpnäck 15 Hammarbyhöjden N,Stockholm,Stockholm,2026,2025,5.589783517638843,10.12536162005786,308,105,191,1037,83.541564,1494.54024,high_coverage,provisional
01803616,Skarpnäck 16 Hammarbyhöjden Ö,Stockholm,Stockholm,2026,2025,6.959475609177294,17.770767613038906,266,169,184,951,94.302513,1355.023256,high_coverage,provisional
01803617,Skarpnäck 17 Hammarbyhöjden NV,Stockholm,Stockholm,2026,2025,7.399746650485524,15.72700296735905,281,159,144,1011,107.000454,1446.001587,high_coverage,provisional
01803618,Skarpnäck 18 Skarpnäck Ö,Stockholm,Stockholm,2026,2025,16.981506343389324,18.967052537845056,380,213,205,1123,331.204528,1950.383678,high_coverage,provisional
01803619,Skarpnäck 19 Skarpnäck S-Orhem,Stockholm,Stockholm,2026,2025,16.7073401303447,22.106261859582542,335,233,201,1054,317.695928,1901.535047,high_coverage,provisional
01803620,Skarpnäck 20 Skarpnäck V,Stockholm,Stockholm,2026,2025,24.691313424372893,31.888544891640866,305,309,136,969,420.000849,1701.006511,high_coverage,provisional
01803621,Skarpnäck 21 Pungpinan mfl,Stockholm,Stockholm,2026,2025,14.004830394078398,17.523975588491716,352,201,191,1147,275.354253,1966.13772,high_coverage,provisional
01803622,Skarpnäck 22 Hammarbyhöjden NÖ,Stockholm,Stockholm,2026,2025,6.223815635320638,11.444652908067543,314,122,233,1066,103.668145,1665.668636,high_coverage,provisional
01803623,Skarpnäck 23 Skarpnäck C,Stockholm,Stockholm,2026,2025,22.81801712039521,25.617283950617285,324,249,149,972,399.993112,1752.970514,high_coverage,provisional
01803624,Skarpnäck 24 Bagarmossen V,Stockholm,Stockholm,2026,2025,10.852109316707722,23.92703862660944,294,223,200,932,177.333262,1634.090266,high_coverage,provisional
01803625,Skarpnäck 25 Enskededalen V,Stockholm,Stockholm,2026,2025,4.433892001024704,9.404761904761905,239,79,155,840,56.000194,1263.003113,high_coverage,provisional
01803626,Skarpnäck 26 Kärrtorp mellersta,Stockholm,Stockholm,2026,2025,7.143483951294221,22.727272727272727,276,210,185,924,76.063339,1064.793307,high_coverage,provisional
01803627,Skarpnäck 27 Björkhagen mellersta,Stockholm,Stockholm,2026,2025,6.916315565959745,18.13953488372093,351,234,347,1290,128.674696,1860.45149,high_coverage,provisional
01803628,Skarpnäck 28 Hammarbyhöjden mellan,Stockholm,Stockholm,2026,2025,6.473931277535627,11.38888888888889,339,123,187,1080,102.987826,1590.808144,high_coverage,provisional
01803629,Skarpnäck 29 Blåsut Ö,Stockholm,Stockholm,2026,2025,11.636646746304407,7.728119180633147,307,83,107,1074,190.547482,1637.477584,high_coverage,provisional
01803630,Skarpnäck 30 Kärrtorp N,Stockholm,Stockholm,2026,2025,6.9262604773169585,20.851528384279476,250,191,180,916,69.57475,1004.506692,high_coverage,provisional
01803801,Hässelby 1 Hässelby Strand V,Stockholm,Stockholm,2026,2025,29.772472592950198,22.234891676168758,300,195,56,877,533.749576,1792.762003,high_coverage,provisional
01803802,Hässelby 2 Hässelby Strand S,Stockholm,Stockholm,2026,2025,24.734339097001897,10.640732265446225,266,93,92,874,460.181648,1860.497045,high_coverage,provisional
01803803,Hässelby 3 Hässelby Strand N,Stockholm,Stockholm,2026,2025,30.088891083902087,21.883289124668433,271,165,39,754,622.506551,2068.891636,high_coverage,provisional
01803804,Hässelby 4 Hässelby Strand Ö,Stockholm,Stockholm,2026,2025,34.14623805161757,18.65671641791045,298,150,55,804,570.314195,1670.210915,high_coverage,provisional
01803805,Hässelby 5 Hässelby slott,Stockholm,Stockholm,2026,2025,33.61137208679155,29.819277108433734,260,198,32,664,804.626982,2393.912929,high_coverage,provisional
01803806,Hässelby 6 Hässelby Gård Ö,Stockholm,Stockholm,2026,2025,35.369418247074286,27.39322533136966,261,186,32,679,561.668103,1588.004923,high_coverage,provisional
01803807,Hässelby 7 Hässelby Gård mellersta,Stockholm,Stockholm,2026,2025,30.57182754985221,28.90625,224,185,34,640,430.825554,1409.224075,high_coverage,provisional
01803808,Hässelby 8 Hässelby Gård S,Stockholm,Stockholm,2026,2025,39.388331568257136,25.411061285500747,243,170,27,669,690.846718,1753.9375,high_coverage,provisional
01803809,Hässelby 9 Hässelby Gård V,Stockholm,Stockholm,2026,2025,29.876728692670703,16.74641148325359,282,140,66,836,571.28777,1912.149673,high_coverage,provisional
01803810,Hässelby 10 Hässelby Villast. mellan,Stockholm,Stockholm,2026,2025,12.46511327135379,4.919583727530747,242,52,62,1057,238.346096,1912.105336,high_coverage,provisional
01803811,Hässelby 11 Hässelby Villastad V,Stockholm,Stockholm,2026,2025,8.057692513977283,3.9634146341463414,200,39,50,984,129.006385,1601.033854,high_coverage,provisional
01803812,Hässelby 12 Hässelby Villastad Ö,Stockholm,Stockholm,2026,2025,14.63306487570358,6.9979716024340775,247,69,71,986,267.441617,1827.65278,high_coverage,provisional
01803813,Hässelby 13 Hässelby Villastad NV,Stockholm,Stockholm,2026,2025,15.528782030550381,11.163670766319774,305,118,78,1057,288.319561,1856.678524,high_coverage,provisional
01803814,Hässelby 14 Lövsta,Stockholm,Stockholm,2026,2025,13.04768227722062,6.857142857142857,310,84,77,1225,267.477256,2049.998232,high_coverage,provisional
01803815,Hässelby 15 Backlura N,Stockholm,Stockholm,2026,2025,14.85500184570315,8.305369127516778,294,99,52,1192,290.127985,1953.065964,high_coverage,provisional
01803816,Hässelby 16 Backlura S,Stockholm,Stockholm,2026,2025,20.38335742826044,9.805735430157261,300,106,56,1081,436.711758,2142.491783,high_coverage,provisional
01803817,Hässelby 17 Hässelby Villastad NÖ,Stockholm,Stockholm,2026,2025,28.09404871420559,17.291666666666668,318,166,47,960,472.185262,1680.730559,high_coverage,provisional
01803818,Hässelby 18 Smedshagen,Stockholm,Stockholm,2026,2025,27.09359246714199,24.477244772447726,289,199,18,813,609.55645,2249.817741,high_coverage,provisional
01803819,Hässelby 19 Hässelby Villastad S,Stockholm,Stockholm,2026,2025,12.253169800766637,5.378304466727439,199,59,87,1097,209.45302,1709.378254,high_coverage,provisional
01803820,Hässelby 20 Hässelby Gård N,Stockholm,Stockholm,2026,2025,29.991243753294608,20.662251655629138,229,156,47,755,470.672524,1569.366472,high_coverage,provisional
01803821,Hässelby 21 Hässelby Strand mellan,Stockholm,Stockholm,2026,2025,32.17266926730298,21.225710014947683,260,142,40,669,302.547692,940.387288,high_coverage,provisional
01803822,Hässelby 22 Ormängsgatan m fl,Stockholm,Stockholm,2026,2025,34.195495327610715,24.31906614785992,193,125,30,514,349.063519,1020.788018,high_coverage,provisional
01803901,Hägersten 1 Nybohov V,Stockholm,Stockholm,2026,2025,19.23614318771447,18.59557867360208,268,143,70,769,201.887366,1049.521019,high_coverage,provisional
01803902,Hägersten 2 Nybohov Ö,Stockholm,Stockholm,2026,2025,19.129161931251723,20.592193808882907,210,153,89,743,161.547809,844.510646,high_coverage,provisional
01803903,Hägersten 3 Stora Fågelsången,Stockholm,Stockholm,2026,2025,4.876429354442258,13.587921847246891,339,153,279,1126,67.567037,1385.584248,high_coverage,provisional
01803904,Hägersten 4 Gröndal C,Stockholm,Stockholm,2026,2025,4.813431819313798,11.690821256038648,266,121,293,1035,66.04283,1372.052882,high_coverage,provisional
01803905,Hägersten 5 Gröndal V,Stockholm,Stockholm,2026,2025,8.278425198247684,20.070011668611436,229,172,149,857,160.254218,1935.805593,high_coverage,provisional
01803906,Hägersten 6 Ekensberg,Stockholm,Stockholm,2026,2025,7.1752867733562145,9.808102345415778,281,92,172,938,100.373073,1398.871936,high_coverage,provisional
01803907,Hägersten 7 Gröndal N,Stockholm,Stockholm,2026,2025,5.47820183382383,11.671686746987952,363,155,318,1328,96.958079,1769.888769,high_coverage,provisional
01803908,Hägersten 8 Aspudden Ö,Stockholm,Stockholm,2026,2025,9.474143166224225,16.60015961691939,354,208,244,1253,161.762409,1707.409379,high_coverage,provisional
01803909,Hägersten 9 Aspudden C,Stockholm,Stockholm,2026,2025,6.14495550475827,13.864628820960698,255,127,213,916,84.497789,1375.075685,high_coverage,provisional
01803910,Hägersten 10 Örnsberg,Stockholm,Stockholm,2026,2025,11.103592383826106,15.841584158415841,306,160,191,1010,165.996613,1494.981149,high_coverage,provisional
01803911,Hägersten 11 Vinterviken,Stockholm,Stockholm,2026,2025,10.209082391519473,16.513761467889907,281,144,180,872,137.325485,1345.130539,high_coverage,provisional
01803912,Hägersten 12 Midsommarkransen N,Stockholm,Stockholm,2026,2025,5.874400225007544,15.806988352745424,336,190,245,1202,103.033421,1753.939416,high_coverage,provisional
01803913,Hägersten 13 Telefonplan V,Stockholm,Stockholm,2026,2025,9.762037152745403,11.626016260162602,330,143,227,1230,164.143417,1681.446346,high_coverage,provisional
01803914,Hägersten 14 Midsommarkransen S,Stockholm,Stockholm,2026,2025,7.3258995742039605,16.038562664329536,313,183,205,1141,135.016243,1842.998824,high_coverage,provisional
01803915,Hägersten 15 Svandammen,Stockholm,Stockholm,2026,2025,7.416921456051778,18.65492393915132,358,233,252,1249,143.023736,1928.343678,high_coverage,provisional
01803916,Hägersten 16 Midsommarkransen C,Stockholm,Stockholm,2026,2025,6.600030228764507,17.939282428702853,313,195,190,1087,99.000133,1499.995145,high_coverage,provisional
01803917,Hägersten 17 Korpmossen,Stockholm,Stockholm,2026,2025,8.853316444181264,14.084507042253522,270,140,158,994,122.696387,1385.880509,high_coverage,provisional
01803918,Hägersten 18 Radiusparken,Stockholm,Stockholm,2026,2025,11.398411239497362,14.446529080675422,304,154,131,1066,198.152287,1738.420231,high_coverage,provisional
01803919,Hägersten 19 Hägerstensåsen S,Stockholm,Stockholm,2026,2025,12.941726599169623,18.01125703564728,282,192,134,1066,233.848975,1806.937994,high_coverage,provisional
01803920,Hägersten 20 Hägerstensåsen Ö,Stockholm,Stockholm,2026,2025,7.1046100785938355,20.77338129496403,302,231,163,1112,106.194754,1494.730222,high_coverage,provisional
01803921,Hägersten 21 Hägerstensåsen V,Stockholm,Stockholm,2026,2025,7.942388326605317,20.053475935828878,343,225,183,1122,146.194203,1840.683142,high_coverage,provisional
01803922,Hägersten 22 Hägerstensåsen N,Stockholm,Stockholm,2026,2025,7.343016022651755,15.749525616698293,274,166,189,1054,124.502775,1695.526397,high_coverage,provisional
01803923,Hägersten 23 Hägerstenshamnen,Stockholm,Stockholm,2026,2025,5.948482202026693,12.384615384615385,401,161,274,1300,123.122645,2069.816145,high_coverage,provisional
01803924,Hägersten 24 Axelsberg,Stockholm,Stockholm,2026,2025,7.168765055982011,13.527397260273972,326,158,199,1168,133.510969,1862.398446,high_coverage,provisional
01803925,Hägersten 25 Mälarhöjden Ö,Stockholm,Stockholm,2026,2025,5.847969318611074,6.238361266294227,268,67,184,1074,99.340714,1698.721532,high_coverage,provisional
01803926,Hägersten 26 Mälarhöjden mellersta,Stockholm,Stockholm,2026,2025,5.486299276173035,4.0913415794481445,243,43,150,1051,87.999039,1603.978102,high_coverage,provisional
01803927,Hägersten 27 Mälarhöjden N,Stockholm,Stockholm,2026,2025,5.445265365593398,4.843304843304844,311,68,219,1404,115.880164,2128.090299,high_coverage,provisional
01803928,Hägersten 28 Mälarhöjden S,Stockholm,Stockholm,2026,2025,9.69552224968784,6.958393113342898,360,97,181,1394,218.16224,2250.133973,high_coverage,provisional
01803929,Hägersten 29 Nybodahöjden,Stockholm,Stockholm,2026,2025,10.217927572003308,12.335958005249344,315,141,170,1143,283.043906,2770.071563,high_coverage,provisional
01803930,Hägersten 30 Trekanten,Stockholm,Stockholm,2026,2025,11.919067219358237,11.872146118721462,304,130,188,1095,335.779011,2817.158464,high_coverage,provisional
01803931,Hägersten 31 Marievik,Stockholm,Stockholm,2026,2025,12.478104921615545,4.048892284186402,343,53,137,1309,196.223054,1572.538901,high_coverage,provisional
01803932,Hägersten 32 Liljeholmskajen V,Stockholm,Stockholm,2026,2025,9.544194398052328,8.759757155247181,339,101,120,1153,186.998851,1959.294239,high_coverage,provisional
01803933,Hägersten 33 Aspudden N,Stockholm,Stockholm,2026,2025,8.407399029647628,19.340159271899886,263,170,212,879,107.356249,1276.92582,high_coverage,provisional
01803934,Hägersten 34 Klubbacken mfl,Stockholm,Stockholm,2026,2025,6.298536902517155,11.796982167352537,200,86,121,729,72.999303,1158.988256,high_coverage,provisional
01803935,Hägersten 35 Midsommarkransen Ö,Stockholm,Stockholm,2026,2025,10.803198254485238,19.58855098389982,324,219,187,1118,59.179859,547.799435,high_coverage,provisional
01803936,Hägersten 36 Västberga Ö,Stockholm,Stockholm,2026,2025,16.841685224528923,21.673819742489272,273,202,119,932,288.333945,1712.025496,high_coverage,provisional
01803937,Hägersten 37 Årstadal,Stockholm,Stockholm,2026,2025,13.402648817296557,15.748031496062993,337,180,120,1143,328.116711,2448.148239,high_coverage,provisional
01803938,Hägersten 38 Gösta Ekmans väg mfl,Stockholm,Stockholm,2026,2025,8.276370948715433,16.616616616616618,294,166,195,999,125.662094,1518.323608,high_coverage,provisional
01803939,Hägersten 39 Liljeholmstorget,Stockholm,Stockholm,2026,2025,13.276480397085855,13.001215066828676,233,107,90,823,148.889326,1121.451782,high_coverage,provisional
01803940,Hägersten 40 Hökmossen mfl,Stockholm,Stockholm,2026,2025,11.810933402826784,17.294685990338163,283,179,145,1035,230.425664,1950.952191,high_coverage,provisional
01803941,Hägersten 41 Aspudden mellersta,Stockholm,Stockholm,2026,2025,6.207326889623029,13.699825479930192,317,157,268,1146,99.998264,1610.97145,high_coverage,provisional
01803942,Hägersten 42 Liljeholmskajen Ö,Stockholm,Stockholm,2026,2025,13.070825903099022,5.729632945389436,262,64,85,1117,237.330992,1815.730649,high_coverage,provisional
01803943,Hägersten 43 Hägerstensåsen mellan,Stockholm,Stockholm,2026,2025,7.117664475706557,15.004336513443192,340,173,231,1153,118.040141,1658.411146,high_coverage,provisional
01803944,Hägersten 44 Sjövikshöjden,Stockholm,Stockholm,2026,2025,10.75066397269856,8.84297520661157,349,107,146,1210,218.588727,2033.257923,high_coverage,provisional
01803945,Hägersten 45 Telefonplan Ö,Stockholm,Stockholm,2026,2025,9.55147663530506,19.43711521547933,317,221,246,1137,144.972431,1517.801242,high_coverage,provisional
01803946,Hägersten 46 Ekensbergskajen,Stockholm,Stockholm,2026,2025,8.42911137707577,10.770855332629356,248,102,125,947,53.803399,638.304521,high_coverage,provisional
01803947,Hägersten 47 Tellusborgsvägen S,Stockholm,Stockholm,2026,2025,11.75081340465122,10.29252437703142,249,95,91,923,107.340878,913.476151,high_coverage,provisional
01803948,Hägersten 48 Sjöviksbacken S,Stockholm,Stockholm,2026,2025,16.573457629959837,9.039087947882736,359,111,136,1228,235.238993,1419.371855,high_coverage,provisional
01804001,Skärholmen 1 Bredäng NÖ,Stockholm,Stockholm,2026,2025,28.233410844409097,31.78053830227743,348,307,105,966,536.985392,1901.950122,high_coverage,provisional
01804002,Skärholmen 2 Bredäng NV,Stockholm,Stockholm,2026,2025,32.660085684757306,34.32245301681503,347,347,120,1011,663.001198,2030.004466,high_coverage,provisional
01804003,Skärholmen 3 Bredäng V,Stockholm,Stockholm,2026,2025,34.11431234974671,32.34244946492271,310,272,56,841,728.64912,2135.904463,high_coverage,provisional
01804004,Skärholmen 4 Bredäng Ö,Stockholm,Stockholm,2026,2025,23.25462887265578,29.193109700815956,364,322,187,1103,576.520302,2479.163633,high_coverage,provisional
01804005,Skärholmen 5 Bredäng S,Stockholm,Stockholm,2026,2025,31.865433145592455,32.29665071770335,303,270,66,836,537.235497,1685.950712,high_coverage,provisional
01804006,Skärholmen 6 Sätra N,Stockholm,Stockholm,2026,2025,37.88723722167445,32.047872340425535,291,241,38,752,611.667412,1614.441846,high_coverage,provisional
01804007,Skärholmen 7 Sätra V,Stockholm,Stockholm,2026,2025,32.583861661980826,25.179856115107913,315,210,68,834,437.024025,1341.228457,high_coverage,provisional
01804008,Skärholmen 8 Sätra S,Stockholm,Stockholm,2026,2025,35.44998083041271,31.130268199233715,433,325,55,1044,931.569548,2627.842177,high_coverage,provisional
01804009,Skärholmen 9 Vårberg N,Stockholm,Stockholm,2026,2025,31.507930260597544,32.122093023255815,243,221,57,688,506.60715,1607.871878,high_coverage,provisional
01804010,Skärholmen 10 Portholmsgången mfl,Stockholm,Stockholm,2026,2025,43.275794872976014,33.19209039548023,317,235,28,708,648.037521,1497.459545,high_coverage,provisional
01804011,Skärholmen 11 Ekholmshöjden,Stockholm,Stockholm,2026,2025,44.05397682026568,36.93251533742331,353,301,39,815,463.731805,1052.644593,high_coverage,provisional
01804012,Skärholmen 12 Skärholmen S,Stockholm,Stockholm,2026,2025,37.161360227274336,28.700906344410875,271,190,15,662,615.016343,1654.988782,high_coverage,provisional
01804013,Skärholmen 13 Skärholmens gård,Stockholm,Stockholm,2026,2025,38.50768660373848,25.690021231422506,373,242,48,942,1176.005145,3053.949091,high_coverage,provisional
01804014,Skärholmen 14 Stångholmsbacken mfl,Stockholm,Stockholm,2026,2025,40.20317074242007,34.602076124567475,218,200,24,578,783.408941,1948.624764,high_coverage,provisional
01804015,Skärholmen 15 Vårberg S,Stockholm,Stockholm,2026,2025,45.68994352645792,34.678899082568805,219,189,17,545,926.020919,2026.749975,high_coverage,provisional
01804016,Skärholmen 16 Vårbergs IP,Stockholm,Stockholm,2026,2025,42.47019498942559,30.192307692307693,214,157,26,520,1077.184297,2536.330001,high_coverage,provisional
01804017,Skärholmen 17 Vårberg V,Stockholm,Stockholm,2026,2025,29.290140328435132,24.23945044160942,347,247,61,1019,519.234339,1772.727386,high_coverage,provisional
01804018,Skärholmen 18 Sätra gård,Stockholm,Stockholm,2026,2025,22.829855181966177,22.62008733624454,394,259,129,1145,465.038341,2036.974555,high_coverage,provisional
01804019,Skärholmen 19 Skärholmen C,Stockholm,Stockholm,2026,2025,41.83800207756927,34.967320261437905,271,214,10,612,809.747679,1935.435821,high_coverage,provisional
01804020,Skärholmen 20 Bredäng mellersta,Stockholm,Stockholm,2026,2025,32.750263880718975,34.894259818731115,253,231,39,662,209.591251,639.968129,high_coverage,provisional
01804021,Skärholmen 21 Vårberg C,Stockholm,Stockholm,2026,2025,39.90373372037239,38.13813813813814,293,254,14,666,494.747575,1239.852838,high_coverage,provisional
01804101,Spånga 1 Sundby S,Stockholm,Stockholm,2026,2025,9.619133539399405,4.457527333894029,230,53,69,1189,176.486217,1834.741313,high_coverage,provisional
01804102,Spånga 2 Flysta,Stockholm,Stockholm,2026,2025,8.179104015548864,5.767894371091035,279,83,98,1439,190.000694,2323.001317,high_coverage,provisional
01804103,Spånga 3 Solhem Ö,Stockholm,Stockholm,2026,2025,8.138083888546435,4.963898916967509,255,55,93,1108,138.619187,1703.339372,high_coverage,provisional
01804104,Spånga 4 Solhem S,Stockholm,Stockholm,2026,2025,8.34153808367882,3.4668721109399074,312,45,112,1298,173.006019,2074.0302,high_coverage,provisional
01804105,Spånga 5 Solhem V,Stockholm,Stockholm,2026,2025,6.114619053476472,4.1864139020537126,292,53,105,1266,127.000499,2076.997731,high_coverage,provisional
01804106,Spånga 6 Solhem N,Stockholm,Stockholm,2026,2025,27.52935316516787,15.643105446118192,303,135,72,863,449.006682,1631.01065,high_coverage,provisional
01804107,Spånga 7 Bromsten N,Stockholm,Stockholm,2026,2025,21.4074097102051,14.367160775370582,235,126,70,877,288.71434,1348.665457,high_coverage,provisional
01804108,Spånga 8 Bromsten mellersta,Stockholm,Stockholm,2026,2025,22.260141790891776,20.069808027923212,154,115,37,573,108.7485,488.534624,high_coverage,provisional
01804109,Spånga 9 Bromsten S,Stockholm,Stockholm,2026,2025,27.279582968779096,9.30451127819549,285,99,70,1064,931.493136,3414.616481,high_coverage,provisional
01804110,Spånga 10 Hjulsta V,Stockholm,Stockholm,2026,2025,54.0973334501356,50.821744627054365,303,402,21,791,1111.493358,2054.617644,high_coverage,provisional
01804111,Spånga 11 Erikslund,Stockholm,Stockholm,2026,2025,47.734033909033926,45.90964590964591,280,376,30,819,1006.007786,2107.527279,high_coverage,provisional
01804112,Spånga 12 Nydal,Stockholm,Stockholm,2026,2025,54.44545998460151,40.034364261168385,238,233,13,582,1100.792499,2021.826061,high_coverage,provisional
01804113,Spånga 13 Tensta C,Stockholm,Stockholm,2026,2025,54.45133761250789,54.33168316831683,297,439,22,808,1083.140573,1989.190019,high_coverage,provisional
01804114,Spånga 14 Gullinge,Stockholm,Stockholm,2026,2025,56.72567685603224,51.14678899082569,331,446,13,872,1176.424279,2073.883194,high_coverage,provisional
01804115,Spånga 15 Risingeplan mfl,Stockholm,Stockholm,2026,2025,52.46100224162864,50.777934936350775,260,359,10,707,1003.917712,1913.645697,high_coverage,provisional
01804116,Spånga 16 Glömminge,Stockholm,Stockholm,2026,2025,52.028981912473405,55.87467362924282,260,428,12,766,757.887511,1456.664119,high_coverage,provisional
01804117,Spånga 17 Rinkebysvängen N,Stockholm,Stockholm,2026,2025,40.24834034667532,54.48179271708683,249,389,17,714,782.934083,1945.258056,high_coverage,provisional
01804118,Spånga 18 Rinkebystråket,Stockholm,Stockholm,2026,2025,53.39237372920525,53.452685421994886,278,418,23,782,1181.007634,2211.940679,high_coverage,provisional
01804119,Spånga 19 Rinkebysvängen V,Stockholm,Stockholm,2026,2025,49.46666572128953,46.03825136612022,278,337,20,732,1028.845015,2079.875407,high_coverage,provisional
01804120,Spånga 20 Kvarnbyvägen mfl,Stockholm,Stockholm,2026,2025,48.78660319124743,56.13608748481167,273,462,24,823,1040.617304,2132.998069,high_coverage,provisional
01804121,Spånga 21 Rinkeby C,Stockholm,Stockholm,2026,2025,51.64022313469857,50.992555831265506,320,411,20,806,965.939229,1870.517148,high_coverage,provisional
01804122,Spånga 22 Rinkebysvängen Ö,Stockholm,Stockholm,2026,2025,62.36612389345456,43.65384615384615,247,227,16,520,1004.147904,1610.085478,high_coverage,provisional
01804123,Spånga 23 Rinkebysvängen S,Stockholm,Stockholm,2026,2025,52.08525325781981,60.32953105196451,256,476,17,789,1108.410549,2128.069808,high_coverage,provisional
01804124,Spånga 24 Spånga by,Stockholm,Stockholm,2026,2025,49.277008133887755,34.63476070528967,318,275,27,794,1287.510522,2612.801732,high_coverage,provisional
01804125,Spånga 25 Hjulsta Ö,Stockholm,Stockholm,2026,2025,47.24098626577799,47.107438016528924,278,399,39,847,955.79931,2023.24165,high_coverage,provisional
01804126,Spånga 26 Spånga torg-Lunda,Stockholm,Stockholm,2026,2025,18.44304619124914,14.636871508379889,312,131,56,895,344.327152,1866.97549,high_coverage,provisional
01804127,Spånga 27 Rinkeby mellersta,Stockholm,Stockholm,2026,2025,48.448928451598455,56.96055684454756,288,491,8,862,1061.738589,2191.459384,high_coverage,provisional
01804128,Spånga 28 Bromsten C,Stockholm,Stockholm,2026,2025,22.29859676182612,18.007202881152462,263,150,60,833,353.263028,1584.238828,high_coverage,provisional
01804129,Spånga 29 Sundby N,Stockholm,Stockholm,2026,2025,37.93575523278715,20.0,138,117,51,585,841.585515,2218.449349,high_coverage,provisional
01804130,Spånga 30 Bromsten V,Stockholm,Stockholm,2026,2025,21.019990585412796,15.621788283658788,317,152,79,973,300.105394,1427.714217,high_coverage,provisional
01804201,Kista 1 Akalla C,Stockholm,Stockholm,2026,2025,56.29491374226788,33.333333333333336,286,224,24,672,1240.458113,2203.499447,high_coverage,provisional
01804202,Kista 2 Akalla Ö,Stockholm,Stockholm,2026,2025,56.02304932870272,27.217125382262996,309,178,24,654,1532.622742,2735.700324,high_coverage,provisional
01804203,Kista 3 Akalla N,Stockholm,Stockholm,2026,2025,57.239238585323875,22.052067381317,310,144,21,653,662.137515,1156.789523,high_coverage,provisional
01804204,Kista 4 Akalla V,Stockholm,Stockholm,2026,2025,40.88872081648789,19.053398058252426,385,157,61,824,680.219565,1663.587296,high_coverage,provisional
01804205,Kista 5 Akalla S,Stockholm,Stockholm,2026,2025,42.51805000932123,27.99511002444988,329,229,46,818,748.647309,1760.775268,high_coverage,provisional
01804206,Kista 6 Lofotenparken,Stockholm,Stockholm,2026,2025,53.64449031909652,30.171073094867808,295,194,22,643,1183.331787,2205.877584,high_coverage,provisional
01804207,Kista 7 Oslogatan,Stockholm,Stockholm,2026,2025,50.559590210971535,50.11337868480726,344,442,31,882,1236.464946,2445.559667,high_coverage,provisional
01804208,Kista 8 Nidarosgatan,Stockholm,Stockholm,2026,2025,53.390956012828624,44.539249146757676,236,261,16,586,947.70118,1775.021934,high_coverage,provisional
01804209,Kista 9 Bergensgatan,Stockholm,Stockholm,2026,2025,51.09665274375272,43.556085918854414,339,365,46,838,970.373748,1899.094551,high_coverage,provisional
01804210,Kista 10 Nordkapsgatan,Stockholm,Stockholm,2026,2025,47.10743735855194,42.78438030560272,228,252,22,589,812.388835,1724.544744,high_coverage,provisional
01804211,Kista 11 Trondheimsgatan,Stockholm,Stockholm,2026,2025,51.783510118765626,46.94708276797829,312,346,22,737,841.552552,1625.136168,high_coverage,provisional
01804212,Kista 12 Kista mellersta,Stockholm,Stockholm,2026,2025,43.99424426683983,24.81203007518797,334,198,44,798,780.643278,1774.421384,high_coverage,provisional
01804213,Kista 13 Helsingörsgatan mfl,Stockholm,Stockholm,2026,2025,42.881669350642696,26.31578947368421,218,160,33,608,719.546937,1677.982569,high_coverage,provisional
01804214,Kista 14 Kista V,Stockholm,Stockholm,2026,2025,45.07944609769202,25.925925925925927,263,182,37,702,358.072223,794.313715,high_coverage,provisional
01804215,Kista 15 Ärvinge S,Stockholm,Stockholm,2026,2025,46.16855437122304,35.67035670356704,275,290,56,813,1226.957004,2657.559936,high_coverage,provisional
01804216,Kista 16 Kista Gård,Stockholm,Stockholm,2026,2025,46.08814578846409,28.532608695652176,265,210,35,736,1485.04936,3222.193765,high_coverage,provisional
01804217,Kista 17 Ärvinge N,Stockholm,Stockholm,2026,2025,41.31488244192276,20.58823529411765,306,161,55,782,519.543724,1257.521971,high_coverage,provisional
01804218,Kista 18 Kista S,Stockholm,Stockholm,2026,2025,37.95129605258332,20.209059233449477,348,174,69,861,1281.577472,3376.90041,high_coverage,provisional
01804219,Kista 19 Kista Ö,Stockholm,Stockholm,2026,2025,54.3801553038556,33.493975903614455,137,139,23,415,1038.874335,1910.392365,high_coverage,provisional
01804220,Kista 20 Husby C,Stockholm,Stockholm,2026,2025,52.58257134717342,32.42009132420091,292,213,25,657,560.563509,1066.063326,high_coverage,provisional
01804221,Kista 21 Kista N,Stockholm,Stockholm,2026,2025,45.87296512817879,34.29054054054054,180,203,49,592,51.48167,112.226602,high_coverage,provisional
01810101,Södertälje 1 Södra-Värdsholmen,Södertälje,Stockholm,2026,2025,26.90841673647455,11.159737417943107,277,102,51,914,488.507348,1815.444412,high_coverage,provisional
01810102,Södertälje 2 Saltskog östra,Södertälje,Stockholm,2026,2025,34.74845034611818,10.984308131241084,227,77,16,701,663.002595,1908.006223,high_coverage,provisional
01810103,Södertälje 3 Saltskog västra,Södertälje,Stockholm,2026,2025,38.949042220326426,21.646341463414632,194,142,15,656,718.993493,1845.985041,high_coverage,provisional
01810104,Södertälje 4 Västergård-Vibergen,Södertälje,Stockholm,2026,2025,29.620492806514054,7.385229540918163,311,74,21,1002,717.996424,2423.98541,high_coverage,provisional
01810105,Södertälje 5 Mariekälla södra,Södertälje,Stockholm,2026,2025,26.945725995613433,6.705202312138728,266,58,34,865,411.973094,1528.899589,high_coverage,provisional
01810106,Södertälje 6 Västergård-Högmohöjden,Södertälje,Stockholm,2026,2025,41.37897984457188,8.895131086142323,342,95,23,1068,1030.473738,2490.331424,high_coverage,provisional
01810107,Södertälje 7 Mariekälla norra,Södertälje,Stockholm,2026,2025,20.673131794737333,7.6767676767676765,318,76,48,990,370.09223,1790.208826,high_coverage,provisional
01810108,Södertälje 8 Centrum södra,Södertälje,Stockholm,2026,2025,26.200616850838294,10.923535253227408,286,110,52,1007,456.457577,1742.163475,high_coverage,provisional
01810109,Södertälje 9 Västra Blombacka,Södertälje,Stockholm,2026,2025,49.33667028182802,20.48,265,128,15,625,1193.278644,2418.644463,high_coverage,provisional
01810110,Södertälje 10 Tälje,Södertälje,Stockholm,2026,2025,25.256746286167786,9.26517571884984,261,87,55,939,504.791953,1998.642055,high_coverage,provisional
01810111,Södertälje 11 Centrum norra,Södertälje,Stockholm,2026,2025,28.65975567560169,9.538950715421304,189,60,21,629,382.201179,1333.581428,high_coverage,provisional
01810112,Södertälje 12 V. Bårsta - Blombacka,Södertälje,Stockholm,2026,2025,27.698534633830597,8.059023836549375,281,71,29,881,515.763801,1862.061686,high_coverage,provisional
01810113,Södertälje 13 Bårstabergen östra,Södertälje,Stockholm,2026,2025,31.96640069764474,8.85509838998211,365,99,35,1118,686.000416,2146.004558,high_coverage,provisional
01810114,Södertälje 14 Snäckviken,Södertälje,Stockholm,2026,2025,43.661217575894405,13.442622950819672,243,82,14,610,814.547595,1865.608978,high_coverage,provisional
01810152,Södertälje 52 Bårstafältet,Södertälje,Stockholm,2026,2025,51.92845535023049,9.895833333333334,261,76,8,768,1174.388427,2261.550857,high_coverage,provisional
01810215,Södertälje 15 Glasberga,Södertälje,Stockholm,2026,2025,30.06920541434677,4.920767306088407,227,59,6,1199,724.40538,2409.127112,high_coverage,provisional
01810216,Södertälje 16 Östertälje,Södertälje,Stockholm,2026,2025,21.455496737247433,5.692599620493358,243,60,70,1054,254.385053,1185.640473,high_coverage,provisional
01810217,Södertälje 17 Fornbacka,Södertälje,Stockholm,2026,2025,45.557422838597205,20.66590126291619,321,180,18,871,1029.412142,2259.592571,high_coverage,provisional
01810218,Södertälje 18 Hagaberg-Majtorp,Södertälje,Stockholm,2026,2025,11.19567298083448,5.383936451897617,288,61,80,1133,196.308278,1753.429904,high_coverage,provisional
01810219,Södertälje 19 Rosenlund västra,Södertälje,Stockholm,2026,2025,23.476688387192123,10.0,244,87,29,870,393.040552,1674.17374,high_coverage,provisional
01810220,Södertälje 20 Rosenlund östra,Södertälje,Stockholm,2026,2025,22.674091034839478,9.90990990990991,274,88,37,888,367.99817,1622.989735,high_coverage,provisional
01810221,Södertälje 21 Grusåsen västra,Södertälje,Stockholm,2026,2025,23.514159476430606,9.090909090909092,324,107,55,1177,451.619873,1920.629455,high_coverage,provisional
01810222,Södertälje 22 Grusåsen östra,Södertälje,Stockholm,2026,2025,30.283734006891926,11.421911421911421,260,98,31,858,675.054176,2229.098221,high_coverage,provisional
01810223,Södertälje 23 Brunnsäng östra,Södertälje,Stockholm,2026,2025,29.762294958814792,9.642470205850488,255,89,15,923,564.003261,1895.026112,high_coverage,provisional
01810224,Södertälje 24 Brunnsäng västra,Södertälje,Stockholm,2026,2025,49.11545335128666,19.541984732824428,239,128,16,655,832.995248,1695.994216,high_coverage,provisional
01810225,Södertälje 25 Bergvik,Södertälje,Stockholm,2026,2025,22.258921957147514,6.412825651302605,294,64,28,998,361.282569,1623.091045,high_coverage,provisional
01810226,Södertälje 26 Fornhöjden,Södertälje,Stockholm,2026,2025,43.143968872868214,12.919463087248323,230,77,12,596,881.000023,2042.000414,high_coverage,provisional
01810227,Södertälje 27 Viksberg,Södertälje,Stockholm,2026,2025,18.78592034713204,2.816901408450704,158,26,51,923,259.383389,1380.732933,high_coverage,provisional
01810228,Södertälje 28 Ritorp,Södertälje,Stockholm,2026,2025,18.372223780938793,3.8077969174977335,207,42,21,1103,361.680116,1968.624595,high_coverage,provisional
01810229,Södertälje 29 Ragnhildsborg,Södertälje,Stockholm,2026,2025,20.409148474332916,5.405405405405405,205,42,25,777,329.929404,1616.576039,high_coverage,provisional
01810330,Södertälje 30 Pershagen,Södertälje,Stockholm,2026,2025,11.33220028458548,4.8556430446194225,318,74,65,1524,274.641244,2423.547388,high_coverage,provisional
01810331,Södertälje 31 Hovsjö norra,Södertälje,Stockholm,2026,2025,62.80074528648562,20.118343195266274,260,102,3,507,991.001765,1578.009561,high_coverage,provisional
01810332,Södertälje 32 Hovsjö södra,Södertälje,Stockholm,2026,2025,49.94580769624374,16.41509433962264,204,87,5,530,920.99555,1843.989701,high_coverage,provisional
01810333,Södertälje 33 Hovsjö-Tveta,Södertälje,Stockholm,2026,2025,42.90712982284603,9.939759036144578,343,99,32,996,998.678114,2327.534184,high_coverage,provisional
01810435,Södertälje 35 Enhörna-Ekeby,Södertälje,Stockholm,2026,2025,12.231765298123689,4.211663066954643,200,39,38,926,159.324529,1302.547303,high_coverage,provisional
01810436,Södertälje 36 Enhörna västra,Södertälje,Stockholm,2026,2025,2.7888663965325255,3.2228360957642725,252,35,53,1086,44.031244,1578.822279,high_coverage,provisional
01810640,Södertälje 40 Vårdinge,Södertälje,Stockholm,2026,2025,5.276433252865821,7.061688311688312,283,87,219,1232,120.985178,2292.934871,high_coverage,provisional
01810741,Södertälje 41 Järna centrum,Södertälje,Stockholm,2026,2025,7.176643376405087,7.258064516129032,213,63,161,868,75.835654,1056.700884,high_coverage,provisional
01810742,Södertälje 42 Järna norra,Södertälje,Stockholm,2026,2025,13.693111823742356,15.288788221970554,240,135,101,883,245.973391,1796.329382,high_coverage,provisional
01810743,Södertälje 43 Järna västra,Södertälje,Stockholm,2026,2025,5.245570945357696,6.407942238267148,294,71,106,1108,102.637215,1956.645255,high_coverage,provisional
01810744,Södertälje 44 Järna-Kallfors,Södertälje,Stockholm,2026,2025,6.960953747287031,2.789518174133559,247,33,48,1183,120.076955,1725.007224,high_coverage,provisional
01810745,Södertälje 45 Järna landsbygd,Södertälje,Stockholm,2026,2025,5.152844425880927,5.27803958529689,179,56,183,1061,112.72561,2187.638529,high_coverage,provisional
01810746,Södertälje 46 Järna östra,Södertälje,Stockholm,2026,2025,6.118261204798205,7.3991031390134525,200,66,171,892,88.654321,1449.011705,high_coverage,provisional
01810848,Södertälje 48 Hölö-Mörkö,Södertälje,Stockholm,2026,2025,3.61992156415486,6.163828061638281,248,76,181,1233,70.038864,1934.817171,high_coverage,provisional
01811047,Södertälje 47 Hölö västra,Södertälje,Stockholm,2026,2025,5.224294809783568,5.1958433253397285,278,65,83,1251,99.952968,1913.233683,high_coverage,provisional
01811250,Södertälje 50 Geneta södra,Södertälje,Stockholm,2026,2025,34.89033183436419,2.7777777777777777,221,25,5,900,533.417434,1528.840243,high_coverage,provisional
01811251,Södertälje 51 Geneta norra,Södertälje,Stockholm,2026,2025,51.73492400914669,13.520408163265307,260,106,8,784,980.616099,1895.462529,high_coverage,provisional
01811253,Södertälje 53 Ronna södra,Södertälje,Stockholm,2026,2025,54.90571132603037,14.352392065344224,281,123,14,857,1135.995403,2068.993144,high_coverage,provisional
01811254,Södertälje 54 Ronna västra,Södertälje,Stockholm,2026,2025,48.488830900393985,12.760736196319018,271,104,10,815,1122.997061,2315.991209,high_coverage,provisional
01811255,Södertälje 55 Ronna norra,Södertälje,Stockholm,2026,2025,58.65067618834402,20.87912087912088,259,114,5,546,1277.99485,2178.99423,high_coverage,provisional
01811256,Södertälje 56 Ronna-Karlhov,Södertälje,Stockholm,2026,2025,46.014195824763846,11.745334796926455,294,107,17,911,1038.998068,2257.994624,high_coverage,provisional
01811257,Södertälje 57 Lina västra,Södertälje,Stockholm,2026,2025,42.991641021701014,8.111239860950175,275,70,14,863,776.007564,1805.01964,high_coverage,provisional
01811258,Södertälje 58 Lina östra,Södertälje,Stockholm,2026,2025,26.654281459125976,4.971751412429379,190,44,18,885,524.676165,1968.449856,high_coverage,provisional
01811259,Södertälje 59 Glasberga V-Gärtuna,Södertälje,Stockholm,2026,2025,22.750402794758312,6.001936108422072,235,62,40,1033,609.790743,2680.351414,high_coverage,provisional
01820101,"Danviken, Saltsjöqvarn",Nacka,Stockholm,2026,2025,5.163255387619169,3.3944331296673456,330,50,152,1473,104.514968,2024.206826,high_coverage,provisional
01820102,Henriksdal,Nacka,Stockholm,2026,2025,17.713147868946123,15.222222222222221,288,137,108,900,321.551432,1815.326301,high_coverage,provisional
01820103,Finnboda,Nacka,Stockholm,2026,2025,7.219515160361343,3.099510603588907,313,38,100,1226,76.602097,1061.042124,high_coverage,provisional
01820104,"Finnberget, Kvarnholmen V",Nacka,Stockholm,2026,2025,8.580421866638277,4.498269896193771,197,39,82,867,241.392188,2813.290439,high_coverage,provisional
01820106,Kvarnholmen NÖ,Nacka,Stockholm,2026,2025,9.100124889288528,2.8337061894108873,193,38,91,1341,102.793014,1129.578058,high_coverage,provisional
01820107,Kvarnholmen SÖ,Nacka,Stockholm,2026,2025,10.463219736113961,2.8858218318695106,160,23,34,797,109.672041,1048.167235,high_coverage,provisional
01820110,Sickla V,Nacka,Stockholm,2026,2025,6.632528271251238,4.805077062556664,283,53,111,1103,126.901008,1913.312734,high_coverage,provisional
01820111,Alphyddan,Nacka,Stockholm,2026,2025,9.032658687684187,11.764705882352942,275,114,108,969,177.797792,1968.388247,high_coverage,provisional
01820112,"Sickla Ö, Tallbacken",Nacka,Stockholm,2026,2025,5.803666884725788,8.153701968134957,299,87,179,1067,89.68466,1545.310263,high_coverage,provisional
01820113,"Nysätra, Hästhagen, Ekudden",Nacka,Stockholm,2026,2025,6.910762607567023,5.0271739130434785,337,74,223,1472,130.701447,1891.273864,high_coverage,provisional
01820114,Järla sjö,Nacka,Stockholm,2026,2025,4.647489458600497,4.425410421127766,318,62,179,1401,95.572025,2056.422631,high_coverage,provisional
01820115,Finntorp S,Nacka,Stockholm,2026,2025,8.593047742431096,7.334525939177102,318,82,133,1118,60.906183,708.784413,high_coverage,provisional
01820116,"Finntorp N, Marinstaden, Birka",Nacka,Stockholm,2026,2025,8.454037855173857,9.693877551020408,240,95,100,980,152.732173,1806.61804,high_coverage,provisional
01820117,"Järlahöjden, Nya gatan",Nacka,Stockholm,2026,2025,13.43619687249359,6.33879781420765,212,58,68,915,202.991352,1510.779828,high_coverage,provisional
01820118,"Lillängen, Storängen",Nacka,Stockholm,2026,2025,5.332908278825442,2.511627906976744,181,27,102,1075,84.612155,1586.604355,high_coverage,provisional
01820119,"Nacka strand, Vikdalen",Nacka,Stockholm,2026,2025,7.764299598883156,2.7906976744186047,237,36,70,1290,75.871617,977.185592,high_coverage,provisional
01820121,Jarlaberg N,Nacka,Stockholm,2026,2025,12.367230848289692,6.628242074927954,323,69,105,1041,186.130936,1505.033247,high_coverage,provisional
01820122,Jarlaberg S,Nacka,Stockholm,2026,2025,10.108374784080176,8.085430968726163,332,106,104,1311,307.673733,3043.750747,high_coverage,provisional
01820123,Nacka Centrum,Nacka,Stockholm,2026,2025,18.930708781820886,8.586296617519514,345,99,51,1153,314.60285,1661.86514,high_coverage,provisional
01820124,Skogalund,Nacka,Stockholm,2026,2025,10.07144869715261,5.873715124816447,342,80,98,1362,216.529608,2149.935074,high_coverage,provisional
01820125,"Ekängen, Saltängen V",Nacka,Stockholm,2026,2025,5.818676437495434,4.113924050632911,221,52,123,1264,114.720449,1971.590107,high_coverage,provisional
01820126,"Saltsjö-Duvnäs, Saltängen Ö",Nacka,Stockholm,2026,2025,3.732859427452805,3.6109064112011793,207,49,93,1357,73.189855,1960.691433,high_coverage,provisional
01820127,Ektorp,Nacka,Stockholm,2026,2025,10.327476559972741,8.740157480314961,327,111,95,1270,172.204237,1667.437694,high_coverage,provisional
01820128,Skuru,Nacka,Stockholm,2026,2025,8.61713907206567,2.549342105263158,216,31,68,1216,197.703288,2294.30309,high_coverage,provisional
01820129,Duvnäs Utskog,Nacka,Stockholm,2026,2025,4.616081669598161,2.171945701357466,277,24,94,1105,84.90943,1839.426511,high_coverage,provisional
01820132,Fisksätra V,Nacka,Stockholm,2026,2025,33.58908042086838,27.04031465093412,390,275,64,1017,824.653821,2455.124733,high_coverage,provisional
01820133,Fisksätra Ö,Nacka,Stockholm,2026,2025,38.46731048716264,35.042735042735046,307,287,33,819,1006.719845,2617.078845,high_coverage,provisional
01820134,Fisksätra S,Nacka,Stockholm,2026,2025,36.22869057927309,22.83205268935236,273,208,57,911,722.161755,1993.342137,high_coverage,provisional
01820135,Fisksätra N,Nacka,Stockholm,2026,2025,43.10990259134577,32.01634877384196,280,235,28,734,587.604145,1363.037515,high_coverage,provisional
01820161,Kolarängen,Nacka,Stockholm,2026,2025,4.079740722435908,3.7520391517128875,269,46,148,1226,84.91099,2081.283978,high_coverage,provisional
01820162,Älta gård,Nacka,Stockholm,2026,2025,3.2446454417504365,3.5960214231063503,331,47,120,1307,61.518434,1895.998657,high_coverage,provisional
01820163,Stensö N,Nacka,Stockholm,2026,2025,17.409923369366656,9.81169474727453,356,99,62,1009,313.093471,1798.362143,high_coverage,provisional
01820165,Stensö S,Nacka,Stockholm,2026,2025,22.993617464735326,18.09045226130653,334,180,61,995,440.588096,1916.132147,high_coverage,provisional
01820166,Hedvigslund,Nacka,Stockholm,2026,2025,5.077530085273457,4.3119266055045875,295,47,86,1090,105.693676,2081.596253,high_coverage,provisional
01820167,Sigfridsborg,Nacka,Stockholm,2026,2025,4.475765634545555,2.125984251968504,333,27,144,1270,96.566014,2157.530619,high_coverage,provisional
01820168,"Ältadalen, Södra Hedvigslund",Nacka,Stockholm,2026,2025,5.019782643046297,2.552415679124886,280,28,94,1097,82.314185,1639.795801,high_coverage,provisional
01820201,"Skogsö, Baggensudden, Neglinge N",Nacka,Stockholm,2026,2025,4.3181950682976264,1.2396694214876034,140,15,64,1210,79.873319,1849.692238,high_coverage,provisional
01820202,"Igelboda, Neglinge S",Nacka,Stockholm,2026,2025,3.84454813961755,1.9469026548672566,114,22,64,1130,63.603741,1654.387946,high_coverage,provisional
01820203,"Igelbodaplatån, Ljuskärrsberget",Nacka,Stockholm,2026,2025,7.962355988847244,4.782993799822852,266,54,55,1129,125.898238,1581.168164,high_coverage,provisional
01820204,"Tattby, Solsidan N",Nacka,Stockholm,2026,2025,4.640247281270696,2.2380467955239065,75,22,39,983,62.532858,1347.619086,high_coverage,provisional
01820205,Rösunda,Nacka,Stockholm,2026,2025,2.625350456778193,1.0124610591900312,103,13,59,1284,48.745352,1856.717905,high_coverage,provisional
01820206,"Solsidan S, Älgö",Nacka,Stockholm,2026,2025,4.390465021539215,0.8627450980392157,107,11,48,1275,92.285026,2101.941948,high_coverage,provisional
01820301,"Lilla Björknäs, Björknäs N",Nacka,Stockholm,2026,2025,5.387266976790333,3.0789825970548863,256,46,115,1494,128.33354,2382.164102,high_coverage,provisional
01820302,Björknäs S,Nacka,Stockholm,2026,2025,9.698826448717735,6.0855263157894735,307,74,86,1216,202.480531,2087.680732,high_coverage,provisional
01820303,"Eknäs Ö, Hjortängen, Lännersta V",Nacka,Stockholm,2026,2025,5.567785963884184,2.318840579710145,205,32,100,1380,126.871124,2278.663814,high_coverage,provisional
01820304,Lännersta N,Nacka,Stockholm,2026,2025,2.413713656845779,2.3314429741650913,260,37,77,1587,61.116538,2532.054199,high_coverage,provisional
01820305,Lännersta S,Nacka,Stockholm,2026,2025,4.654685170201421,0.9917355371900827,162,12,79,1210,92.045866,1977.488544,high_coverage,provisional
01820306,Källvägsområdet,Nacka,Stockholm,2026,2025,5.372180421467445,2.008269344359126,334,34,106,1693,149.678539,2786.178558,high_coverage,provisional
01820307,Krokhöjden,Nacka,Stockholm,2026,2025,9.038637562782068,7.594936708860759,458,102,100,1343,169.578917,1876.155735,high_coverage,provisional
01820308,Orminge C,Nacka,Stockholm,2026,2025,18.434245262395134,12.003780718336484,299,127,78,1058,346.476315,1879.525362,high_coverage,provisional
01820309,Orminge S,Nacka,Stockholm,2026,2025,18.578801169328163,11.13490364025696,353,104,56,934,327.31084,1761.743597,high_coverage,provisional
01820310,Orminge N,Nacka,Stockholm,2026,2025,17.612186005918556,11.777535441657578,322,108,53,917,338.725895,1923.247318,high_coverage,provisional
01820311,Orminge Ö,Nacka,Stockholm,2026,2025,5.296265804978071,5.9790732436472345,372,80,150,1338,114.727007,2166.186729,high_coverage,provisional
01820312,"Hasseludden, Kummelnäs V",Nacka,Stockholm,2026,2025,7.498257515693559,3.15712187958884,243,43,102,1362,177.256854,2363.973945,high_coverage,provisional
01820314,"Gustavsvik, Insjön, Velamsund",Nacka,Stockholm,2026,2025,4.034115266449933,2.716914986853637,207,31,71,1141,88.883039,2203.284565,high_coverage,provisional
01820315,"Mensättra, Eriksvik",Nacka,Stockholm,2026,2025,6.525779341394895,4.176706827309237,208,52,72,1245,139.936879,2144.370376,high_coverage,provisional
01820316,"Eknäs V, Tollare V",Nacka,Stockholm,2026,2025,6.14107957814389,4.913294797687861,206,51,71,1038,151.635865,2469.205342,high_coverage,provisional
01820317,Tollare Ö,Nacka,Stockholm,2026,2025,7.543241785545267,2.3183925811437405,224,30,57,1294,113.4392,1503.8521,high_coverage,provisional
01820318,Kummelnäs Ö,Nacka,Stockholm,2026,2025,4.4817773451963,3.099361896080219,208,34,125,1097,81.739589,1823.820835,high_coverage,provisional
01820319,Vikingshill,Nacka,Stockholm,2026,2025,4.3109998345675145,2.320675105485232,138,22,85,948,52.038456,1207.108745,high_coverage,provisional
01830101,Lilla Alby Östra,Sundbyberg,Stockholm,2026,2025,12.763651958030765,9.112709832134293,366,114,110,1251,248.156846,1944.246418,high_coverage,provisional
01830102,Lilla Alby Mellan,Sundbyberg,Stockholm,2026,2025,9.880336395143495,7.339449541284404,377,96,93,1308,188.842318,1911.294418,high_coverage,provisional
01830103,Lilla Alby Signalfabriken,Sundbyberg,Stockholm,2026,2025,11.993675869197583,8.742774566473988,396,121,78,1384,328.521911,2739.126141,high_coverage,provisional
01830104,Centrala SBG Kyrkparken,Sundbyberg,Stockholm,2026,2025,10.344009264867497,8.003857280617165,297,83,90,1037,174.344188,1685.460478,high_coverage,provisional
01830105,Centrala SBG Östra,Sundbyberg,Stockholm,2026,2025,10.423167185934043,7.503410641200546,383,110,106,1466,233.281979,2238.110306,high_coverage,provisional
01830106,Centrala SBG Mellersta,Sundbyberg,Stockholm,2026,2025,10.033981301806243,8.508014796547473,194,69,91,811,68.303519,680.722008,high_coverage,provisional
01830107,Centrala SBG Esplanaden,Sundbyberg,Stockholm,2026,2025,9.241204625551596,8.779011099899092,308,87,79,991,119.429531,1292.358906,high_coverage,provisional
01830108,Centrala SBG Västra,Sundbyberg,Stockholm,2026,2025,6.974256123486097,8.83435582822086,228,72,61,815,84.9544,1218.11414,high_coverage,provisional
01830109,Centrala SBG Norra,Sundbyberg,Stockholm,2026,2025,7.356861011795265,8.084074373484237,342,100,123,1237,132.001724,1794.266927,high_coverage,provisional
01830110,Tulemarken,Sundbyberg,Stockholm,2026,2025,9.646516278636295,8.297690333618478,328,97,120,1169,154.071732,1597.174851,high_coverage,provisional
01830111,Storskogen Västra,Sundbyberg,Stockholm,2026,2025,12.425759666695097,8.92687559354226,316,94,71,1053,140.207034,1128.357845,high_coverage,provisional
01830112,Storskogen Östra,Sundbyberg,Stockholm,2026,2025,11.768989464235798,9.719438877755511,346,97,68,998,223.361597,1897.882547,high_coverage,provisional
01830113,Ör,Sundbyberg,Stockholm,2026,2025,23.873870977161047,15.677966101694915,422,185,89,1180,521.232555,2183.27625,high_coverage,provisional
01830114,Hallonbergen Norra,Sundbyberg,Stockholm,2026,2025,42.259297504648785,24.58745874587459,184,149,28,606,890.146,2106.390907,high_coverage,provisional
01830115,Hallonbergen Östra,Sundbyberg,Stockholm,2026,2025,42.11882371796728,25.34013605442177,225,149,30,588,513.584035,1219.369369,high_coverage,provisional
01830116,Hallonbergen Västra,Sundbyberg,Stockholm,2026,2025,49.217686150585735,27.2,315,204,35,750,786.804708,1598.621897,high_coverage,provisional
01830117,Duvbo Södra,Sundbyberg,Stockholm,2026,2025,10.95797056685593,5.821917808219178,183,51,110,876,153.594947,1401.673294,high_coverage,provisional
01830118,Duvbo Norra,Sundbyberg,Stockholm,2026,2025,8.318423674505832,4.624277456647399,180,40,59,865,123.311876,1482.394752,high_coverage,provisional
01830119,Rissne Sydvästra,Sundbyberg,Stockholm,2026,2025,33.61285989297239,19.48051948051948,424,195,50,1001,828.011382,2463.376769,high_coverage,provisional
01830120,Rissne Nordvästra,Sundbyberg,Stockholm,2026,2025,38.4808469407013,21.95416164053076,333,182,46,829,698.481234,1815.139971,high_coverage,provisional
01830121,Rissne Nordöstra,Sundbyberg,Stockholm,2026,2025,38.76926086751601,21.53163152053274,405,194,38,901,740.234846,1909.33443,high_coverage,provisional
01830122,Rissne kv. Skvadronen m.fl.,Sundbyberg,Stockholm,2026,2025,30.631982944571185,22.74774774774775,305,202,49,888,597.331315,1950.024966,high_coverage,provisional
01830123,Stora Ursvik Milot,Sundbyberg,Stockholm,2026,2025,20.276211170028176,7.537154989384288,245,71,71,942,319.667749,1576.565495,high_coverage,provisional
01830124,Brotorp/Kymlinge,Sundbyberg,Stockholm,2026,2025,15.81036991351313,7.2727272727272725,308,84,67,1155,423.080767,2675.970071,high_coverage,provisional
01830125,Centrala SBG Tornparken,Sundbyberg,Stockholm,2026,2025,8.57947203383481,6.568712186689715,330,76,107,1157,160.5007,1870.752645,high_coverage,provisional
01830126,Stora Ursvik Kvarnkullen,Sundbyberg,Stockholm,2026,2025,33.30663855991821,11.03238866396761,374,109,49,988,575.648904,1728.330834,high_coverage,provisional
01830127,Stora Ursviks Gård,Sundbyberg,Stockholm,2026,2025,31.467474140303686,22.976190476190474,305,193,29,840,394.715942,1254.361695,high_coverage,provisional
01830128,Lilla Alby Bällstaviken,Sundbyberg,Stockholm,2026,2025,10.398683529743456,3.3676333021515434,282,36,89,1069,135.218768,1300.345064,high_coverage,provisional
01830129,Stora Ursvik Forskningsringen,Sundbyberg,Stockholm,2026,2025,26.23448843031776,22.976190476190474,305,193,29,840,670.545751,2555.97037,high_coverage,provisional
01830130,Lilla Ursvik,Sundbyberg,Stockholm,2026,2025,15.449147526163834,4.24886191198786,172,28,43,659,99.609764,644.758967,high_coverage,provisional
01830131,Hallonbergen Mellan,Sundbyberg,Stockholm,2026,2025,47.756483503326585,27.965043695380775,400,224,20,801,585.101109,1225.176282,high_coverage,provisional
01830132,Rissne kv. Batteriet m.fl.,Sundbyberg,Stockholm,2026,2025,34.831318948834344,22.403003754693366,286,179,46,799,445.535779,1279.124054,high_coverage,provisional
01830133,Stora Ursvik Västra,Sundbyberg,Stockholm,2026,2025,33.112531159654075,21.757322175732217,233,156,37,717,869.17879,2624.924038,high_coverage,provisional
01840101,1 Järvastaden S,Solna,Stockholm,2026,2025,19.824493359497108,9.58904109589041,275,98,69,1022,274.643629,1385.375273,high_coverage,provisional
01840102,2 Ritorp-Nya Ulriksdal,Solna,Stockholm,2026,2025,27.999520945903722,15.316045380875202,334,189,60,1234,426.699582,1523.953152,high_coverage,provisional
01840103,3 Kungshamra,Solna,Stockholm,2026,2025,33.510335460614186,22.748091603053435,129,149,129,655,628.847145,1876.576693,high_coverage,provisional
01840104,4 Bergshamra Ö,Solna,Stockholm,2026,2025,15.278952811373411,6.993006993006993,267,70,106,1001,261.528462,1711.691012,high_coverage,provisional
01840105,5 Haga,Solna,Stockholm,2026,2025,24.63717421643692,10.068426197458455,266,103,97,1023,465.450065,1889.218548,high_coverage,provisional
01840106,6 Huvudsta Ingenting,Solna,Stockholm,2026,2025,30.362289696439316,8.506787330316742,301,94,86,1105,738.013808,2430.692202,high_coverage,provisional
01840107,7 Huvudsta SO - Västraskogen,Solna,Stockholm,2026,2025,20.185448860343744,8.341056533827619,356,90,95,1079,547.363315,2711.672744,high_coverage,provisional
01840108,8 Huvudsta S,Solna,Stockholm,2026,2025,20.324883758017407,9.449465899753493,393,115,93,1217,133.102463,654.874412,high_coverage,provisional
01840109,9 Huvudsta Centrum Ö,Solna,Stockholm,2026,2025,22.156942555565983,10.258780036968577,333,111,84,1082,418.963215,1890.889115,high_coverage,provisional
01840110,10 Huvudsta N,Solna,Stockholm,2026,2025,14.82431897064518,7.647058823529412,281,78,72,1020,265.459207,1790.700858,high_coverage,provisional
01840111,11 Huvudsta V,Solna,Stockholm,2026,2025,32.27471814436215,9.730848861283643,339,94,63,966,179.704664,556.797005,high_coverage,provisional
01840112,12 Huvudsta SV,Solna,Stockholm,2026,2025,25.57922780010989,10.531309297912713,296,111,61,1054,920.46759,3598.496394,high_coverage,provisional
01840129,29 Frösunda N,Solna,Stockholm,2026,2025,17.268985843706048,3.4538152610441766,298,43,62,1245,305.726956,1770.381647,high_coverage,provisional
01840131,31 Frösunda Centrum,Solna,Stockholm,2026,2025,16.44893307103966,5.025553662691652,255,59,63,1174,330.949478,2011.981425,high_coverage,provisional
01840132,32 Bergshamra N,Solna,Stockholm,2026,2025,21.76858548205555,12.536443148688047,301,129,116,1029,354.834684,1630.030965,high_coverage,provisional
01840133,33 Bergshamra S,Solna,Stockholm,2026,2025,10.754511074667677,8.581436077057793,316,98,165,1142,147.516568,1371.671543,high_coverage,provisional
01840134,34 Ulriksdal- Bergshamra,Solna,Stockholm,2026,2025,19.1286047475195,11.193339500462535,317,121,197,1081,561.939368,2937.691355,high_coverage,provisional
01840135,35 Huvudsta Ö,Solna,Stockholm,2026,2025,40.576144590482976,15.141430948419302,153,91,66,601,783.164805,1930.111431,high_coverage,provisional
01840137,37 Agnesberg,Solna,Stockholm,2026,2025,20.895890387855044,13.360323886639677,319,132,61,988,347.896937,1664.90602,high_coverage,provisional
01840138,38 Bagartorp,Solna,Stockholm,2026,2025,27.917088027734945,20.790629575402637,221,142,32,683,628.241656,2250.383906,high_coverage,provisional
01840139,39 Huvudsta Centrum V,Solna,Stockholm,2026,2025,21.299471634898023,12.313803376365442,309,124,69,1007,357.180136,1676.943645,high_coverage,provisional
01840142,42 Järvastaden N,Solna,Stockholm,2026,2025,17.480247963046494,5.48172757475083,285,66,68,1204,489.748515,2801.725216,high_coverage,provisional
01840143,43 Ritorp S-Frösunda,Solna,Stockholm,2026,2025,18.9861732961609,6.846673095467695,270,71,63,1037,137.69714,725.249569,high_coverage,provisional
01840144,44 Huvudsta pampasparken,Solna,Stockholm,2026,2025,32.93329875555659,8.095238095238095,308,85,77,1050,578.571194,1756.796968,high_coverage,provisional
01840146,46 Järvastaden V,Solna,Stockholm,2026,2025,24.771587333727915,7.03953712632594,308,73,51,1037,440.272545,1777.328756,high_coverage,provisional
01840213,13 Skytteholm SO,Solna,Stockholm,2026,2025,21.934856203292494,8.991008991008991,317,90,59,1001,463.793119,2114.411486,high_coverage,provisional
01840214,14 Skytteholm S,Solna,Stockholm,2026,2025,17.535631896073834,12.447078746824724,347,147,100,1181,404.386547,2306.08483,high_coverage,provisional
01840215,15 Solna Centrum,Solna,Stockholm,2026,2025,20.79421241275025,9.193548387096774,353,114,68,1240,380.642425,1830.521,high_coverage,provisional
01840216,16 Skytteholm SV,Solna,Stockholm,2026,2025,18.07148880079522,8.803986710963455,360,106,79,1204,356.611219,1973.336137,high_coverage,provisional
01840217,17 Råsunda SV,Solna,Stockholm,2026,2025,15.021577681409635,8.498808578236696,360,107,89,1259,296.74396,1975.451356,high_coverage,provisional
01840218,18 Råsunda Centrum,Solna,Stockholm,2026,2025,12.907463760077256,6.120527306967985,268,65,66,1062,160.071181,1240.144338,high_coverage,provisional
01840219,19 Råsunda V,Solna,Stockholm,2026,2025,12.626141115462705,8.936484490398819,376,121,91,1354,268.684039,2127.998068,high_coverage,provisional
01840220,20 Råsunda Filmstaden,Solna,Stockholm,2026,2025,10.793219457563698,4.057971014492754,350,56,138,1380,221.758135,2054.606004,high_coverage,provisional
01840221,21 Råsunda N,Solna,Stockholm,2026,2025,12.53081298294485,5.206073752711497,342,72,136,1383,270.556244,2159.127619,high_coverage,provisional
01840222,22 Arenastaden,Solna,Stockholm,2026,2025,22.600291494682338,9.537037037037036,265,103,50,1080,514.893653,2278.261115,high_coverage,provisional
01840223,23 Råsunda SO,Solna,Stockholm,2026,2025,12.193397645355525,7.3311367380560135,325,89,91,1214,147.835365,1212.421421,high_coverage,provisional
01840224,24 Råsunda Ö,Solna,Stockholm,2026,2025,17.029048481127845,9.84,342,123,85,1250,381.22659,2238.684037,high_coverage,provisional
01840225,25 Haga Norra,Solna,Stockholm,2026,2025,12.474269730394075,8.75842155919153,258,91,92,1039,155.980491,1250.417815,high_coverage,provisional
01840226,26 Hagalund NV,Solna,Stockholm,2026,2025,29.039925627570067,21.669980119284293,344,218,55,1006,552.791851,1903.558081,high_coverage,provisional
01840227,27 Rudviken Västravägen,Solna,Stockholm,2026,2025,23.81996962639462,13.169845594913715,326,145,63,1101,455.191935,1910.967739,high_coverage,provisional
01840228,28 Hagalund S,Solna,Stockholm,2026,2025,29.547988925553277,15.977653631284916,337,143,70,895,598.38502,2025.129431,high_coverage,provisional
01840230,30 Frösunda S,Solna,Stockholm,2026,2025,20.554689109535342,13.26530612244898,370,156,83,1176,521.808618,2538.635419,high_coverage,provisional
01840236,36 Råsunda NV - Näckrosen,Solna,Stockholm,2026,2025,9.536023874361339,6.350420811017598,305,83,166,1307,175.817174,1843.715749,high_coverage,provisional
01840240,40 Skytteholm N,Solna,Stockholm,2026,2025,12.720228570188233,8.314263920671243,334,109,103,1311,223.744724,1758.967795,high_coverage,provisional
01840241,41 Råsunda NO,Solna,Stockholm,2026,2025,12.051965971530882,7.63416477702192,294,101,138,1323,193.488239,1605.449596,high_coverage,provisional
01840245,45 Hagalund N,Solna,Stockholm,2026,2025,23.755332662770666,18.023787740164686,377,197,67,1093,419.616122,1766.408107,high_coverage,provisional
01860101,Sticklinge N,Lidingö,Stockholm,2026,2025,4.316197180088361,0.7320644216691069,104,10,29,1366,88.999242,2061.982766,high_coverage,provisional
01860102,Sticklinge S - Islinge,Lidingö,Stockholm,2026,2025,3.468751435860105,2.23342939481268,137,31,87,1388,76.001081,2191.021248,high_coverage,provisional
01860103,Näset V,Lidingö,Stockholm,2026,2025,7.618994428088821,3.8910505836575875,245,40,81,1028,111.998884,1469.995615,high_coverage,provisional
01860104,Näset Ö,Lidingö,Stockholm,2026,2025,6.559925620399951,2.2169437846397466,210,28,94,1263,126.998444,1935.973841,high_coverage,provisional
01860105,Bo - Björnbo,Lidingö,Stockholm,2026,2025,3.3888727758017003,0.9966777408637874,95,12,56,1204,58.994792,1740.838205,high_coverage,provisional
01860106,Rudboda V - Bosön,Lidingö,Stockholm,2026,2025,4.698847797951583,1.6755521706016756,185,22,94,1313,96.006274,2043.187567,high_coverage,provisional
01860107,Rudboda Ö - Yttringe - Elfvik,Lidingö,Stockholm,2026,2025,3.681379101084809,1.3108614232209739,121,14,62,1068,60.992616,1656.787153,high_coverage,provisional
01860108,Torsvik N - Hersby N,Lidingö,Stockholm,2026,2025,4.083170178324763,1.8414731785428342,117,23,43,1249,77.017283,1886.212909,high_coverage,provisional
01860109,Torsvik S - centrum,Lidingö,Stockholm,2026,2025,7.932807433497565,4.136833731105807,182,52,79,1257,136.984739,1726.812861,high_coverage,provisional
01860110,Herserud,Lidingö,Stockholm,2026,2025,4.788043553168471,1.597676107480029,155,22,56,1377,96.000578,2005.006365,high_coverage,provisional
01860111,Hersby S,Lidingö,Stockholm,2026,2025,5.019690752167739,1.485884101040119,133,20,77,1346,101.999776,2031.993225,high_coverage,provisional
01860112,Baggeby,Lidingö,Stockholm,2026,2025,10.481336008548427,5.671077504725898,241,60,65,1058,172.001546,1641.026925,high_coverage,provisional
01860113,Bodal,Lidingö,Stockholm,2026,2025,6.948113436661431,3.9682539682539684,209,40,71,1008,106.999196,1539.9748,high_coverage,provisional
01860114,Hersby SÖ - Mosstorp,Lidingö,Stockholm,2026,2025,5.349835229684546,2.7121001390820583,211,39,118,1438,117.000903,2187.000122,high_coverage,provisional
01860115,Gångsätra V,Lidingö,Stockholm,2026,2025,27.7883509772123,11.864406779661017,280,98,57,826,435.997477,1568.993703,high_coverage,provisional
01860116,Larsberg N,Lidingö,Stockholm,2026,2025,19.806949000465753,10.758513931888546,381,139,71,1292,430.997779,2175.992774,high_coverage,provisional
01860117,Larsberg S,Lidingö,Stockholm,2026,2025,17.7957741863166,10.071942446043165,295,98,59,973,309.258492,1737.819826,high_coverage,provisional
01860118,Gångsätra Ö,Lidingö,Stockholm,2026,2025,5.106723609076591,2.036363636363636,181,28,74,1375,115.00546,2252.040032,high_coverage,provisional
01860119,Skärsätra,Lidingö,Stockholm,2026,2025,7.917458031493827,3.723404255319149,216,42,66,1128,201.201315,2541.236268,high_coverage,provisional
01860120,Stockby - Mölna V - Fjäderholmarna,Lidingö,Stockholm,2026,2025,4.272180996916995,1.7857142857142858,97,15,48,840,54.000774,1264.009508,high_coverage,provisional
01860121,Mölna Ö - Brevik V,Lidingö,Stockholm,2026,2025,5.594073639783064,2.127659574468085,149,28,49,1316,120.998337,2162.973618,high_coverage,provisional
01860122,Brevik Ö - Käppala S,Lidingö,Stockholm,2026,2025,5.089916377516605,1.2307692307692308,100,16,61,1300,101.998335,2003.929484,high_coverage,provisional
01860123,Gåshaga,Lidingö,Stockholm,2026,2025,5.365301911047635,0.7148530579825259,80,9,35,1259,93.99908,1751.981185,high_coverage,provisional
01860124,Ekholmsnäs - Killinge,Lidingö,Stockholm,2026,2025,6.822423961193557,3.7181996086105675,137,38,50,1022,111.000862,1627.000354,high_coverage,provisional
01860125,Käppala N,Lidingö,Stockholm,2026,2025,22.700701649911917,12.620192307692308,202,105,38,832,389.997068,1717.995655,high_coverage,provisional
01860126,Dalénum,Lidingö,Stockholm,2026,2025,6.943596390766363,3.0065359477124183,201,46,60,1530,100.536698,1447.905269,high_coverage,provisional
01870101,Vaxön Öst-Tynningö,Vaxholm,Stockholm,2026,2025,3.308067341269285,3.460514640638864,199,39,76,1127,52.32742,1581.812418,high_coverage,provisional
01870102,Vaxön Mitt,Vaxholm,Stockholm,2026,2025,4.114180024066927,2.1739130434782608,243,21,62,966,58.947025,1432.776997,high_coverage,provisional
01870103,Vaxön Väst-Karlsudd,Vaxholm,Stockholm,2026,2025,7.999494552144259,3.9961941008563273,252,42,56,1051,120.222254,1502.873128,high_coverage,provisional
01870104,Resarö Väst,Vaxholm,Stockholm,2026,2025,3.1752896089604223,1.7085427135678393,141,17,55,995,62.454619,1966.895203,high_coverage,provisional
01870105,Resarö Öst,Vaxholm,Stockholm,2026,2025,2.638495000007321,1.0731707317073171,141,11,55,1025,42.797441,1622.039875,high_coverage,provisional
01870106,Rindö-Skarpö,Vaxholm,Stockholm,2026,2025,3.062361097455785,3.235747303543914,198,42,91,1298,54.202399,1769.954531,high_coverage,provisional
01870107,Kullö-Eriksö-Bogesund,Vaxholm,Stockholm,2026,2025,7.679059816063056,2.242152466367713,222,25,100,1115,135.05068,1758.687694,high_coverage,provisional
01880101,Norrtälje - Kvisthamra,Norrtälje,Stockholm,2026,2025,2.8714943039423075,3.592814371257485,296,42,116,1169,51.967098,1809.758004,high_coverage,provisional
01880102,Norrtälje - Flygfältet,Norrtälje,Stockholm,2026,2025,8.88073697928241,8.738938053097344,307,79,53,904,145.257292,1635.644568,high_coverage,provisional
01880103,Norrtälje - Grossgärdet - Nordrona,Norrtälje,Stockholm,2026,2025,13.783054798190628,8.846153846153847,300,92,62,1040,224.045523,1625.514273,high_coverage,provisional
01880104,Norrtälje - Bryggården,Norrtälje,Stockholm,2026,2025,7.661484256109,6.3515509601181686,443,86,79,1354,152.998019,1996.976224,high_coverage,provisional
01880105,Norrtälje - Övre Bryggårdsgärdet,Norrtälje,Stockholm,2026,2025,15.307455282072059,7.8783690393918455,433,114,78,1447,337.649391,2205.783945,high_coverage,provisional
01880106,Norrtälje - Gransäter,Norrtälje,Stockholm,2026,2025,6.890669835329928,4.16243654822335,265,41,38,985,114.180943,1657.036917,high_coverage,provisional
01880107,Norrtälje - Grind,Norrtälje,Stockholm,2026,2025,4.920048479111339,3.928266438941076,374,46,59,1171,71.693078,1457.162024,high_coverage,provisional
01880108,Norrtälje - Solbacka - Fågelsången,Norrtälje,Stockholm,2026,2025,4.0841710723882265,3.700848111025443,425,48,70,1297,54.343712,1330.593431,high_coverage,provisional
01880110,Norrtälje - Vigelsjö,Norrtälje,Stockholm,2026,2025,12.108629501829332,11.686879823594268,315,106,38,907,191.391911,1580.624058,high_coverage,provisional
01880111,Norrtälje - Stadskärnan,Norrtälje,Stockholm,2026,2025,3.8909830709724877,5.292096219931271,399,77,91,1455,77.003779,1979.031458,high_coverage,provisional
01880112,Norrtälje - Bältartorp,Norrtälje,Stockholm,2026,2025,6.02327668482127,5.613472333600641,360,70,53,1247,83.666379,1389.0509,high_coverage,provisional
01880113,Norrtälje - Norra,Norrtälje,Stockholm,2026,2025,4.9747954348177865,6.01589103291714,280,53,60,881,78.605522,1580.075463,high_coverage,provisional
01880114,Norrtälje - Norrtälje hamn,Norrtälje,Stockholm,2026,2025,7.227222646349622,1.8285714285714285,201,16,28,875,97.653409,1351.188607,high_coverage,provisional
01880115,Norrtälje - Östra,Norrtälje,Stockholm,2026,2025,3.8249155772384786,3.657142857142857,198,32,42,875,83.253596,2176.612642,high_coverage,provisional
01880201,Väddö Södra,Norrtälje,Stockholm,2026,2025,4.179213672840463,4.701834862385321,198,41,46,872,47.422244,1134.716904,high_coverage,provisional
01880301,Väddö Norra,Norrtälje,Stockholm,2026,2025,1.9610930754815783,3.8506417736289382,204,33,56,857,22.317968,1138.037163,high_coverage,provisional
01880302,Älmsta,Norrtälje,Stockholm,2026,2025,6.012194329869714,5.835543766578249,290,66,65,1131,100.67612,1674.532034,high_coverage,provisional
01880501,Hallsta - Centrum,Norrtälje,Stockholm,2026,2025,15.092235632809565,7.119741100323624,357,66,12,927,237.323683,1572.488588,high_coverage,provisional
01880502,Hallsta - Norra,Norrtälje,Stockholm,2026,2025,16.401911955729776,7.652399481193256,281,59,13,771,252.863803,1541.672725,high_coverage,provisional
01880503,Herräng,Norrtälje,Stockholm,2026,2025,2.56540680863375,5.028735632183908,196,35,32,696,25.184953,981.713813,high_coverage,provisional
01880504,Edebo och Häverö,Norrtälje,Stockholm,2026,2025,3.4261138052725877,3.050595238095238,383,41,29,1344,72.377848,2112.534846,high_coverage,provisional
01880801,Edsbro och Ununge,Norrtälje,Stockholm,2026,2025,2.88749766834155,4.49438202247191,295,56,80,1246,51.687216,1790.0349,high_coverage,provisional
01880901,Fasterna,Norrtälje,Stockholm,2026,2025,4.017319705853528,4.924242424242424,210,52,63,1056,69.720747,1735.50407,high_coverage,provisional
01881001,Rimbo - Bålbro-Västertorp,Norrtälje,Stockholm,2026,2025,15.398739011777685,7.1094480823199255,301,76,25,1069,301.329589,1956.845874,high_coverage,provisional
01881002,Rimbo - Centrum - Långsjö,Norrtälje,Stockholm,2026,2025,8.34714287189027,6.765327695560254,260,64,34,946,129.082008,1546.421452,high_coverage,provisional
01881003,Rimbo - Östra & Rö,Norrtälje,Stockholm,2026,2025,5.356513787739994,5.258386219401632,224,58,67,1103,115.024616,2147.378324,high_coverage,provisional
01881004,Rimbo - Håsta-Vallby,Norrtälje,Stockholm,2026,2025,10.681317834915637,7.556427870461237,336,77,28,1019,172.104414,1611.265732,high_coverage,provisional
01881101,Skederid och Husby-Sjuhundra,Norrtälje,Stockholm,2026,2025,3.2337289712564905,3.816793893129771,223,40,53,1048,52.749346,1631.223472,high_coverage,provisional
01881401,Gottröra och Närtuna,Norrtälje,Stockholm,2026,2025,3.3877803620273217,4.364694471387003,180,45,44,1031,55.995435,1652.864974,high_coverage,provisional
01881601,Lohärad - Malsta,Norrtälje,Stockholm,2026,2025,1.3624943745772609,2.2193211488250655,163,17,38,766,15.730632,1154.546565,high_coverage,provisional
01881801,Estuna,Norrtälje,Stockholm,2026,2025,3.9904737713965086,4.004854368932039,191,33,48,824,61.937302,1552.129034,high_coverage,provisional
01881901,Söderbykarl,Norrtälje,Stockholm,2026,2025,3.445333081072619,4.214123006833713,185,37,37,878,45.697995,1326.373791,high_coverage,provisional
01882001,Roslags-Bro,Norrtälje,Stockholm,2026,2025,2.608103769334798,4.062229904926534,226,47,67,1157,44.751666,1715.869841,high_coverage,provisional
01882101,Vätö,Norrtälje,Stockholm,2026,2025,2.4807528397930736,1.94884287454324,204,16,45,821,28.999836,1168.993361,high_coverage,provisional
01882201,Rådmansö - Västra,Norrtälje,Stockholm,2026,2025,2.577818954520473,2.2316684378320937,200,21,51,941,33.068809,1282.821237,high_coverage,provisional
01882202,Rådmansö - Östra,Norrtälje,Stockholm,2026,2025,2.6079136396635656,3.9548022598870056,172,35,51,885,31.587758,1211.227148,high_coverage,provisional
01882301,Frötuna - Östra,Norrtälje,Stockholm,2026,2025,2.1172173072738327,2.4596464258262873,300,32,52,1301,38.361176,1811.867675,high_coverage,provisional
01882302,Frötuna - Västra,Norrtälje,Stockholm,2026,2025,7.0438547040502195,4.204545454545454,210,37,51,880,105.326904,1495.302053,high_coverage,provisional
01882401,Blidö,Norrtälje,Stockholm,2026,2025,1.1461371346058933,4.3424317617866,197,35,45,806,12.000078,1047.001937,high_coverage,provisional
01882501,Bergshamra,Norrtälje,Stockholm,2026,2025,2.7976105237235034,4.392386530014641,281,60,81,1366,54.689608,1954.86854,high_coverage,provisional
01882502,Hysingsvik,Norrtälje,Stockholm,2026,2025,2.0312346592055004,3.8048780487804876,209,39,60,1025,27.946443,1375.835277,high_coverage,provisional
01882601,Riala,Norrtälje,Stockholm,2026,2025,2.3422637008313507,3.762376237623762,189,38,63,1010,40.327943,1721.750757,high_coverage,provisional
01910101,Sjudargården-S:t Per,Sigtuna,Stockholm,2026,2025,6.677464328937881,2.227722772277228,192,27,68,1212,113.352853,1697.54337,high_coverage,provisional
01910102,Centrala Sigtuna-Utsikten-Viken,Sigtuna,Stockholm,2026,2025,6.345556320864643,2.818886539816772,280,40,65,1419,93.211787,1468.930103,high_coverage,provisional
01910103,Brännbo-Klockbacken,Sigtuna,Stockholm,2026,2025,15.30920242706179,4.822565969062785,208,53,77,1099,237.347075,1550.355586,high_coverage,provisional
01910122,Norra Sigtuna-Prästängen,Sigtuna,Stockholm,2026,2025,9.142509008035788,2.6609442060085837,203,31,57,1165,297.614483,3255.28236,high_coverage,provisional
01910125,Stadsängarna-Ragvaldsbo,Sigtuna,Stockholm,2026,2025,14.52387929186032,7.024793388429752,186,51,27,726,132.176476,910.063168,high_coverage,provisional
01910204,Munkholmen,Sigtuna,Stockholm,2026,2025,8.393374237419511,2.8477546549835706,138,26,30,913,114.308608,1361.890996,high_coverage,provisional
01910205,Björkbacka-Charlottenberg-Til,Sigtuna,Stockholm,2026,2025,12.898659610003973,5.128205128205129,178,52,32,1014,218.543898,1694.314794,high_coverage,provisional
01910226,Rävsta-Steningehöjden,Sigtuna,Stockholm,2026,2025,21.578808805708558,7.860262008733624,220,72,40,916,508.056478,2354.423187,high_coverage,provisional
01910605,Arenberga,Sigtuna,Stockholm,2026,2025,25.500949295335914,9.286262471220262,364,121,55,1303,626.15064,2455.401298,high_coverage,provisional
01910606,Östra Norrbacka-Rolsta,Sigtuna,Stockholm,2026,2025,38.88658879951415,18.06451612903226,276,140,28,775,893.763181,2298.384118,high_coverage,provisional
01910607,Gamla Märsta,Sigtuna,Stockholm,2026,2025,29.98161591855655,14.949037372593432,309,132,30,883,845.981918,2821.668853,high_coverage,provisional
01910608,Sätuna,Sigtuna,Stockholm,2026,2025,30.04407797588773,12.366737739872068,320,116,33,938,413.347248,1375.80274,high_coverage,provisional
01910609,Norra Ekilla,Sigtuna,Stockholm,2026,2025,18.302591313410897,7.289002557544757,219,57,32,782,252.291401,1378.446345,high_coverage,provisional
01910610,Centrala Märsta,Sigtuna,Stockholm,2026,2025,33.85529626132864,12.27154046997389,260,94,30,766,925.407478,2733.420115,high_coverage,provisional
01910611,Sundveda-Södra Ekilla,Sigtuna,Stockholm,2026,2025,29.775382522682705,14.204545454545455,330,150,33,1056,502.076861,1686.214646,high_coverage,provisional
01910612,Tingvalla,Sigtuna,Stockholm,2026,2025,53.44306934442596,27.575757575757574,290,182,19,660,658.438392,1232.037007,high_coverage,provisional
01910617,Odensala,Sigtuna,Stockholm,2026,2025,7.363768613420516,3.7486218302094816,143,34,32,907,110.997724,1507.349427,high_coverage,provisional
01910624,Nymärsta,Sigtuna,Stockholm,2026,2025,36.304336566507665,20.610687022900763,256,135,21,655,365.348992,1006.350829,high_coverage,provisional
01910819,Norra Rosersberg-Skånela,Sigtuna,Stockholm,2026,2025,9.489675715428808,3.6876355748373104,163,34,36,922,118.01394,1243.603507,high_coverage,provisional
01910820,Södra Rosersberg,Sigtuna,Stockholm,2026,2025,16.989605760929972,4.953917050691245,223,43,31,868,263.083666,1548.497768,high_coverage,provisional
01910918,Lunda-Skepptuna-Vidbo,Sigtuna,Stockholm,2026,2025,3.855371738028033,3.048780487804878,175,25,31,820,48.362891,1254.428737,high_coverage,provisional
01911213,Östra Valsta,Sigtuna,Stockholm,2026,2025,50.60728800247132,24.530831099195712,316,183,20,746,1138.391934,2249.462437,high_coverage,provisional
01911214,Norra Valsta,Sigtuna,Stockholm,2026,2025,46.81183733603671,25.806451612903224,286,184,31,713,1342.900768,2868.720487,high_coverage,provisional
01911215,Valsta Centrum,Sigtuna,Stockholm,2026,2025,52.04522283343359,21.333333333333332,329,160,40,750,1255.875797,2413.047209,high_coverage,provisional
01911216,Östra Steninge,Sigtuna,Stockholm,2026,2025,31.414114160091916,15.613382899628252,263,126,21,807,499.007067,1588.480466,high_coverage,provisional
01911221,Västra Steninge,Sigtuna,Stockholm,2026,2025,24.035279834586518,11.655011655011656,408,150,45,1287,263.896674,1097.955488,high_coverage,provisional
01911223,Södra Valsta,Sigtuna,Stockholm,2026,2025,48.62039046915811,25.0,384,226,23,904,748.900417,1540.301116,high_coverage,provisional
01911224,Steninge slottsby,Sigtuna,Stockholm,2026,2025,25.475039263910986,7.877280265339967,301,95,28,1206,1218.156055,4781.763209,high_coverage,provisional
01920101,Nynäshamn  1 Sandhamn,Nynäshamn,Stockholm,2026,2025,5.677733893002789,4.472049689440993,240,36,46,805,76.976689,1355.764297,high_coverage,provisional
01920102,Nynäshamn  2 Estö Ö,Nynäshamn,Stockholm,2026,2025,8.27439345428954,4.745762711864407,236,42,51,885,122.420609,1479.511576,high_coverage,provisional
01920103,Nynäshamn  3 Estö V,Nynäshamn,Stockholm,2026,2025,8.238169385563635,5.026737967914438,274,47,65,935,164.860384,2001.177401,high_coverage,provisional
01920104,Nynäshamn  4 Centrala Nynäs,Nynäshamn,Stockholm,2026,2025,7.496390229739932,4.789430222956234,409,58,77,1211,146.815244,1958.479208,high_coverage,provisional
01920105,Nynäshamn  5 Gröndal,Nynäshamn,Stockholm,2026,2025,12.995832656915338,10.207336523125997,216,64,34,627,139.022475,1069.746577,high_coverage,provisional
01920107,Nynäshamn  7 Via,Nynäshamn,Stockholm,2026,2025,4.271441318212856,4.186795491143317,409,52,69,1242,90.105437,2109.485541,high_coverage,provisional
01920108,Nynäshamn  8 Kullsta,Nynäshamn,Stockholm,2026,2025,7.104913953366941,5.841924398625429,269,51,43,873,99.060318,1394.250777,high_coverage,provisional
01920109,Nynäshamn  9 Nicksta,Nynäshamn,Stockholm,2026,2025,28.391749170012794,17.796610169491526,357,168,40,944,631.38656,2223.838187,high_coverage,provisional
01920110,Nynäshamn 10 Vaktberget,Nynäshamn,Stockholm,2026,2025,18.185226633736267,11.027568922305765,347,132,53,1197,467.42078,2570.332443,high_coverage,provisional
01920111,Nynäshamn 11 Hacktorp,Nynäshamn,Stockholm,2026,2025,5.997791529035286,3.6986301369863015,221,27,34,730,61.112338,1018.914007,high_coverage,provisional
01920218,Nynäshamn 18 Sorunda S,Nynäshamn,Stockholm,2026,2025,3.445413077263813,4.035087719298246,268,46,47,1140,60.002428,1741.516232,high_coverage,provisional
01920219,Nynäshamn 19 Mellersta Sorunda,Nynäshamn,Stockholm,2026,2025,3.4526700198119826,2.2157996146435455,227,23,38,1038,65.526304,1897.844382,high_coverage,provisional
01920220,Nynäshamn 20 Sorunda N,Nynäshamn,Stockholm,2026,2025,3.5614699067690267,3.434065934065934,285,50,78,1456,85.833214,2410.050239,high_coverage,provisional
01920317,Nynäshamn 17 Torö,Nynäshamn,Stockholm,2026,2025,3.5367941830016307,1.650943396226415,91,7,24,424,14.300516,404.335544,high_coverage,provisional
01920413,Nynäshamn 13 Ösmo V,Nynäshamn,Stockholm,2026,2025,13.486223051149944,6.385869565217392,220,47,23,736,225.267944,1670.35606,high_coverage,provisional
01920414,Nynäshamn 14 Ösmo Ö,Nynäshamn,Stockholm,2026,2025,12.860080573487334,10.821643286573146,318,108,39,998,271.819788,2113.670956,high_coverage,provisional
01920415,Nynäshamn 15 Ösmo S,Nynäshamn,Stockholm,2026,2025,7.530229039019559,7.163601161665054,251,74,39,1033,112.689275,1496.491998,high_coverage,provisional
01920416,Nynäshamn 16 Ösmo N,Nynäshamn,Stockholm,2026,2025,2.8421296694065954,2.6923076923076925,186,28,73,1040,48.379711,1702.234473,high_coverage,provisional
03050101,Mansängen - Draget,Håbo,Uppsala,2026,2025,22.625176471915793,11.020104244229337,366,148,34,1343,809.428312,3577.555795,high_coverage,provisional
03050102,Skörby - Gillmarken,Håbo,Uppsala,2026,2025,6.214296187778929,3.0936454849498327,256,37,53,1196,147.046781,2366.266051,high_coverage,provisional
03050103,Västerängen - Åkerby,Håbo,Uppsala,2026,2025,5.916036500922114,4.181818181818182,268,46,37,1100,132.07412,2232.476422,high_coverage,provisional
03050104,Råby - Frösunda,Håbo,Uppsala,2026,2025,3.1373159148723286,2.0644095788604457,212,25,41,1211,47.550878,1515.65476,high_coverage,provisional
03050106,Väppeby äng - Kalmarsand,Håbo,Uppsala,2026,2025,5.950391186720639,4.749787955894826,266,56,41,1179,120.230891,2020.554401,high_coverage,provisional
03050107,Väppebyberget - Viby äng,Håbo,Uppsala,2026,2025,4.91433227329374,2.522255192878338,283,34,49,1348,101.797966,2071.450613,high_coverage,provisional
03050206,Gamla Bålsta - Pomona,Håbo,Uppsala,2026,2025,7.174799403672701,5.6,312,63,32,1125,110.910078,1545.828277,high_coverage,provisional
03050207,Åsenområdet,Håbo,Uppsala,2026,2025,5.952581643758255,4.294478527607362,288,49,44,1141,121.89002,2047.683296,high_coverage,provisional
03050309,Häggeby - Övergran,Håbo,Uppsala,2026,2025,4.66504633427722,3.611556982343499,203,45,57,1246,84.990783,1821.863641,high_coverage,provisional
03050310,Krägga - Graneberg,Håbo,Uppsala,2026,2025,6.274105781347047,3.945371775417299,259,52,36,1318,123.166019,1963.084833,high_coverage,provisional
03050410,Skokloster,Håbo,Uppsala,2026,2025,5.0906024073477205,4.735376044568246,191,51,39,1077,105.914108,2080.58103,high_coverage,provisional
03190106,Gårdskär,Älvkarleby,Uppsala,2026,2025,4.193459049225049,3.194103194103194,125,13,22,407,21.855705,521.185607,high_coverage,provisional
03190107,Östanån,Älvkarleby,Uppsala,2026,2025,3.7712891987555683,2.773109243697479,374,33,40,1190,67.420122,1787.720815,high_coverage,provisional
03190108,Älvkarleö bruk - Marma,Älvkarleby,Uppsala,2026,2025,3.987253412956336,3.7821482602118004,181,25,32,661,42.177868,1057.817591,high_coverage,provisional
03190202,Jungfruholmen,Älvkarleby,Uppsala,2026,2025,8.873750439530102,5.863708399366086,385,74,32,1262,187.250819,2110.165485,high_coverage,provisional
03190204,Skutskärs Centrum,Älvkarleby,Uppsala,2026,2025,18.234075765107203,13.194959229058561,473,178,44,1349,453.015074,2484.442205,high_coverage,provisional
03190205,Boda,Älvkarleby,Uppsala,2026,2025,5.02453462716474,3.219871205151794,378,35,15,1087,81.280276,1617.667745,high_coverage,provisional
03303259,Lagga - Östuna,Knivsta,Uppsala,2026,2025,2.948144588997077,3.3707865168539324,223,42,80,1246,60.460215,2050.788663,high_coverage,provisional
03303363,Vassunda,Knivsta,Uppsala,2026,2025,3.706568688538899,3.7075180226570548,179,36,81,971,57.950667,1563.458602,high_coverage,provisional
03303364,Norra Alsike,Knivsta,Uppsala,2026,2025,8.552908605859205,4.675876726886291,212,44,49,941,132.013255,1543.489602,high_coverage,provisional
03303365,Vrå,Knivsta,Uppsala,2026,2025,7.967010914749339,4.653130287648054,256,55,68,1182,135.266952,1697.838166,high_coverage,provisional
03303366,Boängen,Knivsta,Uppsala,2026,2025,7.050586356635251,2.494802494802495,182,24,54,962,129.546033,1837.379566,high_coverage,provisional
03303369,Sågen,Knivsta,Uppsala,2026,2025,15.366169380686273,12.618724559023066,182,93,47,737,253.222432,1647.92165,high_coverage,provisional
03303566,Tallbacken,Knivsta,Uppsala,2026,2025,18.364255667393543,13.131313131313131,222,104,68,792,182.043304,991.291492,high_coverage,provisional
03303567,Östra Knivsta,Knivsta,Uppsala,2026,2025,4.479768853767229,4.679802955665025,272,57,121,1218,81.925534,1828.789312,high_coverage,provisional
03303568,Södra Knivsta,Knivsta,Uppsala,2026,2025,18.17930989943293,9.361997226074896,346,135,100,1442,553.501224,3044.676762,high_coverage,provisional
03303570,Västra Knivsta,Knivsta,Uppsala,2026,2025,13.446915171927774,8.209959623149395,413,122,131,1486,293.172157,2180.218684,high_coverage,provisional
03303571,Gredelby,Knivsta,Uppsala,2026,2025,10.12054484899484,6.18860510805501,280,63,105,1018,216.898278,2143.148232,high_coverage,provisional
03303775,Husby - Långhundra,Knivsta,Uppsala,2026,2025,2.345059117194008,2.8683181225554106,118,22,18,767,28.000006,1194.000006,high_coverage,provisional
03310101,Västerlövsta Västra - Enåker,Heby,Uppsala,2026,2025,8.986039507044074,7.832545577312627,451,116,48,1481,215.660577,2399.951356,high_coverage,provisional
03310102,Västerlövsta Östra - Huddunge,Heby,Uppsala,2026,2025,7.160979017808665,4.769114307342922,339,63,49,1321,174.424507,2435.763414,high_coverage,provisional
03310405,Morgongåva,Heby,Uppsala,2026,2025,10.94594724611322,7.3838319541693185,419,116,101,1571,289.688977,2646.540957,high_coverage,provisional
03310508,Tärnsjö,Heby,Uppsala,2026,2025,3.045452302812492,3.3333333333333335,333,50,43,1500,72.438101,2378.566262,high_coverage,provisional
03310609,Östervåla,Heby,Uppsala,2026,2025,4.147439152175885,3.4566403881140086,446,57,43,1649,104.206995,2512.562359,high_coverage,provisional
03310711,Harbo,Heby,Uppsala,2026,2025,3.134818021320565,4.183757178014766,267,51,48,1219,59.58084,1900.615589,high_coverage,provisional
03600101,Vallskoga,Tierp,Uppsala,2026,2025,5.01033655025607,5.550952775476388,359,67,35,1207,90.869778,1813.646191,high_coverage,provisional
03600102,Tierps köping södra,Tierp,Uppsala,2026,2025,17.73487940523534,9.734513274336283,452,99,28,1017,345.340637,1947.239838,high_coverage,provisional
03600103,Tierps köping norra,Tierp,Uppsala,2026,2025,8.141641368763343,4.65587044534413,320,46,36,988,121.320886,1490.128102,high_coverage,provisional
03600104,Svanby,Tierp,Uppsala,2026,2025,14.77617753883283,7.492795389048991,368,78,26,1041,187.563023,1269.360919,high_coverage,provisional
03600302,Örbyhus Sydväst,Tierp,Uppsala,2026,2025,5.557867892065923,7.722007722007722,241,60,63,777,76.266149,1372.219536,high_coverage,provisional
03600303,Örbyhus Nordost,Tierp,Uppsala,2026,2025,5.629149798809631,7.931034482758621,247,69,79,870,74.030249,1315.123094,high_coverage,provisional
03600305,Vendel,Tierp,Uppsala,2026,2025,2.494323505336686,4.475524475524476,141,32,50,715,26.706193,1070.678801,high_coverage,provisional
03600406,Tobo,Tierp,Uppsala,2026,2025,6.636829795230856,6.140350877192983,177,42,51,684,68.363282,1030.059292,high_coverage,provisional
03600508,Kyrkbyn,Tierp,Uppsala,2026,2025,8.419784442602738,3.67553865652725,163,29,24,789,141.260987,1677.726882,high_coverage,provisional
03600510,Månkarbo,Tierp,Uppsala,2026,2025,2.6138910939848325,2.176403207331042,192,19,40,873,34.997254,1338.894879,high_coverage,provisional
03600611,Söderfors,Tierp,Uppsala,2026,2025,11.600913735170687,8.19672131147541,430,100,24,1220,252.779627,2178.963078,high_coverage,provisional
03600713,Västland - Karlholm,Tierp,Uppsala,2026,2025,4.621668288241064,3.902439024390244,420,48,34,1230,88.501861,1914.933212,high_coverage,provisional
03600817,Skärplinge,Tierp,Uppsala,2026,2025,1.3601418039496143,2.449324324324324,347,29,54,1184,22.999975,1690.998316,high_coverage,provisional
03600918,Hållnäs,Tierp,Uppsala,2026,2025,1.3029319426902146,3.5661218424962855,197,24,34,673,12.000024,921.001597,high_coverage,provisional
03800001,Fjärdingen-Vasaparken,Uppsala,Uppsala,2026,2025,4.88345545313274,5.863539445628998,177,55,121,938,61.014428,1249.410967,high_coverage,provisional
03800002,Fjärdingen-Sankt Johannes,Uppsala,Uppsala,2026,2025,10.06084050546381,11.798287345385347,214,124,235,1051,152.832836,1519.086163,high_coverage,provisional
03800003,Fjärdingen-Odinslund,Uppsala,Uppsala,2026,2025,7.334709124679762,8.333333333333334,185,71,147,852,88.050579,1200.464497,high_coverage,provisional
03800004,Luthagen östra,Uppsala,Uppsala,2026,2025,8.88163408546274,8.502994011976048,191,71,172,835,108.002427,1216.019777,high_coverage,provisional
03800005,Fjärdingen-Orphei Drängars plats,Uppsala,Uppsala,2026,2025,6.718377992571566,6.944444444444445,163,60,137,864,79.938749,1189.851912,high_coverage,provisional
03800006,Centrum-Linnéträdgården-Mikaelsplan,Uppsala,Uppsala,2026,2025,10.215641439294407,11.092851273623666,319,135,134,1217,174.630009,1709.437533,high_coverage,provisional
03800008,Centrum-Stora torget,Uppsala,Uppsala,2026,2025,25.672942080693133,10.042432814710043,174,71,52,707,331.895762,1292.78429,high_coverage,provisional
03800009,Centrum södra,Uppsala,Uppsala,2026,2025,11.04808176062176,9.429280397022332,221,76,58,806,130.077385,1177.375293,high_coverage,provisional
03800010,Centrum-Samariterhemmet,Uppsala,Uppsala,2026,2025,13.21304610878041,11.663066954643629,249,108,96,926,184.056388,1392.989826,high_coverage,provisional
03800011,Höganäs västra,Uppsala,Uppsala,2026,2025,9.52335925377264,8.301158301158301,240,86,136,1036,157.567934,1654.541531,high_coverage,provisional
03800012,Centrum-Höganäs-Kvarnen,Uppsala,Uppsala,2026,2025,10.431893894670585,11.61217587373168,250,103,85,887,90.460431,867.152522,high_coverage,provisional
03800013,Fålhagen-Östra station,Uppsala,Uppsala,2026,2025,8.849925157147633,9.744094488188976,241,99,121,1016,128.80963,1455.488354,high_coverage,provisional
03800014,Kungsängen mellersta,Uppsala,Uppsala,2026,2025,8.579919814389715,5.077720207253886,285,49,98,965,114.612133,1335.81823,high_coverage,provisional
03800015,Kungsängen södra,Uppsala,Uppsala,2026,2025,19.37389518355696,13.574660633484163,307,150,99,1105,342.040038,1765.46861,high_coverage,provisional
03800016,Kungsängen-Hovstallängen,Uppsala,Uppsala,2026,2025,12.7211076010527,10.231660231660232,288,106,115,1036,290.541598,2283.933185,high_coverage,provisional
03800017,Kungsängen västra,Uppsala,Uppsala,2026,2025,9.305668630788352,5.509181969949917,312,66,105,1198,155.833224,1674.605342,high_coverage,provisional
03800018,Kungsängen nordöstra,Uppsala,Uppsala,2026,2025,14.50952382427381,15.924528301886792,398,211,145,1325,180.906463,1246.811854,high_coverage,provisional
03800042,Svartbäcken södra,Uppsala,Uppsala,2026,2025,11.661741096321744,12.016129032258064,354,149,144,1240,254.445668,2181.884042,high_coverage,provisional
03800043,Svartbäcken-Fyrishov,Uppsala,Uppsala,2026,2025,6.585579585842222,11.507936507936508,253,87,98,756,91.760825,1393.359898,high_coverage,provisional
03800044,Tuna backar,Uppsala,Uppsala,2026,2025,8.012348586593747,14.469078179696616,307,124,96,857,83.039026,1036.388084,high_coverage,provisional
03800045,Bärby hage-Tunaberg,Uppsala,Uppsala,2026,2025,5.065562923525144,7.461645746164574,446,107,152,1434,108.245565,2136.891134,high_coverage,provisional
03800048,Svartbäcken norra,Uppsala,Uppsala,2026,2025,5.449543011433237,7.503410641200546,389,110,187,1466,124.098065,2277.219663,high_coverage,provisional
03800049,Kapellgärdet-Tornet,Uppsala,Uppsala,2026,2025,10.915428170975096,8.264462809917354,371,100,82,1210,175.525991,1608.054107,high_coverage,provisional
03800050,Kapellgärdet norra,Uppsala,Uppsala,2026,2025,13.19131883381992,11.11111111111111,428,151,102,1359,294.271954,2230.800102,high_coverage,provisional
03800051,Kapellgärdet-Djäknegatan,Uppsala,Uppsala,2026,2025,19.638838164804106,17.32882502113271,327,205,166,1183,332.83468,1694.777854,high_coverage,provisional
03800052,Kapellgärdet-Väktargatan,Uppsala,Uppsala,2026,2025,23.209936954302474,19.318181818181817,268,170,118,880,320.680764,1381.652887,high_coverage,provisional
03800053,Kapellgärdet-Kantorsgatan,Uppsala,Uppsala,2026,2025,29.22212965613447,24.930232558139537,282,268,223,1075,692.119473,2368.477182,high_coverage,provisional
03800055,Höganäs östra,Uppsala,Uppsala,2026,2025,11.136671083311642,11.666666666666666,274,119,133,1020,177.653722,1595.213872,high_coverage,provisional
03800056,Kvarngärdet södra,Uppsala,Uppsala,2026,2025,36.224928627484225,25.2465483234714,426,256,37,1014,966.355112,2667.652218,high_coverage,provisional
03800057,Kvarngärdet norra,Uppsala,Uppsala,2026,2025,31.040521543290073,28.42105263157895,326,297,78,1045,509.069341,1640.015424,high_coverage,provisional
03800058,Gränby södra,Uppsala,Uppsala,2026,2025,36.451904414676505,18.005808325266216,379,186,55,1033,1275.040475,3497.870675,high_coverage,provisional
03800059,Gränby norra-Brillinge,Uppsala,Uppsala,2026,2025,26.634896729820372,18.15718157181572,379,201,49,1107,575.269194,2159.832643,high_coverage,provisional
03800060,Gränby sydvästra,Uppsala,Uppsala,2026,2025,49.42631787831569,42.016806722689076,391,400,34,952,717.953167,1452.572633,high_coverage,provisional
03800061,Gränby nordvästra,Uppsala,Uppsala,2026,2025,49.410811853261386,26.789366053169733,353,262,42,978,990.364004,2004.346755,high_coverage,provisional
03800063,Löten östra,Uppsala,Uppsala,2026,2025,27.350620534082033,21.387283236994218,372,185,63,865,399.949121,1462.303645,high_coverage,provisional
03800064,Löten norra,Uppsala,Uppsala,2026,2025,36.8217275470396,29.28759894459103,273,222,40,758,626.206051,1700.64278,high_coverage,provisional
03800065,Löten västra,Uppsala,Uppsala,2026,2025,21.224018463031857,14.541832669322709,405,146,79,1004,418.915029,1973.778103,high_coverage,provisional
03800066,Nyby gård,Uppsala,Uppsala,2026,2025,15.446769991742723,12.238325281803542,213,76,52,621,178.306249,1154.32708,high_coverage,provisional
03800067,Gamla Uppsala-Yrsaparken,Uppsala,Uppsala,2026,2025,14.361709749549878,10.371318822023047,192,81,62,781,196.8362,1370.562443,high_coverage,provisional
03800068,Nyby södra,Uppsala,Uppsala,2026,2025,20.71492810428143,11.48989898989899,288,91,38,792,261.18431,1260.850671,high_coverage,provisional
03800069,Nyby norra,Uppsala,Uppsala,2026,2025,24.891481060839332,14.21188630490956,459,165,56,1161,565.843865,2273.243057,high_coverage,provisional
03800070,Gamla Uppsala,Uppsala,Uppsala,2026,2025,8.299873382534766,5.172413793103448,316,66,89,1276,176.389147,2125.202866,high_coverage,provisional
03800091,Luthagen norra,Uppsala,Uppsala,2026,2025,6.786514612767029,7.906458797327394,196,71,94,898,86.964838,1281.43595,high_coverage,provisional
03800092,Luthagen mellersta,Uppsala,Uppsala,2026,2025,3.4103094482733627,6.296296296296297,248,68,163,1080,47.016188,1378.648733,high_coverage,provisional
03800093,Studentstaden-Observatoriet,Uppsala,Uppsala,2026,2025,8.920181062864016,12.1524201853759,232,118,245,971,121.687199,1364.178576,high_coverage,provisional
03800094,Studentstaden-Rackarberget,Uppsala,Uppsala,2026,2025,10.693344133532593,16.998950682056662,213,162,266,953,151.048224,1412.544309,high_coverage,provisional
03800095,Studentstaden-Studentvägen,Uppsala,Uppsala,2026,2025,11.375436465073768,16.81109185441941,248,194,275,1154,196.864455,1730.610123,high_coverage,provisional
03800096,Luthagen sydvästra,Uppsala,Uppsala,2026,2025,6.9533421005707545,9.430255402750491,252,96,196,1018,94.73103,1362.381264,high_coverage,provisional
03800097,Luthagen-Tiundaskolan,Uppsala,Uppsala,2026,2025,6.612086700314355,8.225108225108226,307,95,207,1155,140.415933,2123.625103,high_coverage,provisional
03800098,Rickomberga,Uppsala,Uppsala,2026,2025,8.773331580584005,11.201629327902241,282,110,122,982,86.872242,990.185327,high_coverage,provisional
03800100,Luthagen-Seminariet,Uppsala,Uppsala,2026,2025,11.483597775482465,13.423517169614984,290,129,123,961,176.721105,1538.900164,high_coverage,provisional
03800101,Luthagen-Eriksdal,Uppsala,Uppsala,2026,2025,4.8721761721512795,6.092254134029591,309,70,200,1149,79.22476,1626.065175,high_coverage,provisional
03800102,Luthagen-Prästgårdsgatan,Uppsala,Uppsala,2026,2025,5.846714915054162,12.822966507177034,281,134,220,1045,86.739268,1483.555625,high_coverage,provisional
03800103,Husbyborg-Börjetull,Uppsala,Uppsala,2026,2025,11.69216488997205,11.027568922305765,330,132,130,1197,227.8058,1948.362875,high_coverage,provisional
03800104,Luthagen-Mimmi Ekholms plats-Hällby,Uppsala,Uppsala,2026,2025,15.253533945212215,14.858490566037736,383,189,151,1272,341.600128,2239.481875,high_coverage,provisional
03800105,Stenhagen norra,Uppsala,Uppsala,2026,2025,25.594502450091568,20.921985815602838,390,236,127,1128,418.07496,1633.456094,high_coverage,provisional
03800106,Stenhagen västra-Kvarnbo,Uppsala,Uppsala,2026,2025,29.361572648778857,15.502183406113538,309,142,97,916,661.961653,2254.517021,high_coverage,provisional
03800108,Stenhagen södra,Uppsala,Uppsala,2026,2025,30.696610977065525,34.13461538461539,329,284,45,832,253.692449,826.451002,high_coverage,provisional
03800131,Fålhagen-S:t Göransplan,Uppsala,Uppsala,2026,2025,9.249502818070757,10.96345514950166,258,99,117,903,124.255597,1343.375957,high_coverage,provisional
03800132,Fålhagen-Almtuna,Uppsala,Uppsala,2026,2025,3.5027977939667974,7.317073170731708,230,75,162,1025,48.494899,1384.461846,high_coverage,provisional
03800133,Fålhagen norra,Uppsala,Uppsala,2026,2025,8.494067289164624,10.759493670886076,432,153,161,1422,201.617616,2373.628665,high_coverage,provisional
03800135,Fålhagen södra-Boländerna,Uppsala,Uppsala,2026,2025,6.606502640265889,5.250965250965251,310,68,153,1295,103.807118,1571.287013,high_coverage,provisional
03800138,Sala backe västra,Uppsala,Uppsala,2026,2025,18.3584496244616,16.060225846925974,266,128,43,797,236.793918,1289.83614,high_coverage,provisional
03800139,Sala backe-Byggmästaren,Uppsala,Uppsala,2026,2025,6.6820483829862125,9.966777408637874,274,90,70,903,85.470689,1279.109101,high_coverage,provisional
03800140,Sala backe södra,Uppsala,Uppsala,2026,2025,7.756307099083973,12.723449001051526,253,121,100,951,99.768858,1286.293293,high_coverage,provisional
03800141,Sala backe-Skomakarberget,Uppsala,Uppsala,2026,2025,14.491753451882644,15.977961432506888,257,116,55,726,146.75322,1012.667104,high_coverage,provisional
03800142,Sala backe norra,Uppsala,Uppsala,2026,2025,13.121517696215102,9.67741935483871,293,87,57,899,158.928855,1211.20787,high_coverage,provisional
03800143,Sala backe-Källparken,Uppsala,Uppsala,2026,2025,24.39312684745899,23.80952380952381,311,235,76,987,618.128459,2534.027158,high_coverage,provisional
03800144,Sala backe-Östra Sala backe,Uppsala,Uppsala,2026,2025,18.167206352011398,17.274305555555557,362,199,71,1152,292.70598,1611.177714,high_coverage,provisional
03800145,Sala backe-Byggmästarparken,Uppsala,Uppsala,2026,2025,20.37061030579726,13.236481033091202,367,164,83,1239,476.385498,2338.592172,high_coverage,provisional
03800146,Årsta norra,Uppsala,Uppsala,2026,2025,10.63015067947031,7.5910931174089065,310,75,54,988,148.569238,1397.621186,high_coverage,provisional
03800147,Årsta mellersta,Uppsala,Uppsala,2026,2025,10.750616842032628,10.427807486631016,243,78,27,748,140.384025,1305.822978,high_coverage,provisional
03800149,Årsta-Körveln,Uppsala,Uppsala,2026,2025,11.20791472365674,7.227615965480044,318,67,36,927,214.0135,1909.485442,high_coverage,provisional
03800150,Årsta östra,Uppsala,Uppsala,2026,2025,10.093887886580138,5.576923076923077,326,58,73,1040,134.865527,1336.110808,high_coverage,provisional
03800151,Slavsta-Fyrislund,Uppsala,Uppsala,2026,2025,12.614369386811273,6.382978723404255,308,69,57,1081,234.702826,1860.598963,high_coverage,provisional
03800181,Ekeby,Uppsala,Uppsala,2026,2025,18.492636482075888,20.49934296977661,257,156,116,761,238.819896,1291.432383,high_coverage,provisional
03800182,Berthåga-Flogsta Flogstavallen,Uppsala,Uppsala,2026,2025,10.4464111040851,12.23021582733813,328,153,232,1251,208.503981,1995.938882,high_coverage,provisional
03800183,Flogsta södra-Ekeby södra,Uppsala,Uppsala,2026,2025,6.5061427383971155,11.416921508664627,275,112,272,981,97.699899,1501.656249,high_coverage,provisional
03800184,Flogsta-Sernanders väg,Uppsala,Uppsala,2026,2025,53.16957711635824,31.586402266288953,215,223,92,706,1350.604499,2540.182887,high_coverage,provisional
03800186,Flogsta västra,Uppsala,Uppsala,2026,2025,16.89072488511779,37.12707182320442,161,336,230,905,242.320782,1434.638144,high_coverage,provisional
03800187,Kåbo östra,Uppsala,Uppsala,2026,2025,14.000307600945561,14.916286149162861,328,196,266,1314,244.290052,1744.890605,high_coverage,provisional
03800188,Kåbo västra-Kungsgärdet,Uppsala,Uppsala,2026,2025,10.227062911650485,5.7567316620241415,212,62,153,1077,199.723726,1952.894274,high_coverage,provisional
03800190,Eriksberg-Sommarro,Uppsala,Uppsala,2026,2025,6.451273490040444,14.098972922502334,246,151,225,1071,95.901438,1486.550495,high_coverage,provisional
03800191,Eriksberg-Västertorg,Uppsala,Uppsala,2026,2025,17.07407286760872,21.83406113537118,236,200,189,916,243.872911,1428.323007,high_coverage,provisional
03800192,Eriksberg östra,Uppsala,Uppsala,2026,2025,15.294528197039707,21.08374384236453,254,214,200,1015,243.949418,1595.011071,high_coverage,provisional
03800193,Eriksberg-Marmorvägen,Uppsala,Uppsala,2026,2025,34.38552110368966,31.189320388349515,264,257,86,824,507.16622,1474.941207,high_coverage,provisional
03800195,Norby östra,Uppsala,Uppsala,2026,2025,4.341622317771794,4.878048780487805,267,60,203,1230,84.433687,1944.7497,high_coverage,provisional
03800196,Norby västra,Uppsala,Uppsala,2026,2025,6.151152335266074,6.453851492019431,379,93,304,1441,134.555358,2187.482128,high_coverage,provisional
03800197,Eriksberg-Håga,Uppsala,Uppsala,2026,2025,9.038085122422626,16.717325227963524,258,165,250,987,136.842695,1514.06734,high_coverage,provisional
03800221,Kungsängens gård-Vilan-Bergsbrunna,Uppsala,Uppsala,2026,2025,6.627531465869923,4.585300067430883,348,68,125,1483,132.272261,1995.799819,high_coverage,provisional
03800222,Nåntuna,Uppsala,Uppsala,2026,2025,7.843396666200699,4.376899696048632,440,72,155,1645,195.082166,2487.215352,high_coverage,provisional
03800225,Sävja nordvästra,Uppsala,Uppsala,2026,2025,20.708251403574938,12.958115183246074,248,99,67,764,240.994366,1163.760094,high_coverage,provisional
03800226,Sävja nordöstra,Uppsala,Uppsala,2026,2025,25.90771685241602,19.584837545126355,401,217,72,1108,569.643126,2198.739199,high_coverage,provisional
03800228,Sävja södra,Uppsala,Uppsala,2026,2025,27.786224473783758,21.305841924398624,335,186,54,873,212.355355,764.246885,high_coverage,provisional
03800241,Rosendal västra,Uppsala,Uppsala,2026,2025,12.663910367382218,13.380909901873327,323,150,179,1121,108.466775,856.503022,high_coverage,provisional
03800243,Rosendal nordvästra,Uppsala,Uppsala,2026,2025,13.782801856568707,10.770855332629356,237,102,197,947,371.021879,2691.919124,high_coverage,provisional
03800244,Rosendal nordöstra,Uppsala,Uppsala,2026,2025,13.274158133992822,15.560640732265446,209,136,145,874,124.20996,935.72759,high_coverage,provisional
03800245,Rosendal mellersta,Uppsala,Uppsala,2026,2025,14.667238187094718,21.070811744386873,124,122,110,579,85.160185,580.615,high_coverage,provisional
03800246,Rosendal sydöstra,Uppsala,Uppsala,2026,2025,13.270084465426814,12.834821428571429,228,115,123,896,102.595891,773.136684,high_coverage,provisional
03800250,Ultuna-Ulleråker-Polacksbacken,Uppsala,Uppsala,2026,2025,14.376387283229043,17.16566866267465,82,86,123,501,316.09645,2198.719635,high_coverage,provisional
03800251,Ulleråker södra,Uppsala,Uppsala,2026,2025,14.161786604890153,9.317443120260021,273,86,196,923,31.73489,224.088181,high_coverage,provisional
03800253,Bäcklösa norra,Uppsala,Uppsala,2026,2025,25.65891850061552,15.728476821192054,172,95,81,604,373.13528,1454.212811,high_coverage,provisional
03800254,Bäcklösa södra,Uppsala,Uppsala,2026,2025,46.225635989922544,29.47761194029851,161,158,42,536,570.814627,1234.844291,high_coverage,provisional
03800262,Valsätra norra,Uppsala,Uppsala,2026,2025,11.913698968207873,10.510732790525537,356,142,261,1351,369.250124,3099.3743,high_coverage,provisional
03800265,Valsätra-Spinnrocksvägen,Uppsala,Uppsala,2026,2025,36.97774643078074,26.602564102564102,199,166,56,624,487.544325,1318.480362,high_coverage,provisional
03800266,Valsätra sydvästra,Uppsala,Uppsala,2026,2025,63.42830440632213,48.028673835125446,228,268,14,558,1191.496264,1878.493009,high_coverage,provisional
03800267,Gamla Gottsunda-Vårdsätra,Uppsala,Uppsala,2026,2025,7.724094709516048,4.318181818181818,294,57,189,1320,147.8689,1914.384864,high_coverage,provisional
03800268,Gottsunda norra,Uppsala,Uppsala,2026,2025,54.111020465269306,43.25032765399738,294,330,40,763,990.60708,1830.693769,high_coverage,provisional
03800269,Gottsunda-Stenhammarsparken,Uppsala,Uppsala,2026,2025,53.49914520943431,43.973509933774835,294,332,34,755,814.726245,1522.877126,high_coverage,provisional
03800270,Gottsunda Centrum,Uppsala,Uppsala,2026,2025,37.634591989550195,29.54822954822955,310,242,61,819,695.110097,1846.997829,high_coverage,provisional
03800271,Gottsunda mellersta,Uppsala,Uppsala,2026,2025,45.615634514642565,37.12230215827338,283,258,39,695,813.442056,1783.252748,high_coverage,provisional
03800272,Gottsunda östra,Uppsala,Uppsala,2026,2025,34.33708166212295,32.05128205128205,334,300,89,936,674.620652,1964.700025,high_coverage,provisional
03800274,Sunnersta östra,Uppsala,Uppsala,2026,2025,6.889233376723849,4.5584045584045585,228,48,156,1053,113.509422,1647.635024,high_coverage,provisional
03800275,Sunnersta norra,Uppsala,Uppsala,2026,2025,27.836735608027087,5.184174624829468,149,38,91,733,437.400149,1571.305469,high_coverage,provisional
03800276,Sunnersta mellersta,Uppsala,Uppsala,2026,2025,7.384080612157915,3.8948393378773125,219,40,102,1027,123.201537,1668.474973,high_coverage,provisional
03800277,Sunnersta södra,Uppsala,Uppsala,2026,2025,4.84482963880125,4.8025613660619,180,45,96,937,70.623133,1457.70106,high_coverage,provisional
03800301,Björklinge västra,Uppsala,Uppsala,2026,2025,4.712202064533035,4.101221640488657,287,47,55,1146,50.385555,1069.257097,high_coverage,provisional
03800302,Björklinge östra,Uppsala,Uppsala,2026,2025,2.0467932230157024,3.8147138964577656,309,42,58,1101,25.293454,1235.760101,high_coverage,provisional
03800305,Björklinge glesbygd-Viksta västra,Uppsala,Uppsala,2026,2025,3.3352483661455277,5.193578847969783,187,55,48,1059,88.288346,2647.129578,high_coverage,provisional
03800310,Tensta södra-Viksta östra,Uppsala,Uppsala,2026,2025,3.8213234083903185,4.278074866310161,195,40,72,935,55.595789,1454.883114,high_coverage,provisional
03800311,Skyttorp-Tensta norra-Lena norra,Uppsala,Uppsala,2026,2025,3.3092624238887227,6.135770234986945,204,47,47,766,55.682618,1682.629265,high_coverage,provisional
03800312,Vattholma tätort,Uppsala,Uppsala,2026,2025,2.0803443854404082,4.296455424274973,279,40,100,931,18.815749,904.453567,high_coverage,provisional
03800321,Storvreta-Lyckebo,Uppsala,Uppsala,2026,2025,10.518433395311844,8.456659619450317,282,80,97,946,120.467186,1145.295896,high_coverage,provisional
03800325,Storvretabygden-Fullerö hage,Uppsala,Uppsala,2026,2025,7.395911952887286,6.107954545454546,325,86,80,1408,294.991703,3988.57781,high_coverage,provisional
03800328,Storvreta norra,Uppsala,Uppsala,2026,2025,6.056241960207866,5.849802371541502,408,74,84,1265,111.407696,1839.551602,high_coverage,provisional
03800329,Storvreta mellersta,Uppsala,Uppsala,2026,2025,4.0433396678914235,3.8178164768921636,404,57,115,1493,75.768982,1873.920774,high_coverage,provisional
03800340,Börje-Vänge östra,Uppsala,Uppsala,2026,2025,10.317372383419617,4.848484848484849,221,48,91,990,232.204195,2250.613687,high_coverage,provisional
03800342,Lövstalöt,Uppsala,Uppsala,2026,2025,8.975385467071824,5.118483412322274,306,54,47,1055,166.389338,1853.84058,high_coverage,provisional
03800343,Jumkil-Åkerby,Uppsala,Uppsala,2026,2025,2.413344564224647,4.783092324805339,189,43,44,899,29.70658,1230.929907,high_coverage,provisional
03800344,Bälinge västra tätort,Uppsala,Uppsala,2026,2025,4.073840632882609,4.974619289340102,276,49,41,985,55.654299,1366.138345,high_coverage,provisional
03800348,Bälinge glesbygd och östra tätort,Uppsala,Uppsala,2026,2025,4.37208673428333,2.479338842975207,206,21,47,847,86.4226,1976.689971,high_coverage,provisional
03800349,Skuttunge-Åkerlänna,Uppsala,Uppsala,2026,2025,3.104290263347471,2.97951582867784,212,32,52,1074,60.435752,1946.846038,high_coverage,provisional
03800360,Lindbacken,Uppsala,Uppsala,2026,2025,12.489009622511283,8.579881656804734,374,116,77,1352,213.170356,1706.863574,high_coverage,provisional
03800361,Vaksala-Jälla-Skölsta,Uppsala,Uppsala,2026,2025,9.051296667737192,6.119287374128582,314,79,101,1291,344.903456,3810.541944,high_coverage,provisional
03800363,Gåvsta,Uppsala,Uppsala,2026,2025,3.755968298176945,1.925545571245186,196,15,26,779,40.560016,1079.881745,high_coverage,provisional
03800367,Rasbokil-Södra Rasbobygden,Uppsala,Uppsala,2026,2025,3.32601041315866,4.166666666666667,219,57,91,1368,72.028751,2165.620129,high_coverage,provisional
03800368,Stavby-Tuna,Uppsala,Uppsala,2026,2025,2.2483090665682224,4.330708661417323,243,55,49,1270,43.63314,1940.70916,high_coverage,provisional
03800381,Danmark-Kumla,Uppsala,Uppsala,2026,2025,14.923041908069953,4.199475065616798,147,32,46,762,401.097139,2687.77064,high_coverage,provisional
03800382,Gunsta tätort,Uppsala,Uppsala,2026,2025,8.702449213861952,6.871794871794871,234,67,61,975,97.532144,1120.743616,high_coverage,provisional
03800383,Funbo-Marielund,Uppsala,Uppsala,2026,2025,5.2103932868351635,5.0,207,51,110,1020,122.726581,2355.418761,high_coverage,provisional
03800384,Länna,Uppsala,Uppsala,2026,2025,3.257182404672918,5.345911949685535,140,34,60,636,30.671032,941.643058,high_coverage,provisional
03800385,Almunge,Uppsala,Uppsala,2026,2025,4.037375935320993,3.8669760247486464,285,50,85,1293,84.074589,2082.40675,high_coverage,provisional
03800389,Knutby-Faringe-Bladåker,Uppsala,Uppsala,2026,2025,2.597268340807071,4.015151515151516,253,53,59,1320,54.459747,2096.808641,high_coverage,provisional
03800401,Vreta Ytternäs-Bodarna-Uppsala Näs Ö,Uppsala,Uppsala,2026,2025,3.7608182287920897,4.156769596199525,131,35,103,842,52.305138,1390.79144,high_coverage,provisional
03800402,Dalby-Uppsala Näs västra-Västeråker,Uppsala,Uppsala,2026,2025,4.390050211401062,2.7777777777777777,198,28,135,1008,68.205068,1553.628426,high_coverage,provisional
03800403,Balingsta-Ramsta-Hagby,Uppsala,Uppsala,2026,2025,3.2070147516317995,5.927342256214149,241,62,88,1046,49.368409,1539.388273,high_coverage,provisional
03800404,Vänge tätort,Uppsala,Uppsala,2026,2025,7.274119365297792,6.495263870094723,230,48,59,739,36.196598,497.607974,high_coverage,provisional
03800408,Vänge västra-Skogstibble,Uppsala,Uppsala,2026,2025,4.951209774281339,4.1227229146692235,215,43,87,1043,115.486591,2332.492386,high_coverage,provisional
03800409,Järlåsa-Skyttstennäs,Uppsala,Uppsala,2026,2025,6.527773130824314,5.758157389635317,223,60,57,1042,109.710391,1680.671016,high_coverage,provisional
03810105,Kryddgården,Enköping,Uppsala,2026,2025,6.833286095810705,4.1540785498489425,373,55,51,1324,119.72548,1752.092307,high_coverage,provisional
03810106,Munksundet,Enköping,Uppsala,2026,2025,5.741766405185706,5.14993481095176,414,79,47,1534,117.749696,2050.75734,high_coverage,provisional
03810107,Västerleden S,Enköping,Uppsala,2026,2025,31.85985056287908,16.733067729083665,528,210,25,1255,805.48149,2528.202348,high_coverage,provisional
03810108,S:t Ilian S,Enköping,Uppsala,2026,2025,11.056993776655032,7.314897413024085,356,82,40,1121,175.518172,1587.395051,high_coverage,provisional
03810109,Bergvreten,Enköping,Uppsala,2026,2025,10.156355872815983,5.732484076433121,392,81,50,1413,217.360392,2140.14155,high_coverage,provisional
03810110,Korsängen,Enköping,Uppsala,2026,2025,14.991446366855776,6.5198237885462555,428,74,37,1135,404.366304,2697.313482,high_coverage,provisional
03810111,Gånsta,Enköping,Uppsala,2026,2025,4.312681931337762,3.0627871362940278,325,40,44,1306,76.542904,1774.833044,high_coverage,provisional
03810112,Fanna,Enköping,Uppsala,2026,2025,10.509747005890397,6.406149903907751,435,100,70,1561,246.581213,2346.214546,high_coverage,provisional
03810113,Åkersberg,Enköping,Uppsala,2026,2025,8.958270639634232,4.7225501770956315,210,40,35,847,112.293575,1253.518447,high_coverage,provisional
03810114,Bredsand,Enköping,Uppsala,2026,2025,3.7009885726850467,2.427564604541895,252,31,51,1277,64.78086,1750.366388,high_coverage,provisional
03810120,S:t Ilian N,Enköping,Uppsala,2026,2025,16.820762614093987,7.569444444444445,408,109,69,1440,382.866708,2276.155468,high_coverage,provisional
03810122,Enögla,Enköping,Uppsala,2026,2025,26.413891861573028,17.391304347826086,382,196,36,1127,584.069234,2211.219903,high_coverage,provisional
03810123,Västerleden N,Enköping,Uppsala,2026,2025,22.088028026650708,11.758118701007838,309,105,17,893,448.521728,2030.6101,high_coverage,provisional
03810124,Romberga,Enköping,Uppsala,2026,2025,33.95222746155331,16.70886075949367,502,198,32,1185,801.633502,2361.063064,high_coverage,provisional
03810127,Sparrsätra,Enköping,Uppsala,2026,2025,3.205079770098379,2.7370478983382207,184,28,44,1023,47.955741,1496.24173,high_coverage,provisional
03810225,Svinnegarn,Enköping,Uppsala,2026,2025,2.765072979765646,2.5742574257425743,212,26,45,1010,44.490815,1609.028598,high_coverage,provisional
03810526,Hummelsta,Enköping,Uppsala,2026,2025,4.3001134940183965,3.534136546184739,290,44,37,1245,85.575594,1990.077567,high_coverage,provisional
03810901,Lillkyrka,Enköping,Uppsala,2026,2025,2.654756416697796,2.31023102310231,298,35,74,1515,70.133534,2641.806742,high_coverage,provisional
03811703,Grillby,Enköping,Uppsala,2026,2025,4.067691278930912,3.961848862802641,264,54,39,1363,82.902698,2038.077433,high_coverage,provisional
03811804,Skolsta,Enköping,Uppsala,2026,2025,3.3550015151772197,2.5943396226415096,199,33,65,1272,69.301242,2065.609857,high_coverage,provisional
03812128,Örsundsbro Ö,Enköping,Uppsala,2026,2025,3.3012589871278837,4.245591116917048,360,65,86,1531,68.788064,2083.691836,high_coverage,provisional
03812629,Örsundsbro V,Enköping,Uppsala,2026,2025,2.8334181905187115,4.384724186704385,254,62,87,1414,69.215864,2442.839685,high_coverage,provisional
03813132,Fjärdhundra,Enköping,Uppsala,2026,2025,3.5785975155436596,3.586321934945788,256,43,27,1199,70.986809,1983.648865,high_coverage,provisional
03813331,Torstuna,Enköping,Uppsala,2026,2025,1.7222056525849743,3.5964912280701755,188,41,65,1140,29.158609,1693.096812,high_coverage,provisional
03820101,Östhammars centrum,Östhammar,Uppsala,2026,2025,4.204942470748385,3.9122137404580153,368,41,34,1048,67.259869,1599.543144,high_coverage,provisional
03820118,Kristinelund - Boda,Östhammar,Uppsala,2026,2025,8.506766790846141,6.4402810304449645,276,55,23,854,109.918744,1292.133036,high_coverage,provisional
03820208,Norrskedika - Valö - Forsmark,Östhammar,Uppsala,2026,2025,2.3981400727009214,2.176278563656148,207,20,31,919,31.334374,1306.611501,high_coverage,provisional
03820403,Öregrund norra - Gräsö,Östhammar,Uppsala,2026,2025,1.694344465744194,2.845927379784102,301,29,37,1019,22.000327,1298.456568,high_coverage,provisional
03820404,Öregrund södra - Söderön,Östhammar,Uppsala,2026,2025,1.8548972543972022,1.7120622568093384,366,22,63,1285,33.8403,1824.375982,high_coverage,provisional
03820405,Ed,Östhammar,Uppsala,2026,2025,4.782020936481595,3.1746031746031744,298,32,38,1008,79.959293,1672.081617,high_coverage,provisional
03820606,Hargshamn - Boda,Östhammar,Uppsala,2026,2025,4.9070908523218115,4.385964912280702,267,40,36,912,68.463363,1395.192489,high_coverage,provisional
03820910,Alunda tätort,Östhammar,Uppsala,2026,2025,3.5410702063890924,4.711055276381909,411,75,54,1592,64.970486,1834.769779,high_coverage,provisional
03820911,Alunda - Ekeby,Östhammar,Uppsala,2026,2025,2.292819369913153,2.716225875625447,268,38,50,1399,65.029128,2836.20807,high_coverage,provisional
03821113,Gimo Västra,Östhammar,Uppsala,2026,2025,14.737994738044494,8.976833976833976,354,93,28,1036,270.84126,1837.707672,high_coverage,provisional
03821114,Gimo - Hökhuvud - Vattensta,Östhammar,Uppsala,2026,2025,3.557205717010118,2.9880478087649402,335,30,21,1004,55.382856,1556.920246,high_coverage,provisional
03821315,Österbybruk - Morkarla,Östhammar,Uppsala,2026,2025,3.0040034369655624,3.3088235294117645,303,36,31,1088,49.332681,1642.231177,high_coverage,provisional
03821316,Österbybruk - Dannemora - Film,Östhammar,Uppsala,2026,2025,3.5970924018211687,4.587869362363919,374,59,36,1286,74.667322,2075.768806,high_coverage,provisional
04280101,Centrum,Vingåker,Södermanland,2026,2025,22.24223827606649,9.84009840098401,296,80,22,813,213.543384,960.080462,high_coverage,provisional
04280102,Norra,Vingåker,Södermanland,2026,2025,9.043560605241296,3.9592760180995477,301,35,11,884,94.073975,1040.231598,high_coverage,provisional
04280104,Södra,Vingåker,Södermanland,2026,2025,12.789389287240235,5.267778753292362,363,60,29,1139,222.568725,1740.260774,high_coverage,provisional
04280105,Högsjö,Vingåker,Södermanland,2026,2025,4.079334612222115,4.004004004004004,278,40,48,999,87.326575,2140.706348,high_coverage,provisional
04280106,Baggetorp-Marmorbyn,Vingåker,Södermanland,2026,2025,3.71544882264729,3.0878859857482186,260,26,25,842,48.943605,1317.299937,high_coverage,provisional
04280201,Österåker,Vingåker,Södermanland,2026,2025,3.021100016579256,2.2041763341067284,196,19,64,862,44.543728,1474.420832,high_coverage,provisional
04610101,Freja,Gnesta,Södermanland,2026,2025,7.060187910257618,7.788461538461538,273,81,134,1040,121.999707,1727.995183,high_coverage,provisional
04610102,Dansut,Gnesta,Södermanland,2026,2025,4.7692201886599515,5.983606557377049,274,73,104,1220,106.73337,2237.962723,high_coverage,provisional
04610103,Gnesta Centralt,Gnesta,Södermanland,2026,2025,11.959145413083489,9.49868073878628,411,108,102,1137,204.2664,1708.035089,high_coverage,provisional
04610104,Frönäs,Gnesta,Södermanland,2026,2025,4.065407471544004,5.813953488372093,338,75,121,1290,90.500391,2226.108739,high_coverage,provisional
04610305,Gåsinge-Dillnäs,Gnesta,Södermanland,2026,2025,1.7521903544185087,6.862745098039215,138,49,70,714,19.500041,1112.895123,high_coverage,provisional
04610406,Björnlunda,Gnesta,Södermanland,2026,2025,3.176895236950828,5.104408352668213,215,44,59,862,43.999999,1384.999999,high_coverage,provisional
04610506,Gryt,Gnesta,Södermanland,2026,2025,6.779660546538368,8.291873963515755,134,50,50,603,63.999998,944.000036,high_coverage,provisional
04800001,Centrum,Nyköping,Södermanland,2026,2025,10.02785255056065,10.0,339,106,53,1060,109.138301,1088.351673,high_coverage,provisional
04800002,Väster,Nyköping,Södermanland,2026,2025,6.753774652772843,6.824146981627297,246,52,37,762,27.451869,406.467056,high_coverage,provisional
04800003,Nicolai,Nyköping,Södermanland,2026,2025,7.483771650468762,7.055630936227951,233,52,48,737,75.867672,1013.762519,high_coverage,provisional
04800004,Stadsfjärden,Nyköping,Södermanland,2026,2025,11.76036324188616,5.200945626477542,379,66,87,1269,306.725076,2608.125869,high_coverage,provisional
04800005,Högbrunn,Nyköping,Södermanland,2026,2025,7.014385038510852,4.7368421052631575,108,18,21,380,26.846113,382.729389,high_coverage,provisional
04800006,Arnö Långsätter,Nyköping,Södermanland,2026,2025,8.470940155689238,6.637649619151252,318,61,52,919,120.572653,1423.368018,high_coverage,provisional
04800007,Arnö Herrhagen,Nyköping,Södermanland,2026,2025,15.585692191650416,14.335664335664335,478,164,46,1144,344.762883,2212.047298,high_coverage,provisional
04800008,Rosenhill,Nyköping,Södermanland,2026,2025,7.289818950573326,4.069767441860465,323,49,67,1204,128.63464,1764.579352,high_coverage,provisional
04800009,Oppeby,Nyköping,Södermanland,2026,2025,5.832958567872285,4.682926829268292,356,48,61,1025,118.734526,2035.579794,high_coverage,provisional
04800010,Oppeby gård,Nyköping,Södermanland,2026,2025,8.65372202991365,5.945121951219512,439,78,45,1312,199.016537,2299.779636,high_coverage,provisional
04800011,Alla Helgona,Nyköping,Södermanland,2026,2025,12.276472258166043,7.328605200945627,251,62,48,846,131.595056,1071.928916,high_coverage,provisional
04800012,Öster,Nyköping,Södermanland,2026,2025,8.484073043969333,7.766990291262136,427,104,91,1339,174.858733,2061.023427,high_coverage,provisional
04800013,Isaksdal,Nyköping,Södermanland,2026,2025,14.744265696292873,10.570626753975679,380,113,97,1069,238.38021,1616.765561,high_coverage,provisional
04800014,Östra Brandkärr,Nyköping,Södermanland,2026,2025,39.95003673744419,25.162689804772235,437,232,45,922,873.462188,2186.386445,high_coverage,provisional
04800015,Ekensberg,Nyköping,Södermanland,2026,2025,24.49578608470298,15.501519756838906,254,102,22,658,309.754889,1264.523163,high_coverage,provisional
04800016,Västra Brandkärr,Nyköping,Södermanland,2026,2025,40.50663024350565,13.861386138613861,478,140,62,1010,1028.119857,2538.152028,high_coverage,provisional
04800017,Östra Bergen,Nyköping,Södermanland,2026,2025,5.832987172651847,7.397737162750218,359,85,69,1149,94.424973,1618.809886,high_coverage,provisional
04800018,Stenkulla,Nyköping,Södermanland,2026,2025,19.944846405100602,10.888501742160278,411,125,42,1148,433.815276,2175.074539,high_coverage,provisional
04800019,Rosenkälla,Nyköping,Södermanland,2026,2025,11.247137215146232,6.795131845841785,387,67,66,986,213.797117,1900.90254,high_coverage,provisional
04800020,Brandholmen,Nyköping,Södermanland,2026,2025,7.312435722764039,3.3022254127781765,426,46,48,1393,140.142819,1916.499841,high_coverage,provisional
04800021,Bryngelstorp,Nyköping,Södermanland,2026,2025,3.7583500985231124,3.22265625,320,33,64,1024,33.588468,893.702479,high_coverage,provisional
04800022,Ängstugan,Nyköping,Södermanland,2026,2025,5.253593565922483,4.9523809523809526,431,52,47,1050,90.588734,1724.319418,high_coverage,provisional
04800023,Helgona,Nyköping,Södermanland,2026,2025,4.825686501536119,3.269447576099211,231,29,46,887,85.080991,1763.085749,high_coverage,provisional
04800024,Hagalund,Nyköping,Södermanland,2026,2025,4.813764563673284,5.334846765039727,310,47,35,881,57.296871,1190.271569,high_coverage,provisional
04800025,Svärta,Nyköping,Södermanland,2026,2025,2.7475370874646363,5.014464802314368,248,52,55,1037,53.759112,1956.629166,high_coverage,provisional
04800026,Tystberga,Nyköping,Södermanland,2026,2025,3.8888822980997846,5.4985337243401755,321,75,86,1364,84.157243,2164.047059,high_coverage,provisional
04800027,Koppartorp,Nyköping,Södermanland,2026,2025,1.410258009854107,2.6,154,13,41,500,8.762075,621.310068,high_coverage,provisional
04800028,Nävekvarn,Nyköping,Södermanland,2026,2025,2.710780638345743,6.392045454545454,211,45,57,704,28.237942,1041.690412,high_coverage,provisional
04800029,Bergshammar,Nyköping,Södermanland,2026,2025,5.393078406777045,4.153686396677051,252,40,46,963,82.761005,1534.57819,high_coverage,provisional
04800030,Tuna,Nyköping,Södermanland,2026,2025,4.220715496931065,4.681647940074907,325,50,58,1068,72.078805,1707.739009,high_coverage,provisional
04800031,Lunda,Nyköping,Södermanland,2026,2025,1.4718616271059277,1.7879948914431674,178,14,37,783,17.000003,1155.000082,high_coverage,provisional
04800032,Kila,Nyköping,Södermanland,2026,2025,2.782070912952174,4.535147392290249,189,40,39,882,35.999996,1293.999942,high_coverage,provisional
04800033,Stigtomta Centrum,Nyköping,Södermanland,2026,2025,1.7667844183303483,2.8058361391694726,277,25,43,891,14.336439,811.442463,high_coverage,provisional
04800034,Stigtomta Ytterområde,Nyköping,Södermanland,2026,2025,1.4130795281312467,3.3300685602350635,246,34,63,1021,29.774348,2107.053949,high_coverage,provisional
04800035,Vrena,Nyköping,Södermanland,2026,2025,3.3645885427034337,4.269081500646831,183,33,27,773,36.294465,1078.719271,high_coverage,provisional
04800036,Råby-Ripsa,Nyköping,Södermanland,2026,2025,3.364582577196761,3.549060542797495,114,17,23,479,24.705581,734.283687,high_coverage,provisional
04800037,Runtuna,Nyköping,Södermanland,2026,2025,2.3174157529243127,3.4943473792394655,203,34,73,973,32.998666,1423.942422,high_coverage,provisional
04800038,Folkungavägen,Nyköping,Södermanland,2026,2025,12.276545456579159,7.962529274004684,111,34,38,427,42.124108,343.126722,high_coverage,provisional
04800039,Bränn-Ekeby,Nyköping,Södermanland,2026,2025,6.949078382267526,5.006954102920723,204,36,36,719,82.344772,1184.973999,high_coverage,provisional
04810101,Norra innerstaden,Oxelösund,Södermanland,2026,2025,24.32937558523186,8.251231527093596,365,67,20,812,389.999714,1602.999274,high_coverage,provisional
04810102,Södra innerstaden,Oxelösund,Södermanland,2026,2025,19.855795652504057,12.793733681462141,461,147,33,1149,489.495515,2465.252582,high_coverage,provisional
04810103,Dalgången,Oxelösund,Södermanland,2026,2025,4.91214443851453,3.755522827687776,469,51,81,1358,74.498346,1516.615542,high_coverage,provisional
04810104,Frösäng,Oxelösund,Södermanland,2026,2025,17.35534136695567,10.872313527180784,337,86,17,791,230.999104,1330.997179,high_coverage,provisional
04810105,Sunda,Oxelösund,Södermanland,2026,2025,3.8706070214515234,4.3478260869565215,423,50,41,1150,67.000201,1730.999831,high_coverage,provisional
04810106,Peterslund,Oxelösund,Södermanland,2026,2025,5.7979653736070595,5.053449951409135,387,52,39,1029,96.999734,1672.99609,high_coverage,provisional
04810107,Danvik,Oxelösund,Södermanland,2026,2025,2.551872726034646,3.9752650176678443,320,45,52,1132,42.007387,1646.139581,high_coverage,provisional
04820101,Flens västra,Flen,Södermanland,2026,2025,16.140538495343606,8.75912408759124,251,60,31,685,213.688556,1323.924577,high_coverage,provisional
04820102,Flens norra,Flen,Södermanland,2026,2025,7.622900064085074,5.208333333333333,296,45,25,864,93.246926,1223.247389,high_coverage,provisional
04820103,Flens östra,Flen,Södermanland,2026,2025,13.302530890416731,6.976744186046512,215,48,25,688,137.229484,1031.604325,high_coverage,provisional
04820104,Flens södra,Flen,Södermanland,2026,2025,39.79932955488024,27.194244604316548,286,189,61,695,571.175974,1435.139688,high_coverage,provisional
04820105,Flens centrum,Flen,Södermanland,2026,2025,26.231721729751804,18.52367688022284,291,133,29,718,373.991919,1425.723873,high_coverage,provisional
04820209,Helgesta-Hyltinge,Flen,Södermanland,2026,2025,1.8147615705111084,4.965243296921549,291,50,41,1007,26.759283,1474.534365,high_coverage,provisional
04820507,Malmköping västra,Flen,Södermanland,2026,2025,8.955185954497795,8.372641509433961,199,71,44,848,144.020316,1608.233673,high_coverage,provisional
04820508,Malmköping östra,Flen,Södermanland,2026,2025,8.261232441651064,5.084745762711864,303,54,69,1062,109.267331,1322.651696,high_coverage,provisional
04820705,Mellösa,Flen,Södermanland,2026,2025,3.0790077075762414,4.447115384615385,186,37,60,832,40.506038,1315.55494,high_coverage,provisional
04820706,Hälleforsnäs,Flen,Södermanland,2026,2025,10.035616635392541,6.836616454229432,283,59,44,863,146.969767,1464.481679,high_coverage,provisional
04820810,Bettna,Flen,Södermanland,2026,2025,2.189817325714527,3.510531594784353,180,35,61,997,32.144412,1467.903812,high_coverage,provisional
04830001,Gamla vattentornet,Katrineholm,Södermanland,2026,2025,24.080674635570904,13.961407491486947,355,123,31,881,302.443894,1255.96105,high_coverage,provisional
04830002,Norr city,Katrineholm,Södermanland,2026,2025,24.66425347083026,16.629213483146067,365,148,33,890,442.13023,1792.595225,high_coverage,provisional
04830003,Lövåsen,Katrineholm,Södermanland,2026,2025,17.46887238550718,5.052878965922444,319,43,40,851,289.199563,1655.513628,high_coverage,provisional
04830004,Lokstallarna,Katrineholm,Södermanland,2026,2025,23.61130331312251,10.344827586206897,491,138,40,1334,481.09165,2037.548049,high_coverage,provisional
04830005,Öster,Katrineholm,Södermanland,2026,2025,12.321623463101927,4.662491301322199,569,67,59,1437,330.155695,2679.482099,high_coverage,provisional
04830006,Centrum,Katrineholm,Södermanland,2026,2025,21.352680551699375,9.503424657534246,543,111,35,1168,381.181701,1785.170251,high_coverage,provisional
04830007,Oppunda,Katrineholm,Södermanland,2026,2025,12.52068433510029,6.178707224334601,426,65,46,1052,195.738379,1563.320133,high_coverage,provisional
04830008,Skogsborg,Katrineholm,Södermanland,2026,2025,8.540359275135962,5.239786856127886,418,59,41,1126,130.569261,1528.849745,high_coverage,provisional
04830009,Duveholm,Katrineholm,Södermanland,2026,2025,7.569204782607659,3.451043338683788,415,43,47,1246,154.470291,2040.773046,high_coverage,provisional
04830010,Laggarhult,Katrineholm,Södermanland,2026,2025,6.415027749156637,3.4389750505731627,525,51,49,1483,133.175689,2075.995525,high_coverage,provisional
04830011,Nyhem,Katrineholm,Södermanland,2026,2025,25.978846345265183,14.70878578479763,492,149,45,1013,706.149408,2718.170771,high_coverage,provisional
04830012,Nävertorp,Katrineholm,Södermanland,2026,2025,23.958669838575307,11.391223155929039,447,122,40,1071,428.018707,1786.487772,high_coverage,provisional
04830013,Värmbol,Katrineholm,Södermanland,2026,2025,8.874171333574413,5.286343612334802,461,72,61,1362,178.600697,2012.590137,high_coverage,provisional
04830014,Bie,Katrineholm,Södermanland,2026,2025,2.620135335766569,4.21455938697318,173,33,45,783,32.043821,1222.98343,high_coverage,provisional
04830015,Julita,Katrineholm,Södermanland,2026,2025,0.7402033396811057,4.795321637426901,237,41,28,855,8.999775,1215.851715,high_coverage,provisional
04830016,Sköldinge-Floda,Katrineholm,Södermanland,2026,2025,3.41756801095451,5.074626865671642,252,51,59,1005,50.631214,1481.498359,high_coverage,provisional
04830017,Valla,Katrineholm,Södermanland,2026,2025,6.255286005355486,4.750402576489533,349,59,46,1242,123.477132,1973.96461,high_coverage,provisional
04830018,Forssjö,Katrineholm,Södermanland,2026,2025,2.3275254959527025,3.2315978456014363,286,36,37,1114,39.921573,1715.1938,high_coverage,provisional
04830019,Björkvik,Katrineholm,Södermanland,2026,2025,0.7607843778677419,2.8776978417266186,233,28,48,973,11.001327,1446.050592,high_coverage,provisional
04840101,Eskilstuna Centrum Norra,Eskilstuna,Södermanland,2026,2025,24.57557611605683,12.371134020618557,355,144,39,1164,376.161804,1530.632699,high_coverage,provisional
04840102,Nyfors Centrum Västra,Eskilstuna,Södermanland,2026,2025,40.623227365579474,19.1129883843717,385,181,46,947,310.524981,764.402538,high_coverage,provisional
04840103,Nyfors Centrum Östra,Eskilstuna,Södermanland,2026,2025,46.135811890858854,22.451790633608816,333,163,28,726,808.643066,1752.744848,high_coverage,provisional
04840104,Nyfors Östra,Eskilstuna,Södermanland,2026,2025,27.9129638181698,12.937743190661479,341,133,40,1028,498.79409,1786.96212,high_coverage,provisional
04840106,Övre Nyfors,Eskilstuna,Södermanland,2026,2025,32.62114102255464,12.186689714779602,460,141,65,1157,853.488146,2616.365091,high_coverage,provisional
04840107,Västermalm - Brunnsbacken,Eskilstuna,Södermanland,2026,2025,47.27795715975439,20.397350993377483,333,154,41,755,870.557782,1841.360825,high_coverage,provisional
04840108,Västermalm - Myrtorp,Eskilstuna,Södermanland,2026,2025,26.354837885789546,11.895424836601308,293,91,35,765,402.279667,1526.397805,high_coverage,provisional
04840109,Fröslunda-Tallåsparken,Eskilstuna,Södermanland,2026,2025,50.92450856642338,25.821596244131456,376,220,94,852,1018.967721,2000.93776,high_coverage,provisional
04840110,Fröslunda-Björkhultsvägen,Eskilstuna,Södermanland,2026,2025,56.04907197582911,24.29530201342282,344,181,112,745,1000.541075,1785.11622,high_coverage,provisional
04840111,Råbergstorp - Lagersberg,Eskilstuna,Södermanland,2026,2025,59.0494007324537,25.40045766590389,395,222,58,874,1535.827135,2600.919088,high_coverage,provisional
04840112,Tunavallen,Eskilstuna,Södermanland,2026,2025,15.208422730210186,7.112526539278131,319,67,53,942,215.936171,1419.845929,high_coverage,provisional
04840113,Lundby - Gredby,Eskilstuna,Södermanland,2026,2025,16.478416491702397,5.645161290322581,408,63,42,1116,319.020738,1935.991472,high_coverage,provisional
04840114,Ekeby - Brottsta,Eskilstuna,Södermanland,2026,2025,10.94848257387364,4.765751211631664,400,59,54,1238,216.495098,1977.398206,high_coverage,provisional
04840115,Stenby,Eskilstuna,Södermanland,2026,2025,29.019214684375967,10.882956878850102,380,106,35,974,523.522572,1804.054926,high_coverage,provisional
04840116,Mesta,Eskilstuna,Södermanland,2026,2025,15.037961438906853,6.228668941979522,439,73,35,1172,275.061718,1829.115729,high_coverage,provisional
04840117,Gamla Staden,Eskilstuna,Södermanland,2026,2025,11.268536878508788,7.6923076923076925,382,89,55,1157,180.357095,1600.536937,high_coverage,provisional
04840118,Slottsbacken,Eskilstuna,Södermanland,2026,2025,17.42684176574496,8.76993166287016,265,77,34,878,283.276559,1625.518627,high_coverage,provisional
04840119,Stadsparken Östra,Eskilstuna,Södermanland,2026,2025,20.255383708066113,18.055555555555557,276,143,23,792,304.501334,1503.310618,high_coverage,provisional
04840120,Ekbacken,Eskilstuna,Södermanland,2026,2025,18.474019081102064,8.897126969416126,303,96,28,1079,438.594026,2374.112661,high_coverage,provisional
04840121,Eskilshem - Röksta,Eskilstuna,Södermanland,2026,2025,25.326342384715854,11.288604898828542,361,106,34,939,376.234137,1485.5447,high_coverage,provisional
04840122,Årby,Eskilstuna,Södermanland,2026,2025,46.719678428882645,29.10360884749709,386,250,24,859,1083.808159,2319.810828,high_coverage,provisional
04840124,Munktellstaden - Valhalla,Eskilstuna,Södermanland,2026,2025,14.000945590641203,9.0311986863711,353,110,45,1218,283.758267,2026.707876,high_coverage,provisional
04840125,Ärna,Eskilstuna,Södermanland,2026,2025,14.178082015099948,6.218274111675127,259,49,28,788,186.381532,1314.575073,high_coverage,provisional
04840126,Måsta - Helgestahill,Eskilstuna,Södermanland,2026,2025,13.637900687442949,6.1200923787528865,278,53,22,866,216.155196,1584.959452,high_coverage,provisional
04840127,Slagsta,Eskilstuna,Södermanland,2026,2025,14.071640476657707,6.984667802385008,400,82,36,1174,173.696943,1234.37593,high_coverage,provisional
04840128,Ärsta - Sal - Skiftinge Norra,Eskilstuna,Södermanland,2026,2025,35.458448226045086,12.705272255834053,459,147,24,1157,951.542734,2683.543081,high_coverage,provisional
04840129,Skiftinge Södra,Eskilstuna,Södermanland,2026,2025,32.3504922164376,18.282828282828284,433,181,28,990,622.116653,1923.051584,high_coverage,provisional
04840130,Östermalm,Eskilstuna,Södermanland,2026,2025,18.56703476552716,9.873417721518987,404,117,52,1185,501.011774,2698.394118,high_coverage,provisional
04840131,Hisingsbacke,Eskilstuna,Södermanland,2026,2025,16.165723432798288,9.140767824497258,287,100,50,1094,322.715462,1996.294588,high_coverage,provisional
04840132,Sveaplan - Sjukhusområdet,Eskilstuna,Södermanland,2026,2025,15.24712087807514,10.180275715800637,267,96,33,943,170.425248,1117.753636,high_coverage,provisional
04840134,Eskilsparken,Eskilstuna,Södermanland,2026,2025,9.004575632403197,7.32484076433121,332,92,71,1256,168.933211,1876.081871,high_coverage,provisional
04840135,Söderängsparken,Eskilstuna,Södermanland,2026,2025,14.438771114222224,7.984790874524715,247,63,28,789,208.248112,1442.284183,high_coverage,provisional
04840136,Lustigbacke,Eskilstuna,Södermanland,2026,2025,15.077156695923698,8.248587570621469,321,73,39,885,211.087054,1400.045501,high_coverage,provisional
04840137,Snopptorp - Skogsängen Västra,Eskilstuna,Södermanland,2026,2025,16.51005346338575,7.658833768494343,369,88,79,1149,299.229752,1812.409346,high_coverage,provisional
04840138,Viptorp - Skogsängen Östra,Eskilstuna,Södermanland,2026,2025,30.498556306574336,17.696969696969695,344,146,45,825,592.921506,1944.09696,high_coverage,provisional
04840139,Odlaren - Hagnestahill,Eskilstuna,Södermanland,2026,2025,8.118640484420613,4.726027397260274,405,69,54,1460,181.308812,2233.24105,high_coverage,provisional
04840140,Solvik - Kogne - Roxnäs,Eskilstuna,Södermanland,2026,2025,6.530574998803104,3.433922996878252,272,33,44,961,131.08393,2007.234126,high_coverage,provisional
04840141,Krusgården,Eskilstuna,Södermanland,2026,2025,16.800393552411617,12.223858615611192,237,83,17,679,229.970557,1368.840297,high_coverage,provisional
04840142,Göksten,Eskilstuna,Södermanland,2026,2025,12.700978939084827,5.490196078431373,380,56,33,1020,218.404172,1719.585341,high_coverage,provisional
04840143,Torshälla Centrum och Gamla staden,Eskilstuna,Södermanland,2026,2025,5.736983920867357,8.88030888030888,300,92,50,1036,85.046187,1482.419825,high_coverage,provisional
04840144,Edvardslund - Haga,Eskilstuna,Södermanland,2026,2025,7.3122145084260755,3.8392857142857144,393,43,31,1120,134.05332,1833.279369,high_coverage,provisional
04840145,Kjula,Eskilstuna,Södermanland,2026,2025,2.9470973906327016,3.5480859010270773,232,38,31,1071,45.220214,1534.398359,high_coverage,provisional
04840146,Barva - Jäder,Eskilstuna,Södermanland,2026,2025,1.9383524895474444,3.781094527363184,160,38,28,1005,28.723037,1481.827333,high_coverage,provisional
04840147,Hammarby - Vallby,Eskilstuna,Södermanland,2026,2025,6.161197094375729,3.251231527093596,192,33,33,1015,103.866839,1685.822372,high_coverage,provisional
04840148,Hällbybrunn Södra - Råby-Rekarne,Eskilstuna,Södermanland,2026,2025,8.218504380611899,3.203125,381,41,32,1280,166.721775,2028.614542,high_coverage,provisional
04840149,Hällbybrunn Norra,Eskilstuna,Södermanland,2026,2025,9.126289224014286,5.0395256916996045,331,51,34,1012,148.106679,1622.857608,high_coverage,provisional
04840150,Kvicksund,Eskilstuna,Södermanland,2026,2025,3.132561172285549,1.7355371900826446,220,21,47,1210,57.692709,1841.710531,high_coverage,provisional
04840151,Gillberga - Lista,Eskilstuna,Södermanland,2026,2025,2.8155934701314216,3.094606542882405,229,35,44,1131,46.745822,1660.247564,high_coverage,provisional
04840152,Öja - Västermo,Eskilstuna,Södermanland,2026,2025,2.3331171188092927,3.125,206,31,31,992,35.999996,1542.999951,high_coverage,provisional
04840153,Näshulta,Eskilstuna,Södermanland,2026,2025,1.9888127830959748,3.6984352773826457,154,26,36,703,18.953845,953.023088,high_coverage,provisional
04840154,Skogstorp Norra,Eskilstuna,Södermanland,2026,2025,5.275007002444283,5.95903165735568,316,64,44,1074,88.089363,1669.938314,high_coverage,provisional
04840155,Skogstorp Södra,Eskilstuna,Södermanland,2026,2025,7.515169781795408,4.6660567246111615,332,51,51,1093,129.323417,1720.831608,high_coverage,provisional
04840156,Hållsta,Eskilstuna,Södermanland,2026,2025,5.607887825840859,5.194805194805195,272,52,35,1001,88.07078,1570.480415,high_coverage,provisional
04840157,Hällberga,Eskilstuna,Södermanland,2026,2025,4.589554839304771,3.7484885126964933,181,31,23,827,66.219025,1442.820215,high_coverage,provisional
04840158,Ärla,Eskilstuna,Södermanland,2026,2025,2.8079699742165873,3.563791874554526,349,50,47,1403,61.999721,2207.990882,high_coverage,provisional
04840159,Borsökna Västra,Eskilstuna,Södermanland,2026,2025,8.60313122564077,3.545232273838631,231,29,36,818,144.129073,1675.30948,high_coverage,provisional
04840160,Eskilstuna Centrum Södra och Väster,Eskilstuna,Södermanland,2026,2025,32.108707285714424,11.883802816901408,398,135,47,1136,1048.705425,3266.109145,high_coverage,provisional
04840161,Sundbyholm,Eskilstuna,Södermanland,2026,2025,2.628719469761909,2.418379685610641,214,20,37,827,33.909346,1289.956817,high_coverage,provisional
04840162,Mälarbaden - Mälby - Ängsholmen,Eskilstuna,Södermanland,2026,2025,5.72754725097071,0.9927797833935018,188,11,34,1108,92.343326,1612.266507,high_coverage,provisional
04840164,Borsökna Östra,Eskilstuna,Södermanland,2026,2025,8.707767177108984,3.851091142490372,222,30,29,779,72.364309,831.031739,high_coverage,provisional
04840165,Stadsparken Västra,Eskilstuna,Södermanland,2026,2025,18.236764931322984,10.918114143920596,409,132,56,1209,247.957554,1359.657565,high_coverage,provisional
04860101,Eldsund-Tingstuhöjden,Strängnäs,Södermanland,2026,2025,17.903259303967722,13.043478260869565,234,111,29,851,223.85561,1250.362329,high_coverage,provisional
04860102,Ulvhäll-Långberget,Strängnäs,Södermanland,2026,2025,9.179485746942733,6.224066390041494,425,90,58,1446,232.685987,2534.84774,high_coverage,provisional
04860103,Tallåsen-Sörgärdet,Strängnäs,Södermanland,2026,2025,6.8145604347872215,4.709418837675351,289,47,58,998,115.13495,1689.543311,high_coverage,provisional
04860104,Kyrkberget-Kvarnbacken,Strängnäs,Södermanland,2026,2025,5.597023460363715,4.317180616740088,245,49,68,1135,90.807547,1622.425699,high_coverage,provisional
04860105,Stadsskogen,Strängnäs,Södermanland,2026,2025,23.986059984467065,13.104325699745548,259,103,30,786,454.797628,1896.091431,high_coverage,provisional
04860106,Finninge,Strängnäs,Södermanland,2026,2025,10.366216380568433,5.510653930933137,448,75,67,1361,236.717039,2283.543294,high_coverage,provisional
04860107,Dammen-Malmby-Löt,Strängnäs,Södermanland,2026,2025,9.171392726920972,8.668076109936575,247,82,28,946,190.554197,2077.701857,high_coverage,provisional
04860108,Strängnäs centrum,Strängnäs,Södermanland,2026,2025,7.701042526380311,5.19774011299435,276,46,39,885,88.179714,1145.036061,high_coverage,provisional
04860109,Stavlund -Södra Tosterö,Strängnäs,Södermanland,2026,2025,9.732915153176254,4.375804375804376,179,34,40,777,148.482022,1525.56577,high_coverage,provisional
04860110,Norra Tosterö - Aspö,Strängnäs,Södermanland,2026,2025,3.6838488970247028,2.5191675794085433,176,23,69,913,66.632139,1808.764172,high_coverage,provisional
04860111,Storgärdet-Sidöparken,Strängnäs,Södermanland,2026,2025,16.004360599679405,4.531085353003161,248,43,57,949,267.461858,1671.181153,high_coverage,provisional
04860112,Abborrberget - Sundby,Strängnäs,Södermanland,2026,2025,5.638728452279036,5.686695278969957,232,53,55,932,68.585858,1216.335537,high_coverage,provisional
04860401,Mariefred C,Strängnäs,Södermanland,2026,2025,3.030203175687987,3.909090909090909,266,43,60,1100,59.392934,1960.031409,high_coverage,provisional
04860402,Öster-Ekhov-Kalkudden,Strängnäs,Södermanland,2026,2025,4.912608190938142,3.902439024390244,238,40,46,1025,79.405687,1616.365155,high_coverage,provisional
04860403,Slottsbrinken-Viggeby,Strängnäs,Södermanland,2026,2025,2.70981178391083,3.1044214487300095,212,33,76,1063,39.843492,1470.341676,high_coverage,provisional
04860404,Marielund-Hedlandet,Strängnäs,Södermanland,2026,2025,4.3417427618781925,3.193916349809886,248,42,104,1315,99.766309,2297.840164,high_coverage,provisional
04860501,Länna,Strängnäs,Södermanland,2026,2025,3.1814632620967687,2.070393374741201,99,10,17,483,25.02304,786.526134,high_coverage,provisional
04860601,Åker S,Strängnäs,Södermanland,2026,2025,10.204452322897257,4.73186119873817,259,45,35,951,165.365546,1620.523481,high_coverage,provisional
04860602,Åker N,Strängnäs,Södermanland,2026,2025,6.693485337945212,4.1191936897458366,275,47,37,1141,149.24716,2229.73761,high_coverage,provisional
04860701,Toresund,Strängnäs,Södermanland,2026,2025,3.335621689888401,3.4580098800282286,295,49,72,1417,76.513672,2293.835426,high_coverage,provisional
04860801,Ytterselö-Överselö,Strängnäs,Södermanland,2026,2025,3.0849706074683043,5.516637478108581,230,63,84,1142,55.135631,1787.233592,high_coverage,provisional
04861301,Härad,Strängnäs,Södermanland,2026,2025,3.7780937308972056,4.571428571428571,159,32,26,700,43.803346,1159.403369,high_coverage,provisional
04861401,Vårfruberga,Strängnäs,Södermanland,2026,2025,2.5968864310347675,3.426791277258567,180,33,55,963,37.621024,1448.697315,high_coverage,provisional
04880101,Trosa sydost,Trosa,Södermanland,2026,2025,6.426269956690004,3.676470588235294,259,40,75,1088,130.490136,2030.573519,high_coverage,provisional
04880102,Trosa sydväst,Trosa,Södermanland,2026,2025,2.2682214111782133,3.7344398340248963,163,27,55,723,22.653085,998.715773,high_coverage,provisional
04880103,Trosa södra,Trosa,Södermanland,2026,2025,3.4035634256175853,1.8386108273748722,199,18,47,979,57.109078,1677.920193,high_coverage,provisional
04880104,Trosa centrum,Trosa,Södermanland,2026,2025,3.3759363641291644,3.6601307189542482,187,28,43,765,25.86315,766.103007,high_coverage,provisional
04880105,Trosa nordväst,Trosa,Södermanland,2026,2025,2.1715408070496958,2.4618991793669402,221,21,63,853,28.890602,1330.419484,high_coverage,provisional
04880106,Trosa norra,Trosa,Södermanland,2026,2025,4.756730701105522,4.108463434675431,284,50,42,1217,79.471019,1670.70671,high_coverage,provisional
04880201,Vagnhärad norra,Trosa,Södermanland,2026,2025,6.42746447347902,5.509641873278237,181,40,34,726,94.98426,1477.787398,high_coverage,provisional
04880202,Vagnhärad södra,Trosa,Södermanland,2026,2025,3.7468453784374502,3.239289446185998,251,31,42,957,61.110748,1630.99199,high_coverage,provisional
04880203,Vagnhärad västra,Trosa,Södermanland,2026,2025,10.93300019382757,7.6923076923076925,197,56,35,728,138.981084,1271.207185,high_coverage,provisional
04880204,Vagnhärad östra,Trosa,Södermanland,2026,2025,8.538229178540742,5.1317614424410545,226,37,33,721,82.478223,965.987458,high_coverage,provisional
04880301,Västerljung,Trosa,Södermanland,2026,2025,2.304601029185563,4.881450488145049,149,35,48,717,24.977662,1083.817185,high_coverage,provisional
05090401,Alvastra,Ödeshög,Östergötland,2026,2025,3.4550223544340506,3.3482142857142856,177,30,54,896,59.154865,1712.14131,high_coverage,provisional
05090501,Ödeshög,Ödeshög,Östergötland,2026,2025,7.667174876860566,3.8856304985337244,438,53,35,1364,160.573803,2094.302081,high_coverage,provisional
05090601,Holaveden,Ödeshög,Östergötland,2026,2025,1.857211782846887,2.193548387096774,124,17,51,775,26.268149,1414.386299,high_coverage,provisional
05120501,Österbymo-Norra Vi-Rydsnäs-Svinhult,Ydre,Östergötland,2026,2025,4.946081421849161,3.9552880481513326,249,46,59,1163,104.034549,2103.373158,high_coverage,provisional
05120601,Hestra-Asby,Ydre,Östergötland,2026,2025,1.4445174358369757,2.583423035522067,215,24,42,929,21.965851,1520.63592,high_coverage,provisional
05130201,Kisa samhälle,Kinda,Östergötland,2026,2025,5.891364476782085,4.012345679012346,305,39,29,972,92.025568,1562.041669,high_coverage,provisional
05130202,Kisa västra,Kinda,Östergötland,2026,2025,10.182765209093928,4.74090407938258,257,43,28,907,159.911279,1570.411138,high_coverage,provisional
05130203,Kisa sydöstra,Kinda,Östergötland,2026,2025,11.515940150394025,6.139438085327783,259,59,37,961,194.072342,1685.249658,high_coverage,provisional
05130401,Horn-Hycklinge-Björkfors,Kinda,Östergötland,2026,2025,1.2168933215618538,3.7735849056603774,179,36,41,954,17.000003,1397.000271,high_coverage,provisional
05130901,Rimforsa S,Kinda,Östergötland,2026,2025,1.3411077214893738,3.4111310592459607,289,38,84,1114,25.484853,1900.283817,high_coverage,provisional
05130902,Rimforsa N,Kinda,Östergötland,2026,2025,2.0210783207105583,3.6750483558994196,268,38,100,1034,36.515148,1806.716129,high_coverage,provisional
05600201,Boxholm Östra-Malexander-Blåvik,Boxholm,Östergötland,2026,2025,5.076916611962629,5.394190871369295,403,65,37,1205,99.560004,1961.032879,high_coverage,provisional
05600202,Boxholm Västra m fl,Boxholm,Östergötland,2026,2025,6.811730418465786,7.199367088607595,413,91,29,1264,147.888641,2171.087696,high_coverage,provisional
05600401,Strålsnäs-Åsbo-Ekeby-Rinna,Boxholm,Östergötland,2026,2025,1.4076726450116281,2.981651376146789,176,26,53,872,18.551106,1317.856539,high_coverage,provisional
05610301,Åtvidabergs centrum 1,Åtvidaberg,Östergötland,2026,2025,4.880317300164868,5.442176870748299,457,72,44,1323,95.522547,1957.301977,high_coverage,provisional
05610302,Åtvidabergs centrum 2,Åtvidaberg,Östergötland,2026,2025,3.867043816268612,3.604193971166448,529,55,46,1526,92.20613,2384.408721,high_coverage,provisional
05610303,Åtvidaberg syd,Åtvidaberg,Östergötland,2026,2025,3.4813180375802313,2.8928850664581702,371,37,40,1279,86.539401,2485.8229,high_coverage,provisional
05610304,Åtvidaberg öst,Åtvidaberg,Östergötland,2026,2025,8.517304684112814,5.41740674955595,389,61,40,1126,191.085387,2243.495966,high_coverage,provisional
05610305,Åtvidaberg nord,Åtvidaberg,Östergötland,2026,2025,0.976277922822153,2.2501654533421576,386,34,66,1511,23.642596,2421.707533,high_coverage,provisional
05620101,Centrum,Finspång,Östergötland,2026,2025,8.870122291383067,6.217616580310881,281,48,32,772,116.230341,1310.357819,high_coverage,provisional
05620102,Bergska,Finspång,Östergötland,2026,2025,6.472696053855433,6.614785992217898,266,51,42,771,56.562046,873.856049,high_coverage,provisional
05620103,Svälthagen,Finspång,Östergötland,2026,2025,7.636834857710269,5.8441558441558445,269,45,34,770,102.586369,1343.310035,high_coverage,provisional
05620105,Viggestorp,Finspång,Östergötland,2026,2025,3.055005271114734,2.9322548028311424,304,29,32,989,44.833965,1467.557697,high_coverage,provisional
05620106,Östermalm,Finspång,Östergötland,2026,2025,11.048626538898416,6.355511420059583,374,64,37,1007,194.964224,1764.601449,high_coverage,provisional
05620108,Storängen,Finspång,Östergötland,2026,2025,17.89068311633018,8.088235294117647,345,77,27,952,223.232554,1247.758694,high_coverage,provisional
05620109,Grosvad,Finspång,Östergötland,2026,2025,12.368251480130064,11.088504577822992,364,109,29,983,212.139699,1715.19555,high_coverage,provisional
05620110,Lotorp,Finspång,Östergötland,2026,2025,4.717621505404995,2.803738317757009,181,21,43,749,50.049706,1060.909739,high_coverage,provisional
05620111,Hårstorp Södra,Finspång,Östergötland,2026,2025,15.637804936093035,9.69441517386723,322,92,32,949,329.257313,2105.521295,high_coverage,provisional
05620112,Hårstorp Norra,Finspång,Östergötland,2026,2025,12.058925023172135,8.771929824561404,354,95,41,1083,209.223505,1735.009585,high_coverage,provisional
05620113,Nyhem,Finspång,Östergötland,2026,2025,19.24621850803867,9.113607990012484,306,73,21,801,286.593433,1489.089573,high_coverage,provisional
05620205,Grytgöl-Ljusfallshammar,Finspång,Östergötland,2026,2025,1.6597509960227967,3.8940809968847354,185,25,23,642,16.0,964.000024,high_coverage,provisional
05620206,Hällestad-Sonstorp,Finspång,Östergötland,2026,2025,1.3331009598352097,3.104575163398693,343,38,43,1224,24.326857,1824.832307,high_coverage,provisional
05620301,Regna,Finspång,Östergötland,2026,2025,1.9963703215397028,5.912596401028278,86,23,12,389,11.385247,570.297348,high_coverage,provisional
05620402,Rejmyre,Finspång,Östergötland,2026,2025,2.0763563631402024,3.982300884955752,195,27,16,678,21.438879,1032.524059,high_coverage,provisional
05620404,Hävla,Finspång,Östergötland,2026,2025,2.0334921792960166,4.329004329004329,164,30,38,693,20.175883,992.179031,high_coverage,provisional
05630101,Valdemarsvik 1,Valdemarsvik,Östergötland,2026,2025,10.052128898485476,7.351555136663525,354,78,18,1061,175.369795,1744.603524,high_coverage,provisional
05630102,Valdemarsvik 2,Valdemarsvik,Östergötland,2026,2025,8.737454784000878,6.50730411686587,246,49,12,753,102.567752,1173.885926,high_coverage,provisional
05630201,Ringarum,Valdemarsvik,Östergötland,2026,2025,1.07181145778491,3.8135593220338984,194,36,27,944,14.225272,1327.217758,high_coverage,provisional
05630202,Gusum,Valdemarsvik,Östergötland,2026,2025,5.4579079894045535,3.9613526570048307,321,41,19,1035,94.646514,1734.117068,high_coverage,provisional
05630401,Gryt,Valdemarsvik,Östergötland,2026,2025,0.8947288677106147,2.5295109612141653,121,15,22,593,7.084145,791.764439,high_coverage,provisional
05630501,Tryserum-Östra Ed,Valdemarsvik,Östergötland,2026,2025,1.7489094102302032,2.7729636048526864,90,16,25,577,13.106528,749.411486,high_coverage,provisional
05800101,Domkyrko 1 (Nedre Vasastaden V),Linköping,Östergötland,2026,2025,7.76147819910871,6.666666666666667,305,76,86,1140,127.908864,1647.996177,high_coverage,provisional
05800102,Domkyrko 2 (Hunneberg),Linköping,Östergötland,2026,2025,4.663352127442252,7.547169811320755,272,80,98,1060,72.898378,1563.218389,high_coverage,provisional
05800103,Domkyrko 3 (Övre Vasastaden Ö),Linköping,Östergötland,2026,2025,8.927422301744405,8.395324123273113,262,79,74,941,131.880532,1477.252084,high_coverage,provisional
05800104,Domkyrko 4 (Övre Vasastaden V),Linköping,Östergötland,2026,2025,18.5215783594109,14.849428868120457,311,143,56,963,427.691356,2309.151778,high_coverage,provisional
05800105,Domkyrko 5 (Nedre Vasastaden Ö),Linköping,Östergötland,2026,2025,8.858650821366721,6.525735294117647,247,71,64,1088,134.763501,1521.264397,high_coverage,provisional
05800106,Domkyrko 6 (Kanberget mfl),Linköping,Östergötland,2026,2025,6.978294749665926,6.255283178360101,310,74,111,1183,106.000335,1519.000541,high_coverage,provisional
05800107,Domkyrko 7 (Innerstaden S),Linköping,Östergötland,2026,2025,10.391053150299989,7.153846153846154,346,93,103,1300,185.993392,1789.937837,high_coverage,provisional
05800108,Domkyrko 8 (Ekkällan-Stolplyckan),Linköping,Östergötland,2026,2025,10.981634205548039,12.47987117552335,401,155,126,1242,201.256676,1832.665997,high_coverage,provisional
05800109,Domkyrko 9 (Gottfridsberg NO),Linköping,Östergötland,2026,2025,14.782773872961439,10.20910209102091,256,83,69,813,221.208631,1496.394607,high_coverage,provisional
05800110,Domkyrko 10 (Gottfridsberg SO),Linköping,Östergötland,2026,2025,8.479550607222812,8.325952170062001,295,94,136,1129,116.737038,1376.688971,high_coverage,provisional
05800111,Domkyrko 11 (Fridhem),Linköping,Östergötland,2026,2025,5.839687289995125,6.454816285998014,261,65,150,1007,87.548958,1499.20627,high_coverage,provisional
05800112,Domkyrko 12 (Barhäll-Tornhagen),Linköping,Östergötland,2026,2025,6.626418153794308,6.330275229357798,333,69,109,1090,104.814963,1581.774053,high_coverage,provisional
05800113,Domkyrko 13 (Åbylund),Linköping,Östergötland,2026,2025,12.70923609249285,10.261780104712042,321,98,66,955,192.518395,1514.79124,high_coverage,provisional
05800114,Domkyrko 14 (Valla),Linköping,Östergötland,2026,2025,5.871924333241442,5.6055363321799305,330,81,199,1445,92.846552,1581.194626,high_coverage,provisional
05800115,Domkyrko 15 (T1 N),Linköping,Östergötland,2026,2025,8.213206998975702,8.926673751328375,247,84,123,941,147.65817,1797.813814,high_coverage,provisional
05800116,Domkyrko 16 (T1 S),Linköping,Östergötland,2026,2025,7.849061633756092,7.535986452159187,335,89,167,1181,85.098386,1084.185473,high_coverage,provisional
05800117,Domkyrko 17 (Innerstaden N),Linköping,Östergötland,2026,2025,10.941082661451805,8.333333333333334,291,99,85,1188,190.022457,1736.779283,high_coverage,provisional
05800118,Domkyrko 18 (Övre Vasastaden N),Linköping,Östergötland,2026,2025,10.391747146192296,5.434782608695652,332,70,62,1288,110.836498,1066.581937,high_coverage,provisional
05800119,Domkyrko 19 (Folkets Park),Linköping,Östergötland,2026,2025,6.183065733492495,5.657237936772047,310,68,105,1202,73.861004,1194.569283,high_coverage,provisional
05800120,Domkyrko 20 (Vallastaden N),Linköping,Östergötland,2026,2025,10.650872114778164,7.468354430379747,172,59,98,790,247.384064,2322.664861,high_coverage,provisional
05800121,Domkyrko 21 (Vallastaden S),Linköping,Östergötland,2026,2025,11.78485801689344,6.93717277486911,158,53,61,764,76.910938,652.625071,high_coverage,provisional
05800122,Domkyrko 22 (Ebbe Park),Linköping,Östergötland,2026,2025,8.21181119507581,6.862745098039215,317,84,113,1224,84.39548,1027.732835,high_coverage,provisional
05800201,S:t Lars 1 (Innerstaden NO),Linköping,Östergötland,2026,2025,15.938577622038192,10.434782608695652,323,120,68,1150,268.916491,1687.205078,high_coverage,provisional
05800202,S:t Lars 2 (Innerstaden Ö),Linköping,Östergötland,2026,2025,10.107410335143477,6.95142378559464,291,83,73,1194,149.348609,1477.614978,high_coverage,provisional
05800203,S:t Lars 3 (Hejdegården),Linköping,Östergötland,2026,2025,8.08781076540286,6.47419072615923,285,74,86,1143,126.920535,1569.281709,high_coverage,provisional
05800204,S:t Lars 4 (Kungsberget V mfl),Linköping,Östergötland,2026,2025,5.792325906046811,5.7947019867549665,274,70,74,1208,86.85871,1499.548047,high_coverage,provisional
05800205,S:t Lars 5 (Kungsberget-Tannefors N),Linköping,Östergötland,2026,2025,10.860562818879002,7.884972170686456,271,85,79,1078,182.175141,1677.400555,high_coverage,provisional
05800206,S:t Lars 6 (Råberga-Tannefors S),Linköping,Östergötland,2026,2025,10.754901776623306,6.666666666666667,276,71,71,1065,174.053265,1618.3622,high_coverage,provisional
05800207,S:t Lars 7 (Innerstaden SO),Linköping,Östergötland,2026,2025,8.547275157567901,4.609929078014185,211,39,60,846,104.341721,1220.760056,high_coverage,provisional
05800208,S:t Lars 8 (Stångån V),Linköping,Östergötland,2026,2025,12.938320274963827,8.34990059642147,305,84,58,1006,181.851262,1405.524505,high_coverage,provisional
05800301,Landeryd 1 (Hackefors mfl),Linköping,Östergötland,2026,2025,3.0684275232513736,1.606425702811245,293,20,84,1245,53.791398,1753.060732,high_coverage,provisional
05800302,Landeryd 2 (Ekholmen NO mfl),Linköping,Östergötland,2026,2025,15.484500000223033,9.463414634146341,354,97,41,1025,276.31739,1784.477316,high_coverage,provisional
05800303,Landeryd 3 (Kvinneby mfl),Linköping,Östergötland,2026,2025,4.891187059725972,3.8112522686025407,292,42,67,1102,77.430348,1583.058408,high_coverage,provisional
05800304,Landeryd 4 (Ekholmen NV),Linköping,Östergötland,2026,2025,11.311549477063654,5.877413937867338,453,70,62,1191,209.9928,1856.445931,high_coverage,provisional
05800305,Landeryd 5 (Ekholmen SO),Linköping,Östergötland,2026,2025,9.886591185668113,5.609284332688588,376,58,61,1034,147.604941,1492.981132,high_coverage,provisional
05800306,Landeryd 6 (Hjulsbro mellersta),Linköping,Östergötland,2026,2025,5.0857079759203,2.986161689730517,281,41,71,1373,98.2268,1931.428239,high_coverage,provisional
05800307,Landeryd 7 (Ekholmen SV),Linköping,Östergötland,2026,2025,7.065366732986833,4.496402877697841,383,50,76,1112,120.909905,1711.304021,high_coverage,provisional
05800308,Landeryd 8 (Ullstämma),Linköping,Östergötland,2026,2025,4.945798888078158,3.1645569620253164,382,45,122,1422,117.189797,2369.481648,high_coverage,provisional
05800309,Landeryd 9 (Möjetorp-Holmen),Linköping,Östergötland,2026,2025,4.807613375319441,3.233256351039261,294,42,83,1299,123.483367,2568.496203,high_coverage,provisional
05800401,Slaka 1 (Lambohov C),Linköping,Östergötland,2026,2025,22.84285136553908,20.491803278688526,296,200,89,976,293.360194,1284.253832,high_coverage,provisional
05800402,Slaka 2 (Lambohov Ö),Linköping,Östergötland,2026,2025,17.163546355796935,7.424242424242424,402,98,135,1320,385.676299,2247.066492,high_coverage,provisional
05800403,Slaka 3 (Slaka-Lilla Mjärdevi),Linköping,Östergötland,2026,2025,11.855420421681652,5.182481751824818,368,71,147,1370,348.706028,2941.321485,high_coverage,provisional
05800404,Slaka 4 (Lambohov S),Linköping,Östergötland,2026,2025,15.996282905405556,10.993843447669304,393,125,97,1137,282.321829,1764.921455,high_coverage,provisional
05800405,Slaka 5 (Lambohov N),Linköping,Östergötland,2026,2025,23.241022570206766,15.888778550148958,338,160,100,1007,402.813039,1733.198433,high_coverage,provisional
05800501,Kärna 1 (Malmslätt SO mfl),Linköping,Östergötland,2026,2025,13.236626760302512,3.576158940397351,189,27,66,755,394.143263,2977.671503,high_coverage,provisional
05800502,Kärna 2 (Malmslätt mellersta),Linköping,Östergötland,2026,2025,5.634012466507035,3.4360189573459716,234,29,76,844,31.298509,555.527862,high_coverage,provisional
05800503,Kärna 3 (Tokarp),Linköping,Östergötland,2026,2025,10.103773688266873,4.385964912280702,287,40,52,912,94.764187,937.908844,high_coverage,provisional
05800504,Kärna 4 (Malmslätt V),Linköping,Östergötland,2026,2025,7.467205727919664,3.5608308605341246,362,36,40,1011,118.913832,1592.480994,high_coverage,provisional
05800601,Kaga-Ledberg,Linköping,Östergötland,2026,2025,4.597491207417441,2.4132730015082955,118,16,45,663,52.920993,1151.084159,high_coverage,provisional
05800801,Vist 1 (Vist-Sturefors S),Linköping,Östergötland,2026,2025,2.347935700668563,3.3737024221453287,310,39,95,1156,37.355838,1591.007709,high_coverage,provisional
05800802,Vist 2 (Sturefors N),Linköping,Östergötland,2026,2025,3.445372247516256,3.695806680881308,379,52,60,1407,80.583624,2338.894558,high_coverage,provisional
05800901,Vårdnäs,Linköping,Östergötland,2026,2025,1.512195133468175,2.7453671928620453,333,40,122,1457,30.999997,2049.999786,high_coverage,provisional
05801001,Skeda,Linköping,Östergötland,2026,2025,2.1824319705353235,3.2822757111597376,302,45,126,1371,36.921824,1691.774337,high_coverage,provisional
05801101,Nykil-Gammalkil,Linköping,Östergötland,2026,2025,2.3763894499380513,2.723004694835681,225,29,85,1065,37.380792,1573.007825,high_coverage,provisional
05801201,Ulrika,Linköping,Östergötland,2026,2025,2.376389330220971,3.937007874015748,151,25,33,635,24.619212,1035.992364,high_coverage,provisional
05801401,Sjögestad,Linköping,Östergötland,2026,2025,2.8646633684253544,2.1442495126705654,101,11,28,513,21.686955,757.050732,high_coverage,provisional
05801501,Västerlösa-Björkeberg,Linköping,Östergötland,2026,2025,2.230483150369044,3.5511363636363638,121,25,31,704,23.983154,1075.244796,high_coverage,provisional
05801701,Rappestad (Rappestad-Vikingstad N),Linköping,Östergötland,2026,2025,2.5235578638518654,2.938388625592417,294,31,40,1055,39.224388,1554.328853,high_coverage,provisional
05801801,Vikingstad (Vikingstad S),Linköping,Östergötland,2026,2025,5.473115696825301,3.381962864721485,358,51,85,1508,134.938897,2465.485922,high_coverage,provisional
05801901,Vreta Kloster 1 Berg-Vreta Kloster S,Linköping,Östergötland,2026,2025,2.6124955690365423,2.562170308967596,274,34,79,1327,51.117942,1956.670955,high_coverage,provisional
05801902,Vreta Kloster 2 Ljungsbro-Vreta Kl N,Linköping,Östergötland,2026,2025,2.4775520731053478,3.1171019376579614,311,37,82,1187,47.881322,1932.60608,high_coverage,provisional
05801903,Vreta Kloster 3 (Ljungsbro Ö),Linköping,Östergötland,2026,2025,4.123995620732204,4.3119266055045875,315,47,72,1090,71.862261,1742.539702,high_coverage,provisional
05801904,Vreta Kloster 4 (Ljungsbro S),Linköping,Östergötland,2026,2025,4.4640330700248025,2.9285099052540913,372,34,59,1161,105.134841,2355.153722,high_coverage,provisional
05801905,Vreta Kloster 5 (Ljungsbro V),Linköping,Östergötland,2026,2025,5.566183262783883,3.9385206532180597,330,41,44,1041,74.236356,1333.703051,high_coverage,provisional
05802001,Flistad-Ljung,Linköping,Östergötland,2026,2025,1.7850593417559744,1.7293997965412005,239,17,65,983,27.8917,1562.508279,high_coverage,provisional
05802201,Stjärnorp,Linköping,Östergötland,2026,2025,0.9922822996951353,2.460456942003515,123,14,49,569,7.405821,746.342145,high_coverage,provisional
05802401,Östra Harg-Rystad 1 (Ö Harg-Rystad),Linköping,Östergötland,2026,2025,5.151320427796864,2.0903010033444818,205,25,58,1196,135.101095,2622.649802,high_coverage,provisional
05802402,Rystad 2 (Tallboda V),Linköping,Östergötland,2026,2025,8.456363547609463,5.29595015576324,220,51,27,963,124.655446,1474.102258,high_coverage,provisional
05802403,Rystad 3 (Tallboda Ö),Linköping,Östergötland,2026,2025,8.194692752293715,3.1604538087520258,361,39,36,1234,94.927016,1158.39628,high_coverage,provisional
05802404,Rystad 4 (Ekängen),Linköping,Östergötland,2026,2025,5.5948249193353705,2.2111269614835947,261,31,68,1402,128.994876,2305.610593,high_coverage,provisional
05802501,Törnevalla (Linghem Ö),Linköping,Östergötland,2026,2025,2.3726421085694414,2.599388379204893,281,34,61,1308,42.978396,1811.41504,high_coverage,provisional
05802701,Lillkyrka-Gistad-Ö Skrukeby,Linköping,Östergötland,2026,2025,2.3533309480783586,2.510460251046025,127,18,39,717,25.099645,1066.558234,high_coverage,provisional
05802901,Örtomta-Askeby,Linköping,Östergötland,2026,2025,2.681159321991176,2.947598253275109,198,27,55,916,36.999998,1379.999976,high_coverage,provisional
05803101,Bankekind,Linköping,Östergötland,2026,2025,2.113459421885043,3.694267515923567,177,29,46,785,23.871293,1129.489062,high_coverage,provisional
05803201,Vårdsberg (Linghem S),Linköping,Östergötland,2026,2025,1.9841426299700922,2.728613569321534,346,37,72,1356,46.497676,2343.464391,high_coverage,provisional
05803301,Berga 1 (Ramshäll),Linköping,Östergötland,2026,2025,20.34572249567163,12.235915492957746,296,139,87,1136,347.207382,1706.53749,high_coverage,provisional
05803302,Berga 2 (Berga NO),Linköping,Östergötland,2026,2025,38.22286929907887,25.84973166368515,385,289,65,1118,809.891227,2118.865595,high_coverage,provisional
05803303,Berga 3 (Berga NV),Linköping,Östergötland,2026,2025,44.2513603022591,31.823204419889503,350,288,59,905,858.379975,1939.78212,high_coverage,provisional
05803304,Berga 4 (Berga SO),Linköping,Östergötland,2026,2025,9.289088808991627,6.954689146469969,285,66,100,949,134.879557,1452.021396,high_coverage,provisional
05803305,Berga 5 (Vidingsjö N),Linköping,Östergötland,2026,2025,4.155290012230242,2.854122621564482,222,27,101,946,55.200083,1328.429131,high_coverage,provisional
05803306,Berga 6 (Berga SV),Linköping,Östergötland,2026,2025,22.763895090246645,18.042226487523994,344,188,62,1042,489.281919,2149.376972,high_coverage,provisional
05803307,Berga 7 (Vidingsjö S),Linköping,Östergötland,2026,2025,4.903684538698871,3.810504634397528,363,37,76,971,39.086636,797.087082,high_coverage,provisional
05803308,Berga 8 (Haninge mfl),Linköping,Östergötland,2026,2025,6.240094797566251,5.52423900789177,303,49,79,887,202.033548,3237.667929,high_coverage,provisional
05803309,Berga 9 (Hagaberg),Linköping,Östergötland,2026,2025,7.68861509479691,4.62882096069869,358,53,97,1145,76.592777,996.184307,high_coverage,provisional
05803310,Berga 10 (Södra Ekkällan N),Linköping,Östergötland,2026,2025,9.638459579160497,5.3097345132743365,325,66,107,1243,146.104649,1515.850617,high_coverage,provisional
05803311,Berga 11 (Södra Ekkällan S),Linköping,Östergötland,2026,2025,7.777187760850772,7.5535512965050735,259,67,60,887,63.790882,820.230705,high_coverage,provisional
05803401,Johannelund 1 (Vimanshäll),Linköping,Östergötland,2026,2025,12.214489264673352,7.440476190476191,281,75,80,1008,209.793837,1717.581738,high_coverage,provisional
05803402,Johannelund 2 (Johannelund NV),Linköping,Östergötland,2026,2025,15.154754100824546,12.162162162162161,328,117,74,962,212.029227,1399.093813,high_coverage,provisional
05803403,Johannelund 3 (Johannelund NO),Linköping,Östergötland,2026,2025,10.89638847946038,7.922912205567452,340,74,48,934,144.696512,1327.930922,high_coverage,provisional
05803404,Johannelund 4 (Ånestad),Linköping,Östergötland,2026,2025,3.894515918325718,4.863481228668942,321,57,163,1172,64.836845,1664.824239,high_coverage,provisional
05803405,Johannelund 5 (Johannelund SV),Linköping,Östergötland,2026,2025,7.4221654736266105,7.859848484848484,310,83,95,1056,112.000553,1509.001024,high_coverage,provisional
05803406,Johannelund 6 (Johannelund SO),Linköping,Östergötland,2026,2025,11.346998850997682,6.952965235173824,291,68,62,978,165.382619,1457.500976,high_coverage,provisional
05803501,Skäggetorp 1 (Skäggetorp C),Linköping,Östergötland,2026,2025,51.11750591973444,27.473958333333332,380,211,36,768,991.98445,1940.596342,high_coverage,provisional
05803502,Skäggetorp 2 (Nygård),Linköping,Östergötland,2026,2025,43.409883334383245,23.272727272727273,361,192,36,825,909.545828,2095.25057,high_coverage,provisional
05803503,Skäggetorp 3 (Skäggetorp SV),Linköping,Östergötland,2026,2025,48.212730700050926,26.86390532544379,314,227,58,845,980.017761,2032.694989,high_coverage,provisional
05803504,Skäggetorp 4 (Skäggetorp V),Linköping,Östergötland,2026,2025,52.1674758833909,27.892234548335974,274,176,35,631,988.071134,1894.036691,high_coverage,provisional
05803505,Skäggetorp 5 (Tornby-Skäggetorp N),Linköping,Östergötland,2026,2025,42.52309453526066,28.733997155049785,303,202,23,703,882.471856,2075.27666,high_coverage,provisional
05803601,Ryd 1 (Ryd N),Linköping,Östergötland,2026,2025,16.561627034034593,11.450381679389313,292,120,127,1048,93.704544,565.793106,high_coverage,provisional
05803602,Ryd 2 (Ryd SO),Linköping,Östergötland,2026,2025,28.301717951862894,18.81188118811881,310,209,92,1111,625.041054,2208.491566,high_coverage,provisional
05803603,Ryd 3 (Ryd SV),Linköping,Östergötland,2026,2025,42.63459314491494,24.852941176470587,258,169,46,680,768.946376,1803.573857,high_coverage,provisional
05803604,Ryd 4 (Ryd NO),Linköping,Östergötland,2026,2025,35.55876963754394,31.025641025641026,274,242,62,780,754.056314,2120.59169,high_coverage,provisional
05803605,Ryd 5 (Ryd mellersta),Linköping,Östergötland,2026,2025,24.717705659282228,14.396456256921374,235,130,120,903,441.041006,1784.312072,high_coverage,provisional
05810104,Hultdalen-Skriketorp,Norrköping,Östergötland,2026,2025,3.406335937680498,3.5803497085761866,315,43,72,1201,62.145917,1824.421259,high_coverage,provisional
05810105,Jursla,Norrköping,Östergötland,2026,2025,3.477659134988363,2.733485193621868,309,36,109,1317,71.416482,2053.579124,high_coverage,provisional
05810106,Åbymo,Norrköping,Östergötland,2026,2025,8.825519733763155,8.265213442325159,316,91,59,1101,154.467255,1750.23409,high_coverage,provisional
05810107,Åby Östra,Norrköping,Östergötland,2026,2025,2.7729756228373277,4.471544715447155,340,55,76,1230,56.219083,2027.391894,high_coverage,provisional
05810108,Torshag-Simonstorp,Norrköping,Östergötland,2026,2025,2.2091258585188323,3.7854889589905363,283,48,87,1268,35.998354,1629.529339,high_coverage,provisional
05810111,Hallberga-Fyrby,Norrköping,Östergötland,2026,2025,6.905250194000102,4.197761194029851,291,45,52,1072,134.169208,1943.002849,high_coverage,provisional
05810112,Pryssgården,Norrköping,Östergötland,2026,2025,5.3620211253971775,2.8933092224231465,316,32,61,1106,100.888654,1881.541524,high_coverage,provisional
05810113,Eneby Centrum,Norrköping,Östergötland,2026,2025,8.136576534534724,5.631067961165049,380,58,29,1030,107.45769,1320.674482,high_coverage,provisional
05810114,Karlshov-Sandbyhov,Norrköping,Östergötland,2026,2025,8.972912394270606,2.4667931688804554,310,26,54,1054,240.686379,2682.366309,high_coverage,provisional
05810115,Taborsberg,Norrköping,Östergötland,2026,2025,8.845082055999882,6.9109947643979055,269,66,59,955,148.424791,1678.048774,high_coverage,provisional
05810123,Saltängen-Nya torget,Norrköping,Östergötland,2026,2025,11.810075936663786,5.843071786310517,284,70,60,1198,207.781645,1759.359094,high_coverage,provisional
05810124,Lagerlunda-Herstadberg,Norrköping,Östergötland,2026,2025,10.226621950051095,6.644880174291939,299,61,63,918,159.063695,1555.388434,high_coverage,provisional
05810125,Strömparken-G:a Rådstugugatan,Norrköping,Östergötland,2026,2025,14.375061034082778,11.267605633802816,247,104,71,923,216.135535,1503.545164,high_coverage,provisional
05810126,Rosen-Gamla staden,Norrköping,Östergötland,2026,2025,18.31720189112009,14.50381679389313,295,133,79,917,353.388082,1929.268914,high_coverage,provisional
05810129,Djäknepark,Norrköping,Östergötland,2026,2025,15.271140436769667,16.646562123039807,290,138,66,829,250.143885,1638.017056,high_coverage,provisional
05810131,Söder Tull,Norrköping,Östergötland,2026,2025,22.22711687368452,16.42935377875137,290,150,78,913,415.434743,1869.044669,high_coverage,provisional
05810134,Såpkullen,Norrköping,Östergötland,2026,2025,12.201889788880917,7.247796278158668,303,74,46,1021,207.776975,1702.82619,high_coverage,provisional
05810201,Kvarnberget-Tingstad,Norrköping,Östergötland,2026,2025,28.822709033350375,4.343220338983051,255,41,55,944,800.79631,2778.35199,high_coverage,provisional
05810203,Mamre,Norrköping,Östergötland,2026,2025,32.98195947023326,12.607449856733524,259,88,26,698,585.401364,1774.913842,high_coverage,provisional
05810204,Vrinnevi-Klingsborg,Norrköping,Östergötland,2026,2025,34.93701868223796,23.57247437774524,257,161,55,683,519.590854,1487.221502,high_coverage,provisional
05810205,Portlåset,Norrköping,Östergötland,2026,2025,49.44187262300277,25.801749271137027,261,177,22,686,923.71597,1868.28678,high_coverage,provisional
05810206,Hageby Centrum,Norrköping,Östergötland,2026,2025,43.02503361363055,23.73949579831933,173,113,7,476,571.051792,1327.254726,high_coverage,provisional
05810207,Smedby,Norrköping,Östergötland,2026,2025,4.606195427600309,3.070539419087137,328,37,63,1205,82.285204,1786.402798,high_coverage,provisional
05810208,Brånnestad,Norrköping,Östergötland,2026,2025,9.413251658353296,2.76981852913085,254,29,41,1047,165.974125,1763.196513,high_coverage,provisional
05810211,Ljunga,Norrköping,Östergötland,2026,2025,3.0164311563608655,2.0422535211267605,274,29,59,1420,56.313302,1866.88504,high_coverage,provisional
05810212,Kuddby,Norrköping,Östergötland,2026,2025,1.567653788784503,2.3700305810397553,217,31,61,1308,29.563017,1885.812876,high_coverage,provisional
05810213,Östra Husby,Norrköping,Östergötland,2026,2025,2.1528746899698463,2.6203966005665724,281,37,53,1412,44.999272,2090.194669,high_coverage,provisional
05810214,Kättinge,Norrköping,Östergötland,2026,2025,0.615070654074328,2.8472821397756687,212,33,59,1159,9.999629,1625.769159,high_coverage,provisional
05810217,Berga-Långtorp,Norrköping,Östergötland,2026,2025,5.132444841384022,1.2234910277324633,222,15,36,1226,124.267919,2421.222689,high_coverage,provisional
05810218,Ljura,Norrköping,Östergötland,2026,2025,28.37452722222505,19.04218928164196,307,167,41,877,666.259802,2348.091289,high_coverage,provisional
05810219,Sankt Johannes,Norrköping,Östergötland,2026,2025,13.36866876099637,6.951340615690169,333,70,58,1007,150.576239,1126.336823,high_coverage,provisional
05810220,Klingsberg,Norrköping,Östergötland,2026,2025,11.850814637615434,8.423913043478262,366,93,74,1104,206.264837,1740.511883,high_coverage,provisional
05810223,Kneippen,Norrköping,Östergötland,2026,2025,4.026846898724493,3.7914691943127963,217,40,70,1055,47.316696,1175.030916,high_coverage,provisional
05810224,Skarphagen,Norrköping,Östergötland,2026,2025,10.664260943325127,5.981308411214953,310,64,65,1070,240.056803,2251.04022,high_coverage,provisional
05810225,Björkalund-Kårtorp,Norrköping,Östergötland,2026,2025,8.848664485444736,3.8461538461538463,274,49,57,1274,325.84448,3682.414228,high_coverage,provisional
05810231,Borg,Norrköping,Östergötland,2026,2025,13.620170666054234,4.081632653061225,215,38,62,931,339.617131,2493.486604,high_coverage,provisional
05810232,Kullerstad-Vickelby,Norrköping,Östergötland,2026,2025,3.0775652107885203,2.7005559968228754,404,34,42,1259,59.083791,1919.822553,high_coverage,provisional
05810233,Mosstorp,Norrköping,Östergötland,2026,2025,2.8942892877200195,3.5313001605136436,337,44,35,1246,64.814944,2239.407936,high_coverage,provisional
05810234,Vånga,Norrköping,Östergötland,2026,2025,1.2493590583715624,2.9736618521665252,244,35,46,1177,18.140065,1451.949692,high_coverage,provisional
05810235,Kimstad,Norrköping,Östergötland,2026,2025,2.7328556351413065,4.516129032258065,305,56,75,1240,46.161209,1689.119923,high_coverage,provisional
05810236,Norsholm-Skärkind,Norrköping,Östergötland,2026,2025,1.4440695465483417,3.0120481927710845,197,30,65,996,24.010529,1662.698937,high_coverage,provisional
05810237,Kärrhagen-Kättsätter,Norrköping,Östergötland,2026,2025,5.704796242965984,2.9100529100529102,288,33,93,1134,98.851377,1732.776646,high_coverage,provisional
05810238,Atriumhusen,Norrköping,Östergötland,2026,2025,32.261130855408936,18.79021879021879,265,146,16,777,243.11448,753.583255,high_coverage,provisional
05810239,Ringdansen,Norrköping,Östergötland,2026,2025,30.335528281962866,30.77777777777778,363,277,22,900,547.083951,1803.442966,high_coverage,provisional
05810240,Vasaparken-Ljurafältet,Norrköping,Östergötland,2026,2025,16.268139748129656,16.095534787123572,321,155,73,963,254.212192,1562.638359,high_coverage,provisional
05810241,Vidablick,Norrköping,Östergötland,2026,2025,9.293199149749396,5.9145673603504925,318,54,38,913,38.868618,418.247983,high_coverage,provisional
05810242,Söderporten,Norrköping,Östergötland,2026,2025,53.58082522123792,23.71475953565506,223,143,8,603,798.447505,1490.17396,high_coverage,provisional
05810243,Porten,Norrköping,Östergötland,2026,2025,48.151404871577704,23.76425855513308,212,125,8,526,720.242217,1495.786507,high_coverage,provisional
05810301,Kolmården Västra,Norrköping,Östergötland,2026,2025,2.023945521753858,2.980769230769231,239,31,57,1040,30.046177,1484.534869,high_coverage,provisional
05810302,Kolmården Östra,Norrköping,Östergötland,2026,2025,1.9124180305024219,4.795204795204795,238,48,71,1001,38.913673,2034.789067,high_coverage,provisional
05810401,Krokek Södra,Norrköping,Östergötland,2026,2025,1.8502376040039539,3.5429583702391496,299,40,83,1129,31.355583,1694.678723,high_coverage,provisional
05810402,Krokek Norra,Norrköping,Östergötland,2026,2025,1.9993089897571856,3.4313725490196076,271,35,50,1020,23.47397,1174.104159,high_coverage,provisional
05810501,Svärtinge Mellersta,Norrköping,Östergötland,2026,2025,3.4471154802132435,2.241793434747798,322,28,31,1249,48.177971,1397.631477,high_coverage,provisional
05810502,Svärtinge Västra,Norrköping,Östergötland,2026,2025,3.941097903307458,2.380952380952381,167,20,37,840,53.186436,1349.533488,high_coverage,provisional
05810503,Svärtinge Östra,Norrköping,Östergötland,2026,2025,3.8974918110628414,2.914389799635701,208,32,57,1098,95.894217,2460.408428,high_coverage,provisional
05810601,Haga Södra,Norrköping,Östergötland,2026,2025,11.901112266349093,8.482142857142858,291,76,29,896,152.095445,1277.993532,high_coverage,provisional
05810602,Haga Norra,Norrköping,Östergötland,2026,2025,11.602755980118065,7.992007992007992,366,80,30,1001,203.244282,1751.689705,high_coverage,provisional
05810701,Marielund Mellersta,Norrköping,Östergötland,2026,2025,23.256650771500723,28.67867867867868,203,191,63,666,428.624012,1843.016934,high_coverage,provisional
05810702,Marielund Västra,Norrköping,Östergötland,2026,2025,10.712162294624196,10.169491525423728,221,72,50,708,111.271215,1038.737203,high_coverage,provisional
05810703,Marielund Södra,Norrköping,Östergötland,2026,2025,26.30967529900032,9.66824644549763,312,102,88,1055,731.422773,2780.052451,high_coverage,provisional
05810801,Nordantill Nordväst,Norrköping,Östergötland,2026,2025,20.518033983877327,24.67866323907455,243,192,64,778,99.258968,483.764517,high_coverage,provisional
05810802,Nordantill Nordost,Norrköping,Östergötland,2026,2025,14.546782668387475,9.193245778611633,373,98,46,1066,196.379121,1349.983192,high_coverage,provisional
05810803,Nordantill Sydväst,Norrköping,Östergötland,2026,2025,14.749273895635987,12.429378531073446,293,110,75,885,280.363405,1900.862422,high_coverage,provisional
05810804,Nordantill Sydost,Norrköping,Östergötland,2026,2025,13.520201974766469,8.982035928143713,271,90,73,1002,178.901956,1323.219552,high_coverage,provisional
05810901,Östantill Östra,Norrköping,Östergötland,2026,2025,29.43009702259591,16.41443538998836,290,141,51,859,420.601254,1429.153474,high_coverage,provisional
05810902,Östantill Västra,Norrköping,Östergötland,2026,2025,26.813632348423912,17.024128686327078,300,127,61,746,279.256505,1041.472119,high_coverage,provisional
05811001,Oxelbergen Norra,Norrköping,Östergötland,2026,2025,6.062899884923837,7.560756075607561,311,84,75,1111,74.65334,1231.314081,high_coverage,provisional
05811002,Oxelbergen Södra,Norrköping,Östergötland,2026,2025,12.873436511367949,10.531496062992126,294,107,64,1016,221.471702,1720.377475,high_coverage,provisional
05811101,Söderstaden Östra,Norrköping,Östergötland,2026,2025,11.426156170600342,7.3502722323049,275,81,88,1102,145.456159,1273.010423,high_coverage,provisional
05811102,Söderstaden Västra,Norrköping,Östergötland,2026,2025,11.808481635834744,10.47008547008547,311,98,63,936,132.307001,1120.440418,high_coverage,provisional
05811201,Berget Norra,Norrköping,Östergötland,2026,2025,18.33810677158443,8.83084577114428,207,71,58,804,287.274599,1566.544478,high_coverage,provisional
05811202,Berget Västra,Norrköping,Östergötland,2026,2025,23.49835915951213,16.26865671641791,220,109,52,670,196.656063,836.892745,high_coverage,provisional
05811203,Berget Östra,Norrköping,Östergötland,2026,2025,12.734105994753122,16.791979949874687,235,134,74,798,165.410414,1298.955844,high_coverage,provisional
05811301,Rambodal Södra,Norrköping,Östergötland,2026,2025,6.975645045347567,2.867383512544803,322,32,35,1116,102.06617,1463.178951,high_coverage,provisional
05811302,Rambodal Norra,Norrköping,Östergötland,2026,2025,5.898955962228292,2.9552715654952078,336,37,32,1252,154.647226,2621.603331,high_coverage,provisional
05811401,Lindö Östra,Norrköping,Östergötland,2026,2025,5.103453000153218,1.4878621769772906,250,19,37,1277,95.706383,1875.326039,high_coverage,provisional
05811402,Lindö Västra,Norrköping,Östergötland,2026,2025,6.224897962119261,1.468048359240069,212,17,36,1158,116.107907,1865.217835,high_coverage,provisional
05811501,Ektorp Södra,Norrköping,Östergötland,2026,2025,9.773732327368123,9.333333333333334,463,112,47,1200,160.972267,1646.9887,high_coverage,provisional
05811502,Strömbacken-Ektorp,Norrköping,Östergötland,2026,2025,19.355539485723902,13.029989658738366,312,126,37,967,522.542944,2699.707463,high_coverage,provisional
05811503,Ektorp Centrum,Norrköping,Östergötland,2026,2025,27.837089179479978,16.916780354706685,274,124,23,733,494.423002,1776.130395,high_coverage,provisional
05811601,Vilbergen Norra,Norrköping,Östergötland,2026,2025,6.8730002493923195,9.129511677282379,331,86,18,942,114.1102,1660.267654,high_coverage,provisional
05811602,Vilbergen Södra,Norrköping,Östergötland,2026,2025,9.701305420283637,5.155642023346304,379,53,46,1028,49.562251,510.882287,high_coverage,provisional
05811603,Vilbergen Västra,Norrköping,Östergötland,2026,2025,10.59745601019076,6.313645621181263,361,62,24,982,136.910324,1291.916889,high_coverage,provisional
05811701,Klockaretorpet Östra,Norrköping,Östergötland,2026,2025,11.603989909268172,7.890070921985815,395,89,52,1128,169.724828,1462.641982,high_coverage,provisional
05811702,Klockaretorpet Norra,Norrköping,Östergötland,2026,2025,24.074666027338683,12.882298424467098,373,139,18,1079,382.643284,1589.402252,high_coverage,provisional
05811703,Klockaretorpet Södra,Norrköping,Östergötland,2026,2025,21.840708574521084,11.361310133060389,307,111,38,977,243.362968,1114.263153,high_coverage,provisional
05820101,S:t Laurentii,Söderköping,Östergötland,2026,2025,5.61801501390142,4.56140350877193,272,52,73,1140,97.956329,1743.611022,high_coverage,provisional
05820102,Bossgård,Söderköping,Östergötland,2026,2025,3.1204613869307205,3.826955074875208,348,46,69,1202,56.862585,1822.249275,high_coverage,provisional
05820103,Alboga,Söderköping,Östergötland,2026,2025,7.448779352334755,5.200433369447454,251,48,44,923,119.999296,1610.992759,high_coverage,provisional
05820201,Drothem,Söderköping,Östergötland,2026,2025,2.300523850548053,2.5499655410062028,299,37,95,1451,49.886499,2168.484321,high_coverage,provisional
05820301,Skönberga,Söderköping,Östergötland,2026,2025,3.959490844842816,4.0669856459330145,300,51,45,1254,79.295299,2002.664032,high_coverage,provisional
05820401,Västra Husby-Gårdeby,Söderköping,Östergötland,2026,2025,1.2237797067886076,2.926115581565472,290,40,57,1367,25.898428,2116.265522,high_coverage,provisional
05820601,Östra Ryd,Söderköping,Östergötland,2026,2025,1.2924071361275447,2.8400597907324365,138,19,25,669,13.101541,1013.731713,high_coverage,provisional
05820701,Skällvik-Mogata,Söderköping,Östergötland,2026,2025,1.6313935335354768,2.785782901056676,208,29,40,1041,25.586248,1568.367624,high_coverage,provisional
05820801,Sankt Anna-Börrum,Söderköping,Östergötland,2026,2025,1.6313932247663523,1.6304347826086956,86,9,27,552,11.413772,699.633407,high_coverage,provisional
05830101,Bispmotala,Motala,Östergötland,2026,2025,14.61021042404592,9.538152610441767,406,95,20,996,245.910623,1683.14224,high_coverage,provisional
05830102,Centrum,Motala,Östergötland,2026,2025,7.891214626787377,4.711111111111111,403,53,30,1125,146.351339,1854.611057,high_coverage,provisional
05830103,Hyddmarken,Motala,Östergötland,2026,2025,20.192235401021655,8.244422890397672,343,85,22,1031,489.619748,2424.792195,high_coverage,provisional
05830104,Marieberg -Västra,Motala,Östergötland,2026,2025,7.990430469033085,3.5878564857405704,360,39,39,1087,152.600521,1909.790988,high_coverage,provisional
05830105,Östermalm,Motala,Östergötland,2026,2025,6.532246188939015,4.83005366726297,361,54,45,1118,129.453734,1981.764469,high_coverage,provisional
05830106,Bergsätter,Motala,Östergötland,2026,2025,12.195447998876038,4.256965944272446,502,55,24,1292,258.504613,2119.681155,high_coverage,provisional
05830107,Borenshult,Motala,Östergötland,2026,2025,2.2340316857833904,4.287690179806362,431,62,60,1446,30.298646,1356.231704,high_coverage,provisional
05830108,Bråstorp,Motala,Östergötland,2026,2025,4.076916173891097,2.825278810408922,448,38,24,1345,80.511214,1974.806706,high_coverage,provisional
05830109,Söder,Motala,Östergötland,2026,2025,3.267501323922376,2.5069637883008355,450,36,36,1436,67.20625,2056.808654,high_coverage,provisional
05830110,Ekenäs,Motala,Östergötland,2026,2025,19.029432813577372,10.725893824485373,360,99,36,923,273.669455,1438.13774,high_coverage,provisional
05830111,Charlottenborg,Motala,Östergötland,2026,2025,19.90576889558782,11.54903758020165,471,126,23,1091,446.761421,2244.381633,high_coverage,provisional
05830112,Holm,Motala,Östergötland,2026,2025,4.564674278991101,4.36477007014809,350,56,39,1283,82.320428,1803.423924,high_coverage,provisional
05830113,Mossen,Motala,Östergötland,2026,2025,9.187587711065854,3.8704581358609795,410,49,28,1266,184.68368,2010.143313,high_coverage,provisional
05830114,Samuelsberg,Motala,Östergötland,2026,2025,9.438743658203004,6.722689075630252,346,80,43,1190,161.778726,1713.9858,high_coverage,provisional
05830115,Ekön,Motala,Östergötland,2026,2025,31.423813610661764,27.376425855513308,365,216,17,789,671.597679,2137.22525,high_coverage,provisional
05830116,Brunnsvik,Motala,Östergötland,2026,2025,4.539833082147893,2.8995756718528995,468,41,55,1414,95.127878,2095.404749,high_coverage,provisional
05830117,Marieberg-Östra,Motala,Östergötland,2026,2025,24.366985559000046,15.741935483870968,305,122,17,775,211.093925,866.3112,high_coverage,provisional
05830301,Nykyrka,Motala,Östergötland,2026,2025,1.555464327769174,2.570480928689884,318,31,72,1206,26.362584,1694.836939,high_coverage,provisional
05830401,Godegård,Motala,Östergötland,2026,2025,1.8303836784186125,3.9080459770114944,97,17,9,435,11.490466,627.7627,high_coverage,provisional
05830601,Borensberg Västra - Kristberg,Motala,Östergötland,2026,2025,1.4982862593865196,2.4035420619860846,443,38,74,1581,34.484352,2301.586348,high_coverage,provisional
05830602,Borensberg Östra,Motala,Östergötland,2026,2025,2.257360418641313,5.0271739130434785,385,74,82,1472,47.677468,2112.089306,high_coverage,provisional
05830801,Fornåsa - Österstad,Motala,Östergötland,2026,2025,1.6843922915906715,2.921195652173913,307,43,49,1472,37.795089,2243.841247,high_coverage,provisional
05832201,Tjällmo,Motala,Östergötland,2026,2025,1.804328588943143,2.7548209366391183,181,20,18,726,19.22363,1065.417359,high_coverage,provisional
05832301,Fågelsta,Motala,Östergötland,2026,2025,2.22565146340894,3.948896631823461,160,34,30,861,31.496324,1415.150778,high_coverage,provisional
05840101,Innerstaden,Vadstena,Östergötland,2026,2025,2.3535620300596376,4.797979797979798,206,38,91,792,30.099205,1278.878764,high_coverage,provisional
05840102,"Kvissberg, Borgmästarområdet mfl",Vadstena,Östergötland,2026,2025,9.170406340925872,7.777777777777778,261,63,39,810,129.225468,1409.157492,high_coverage,provisional
05840103,Gamla Söder-Nya Söder-Hertigen mfl,Vadstena,Östergötland,2026,2025,4.14731142285482,5.240549828178694,364,61,62,1164,86.751784,2091.75958,high_coverage,provisional
05840105,"Birgitta, Haga, Hagebyhöga, Hov mfl",Vadstena,Östergötland,2026,2025,1.5584758934616998,2.956989247311828,281,33,69,1116,27.142793,1741.62418,high_coverage,provisional
05840301,"Borghamn, Skedet, Rogslösa mfl",Vadstena,Östergötland,2026,2025,1.020337602898469,4.705882352941177,121,28,46,595,9.780752,958.579981,high_coverage,provisional
05860101,Dacke-Egebybacken,Mjölby,Östergötland,2026,2025,9.182371491884266,3.9593908629441623,345,39,37,985,137.00088,1491.998882,high_coverage,provisional
05860102,Västra Lundby,Mjölby,Östergötland,2026,2025,18.67976900319068,8.421052631578947,331,72,31,855,259.785772,1390.733322,high_coverage,provisional
05860103,Slomarp-Egeby-Prästgårdsliden,Mjölby,Östergötland,2026,2025,20.974639613577747,11.753371868978805,343,122,34,1038,378.908758,1806.509027,high_coverage,provisional
05860104,Östra Lundby mfl,Mjölby,Östergötland,2026,2025,14.309313877399667,7.724601175482787,317,92,51,1191,396.125561,2768.305765,high_coverage,provisional
05860105,Norrgården-Albacken mfl,Mjölby,Östergötland,2026,2025,10.976735555575406,4.712041884816754,467,63,34,1337,216.252573,1970.099142,high_coverage,provisional
05860106,Vasastaden,Mjölby,Östergötland,2026,2025,3.9676446864741655,3.9390088945362134,248,31,47,787,49.000289,1234.996903,high_coverage,provisional
05860107,Eldslösa,Mjölby,Östergötland,2026,2025,4.216247063899852,4.438860971524288,351,53,32,1194,52.614233,1247.89255,high_coverage,provisional
05860108,Lagman,Mjölby,Östergötland,2026,2025,12.322238482047512,8.722358722358722,225,71,41,814,155.998824,1265.994196,high_coverage,provisional
05860201,Högby,Mjölby,Östergötland,2026,2025,15.048615516329027,6.74955595026643,336,76,23,1126,319.698939,2124.440874,high_coverage,provisional
05860301,Västra Lund-Trojenborg,Mjölby,Östergötland,2026,2025,3.8611336038297353,4.618937644341801,264,40,19,866,47.330077,1225.807803,high_coverage,provisional
05860302,Skänninge landsbygd,Mjölby,Östergötland,2026,2025,2.754135273574299,2.756892230576441,170,22,23,798,40.536018,1471.823784,high_coverage,provisional
05860303,Skänninge centrum-Hattorp,Mjölby,Östergötland,2026,2025,6.642115790876743,6.621004566210046,264,58,19,876,95.667657,1440.319019,high_coverage,provisional
05860701,Normlösa mfl,Mjölby,Östergötland,2026,2025,1.0714391584598328,1.7569546120058566,116,12,33,683,9.664885,902.04702,high_coverage,provisional
05861001,Väderstad-Appuna-Hogstad-Kumla,Mjölby,Östergötland,2026,2025,1.792826608177874,2.4928092042186,223,26,35,1043,27.003438,1506.193509,high_coverage,provisional
05861401,Sya-Västra Harg-Östra Tollstad,Mjölby,Östergötland,2026,2025,1.794919977166095,2.423112767940354,207,26,52,1073,33.729921,1879.18801,high_coverage,provisional
05861701,Viby,Mjölby,Östergötland,2026,2025,4.07841304856381,2.949438202247191,367,42,53,1424,92.155615,2259.594943,high_coverage,provisional
05861801,Veta,Mjölby,Östergötland,2026,2025,2.6591921729828876,2.1714285714285713,232,19,37,875,33.696492,1267.170246,high_coverage,provisional
05861901,Mantorps centrum mfl,Mjölby,Östergötland,2026,2025,4.142509106428964,3.406113537117904,370,39,39,1145,64.833514,1565.07837,high_coverage,provisional
06040103,Aneby Västra,Aneby,Jönköping,2026,2025,3.208743329944424,3.026775320139697,271,52,51,1718,80.969143,2523.391081,high_coverage,provisional
06040202,Aneby Södra,Aneby,Jönköping,2026,2025,12.851456849980245,6.106870229007634,428,88,38,1441,310.98449,2419.838417,high_coverage,provisional
06040301,Aneby Östra,Aneby,Jönköping,2026,2025,3.6715365758262632,3.1014249790444257,269,37,35,1193,70.046904,1907.836203,high_coverage,provisional
06170202,Åsenhöga-Källeryd,Gnosjö,Jönköping,2026,2025,2.0833730677154962,3.663003663003663,145,30,27,819,28.659824,1375.645315,high_coverage,provisional
06170303,Kävsjö,Gnosjö,Jönköping,2026,2025,11.107660558508577,3.173076923076923,232,33,20,1040,201.249664,1811.809633,high_coverage,provisional
06170404,Kulltorp,Gnosjö,Jönköping,2026,2025,5.410345331183301,1.1173184357541899,93,8,3,716,66.070432,1221.186966,high_coverage,provisional
06170501,Gnosjö Norra,Gnosjö,Jönköping,2026,2025,15.072748196717152,6.221719457013575,262,55,19,884,229.469415,1522.412582,high_coverage,provisional
06170502,Gnosjö Östra,Gnosjö,Jönköping,2026,2025,12.456809615929572,3.942652329749104,204,33,16,837,189.500884,1521.263388,high_coverage,provisional
06170503,Gnosjö Västra,Gnosjö,Jönköping,2026,2025,25.224616116407795,7.601572739187418,226,58,20,763,394.06109,1562.208472,high_coverage,provisional
06420103,Sandhem-Utvängstorp,Mullsjö,Jönköping,2026,2025,3.0469220145286227,4.580152671755725,149,36,31,786,37.636187,1235.219898,high_coverage,provisional
06420301,Mullsjö västra,Mullsjö,Jönköping,2026,2025,4.953092153385028,3.6878216123499143,318,43,44,1166,95.567986,1929.461093,high_coverage,provisional
06420302,Mullsjö östra,Mullsjö,Jönköping,2026,2025,6.436766365401058,5.271828665568369,293,64,54,1214,135.944712,2112.003206,high_coverage,provisional
06420304,Mullsjö södra-Bjurbäck,Mullsjö,Jönköping,2026,2025,5.1932426351683745,3.0483271375464684,305,41,78,1345,117.851042,2269.315152,high_coverage,provisional
06430101,Bränninge,Habo,Jönköping,2026,2025,6.1349299171415455,4.39882697947214,352,60,57,1364,132.260696,2155.863193,high_coverage,provisional
06430102,Centrum-Gunnarsbo,Habo,Jönköping,2026,2025,7.655029014272603,4.381443298969073,325,51,46,1164,193.04433,2521.797496,high_coverage,provisional
06430104,Kyrkbyn-Furusjö,Habo,Jönköping,2026,2025,1.8249519650080432,3.4836065573770494,166,34,33,976,28.210396,1545.81581,high_coverage,provisional
06430105,Gustav Adolf-Brandstorp,Habo,Jönköping,2026,2025,1.4450321481423078,2.5157232704402515,195,28,32,1113,28.454898,1969.153284,high_coverage,provisional
06430107,Kärr,Habo,Jönköping,2026,2025,4.286980760870895,2.65748031496063,286,27,44,1016,81.164914,1893.288506,high_coverage,provisional
06430108,Kråkeryd-Mölekullen,Habo,Jönköping,2026,2025,4.969589408742655,2.256317689530686,310,25,52,1108,74.911288,1507.393908,high_coverage,provisional
06430110,Kärnekulla-Sjogarp,Habo,Jönköping,2026,2025,3.5361380975830445,1.3623978201634876,192,15,39,1101,67.953565,1921.688665,high_coverage,provisional
06620101,Gislaved  C,Gislaved,Jönköping,2026,2025,22.811074585508283,18.295218295218294,360,176,18,962,326.840856,1432.816568,high_coverage,provisional
06620102,Gullvivan,Gislaved,Jönköping,2026,2025,37.67058981242759,21.58774373259053,333,155,7,718,459.652172,1220.188413,high_coverage,provisional
06620103,Lundåker,Gislaved,Jönköping,2026,2025,13.901213372036604,8.633093525179856,332,84,18,973,263.33737,1894.34809,high_coverage,provisional
06620104,Sörgården,Gislaved,Jönköping,2026,2025,7.12487082442206,3.912647861692448,319,43,23,1099,117.918084,1655.020658,high_coverage,provisional
06620105,Henja,Gislaved,Jönköping,2026,2025,13.18889467868246,11.98589894242068,307,102,17,851,178.989882,1357.125721,high_coverage,provisional
06620106,Gyllenfors-Hult,Gislaved,Jönköping,2026,2025,13.857582947113025,9.066305818673884,235,67,31,739,269.767096,1946.711032,high_coverage,provisional
06620107,Våthult-Bosebo-Båraryd,Gislaved,Jönköping,2026,2025,10.114732829564296,1.9434628975265018,109,11,16,566,128.970824,1275.078899,high_coverage,provisional
06620408,Anderstorp C,Gislaved,Jönköping,2026,2025,7.058212187158866,5.492424242424242,255,58,22,1056,108.598534,1538.612486,high_coverage,provisional
06620409,Anderstorp N,Gislaved,Jönköping,2026,2025,13.487642487900017,4.647006255585344,288,52,10,1119,275.386158,2041.766441,high_coverage,provisional
06620410,Anderstorp S,Gislaved,Jönköping,2026,2025,18.443716522590794,9.89247311827957,239,92,16,930,295.85225,1604.081529,high_coverage,provisional
06620913,Smålandsstenar C,Gislaved,Jönköping,2026,2025,9.529484014658102,6.430868167202572,314,80,28,1244,206.172162,2163.51863,high_coverage,provisional
06620914,Smålandsstenar V,Gislaved,Jönköping,2026,2025,8.224092935738767,5.276174773289365,288,64,23,1213,163.323738,1985.917952,high_coverage,provisional
06620915,Smålandsstenar Ö,Gislaved,Jönköping,2026,2025,13.73774832430365,6.595995288574794,194,56,23,849,213.15587,1551.607039,high_coverage,provisional
06621017,Burseryd-Sandvik,Gislaved,Jönköping,2026,2025,4.994319796840158,5.140758873929008,170,42,35,817,67.154449,1344.616519,high_coverage,provisional
06621218,Gryteryd-Södra Hestra,Gislaved,Jönköping,2026,2025,1.3689915296613344,2.1937842778793417,73,12,9,547,11.852717,865.799148,high_coverage,provisional
06621419,Ås-Kållerstad,Gislaved,Jönköping,2026,2025,0.8464543668809826,1.5827338129496402,83,11,14,695,8.054689,951.579827,high_coverage,provisional
06621620,Reftele,Gislaved,Jönköping,2026,2025,6.494822189711704,2.6778242677824267,186,32,35,1195,119.786464,1844.337851,high_coverage,provisional
06621621,Norra Hestra,Gislaved,Jönköping,2026,2025,5.217555766435872,3.722943722943723,240,43,25,1155,103.24852,1978.867589,high_coverage,provisional
06650101,Vaggeryd västra,Vaggeryd,Jönköping,2026,2025,3.6384269599207846,1.8126888217522659,280,18,35,993,56.157711,1543.461271,high_coverage,provisional
06650102,Vaggeryd norra,Vaggeryd,Jönköping,2026,2025,8.771928387094261,6.778309409888357,410,85,38,1254,177.289342,2021.09883,high_coverage,provisional
06650103,Vaggeryd östra,Vaggeryd,Jönköping,2026,2025,9.806834584467309,6.490727532097004,457,91,36,1402,225.526066,2299.682574,high_coverage,provisional
06650104,Byarum-Bondstorp,Vaggeryd,Jönköping,2026,2025,2.3996003034834925,2.215508559919436,161,22,14,993,37.285539,1553.822899,high_coverage,provisional
06650305,Västra Skillingaryd-Tofteryd,Vaggeryd,Jönköping,2026,2025,6.4108204428378395,4.516539440203562,350,71,55,1572,162.886664,2540.808395,high_coverage,provisional
06650306,Skillingaryd östra,Vaggeryd,Jönköping,2026,2025,18.842222169137344,9.39183987682833,455,122,34,1299,453.328092,2405.916287,high_coverage,provisional
06650509,Åker-Hagshult,Vaggeryd,Jönköping,2026,2025,2.093211851864167,2.3529411764705883,118,18,22,765,25.054772,1196.953475,high_coverage,provisional
06650610,Hok-Svenarum,Vaggeryd,Jönköping,2026,2025,3.0221336384756388,3.1287605294825513,135,26,31,831,41.472464,1372.29087,high_coverage,provisional
06800120,Samset-Sveahäll,Jönköping,Jönköping,2026,2025,10.973655944264369,4.244482173174872,283,50,59,1178,190.703546,1737.830555,high_coverage,provisional
06800121,Sofia,Jönköping,Jönköping,2026,2025,10.932103774519069,5.243088655862726,312,55,48,1049,86.294246,789.365412,high_coverage,provisional
06800125,Mariebo,Jönköping,Jönköping,2026,2025,5.077389744173847,3.6603221083455346,335,50,87,1366,109.68981,2160.358285,high_coverage,provisional
06800126,Centrum V,Jönköping,Jönköping,2026,2025,11.658134767380645,7.366296670030272,258,73,46,991,227.212423,1948.96034,high_coverage,provisional
06800127,Söder,Jönköping,Jönköping,2026,2025,6.548558619890357,6.058446186742694,387,85,47,1403,124.009795,1893.696036,high_coverage,provisional
06800128,Västra Torget,Jönköping,Jönköping,2026,2025,10.170482070079787,8.898305084745763,269,84,45,944,168.374325,1655.519609,high_coverage,provisional
06800129,Friaredalen,Jönköping,Jönköping,2026,2025,10.554394685221009,9.316239316239317,317,109,66,1170,179.592644,1701.591132,high_coverage,provisional
06800130,Munksjö,Jönköping,Jönköping,2026,2025,12.498078623816646,8.968609865470851,376,120,54,1338,227.876967,1823.295995,high_coverage,provisional
06800131,Torpa Ö,Jönköping,Jönköping,2026,2025,8.044301635880243,4.804804804804805,261,48,51,999,110.976816,1379.570546,high_coverage,provisional
06800132,Torpa V,Jönköping,Jönköping,2026,2025,6.527183613544722,4.351939451277199,336,46,66,1057,104.158455,1595.764133,high_coverage,provisional
06800133,Tokarp,Jönköping,Jönköping,2026,2025,5.033263781524628,5.008635578583765,409,58,63,1158,83.206817,1653.138413,high_coverage,provisional
06800134,Gräshagen-Torpa,Jönköping,Jönköping,2026,2025,8.831091193473076,7.314974182444062,293,85,58,1162,157.742032,1786.212242,high_coverage,provisional
06800135,Bäckalyckan,Jönköping,Jönköping,2026,2025,6.933390470395418,4.799370574350905,330,61,72,1271,127.117562,1833.411266,high_coverage,provisional
06800136,Hisingstorp-Dalvik,Jönköping,Jönköping,2026,2025,11.08368422512644,6.741573033707865,320,90,58,1335,168.23164,1517.831405,high_coverage,provisional
06800137,Skänkeberg-Dalvik,Jönköping,Jönköping,2026,2025,8.964337433847719,6.862745098039215,349,91,77,1326,204.552863,2281.851442,high_coverage,provisional
06800138,Bymarken,Jönköping,Jönköping,2026,2025,5.620209082533108,1.4738393515106853,248,20,86,1357,93.678525,1666.815658,high_coverage,provisional
06800139,Vätterslund - Åbolid,Jönköping,Jönköping,2026,2025,8.491790915516264,2.3890784982935154,216,28,50,1172,62.050871,730.715954,high_coverage,provisional
06800140,Munksjöstaden,Jönköping,Jönköping,2026,2025,9.824374493220137,4.361702127659575,195,41,25,940,115.470551,1175.347612,high_coverage,provisional
06800141,Dunkehalla,Jönköping,Jönköping,2026,2025,7.620750002997456,4.061251664447403,312,61,144,1502,118.940108,1560.740189,high_coverage,provisional
06800142,Kortebo-Strandängen,Jönköping,Jönköping,2026,2025,8.229474207232096,8.249496981891348,272,82,54,994,205.840168,2501.2554,high_coverage,provisional
06800200,Kålgården Ö,Jönköping,Jönköping,2026,2025,8.386316571268447,3.0728709394205445,322,35,64,1139,174.717059,2083.358737,high_coverage,provisional
06800201,Centrum Ö,Jönköping,Jönköping,2026,2025,11.026978559187992,7.5,362,99,68,1320,212.488865,1926.990824,high_coverage,provisional
06800202,Erik Dahlberg,Jönköping,Jönköping,2026,2025,15.875079422601786,9.127301841473178,360,114,53,1249,390.469787,2459.639896,high_coverage,provisional
06800203,Kålgården V,Jönköping,Jönköping,2026,2025,9.817911479540422,4.0358744394618835,327,45,38,1115,94.744144,965.013223,high_coverage,provisional
06800204,Liljeholmsparken,Jönköping,Jönköping,2026,2025,14.822382977779718,7.23404255319149,324,85,94,1175,312.640976,2109.249076,high_coverage,provisional
06800205,Ekhagen S,Jönköping,Jönköping,2026,2025,21.753576509706253,13.325867861142218,308,119,26,893,338.407851,1555.64236,high_coverage,provisional
06800206,Ekhagen N,Jönköping,Jönköping,2026,2025,25.83283964394647,13.095238095238095,274,99,25,756,398.741879,1543.546449,high_coverage,provisional
06800207,Bondberget,Jönköping,Jönköping,2026,2025,14.399231796057375,6.399235912129895,362,67,33,1047,325.707677,2261.979539,high_coverage,provisional
06800211,Rosenlund S,Jönköping,Jönköping,2026,2025,14.86953899927258,7.535641547861507,327,74,55,982,222.138831,1493.918749,high_coverage,provisional
06800212,Rosenlund N,Jönköping,Jönköping,2026,2025,16.844823971205496,7.740324594257179,202,62,48,801,190.367245,1130.123089,high_coverage,provisional
06800213,Vättersnäs,Jönköping,Jönköping,2026,2025,12.301969153829523,3.2638259292837715,316,36,67,1103,316.297034,2571.108983,high_coverage,provisional
06800214,Österängen V,Jönköping,Jönköping,2026,2025,52.23044479995932,28.640192539109506,356,238,34,831,953.486737,1825.538229,high_coverage,provisional
06800215,Österängen Ö,Jönköping,Jönköping,2026,2025,46.661147327055524,23.603192702394526,360,207,28,877,903.594711,1936.503414,high_coverage,provisional
06800216,Liljeholmen,Jönköping,Jönköping,2026,2025,15.03210010020662,9.315589353612168,354,98,68,1052,279.03045,1856.230654,high_coverage,provisional
06800318,Kättilstorp-Haga-Gamla Råslätt,Jönköping,Jönköping,2026,2025,7.150096640772284,4.6276211135213305,401,64,72,1383,132.84857,1857.996845,high_coverage,provisional
06800319,Skeppsbron-Fridhem,Jönköping,Jönköping,2026,2025,7.773401391554784,7.554417413572343,197,59,28,781,76.048848,978.321383,high_coverage,provisional
06800320,Råslätt-Lockebo,Jönköping,Jönköping,2026,2025,31.901123710656655,21.6,293,135,16,625,757.475815,2374.448693,high_coverage,provisional
06800321,Ljungarum,Jönköping,Jönköping,2026,2025,6.82826262501168,4.55820476858345,441,65,85,1426,152.732632,2236.771495,high_coverage,provisional
06800322,Råslätt V,Jönköping,Jönköping,2026,2025,48.21878631982345,30.638297872340427,423,288,28,940,1431.447828,2968.651717,high_coverage,provisional
06800324,Råslätt Ö,Jönköping,Jönköping,2026,2025,43.140248480163265,25.39021852237253,452,244,21,961,674.631339,1563.809581,high_coverage,provisional
06800522,Huskvarna Smedbyn,Jönköping,Jönköping,2026,2025,24.09298904719951,10.783055198973042,264,84,35,779,304.054067,1262.002263,high_coverage,provisional
06800542,Öxnehaga S,Jönköping,Jönköping,2026,2025,36.673037258293014,15.940766550522648,500,183,35,1148,714.172255,1947.404165,high_coverage,provisional
06800543,Öxnehaga C,Jönköping,Jönköping,2026,2025,47.3889545629323,21.997755331088666,424,196,21,891,945.390442,1994.959481,high_coverage,provisional
06800544,Öxnehaga N,Jönköping,Jönköping,2026,2025,35.234697077506375,13.486238532110091,416,147,32,1090,817.909177,2321.317465,high_coverage,provisional
06800545,Norrängen-Brunstorp,Jönköping,Jönköping,2026,2025,10.246443680581729,3.3523537803138375,309,47,64,1402,183.748326,1793.288791,high_coverage,provisional
06800547,Rosendala,Jönköping,Jönköping,2026,2025,17.577286030790674,8.365384615384615,298,87,36,1040,271.392457,1543.995225,high_coverage,provisional
06800548,Huskvarna C,Jönköping,Jönköping,2026,2025,20.802229398143066,7.495429616087751,413,82,45,1094,214.975684,1033.426177,high_coverage,provisional
06800549,Huskvarna Gråbo,Jönköping,Jönköping,2026,2025,18.96464980790468,8.20419325432999,368,90,46,1097,414.875002,2187.622794,high_coverage,provisional
06800551,Huskvarna Tormenås,Jönköping,Jönköping,2026,2025,17.72021389917238,11.211573236889693,362,124,57,1106,352.063689,1986.791418,high_coverage,provisional
06800553,Huskvarna Bråneryd,Jönköping,Jönköping,2026,2025,27.321878622972605,11.870967741935484,311,92,32,775,480.511761,1758.706887,high_coverage,provisional
06800654,Stensholm-Jöransberg,Jönköping,Jönköping,2026,2025,7.705735823536378,2.3181454836131095,306,29,61,1251,156.847739,2035.467379,high_coverage,provisional
06800655,Egnahem-Fagerslätt,Jönköping,Jönköping,2026,2025,5.530303642431699,3.7598944591029024,350,57,79,1516,137.1129,2479.301479,high_coverage,provisional
06800656,Petersberg-Jutaholm,Jönköping,Jönköping,2026,2025,10.643982732094583,3.027245206861756,237,30,40,991,156.13711,1466.904954,high_coverage,provisional
06800657,Kungsängen-Ekhagen Ö,Jönköping,Jönköping,2026,2025,20.83005629832622,6.7157313707451705,351,73,60,1087,268.785052,1290.371222,high_coverage,provisional
06800760,Gränna S,Jönköping,Jönköping,2026,2025,3.986583383224386,3.312302839116719,269,42,95,1268,74.325824,1864.399082,high_coverage,provisional
06800761,Gränna N,Jönköping,Jönköping,2026,2025,5.363784291853039,5.031948881789138,283,63,76,1252,105.160981,1960.574387,high_coverage,provisional
06800863,Norrahammar C-Flahult,Jönköping,Jönköping,2026,2025,12.65769737513392,5.574614065180103,324,65,56,1166,184.178512,1455.071223,high_coverage,provisional
06800864,Norrahammar S,Jönköping,Jönköping,2026,2025,15.990965748889808,6.298533218291631,372,73,39,1159,224.736882,1405.399058,high_coverage,provisional
06800865,Hovslätt,Jönköping,Jönköping,2026,2025,11.627174428212255,2.6753434562545193,291,37,65,1383,309.997455,2666.146078,high_coverage,provisional
06800896,Hovslätt N,Jönköping,Jönköping,2026,2025,5.586103642415401,3.68,427,46,78,1250,109.576746,1961.595291,high_coverage,provisional
06800897,Hovslätt S-Norrahammar N,Jönköping,Jönköping,2026,2025,12.127037411892111,8.90890890890891,300,89,29,999,191.819183,1581.748093,high_coverage,provisional
06800967,Visingsö,Jönköping,Jönköping,2026,2025,1.6417909788040679,4.040404040404041,162,20,33,495,10.400186,633.4659,high_coverage,provisional
06801068,Skärstad,Jönköping,Jönköping,2026,2025,3.4687439401394675,4.02621722846442,192,43,50,1068,73.215579,2110.723082,high_coverage,provisional
06801069,Kaxholmen,Jönköping,Jönköping,2026,2025,3.405850833263052,1.5425888665325285,295,23,92,1491,62.729378,1841.812254,high_coverage,provisional
06801170,Ölmstad,Jönköping,Jönköping,2026,2025,2.305313909131681,2.971014492753623,248,41,91,1380,49.106343,2130.136933,high_coverage,provisional
06801473,Lekeryd-Järsnäs-Svarttorp,Jönköping,Jönköping,2026,2025,2.002948415966054,2.566225165562914,213,31,30,1208,34.498813,1722.401472,high_coverage,provisional
06801474,Lekeryd,Jönköping,Jönköping,2026,2025,1.1992729187482882,1.9250253292806485,178,19,40,987,17.573148,1465.316837,high_coverage,provisional
06801574,Tenhult N-Öggestorp,Jönköping,Jönköping,2026,2025,7.933409262389042,2.2425249169435215,217,27,40,1204,195.015927,2458.160427,high_coverage,provisional
06801575,Tenhult S-Ödestugu,Jönköping,Jönköping,2026,2025,2.899804450068087,2.0042194092827006,180,19,34,948,68.780568,2371.903664,high_coverage,provisional
06801576,Tenhult C,Jönköping,Jönköping,2026,2025,4.629903730450531,2.3767605633802815,260,27,42,1136,39.53724,853.953825,high_coverage,provisional
06801676,Barnarp C,Jönköping,Jönköping,2026,2025,11.231631134476629,4.304029304029304,334,47,29,1092,192.552956,1714.381052,high_coverage,provisional
06801689,Barnarp,Jönköping,Jönköping,2026,2025,10.606470685016921,3.4482758620689653,310,41,30,1189,265.313318,2501.428853,high_coverage,provisional
06801979,Månsarp,Jönköping,Jönköping,2026,2025,4.290564521201484,2.7410207939508506,278,29,37,1058,77.231454,1800.030127,high_coverage,provisional
06801980,Taberg V,Jönköping,Jönköping,2026,2025,4.419319219933393,3.536977491961415,298,44,52,1244,84.884286,1920.754799,high_coverage,provisional
06801988,Taberg Ö,Jönköping,Jönköping,2026,2025,6.073287269775046,3.0588235294117645,329,39,42,1275,119.714943,1971.17208,high_coverage,provisional
06802081,Attarp-Sjöåkra,Jönköping,Jönköping,2026,2025,10.228073301173392,6.955046649703139,390,82,53,1179,207.15526,2025.359556,high_coverage,provisional
06802082,Backamo,Jönköping,Jönköping,2026,2025,3.4019269224072697,2.19941348973607,286,30,53,1364,67.875225,1995.199384,high_coverage,provisional
06802083,Trånghalla-Järstorp,Jönköping,Jönköping,2026,2025,5.646780252447393,2.014388489208633,250,28,73,1390,201.961614,3576.580015,high_coverage,provisional
06802085,Torp,Jönköping,Jönköping,2026,2025,4.2289968187666,3.2420749279538903,366,45,78,1388,63.663534,1505.405105,high_coverage,provisional
06802086,Nyarp,Jönköping,Jönköping,2026,2025,4.936088701206838,2.303120356612184,330,31,70,1346,97.54436,1976.146822,high_coverage,provisional
06802184,Bottnaryd,Jönköping,Jönköping,2026,2025,7.812291454210612,2.2248243559718968,161,19,28,854,104.999687,1344.031871,high_coverage,provisional
06802285,Angerdshestra-Mulseryd-N Unnaryd,Jönköping,Jönköping,2026,2025,2.1136140811390605,1.6476552598225602,119,13,22,789,23.736495,1123.028807,high_coverage,provisional
06820101,Nässjö centrum,Nässjö,Jönköping,2026,2025,19.817195912901916,6.633380884450784,474,93,30,1402,445.43542,2247.721736,high_coverage,provisional
06820103,Nässjö landsbygd,Nässjö,Jönköping,2026,2025,9.875242655039692,2.4186046511627906,200,26,44,1075,245.988498,2490.961555,high_coverage,provisional
06820104,Handskeryd,Nässjö,Jönköping,2026,2025,14.768904913666344,7.47599451303155,429,109,51,1458,295.721278,2002.323664,high_coverage,provisional
06820105,Ingsberg,Nässjö,Jönköping,2026,2025,8.65682097123279,3.7037037037037037,412,48,53,1296,153.829064,1776.96945,high_coverage,provisional
06820106,Nyhem,Nässjö,Jönköping,2026,2025,13.256984532638873,6.235385814497272,399,80,49,1283,268.437161,2024.873457,high_coverage,provisional
06820107,Runneryd,Nässjö,Jönköping,2026,2025,36.78505766709528,14.96,614,187,30,1250,1075.782168,2924.508581,high_coverage,provisional
06820108,Norrboda,Nässjö,Jönköping,2026,2025,25.121440996799944,12.816041848299912,419,147,41,1147,428.879716,1707.225776,high_coverage,provisional
06820109,Åker,Nässjö,Jönköping,2026,2025,9.443337068753054,3.9726027397260273,400,58,40,1460,244.729131,2591.553486,high_coverage,provisional
06820110,Södergården,Nässjö,Jönköping,2026,2025,15.667407760501058,8.275328692962104,397,107,32,1293,319.355489,2038.34287,high_coverage,provisional
06820315,Bodafors,Nässjö,Jönköping,2026,2025,11.934754129199542,6.7426400759734095,270,71,47,1053,222.633546,1865.422141,high_coverage,provisional
06820317,Grimstorp/Sandsjöfors,Nässjö,Jönköping,2026,2025,2.5801851845299604,2.962962962962963,209,40,49,1350,50.936985,1974.160045,high_coverage,provisional
06820519,Anneberg,Nässjö,Jönköping,2026,2025,3.961338228454873,4.434149569821311,321,67,36,1511,94.813702,2393.476561,high_coverage,provisional
06820724,Forserum,Nässjö,Jönköping,2026,2025,7.656152709070742,4.6568627450980395,311,57,46,1224,123.412502,1611.938877,high_coverage,provisional
06820726,Barkeryd/Äng,Nässjö,Jönköping,2026,2025,3.416711860086108,2.1989528795811517,143,21,40,955,59.95955,1754.890446,high_coverage,provisional
06820929,Malmbäck,Nässjö,Jönköping,2026,2025,5.0487613510349165,2.3112480739599386,264,30,24,1298,104.085009,2061.594949,high_coverage,provisional
06830101,Västhorja,Värnamo,Jönköping,2026,2025,4.878388703134026,1.5449438202247192,322,22,50,1424,108.849928,2231.26804,high_coverage,provisional
06830102,Trälleborg,Värnamo,Jönköping,2026,2025,19.033683873998505,12.738214643931796,342,127,31,997,387.917495,2038.057885,high_coverage,provisional
06830103,Norregård,Värnamo,Jönköping,2026,2025,12.746589982865926,7.0559610705596105,241,58,36,822,169.721731,1331.506946,high_coverage,provisional
06830104,Pilagården,Värnamo,Jönköping,2026,2025,12.613407390855938,6.344950848972297,356,71,40,1119,76.626044,607.496782,high_coverage,provisional
06830105,Skogsfållen,Värnamo,Jönköping,2026,2025,21.784718785506804,10.276679841897232,331,78,22,759,222.944206,1023.397218,high_coverage,provisional
06830106,Rörstorp,Värnamo,Jönköping,2026,2025,13.329311038200952,5.52423900789177,283,49,30,887,271.60063,2037.619418,high_coverage,provisional
06830107,Apladalen,Värnamo,Jönköping,2026,2025,8.662431586712332,4.291417165668663,275,43,24,1002,171.485349,1979.644483,high_coverage,provisional
06830108,Mossle,Värnamo,Jönköping,2026,2025,22.09748154467046,11.342592592592593,319,98,37,864,383.894919,1737.279057,high_coverage,provisional
06830109,Lillegård,Värnamo,Jönköping,2026,2025,12.79989447209872,3.4319526627218937,223,29,26,845,206.341362,1612.055181,high_coverage,provisional
06830111,Gröndal,Värnamo,Jönköping,2026,2025,3.9647156359133766,2.838827838827839,298,31,34,1092,61.445604,1549.811125,high_coverage,provisional
06830123,Nylund,Värnamo,Jönköping,2026,2025,8.50282400161225,2.3346303501945527,303,24,44,1028,160.526466,1887.919425,high_coverage,provisional
06830124,Hornaryd,Värnamo,Jönköping,2026,2025,7.339046555768199,5.412844036697248,389,59,29,1090,128.871252,1755.967223,high_coverage,provisional
06830125,Vråen,Värnamo,Jönköping,2026,2025,12.824537151047043,9.010011123470523,375,81,25,899,200.972499,1567.093585,high_coverage,provisional
06830209,Bredaryd,Värnamo,Jönköping,2026,2025,4.6067524266636735,1.9723865877712032,316,30,41,1521,108.111953,2346.814914,high_coverage,provisional
06830512,Hånger,Värnamo,Jönköping,2026,2025,1.8908430446743512,1.6025641025641026,169,15,45,936,26.542844,1403.757127,high_coverage,provisional
06830613,Forsheda,Värnamo,Jönköping,2026,2025,6.013291038321449,3.3650329188002925,325,46,38,1367,125.85167,2092.891716,high_coverage,provisional
06830916,Nöbbele,Värnamo,Jönköping,2026,2025,2.0214894504976133,1.4962593516209477,143,12,26,802,20.932702,1035.508842,high_coverage,provisional
06831017,Bor,Värnamo,Jönköping,2026,2025,4.023990885960864,3.3200531208499338,332,50,44,1506,95.31793,2368.7412,high_coverage,provisional
06831220,Rydaholm,Värnamo,Jönköping,2026,2025,7.6896708770351,3.4320323014804845,340,51,43,1486,192.929123,2508.938628,high_coverage,provisional
06831321,Fryele,Värnamo,Jönköping,2026,2025,2.1835298209762843,2.5551684088269453,154,22,33,861,31.048913,1421.95965,high_coverage,provisional
06840101,Sävsjö stad,Sävsjö,Jönköping,2026,2025,16.38760867898771,7.983761840324763,377,118,38,1478,409.63613,2499.669952,high_coverage,provisional
06840102,Sävsjö Ljunga,Sävsjö,Jönköping,2026,2025,12.19531974812521,5.927835051546392,274,69,24,1164,240.268009,1970.165719,high_coverage,provisional
06840103,Sävsjö Vallsjö,Sävsjö,Jönköping,2026,2025,16.410364392829116,7.65625,305,98,18,1280,370.828879,2259.723612,high_coverage,provisional
06840304,Vrigstad,Sävsjö,Jönköping,2026,2025,5.799057117842565,3.0327868852459017,158,37,38,1220,114.266983,1970.440723,high_coverage,provisional
06840605,Rörvik,Sävsjö,Jönköping,2026,2025,3.7819802586820863,2.130492676431425,101,16,23,751,43.861383,1159.746482,high_coverage,provisional
06840706,Stockaryd,Sävsjö,Jönköping,2026,2025,9.647554360411393,5.469556243550052,160,53,25,969,161.138619,1670.253548,high_coverage,provisional
06850101,Mellangården,Vetlanda,Jönköping,2026,2025,11.461764035934113,6.2783171521035595,463,97,41,1545,291.414971,2542.496688,high_coverage,provisional
06850102,Brunnsgård,Vetlanda,Jönköping,2026,2025,12.515658727445949,5.964368706429124,355,77,45,1291,241.833707,1932.249131,high_coverage,provisional
06850103,Vetlanda Flugeby-Näsby,Vetlanda,Jönköping,2026,2025,22.398008122892044,11.759581881533101,280,135,31,1148,538.062674,2402.279127,high_coverage,provisional
06850104,Pukaregården,Vetlanda,Jönköping,2026,2025,13.824529464425222,7.390510948905109,342,81,22,1096,243.130012,1758.685622,high_coverage,provisional
06850105,Tomaslunden,Vetlanda,Jönköping,2026,2025,11.057990011514287,7.583774250440917,358,86,28,1134,203.455218,1839.893306,high_coverage,provisional
06850106,Karlslund,Vetlanda,Jönköping,2026,2025,9.165917313909544,6.203007518796992,310,66,20,1064,156.961246,1712.44449,high_coverage,provisional
06850107,Ekenässjön-Björköby,Vetlanda,Jönköping,2026,2025,9.177435205378497,6.557377049180328,402,100,38,1525,223.907038,2439.75613,high_coverage,provisional
06850309,Bäckseda,Vetlanda,Jönköping,2026,2025,4.030330112447807,2.6395939086294415,502,52,36,1970,118.107226,2930.460352,high_coverage,provisional
06850511,Bäckaby-Ramkvilla,Vetlanda,Jönköping,2026,2025,1.085486702809409,1.4341590612777053,105,11,37,767,12.674185,1167.603893,high_coverage,provisional
06850816,Korsberga,Vetlanda,Jönköping,2026,2025,3.5635150298749645,3.407755581668625,135,29,22,851,46.708952,1310.755016,high_coverage,provisional
06851320,Nye-Näshult,Vetlanda,Jönköping,2026,2025,2.2373978350535584,3.690888119953864,117,32,37,867,29.823955,1332.975054,high_coverage,provisional
06851522,Holsbybrunn,Vetlanda,Jönköping,2026,2025,5.311259780525367,4.940014114326041,299,70,42,1417,113.543204,2137.782912,high_coverage,provisional
06851623,Kvillsfors-Pauliström,Vetlanda,Jönköping,2026,2025,4.466934559987533,4.201680672268908,130,25,19,595,46.453387,1039.93883,high_coverage,provisional
06851926,Landsbro-Myresjö,Vetlanda,Jönköping,2026,2025,6.686379296757509,4.0,382,64,40,1600,184.924352,2765.687434,high_coverage,provisional
06860101,Sjöängen/Prästängen m.fl.,Eksjö,Jönköping,2026,2025,6.086420748670926,4.634146341463414,372,76,79,1640,147.017807,2415.505156,high_coverage,provisional
06860102,Norrtull med landsbygd,Eksjö,Jönköping,2026,2025,4.816112901456106,3.4210526315789473,329,39,40,1140,78.242375,1624.595947,high_coverage,provisional
06860103,Gamla Stan m.fl.,Eksjö,Jönköping,2026,2025,18.10049654074676,11.94915254237288,388,141,50,1180,304.97151,1684.879248,high_coverage,provisional
06860104,Grevhagen med landsbygd,Eksjö,Jönköping,2026,2025,6.41681679293478,4.718417047184171,348,62,74,1314,159.031028,2478.347647,high_coverage,provisional
06860105,Blåsippan-Kaffekullen,Eksjö,Jönköping,2026,2025,16.99769603283411,9.108341323106425,327,95,48,1043,313.348434,1843.475924,high_coverage,provisional
06860106,Kvarnarp,Eksjö,Jönköping,2026,2025,7.66202088367836,4.0201005025125625,312,40,34,995,119.569233,1560.544337,high_coverage,provisional
06860207,Mariannelund-Hässleby-Kråkshult,Eksjö,Jönköping,2026,2025,9.31355882348465,3.937728937728938,328,43,36,1092,177.472555,1905.5289,high_coverage,provisional
06860514,Ingatorp-Hjältevad-Bellö,Eksjö,Jönköping,2026,2025,4.410256363489933,2.834008097165992,161,21,27,741,50.585523,1146.997336,high_coverage,provisional
06860615,Hult-Bruzaholm,Eksjö,Jönköping,2026,2025,3.3324494084220944,2.96377607025247,184,27,25,911,45.919826,1377.960184,high_coverage,provisional
06860820,Höreda-Mellby,Eksjö,Jönköping,2026,2025,1.8976731261941886,1.1892963330029733,145,12,41,1009,30.839107,1625.101108,high_coverage,provisional
06870101,Tranås Norra-Sommen,Tranås,Jönköping,2026,2025,15.932527748154072,8.065915004336514,327,93,47,1153,359.813884,2258.360316,high_coverage,provisional
06870102,Tranås Kvarn,Tranås,Jönköping,2026,2025,7.213108341702374,4.344453064391001,371,56,61,1289,142.168746,1970.977549,high_coverage,provisional
06870103,Ängaryd,Tranås,Jönköping,2026,2025,11.072025798822283,8.222222222222221,445,111,46,1350,263.257756,2377.68373,high_coverage,provisional
06870104,Centrum,Tranås,Jönköping,2026,2025,18.884688045427367,9.045584045584045,533,127,45,1404,410.329029,2172.813382,high_coverage,provisional
06870105,Ekmarksberg,Tranås,Jönköping,2026,2025,13.936573498774514,9.146341463414634,359,90,47,984,218.965157,1571.154897,high_coverage,provisional
06870106,Junkaremålen,Tranås,Jönköping,2026,2025,3.2983107208810565,3.181489515545915,451,44,54,1383,66.288479,2009.770595,high_coverage,provisional
06870107,Fröafall,Tranås,Jönköping,2026,2025,3.0800603464589913,1.6331658291457287,411,26,67,1592,62.508427,2029.45462,high_coverage,provisional
06870108,Tranås Södra,Tranås,Jönköping,2026,2025,10.27987124393153,6.628940986257073,405,82,56,1237,220.133063,2141.399029,high_coverage,provisional
06870109,Tranås Västra,Tranås,Jönköping,2026,2025,1.8047993588874767,2.674230145867099,237,33,59,1234,36.534934,2024.321087,high_coverage,provisional
07600101,Åseda N,Uppvidinge,Kronoberg,2026,2025,14.966560537082856,7.578740157480315,239,77,38,1016,271.922022,1816.86381,high_coverage,provisional
07600102,Åseda S,Uppvidinge,Kronoberg,2026,2025,12.264241152095714,7.526881720430108,164,56,17,744,166.588644,1358.328183,high_coverage,provisional
07600305,Lenhovda,Uppvidinge,Kronoberg,2026,2025,8.50336226482885,5.212922173274596,349,71,24,1362,187.881027,2209.491036,high_coverage,provisional
07600407,Nottebäck,Uppvidinge,Kronoberg,2026,2025,4.23153958572147,5.209397344228805,265,51,32,979,70.489326,1665.808025,high_coverage,provisional
07600511,Älghult,Uppvidinge,Kronoberg,2026,2025,7.220364590537092,6.718924972004479,206,60,36,893,134.118347,1857.501035,high_coverage,provisional
07610101,Lessebo N,Lessebo,Kronoberg,2026,2025,25.482370462138345,13.806451612903226,305,107,20,775,382.999603,1502.998332,high_coverage,provisional
07610102,Lessebo S,Lessebo,Kronoberg,2026,2025,24.768212183831636,16.066481994459835,227,116,17,722,356.460717,1439.186302,high_coverage,provisional
07610203,Hovmantorp Ö,Lessebo,Kronoberg,2026,2025,10.349240434678252,9.099018733273862,341,102,43,1121,184.120051,1779.068253,high_coverage,provisional
07610206,Hovmantorp V,Lessebo,Kronoberg,2026,2025,6.659249329769128,6.349206349206349,326,64,48,1008,109.707818,1647.450224,high_coverage,provisional
07610304,Ekeberga,Lessebo,Kronoberg,2026,2025,9.648245498363409,8.80281690140845,239,50,19,568,92.649436,960.272373,high_coverage,provisional
07610405,Ljuder,Lessebo,Kronoberg,2026,2025,3.941549041903193,3.8910505836575875,126,20,9,514,31.066841,788.18862,high_coverage,provisional
07630101,Tingsryd 1,Tingsryd,Kronoberg,2026,2025,16.378572512359003,7.485380116959064,273,64,12,855,263.925244,1611.405657,high_coverage,provisional
07630102,Tingsryd 2,Tingsryd,Kronoberg,2026,2025,7.744353776455294,4.126984126984127,364,52,30,1260,166.073574,2144.447152,high_coverage,provisional
07630204,Almundsryd,Tingsryd,Kronoberg,2026,2025,8.298969351073442,4.382826475849732,263,49,24,1118,161.000004,1939.999983,high_coverage,provisional
07630309,Älmeboda-Linneryd,Tingsryd,Kronoberg,2026,2025,2.7214513262327036,3.6939313984168867,201,42,39,1137,50.995535,1873.836012,high_coverage,provisional
07630511,S Sandsjö,Tingsryd,Kronoberg,2026,2025,3.5087718648473043,4.529616724738676,141,26,9,574,36.0,1026.000019,high_coverage,provisional
07630612,Väckelsång,Tingsryd,Kronoberg,2026,2025,3.784569167623218,5.13347022587269,253,50,26,974,57.001188,1506.147344,high_coverage,provisional
07630716,Urshult,Tingsryd,Kronoberg,2026,2025,5.819809263257709,5.253623188405797,278,58,53,1104,103.999992,1787.000008,high_coverage,provisional
07640101,Alvesta N,Alvesta,Kronoberg,2026,2025,27.37471299118698,15.860517435320585,343,141,26,889,507.001315,1852.079016,high_coverage,provisional
07640102,Alvesta S-Blädinge,Alvesta,Kronoberg,2026,2025,14.823428210368895,9.052808046940486,391,108,48,1193,271.506247,1831.602266,high_coverage,provisional
07640103,Aringsås,Alvesta,Kronoberg,2026,2025,5.0733375143907065,4.11214953271028,304,44,35,1070,94.877107,1870.112263,high_coverage,provisional
07640104,Alvesta V,Alvesta,Kronoberg,2026,2025,21.035313741114017,15.03623188405797,462,166,26,1104,531.453092,2526.480463,high_coverage,provisional
07640105,Lekaryd-Härlöv-Prästängen,Alvesta,Kronoberg,2026,2025,5.692559164606492,5.143721633888048,345,68,58,1322,124.230356,2182.328763,high_coverage,provisional
07640408,Hjortsberga,Alvesta,Kronoberg,2026,2025,2.7089849443793894,3.741007194244604,104,26,19,695,26.626407,982.892395,high_coverage,provisional
07640509,Slätthög-Mistelås-Moheda V,Alvesta,Kronoberg,2026,2025,2.1513817212624096,3.4262948207171315,267,43,50,1255,38.209872,1776.061943,high_coverage,provisional
07640510,Moheda Ö,Alvesta,Kronoberg,2026,2025,2.580352370190972,5.004468275245755,238,56,52,1119,45.152422,1749.854885,high_coverage,provisional
07640914,Vislanda,Alvesta,Kronoberg,2026,2025,6.5059954952675865,5.502567865003669,295,75,39,1363,146.456737,2251.104187,high_coverage,provisional
07641017,Skatelöv,Alvesta,Kronoberg,2026,2025,1.627392908343741,2.1486123545210387,226,24,60,1117,26.458652,1625.830607,high_coverage,provisional
07641119,Västra Torsås,Alvesta,Kronoberg,2026,2025,1.9114393917886772,3.179190751445087,118,22,25,692,20.033126,1048.064934,high_coverage,provisional
07650101,Gemön-Möckeln,Älmhult,Kronoberg,2026,2025,21.06835905498419,4.503582395087001,329,44,43,977,507.737281,2409.951718,high_coverage,provisional
07650103,Klöxhult,Älmhult,Kronoberg,2026,2025,11.6276718884442,3.360581289736603,347,37,48,1101,247.122611,2125.297423,high_coverage,provisional
07650115,Norregård,Älmhult,Kronoberg,2026,2025,11.071916854411416,3.87858347386172,300,46,22,1186,227.383233,2053.693466,high_coverage,provisional
07650116,Froafälle,Älmhult,Kronoberg,2026,2025,14.324219832569817,6.781609195402299,265,59,46,870,227.263446,1586.567706,high_coverage,provisional
07650117,Haganäs,Älmhult,Kronoberg,2026,2025,45.835036322973245,18.982630272952854,328,153,24,806,962.852256,2100.690505,high_coverage,provisional
07650118,Centrum,Älmhult,Kronoberg,2026,2025,14.108487676261754,6.142857142857143,234,43,47,700,146.615933,1039.20375,high_coverage,provisional
07650204,Häradsbäck-Bråthult,Älmhult,Kronoberg,2026,2025,3.676936194034361,3.1289111389236544,143,25,28,799,50.016698,1360.281913,high_coverage,provisional
07650305,Virestad-Eneryda,Älmhult,Kronoberg,2026,2025,3.8330953894782698,3.543307086614173,266,36,24,1016,65.623042,1712.011712,high_coverage,provisional
07650408,Diö-Stenbrohult,Älmhult,Kronoberg,2026,2025,3.800326172891614,4.480286738351254,264,50,60,1116,68.772629,1809.650695,high_coverage,provisional
07650511,Göteryd,Älmhult,Kronoberg,2026,2025,2.2963604548340895,2.2267206477732793,204,22,30,988,31.612873,1376.651167,high_coverage,provisional
07670101,Markaryd 1 V,Markaryd,Kronoberg,2026,2025,13.473806393129232,8.263598326359833,248,79,22,956,245.161382,1819.540632,high_coverage,provisional
07670103,Timsfors-Råstorp,Markaryd,Kronoberg,2026,2025,5.59319595170086,3.508771929824561,248,46,27,1311,136.675997,2443.611813,high_coverage,provisional
07670104,Markaryd 1 Ö,Markaryd,Kronoberg,2026,2025,7.17998018480151,3.642671292281006,288,42,24,1153,135.420353,1886.082545,high_coverage,provisional
07670205,Traryd-Hinneryd,Markaryd,Kronoberg,2026,2025,5.558552054525419,2.2696929238985315,136,17,19,749,70.51388,1268.565614,high_coverage,provisional
07670308,Strömsnäsbruk,Markaryd,Kronoberg,2026,2025,16.54504275754091,8.064516129032258,307,95,22,1178,404.228392,2443.19944,high_coverage,provisional
07800115,Centrum,Växjö,Kronoberg,2026,2025,9.605199618983915,8.587257617728532,264,93,81,1083,152.335161,1585.965592,high_coverage,provisional
07800116,Bäckaslöv,Växjö,Kronoberg,2026,2025,7.044673131079418,7.63430725730443,296,81,64,1061,116.466948,1653.262626,high_coverage,provisional
07800117,Söder,Växjö,Kronoberg,2026,2025,7.3267291812219435,3.36,339,42,124,1250,158.289628,2160.440547,high_coverage,provisional
07800118,Öster,Växjö,Kronoberg,2026,2025,10.080679795661334,7.238095238095238,271,76,60,1050,141.634722,1405.011615,high_coverage,provisional
07800119,Kvarnhagen,Växjö,Kronoberg,2026,2025,15.734761476828195,13.601532567049809,286,142,65,1044,389.474663,2475.24987,high_coverage,provisional
07800120,Högstorp-Hollstorp,Växjö,Kronoberg,2026,2025,4.370778758545411,3.8861901457321304,407,56,90,1441,85.943229,1966.313871,high_coverage,provisional
07800121,Väster,Växjö,Kronoberg,2026,2025,8.341362517328548,5.546995377503852,328,72,63,1298,167.417667,2007.07818,high_coverage,provisional
07800171,Museet,Växjö,Kronoberg,2026,2025,7.0288869505053375,4.420731707317073,351,58,91,1312,118.43551,1684.982428,high_coverage,provisional
07800225,Furuby,Växjö,Kronoberg,2026,2025,1.4790200463051681,5.010438413361169,115,24,37,479,10.433274,705.418025,high_coverage,provisional
07800326,Braås,Växjö,Kronoberg,2026,2025,11.261374678568469,7.6923076923076925,367,97,50,1261,229.42822,2037.302075,high_coverage,provisional
07800630,Dädesjö,Växjö,Kronoberg,2026,2025,5.3243336283893985,6.78391959798995,85,27,21,398,41.147113,772.812447,high_coverage,provisional
07800731,Åryd,Växjö,Kronoberg,2026,2025,3.4497876518991304,6.238532110091743,239,68,52,1090,48.482833,1405.386009,high_coverage,provisional
07800833,Ingelstad,Växjö,Kronoberg,2026,2025,4.110365673576333,5.171299288946348,479,80,51,1547,97.789563,2379.09643,high_coverage,provisional
07800934,Värends Nöbbele,Växjö,Kronoberg,2026,2025,1.4196984169583218,3.4557235421166306,107,16,28,463,9.357524,659.120549,high_coverage,provisional
07801338,Tävelsås-Uråsa,Växjö,Kronoberg,2026,2025,2.3598575828935404,3.6903690369036903,242,41,68,1111,39.928667,1691.994775,high_coverage,provisional
07801439,Vederslöv,Växjö,Kronoberg,2026,2025,1.6669599676669427,3.2139577594123048,214,35,57,1089,25.630914,1537.584255,high_coverage,provisional
07801641,Gemla,Växjö,Kronoberg,2026,2025,3.2041738611098296,3.9408866995073892,308,48,80,1218,58.147972,1814.75708,high_coverage,provisional
07801742,Bergunda-Bredvik,Växjö,Kronoberg,2026,2025,5.497212416789147,5.844748858447488,258,64,44,1095,121.299298,2206.56014,high_coverage,provisional
07801853,Öjaby norra,Växjö,Kronoberg,2026,2025,3.272094994758657,1.9565217391304348,174,18,44,920,73.656219,2251.041584,high_coverage,provisional
07801854,Öjaby södra-Räppe,Växjö,Kronoberg,2026,2025,5.610149913851099,3.409090909090909,331,48,41,1408,55.885425,996.148514,high_coverage,provisional
07801944,Åby,Växjö,Kronoberg,2026,2025,1.295198569363347,2.823018458197611,207,26,50,921,17.880496,1380.521599,high_coverage,provisional
07802045,Sandsbro östra,Växjö,Kronoberg,2026,2025,2.6826934795804616,3.55297157622739,402,55,87,1548,62.765188,2339.633226,high_coverage,provisional
07802062,Sandsbro västra,Växjö,Kronoberg,2026,2025,5.106278329524992,2.5525525525525525,379,34,62,1332,103.111162,2019.301639,high_coverage,provisional
07802154,Rottne södra,Växjö,Kronoberg,2026,2025,6.075513175750666,6.755373592630502,248,66,39,977,102.386978,1685.239996,high_coverage,provisional
07802155,Rottne norra,Växjö,Kronoberg,2026,2025,8.208639781447962,6.666666666666667,201,49,27,735,102.721589,1251.383807,high_coverage,provisional
07802449,Lammhult,Växjö,Kronoberg,2026,2025,10.77192599490943,5.405405405405405,228,56,32,1036,211.03761,1959.144633,high_coverage,provisional
07802551,Asa-Berg-Tolg,Växjö,Kronoberg,2026,2025,2.11989872810083,3.90625,147,35,88,896,26.962471,1271.875427,high_coverage,provisional
07802855,Kungsmad,Växjö,Kronoberg,2026,2025,22.509091625712923,10.406272273699216,391,146,75,1403,543.01594,2412.429382,high_coverage,provisional
07802865,Ringsberg,Växjö,Kronoberg,2026,2025,8.674637684641576,8.587257617728532,314,93,79,1083,135.913139,1566.787501,high_coverage,provisional
07802866,Norrelid,Växjö,Kronoberg,2026,2025,11.192716337172099,8.773784355179703,285,83,67,946,160.859208,1437.177564,high_coverage,provisional
07802868,Fagrabäck,Växjö,Kronoberg,2026,2025,7.4024751702358955,7.722007722007722,353,80,82,1036,140.236596,1894.455473,high_coverage,provisional
07802869,Norr,Växjö,Kronoberg,2026,2025,3.5666268638244607,4.78515625,307,49,88,1024,53.186527,1491.227679,high_coverage,provisional
07802870,Teknikum,Växjö,Kronoberg,2026,2025,11.378008140871197,13.301088270858525,351,110,51,827,115.570833,1015.738709,high_coverage,provisional
07802960,Östra Lugnet,Växjö,Kronoberg,2026,2025,6.314910784399971,4.0310077519379846,344,52,65,1290,141.579974,2241.994841,high_coverage,provisional
07802974,Pilbäcken,Växjö,Kronoberg,2026,2025,25.519804530629017,17.139852786540484,407,163,33,951,504.031274,1975.059305,high_coverage,provisional
07802975,Hov,Växjö,Kronoberg,2026,2025,7.132592450158257,5.24822695035461,486,74,85,1410,148.139213,2076.933654,high_coverage,provisional
07802976,Dalbo centrum,Växjö,Kronoberg,2026,2025,45.17220901043158,38.800904977375566,368,343,24,884,1099.34707,2433.680119,high_coverage,provisional
07802977,Araby,Växjö,Kronoberg,2026,2025,52.313809580153865,40.436590436590436,425,389,19,962,1152.23084,2202.536671,high_coverage,provisional
07802978,Nydala,Växjö,Kronoberg,2026,2025,44.22152285550529,37.3266078184111,322,296,24,793,996.421148,2253.249286,high_coverage,provisional
07802979,Danneborg-Östra Hovshaga,Växjö,Kronoberg,2026,2025,9.618925738811887,7.517619420516836,416,96,50,1277,187.611983,1950.446319,high_coverage,provisional
07802980,Arenastaden,Växjö,Kronoberg,2026,2025,18.335534726854696,11.28491620111732,298,101,30,895,311.071444,1696.549616,high_coverage,provisional
07802981,Gustavslund,Växjö,Kronoberg,2026,2025,7.180147643433626,6.583760058522311,480,90,75,1367,82.698564,1151.766901,high_coverage,provisional
07802982,Ulriksberg,Växjö,Kronoberg,2026,2025,8.33085507507592,5.307050796057619,318,70,84,1319,166.579569,1999.549476,high_coverage,provisional
07802988,Hovshaga centrum,Växjö,Kronoberg,2026,2025,8.023345437863371,7.836456558773424,382,92,42,1174,225.493439,2810.466541,high_coverage,provisional
07802989,Norra Hovshaga-Evedal,Växjö,Kronoberg,2026,2025,4.943201820703503,3.086862885857861,352,43,80,1393,107.814209,2181.06023,high_coverage,provisional
07802990,Liedbergsgatan,Växjö,Kronoberg,2026,2025,30.804299483688308,22.471910112359552,392,240,40,1068,377.174504,1224.421624,high_coverage,provisional
07803082,Kampen-Sigfrid,Växjö,Kronoberg,2026,2025,9.945868010058309,7.706422018348624,344,84,81,1090,106.995067,1075.774049,high_coverage,provisional
07803083,Ljungfälle,Växjö,Kronoberg,2026,2025,19.251923139166582,13.238967527060783,420,159,62,1201,218.223127,1133.513392,high_coverage,provisional
07803085,Torparängen,Växjö,Kronoberg,2026,2025,11.206649378648395,9.75609756097561,451,116,104,1189,78.225502,698.027567,high_coverage,provisional
07803086,Furutå,Växjö,Kronoberg,2026,2025,14.48378857798039,5.705229793977813,399,72,87,1262,278.995133,1926.257978,high_coverage,provisional
07803087,Universitetet södra,Växjö,Kronoberg,2026,2025,17.062460974861935,17.92782305005821,210,154,73,859,366.96622,2150.722692,high_coverage,provisional
07803088,Teleborg södra-Telestad,Växjö,Kronoberg,2026,2025,8.849975687935917,8.0042689434365,303,75,33,937,113.145396,1278.482563,high_coverage,provisional
07803089,Teleborg centrum,Växjö,Kronoberg,2026,2025,27.337310446179718,22.89855072463768,404,237,45,1035,423.810504,1550.300659,high_coverage,provisional
07803090,Universitetet västra,Växjö,Kronoberg,2026,2025,29.539169669860048,16.05231866825208,212,135,61,841,454.974493,1540.241307,high_coverage,provisional
07803091,Vikaholm,Växjö,Kronoberg,2026,2025,9.353349940975248,7.435197817189632,515,109,78,1466,339.593397,3630.71412,high_coverage,provisional
07803092,Universitetet norra,Växjö,Kronoberg,2026,2025,17.25992212647448,7.621951219512195,341,100,84,1312,455.040448,2636.399195,high_coverage,provisional
07810103,Astrad,Ljungby,Kronoberg,2026,2025,9.659141121071695,6.2380038387715935,292,65,37,1042,187.737329,1943.62342,high_coverage,provisional
07810104,Ljungsätra,Ljungby,Kronoberg,2026,2025,5.786223611640252,4.6223224351747465,248,41,25,887,81.253913,1404.265,high_coverage,provisional
07810105,Ekebacken,Ljungby,Kronoberg,2026,2025,5.756337481038744,4.4529262086514,237,35,28,786,82.831544,1438.962609,high_coverage,provisional
07810106,Stensberg,Ljungby,Kronoberg,2026,2025,5.507115623632127,5.089820359281437,273,51,26,1002,82.445866,1497.0789,high_coverage,provisional
07810107,Hammaren,Ljungby,Kronoberg,2026,2025,14.589777926925423,9.639830508474576,259,91,37,944,382.976769,2624.966404,high_coverage,provisional
07810108,Hjortsberg Väst,Ljungby,Kronoberg,2026,2025,12.219960125165043,8.457711442786069,280,68,24,804,142.015678,1162.16155,high_coverage,provisional
07810109,Hjortsberg Öst,Ljungby,Kronoberg,2026,2025,16.978094380686308,11.147540983606557,291,102,30,915,267.874187,1577.763564,high_coverage,provisional
07810110,Kungshög Väst,Ljungby,Kronoberg,2026,2025,8.435638777134239,7.471264367816092,221,65,24,870,148.855149,1764.598425,high_coverage,provisional
07810111,Kungshög Öst,Ljungby,Kronoberg,2026,2025,17.231101982175627,11.637931034482758,270,108,19,928,164.102255,952.360767,high_coverage,provisional
07810112,Sunnerbo,Ljungby,Kronoberg,2026,2025,6.17289908649026,2.859545836837679,327,34,25,1189,128.750713,2085.741419,high_coverage,provisional
07810310,Ryssby,Ljungby,Kronoberg,2026,2025,2.960671412310453,4.25531914893617,223,44,42,1034,48.72629,1645.785135,high_coverage,provisional
07810311,Agunnaryd,Ljungby,Kronoberg,2026,2025,2.4291641484235904,2.557544757033248,109,20,24,782,30.139596,1240.739372,high_coverage,provisional
07810715,Hamneda,Ljungby,Kronoberg,2026,2025,2.76163300732127,3.0409356725146197,152,26,26,855,41.169068,1490.750867,high_coverage,provisional
07810815,Berga Väst,Ljungby,Kronoberg,2026,2025,5.0152374785572436,2.3715415019762847,182,18,19,759,60.033374,1197.019568,high_coverage,provisional
07810816,Berga Öst,Ljungby,Kronoberg,2026,2025,5.355778344301803,3.297997644287397,191,28,28,849,81.677865,1525.041922,high_coverage,provisional
07810817,Vittaryd-Bolmsö,Ljungby,Kronoberg,2026,2025,2.3124346787139776,3.6613272311212817,152,32,38,874,31.697246,1370.730438,high_coverage,provisional
07811119,Angelstad,Ljungby,Kronoberg,2026,2025,1.5781925209754148,3.4006376195536663,197,32,43,941,22.080542,1399.103196,high_coverage,provisional
07811624,Lidhult,Ljungby,Kronoberg,2026,2025,4.309874035655607,4.855842185128983,172,32,22,659,48.67324,1129.342519,high_coverage,provisional
07811625,Torpa,Ljungby,Kronoberg,2026,2025,3.6706855094269533,2.3094688221709005,58,10,12,433,24.959379,679.965062,high_coverage,provisional
08210101,Fågelfors,Högsby,Kalmar,2026,2025,3.0563523230590928,4.608294930875576,79,10,3,217,14.432266,472.205573,high_coverage,provisional
08210201,Högsby,Högsby,Kalmar,2026,2025,14.418613158486176,5.56745182012848,322,52,31,934,302.967731,2101.226572,high_coverage,provisional
08210202,Berga,Högsby,Kalmar,2026,2025,6.616256405904942,4.077669902912621,121,21,17,515,55.03226,831.773387,high_coverage,provisional
08210301,Ruda,Högsby,Kalmar,2026,2025,7.705626913363676,4.593639575971731,136,26,17,566,88.999989,1154.999976,high_coverage,provisional
08210401,Fagerhult,Högsby,Kalmar,2026,2025,3.056417022151302,4.248366013071895,47,13,9,306,17.568358,574.802387,high_coverage,provisional
08340101,Gullabo,Torsås,Kalmar,2026,2025,1.6307512855081274,2.4456521739130435,75,9,23,368,10.139178,621.748889,high_coverage,provisional
08340201,Torsås landsbygd,Torsås,Kalmar,2026,2025,2.6523749996229316,4.462474645030426,187,44,32,986,40.235635,1516.966304,high_coverage,provisional
08340202,Torsås samhälle,Torsås,Kalmar,2026,2025,4.299153474352254,4.991087344028521,293,56,44,1122,73.727329,1714.926658,high_coverage,provisional
08340401,Söderåkra,Torsås,Kalmar,2026,2025,5.149403702010762,4.952581664910432,233,47,33,949,74.790423,1452.409392,high_coverage,provisional
08340402,Bergkvara,Torsås,Kalmar,2026,2025,4.098545363776406,4.057709648331831,290,45,48,1109,66.107434,1612.948696,high_coverage,provisional
08400105,Vickleby-Resmo,Mörbylånga,Kalmar,2026,2025,1.8008072407961888,5.092592592592593,133,33,81,648,14.951495,830.266264,high_coverage,provisional
08400303,Mörbylånga-Kastlösa,Mörbylånga,Kalmar,2026,2025,8.268061250053126,7.960893854748603,405,114,118,1432,185.130227,2239.100817,high_coverage,provisional
08400401,Gårdby,Mörbylånga,Kalmar,2026,2025,1.8842727954092222,3.402646502835539,193,36,76,1058,28.000466,1486.009142,high_coverage,provisional
08400811,Sydöland,Mörbylånga,Kalmar,2026,2025,4.431808646806008,6.499261447562777,167,44,53,677,38.999317,879.986482,high_coverage,provisional
08401304,Glömminge,Mörbylånga,Kalmar,2026,2025,2.0662249460328224,2.272727272727273,104,11,27,484,14.31128,692.62933,high_coverage,provisional
08401406,Algutsrum,Mörbylånga,Kalmar,2026,2025,2.2527410389753277,2.1830394626364398,292,26,76,1191,40.730376,1808.036312,high_coverage,provisional
08401501,Snäckstrand,Mörbylånga,Kalmar,2026,2025,2.2110799082081347,1.8575851393188854,334,24,50,1292,41.667365,1884.480287,high_coverage,provisional
08401502,Talludden,Mörbylånga,Kalmar,2026,2025,8.901448298584134,5.130890052356021,277,49,49,955,143.847834,1616.004825,high_coverage,provisional
08401503,Runsbäck,Mörbylånga,Kalmar,2026,2025,3.5459820165977773,2.717391304347826,268,25,32,920,51.871562,1462.826426,high_coverage,provisional
08401504,Skogsby,Mörbylånga,Kalmar,2026,2025,1.953530080606804,3.992901508429459,284,45,71,1127,43.041825,2203.284476,high_coverage,provisional
08401505,Färjestaden Östra,Mörbylånga,Kalmar,2026,2025,3.443554939099918,3.062200956937799,315,32,44,1045,41.489441,1204.843301,high_coverage,provisional
08600101,Ekeberg,Hultsfred,Kalmar,2026,2025,16.394367314151108,14.519650655021834,361,133,27,916,264.758413,1614.935227,high_coverage,provisional
08600102,Hultsfred S,Hultsfred,Kalmar,2026,2025,22.300720667687653,17.507723995880536,332,170,26,971,414.920432,1860.569612,high_coverage,provisional
08600103,Hultsfred N,Hultsfred,Kalmar,2026,2025,9.538495135210285,6.138107416879795,419,72,16,1173,206.927627,2169.3949,high_coverage,provisional
08600201,Lönneberga,Hultsfred,Kalmar,2026,2025,4.527023083824318,6.2157221206581355,146,34,10,547,44.467056,982.258212,high_coverage,provisional
08600301,Målilla,Hultsfred,Kalmar,2026,2025,5.015706188158183,4.310344827586207,279,40,15,928,91.825204,1830.753249,high_coverage,provisional
08600401,Järeda,Hultsfred,Kalmar,2026,2025,1.8472086474281664,1.607717041800643,84,5,9,311,9.680227,524.046215,high_coverage,provisional
08600501,Virserum,Hultsfred,Kalmar,2026,2025,7.951405969298433,5.161290322580645,263,56,17,1085,157.88247,1985.591864,high_coverage,provisional
08600601,Vena,Hultsfred,Kalmar,2026,2025,0.7352947648234366,4.700162074554295,114,29,24,617,7.268071,988.456786,high_coverage,provisional
08600801,Mörlunda,Hultsfred,Kalmar,2026,2025,3.4885234082284478,3.098927294398093,198,26,22,839,53.272392,1527.075664,high_coverage,provisional
08610101,Mönsterås Centrum S,Mönsterås,Kalmar,2026,2025,11.11869580118898,7.423580786026201,352,68,24,916,163.000079,1465.999987,high_coverage,provisional
08610102,Mönsterås Centrum N,Mönsterås,Kalmar,2026,2025,13.479618587614084,12.82442748091603,224,84,6,655,113.296339,840.501074,high_coverage,provisional
08610103,Mönsterås Landsbygd S,Mönsterås,Kalmar,2026,2025,11.164254423746307,7.609988109393579,298,64,12,841,141.477178,1267.233553,high_coverage,provisional
08610104,Mönsterås Landsbygd N,Mönsterås,Kalmar,2026,2025,6.919011949979948,2.8662420382165603,229,27,27,942,116.461902,1683.215795,high_coverage,provisional
08610105,Mönsterås Ljungnäs,Mönsterås,Kalmar,2026,2025,2.1992355174439515,2.7058823529411766,260,23,24,850,28.257372,1284.872483,high_coverage,provisional
08610201,Fliseryd,Mönsterås,Kalmar,2026,2025,2.1754554034873506,1.8518518518518519,159,14,12,756,30.000522,1379.045599,high_coverage,provisional
08610301,Blomstermåla,Mönsterås,Kalmar,2026,2025,7.944708493946514,5.737704918032787,334,63,27,1098,147.718952,1859.337597,high_coverage,provisional
08610302,Ålem,Mönsterås,Kalmar,2026,2025,2.469456950142975,3.430079155672823,276,39,57,1137,42.678294,1728.246123,high_coverage,provisional
08610303,Timmernabben,Mönsterås,Kalmar,2026,2025,2.311660109172866,2.6812313803376364,303,27,25,1007,34.108561,1475.500696,high_coverage,provisional
08620101,Emmaboda södra,Emmaboda,Kalmar,2026,2025,21.661988342651036,13.861386138613861,366,140,21,1010,418.400942,1931.498325,high_coverage,provisional
08620102,Emmaboda norra,Emmaboda,Kalmar,2026,2025,10.995394928916467,6.615532118887824,389,69,29,1043,187.685056,1706.942381,high_coverage,provisional
08620201,Lindås,Emmaboda,Kalmar,2026,2025,6.709134806164601,4.9837486457204765,287,46,20,923,100.807184,1502.536272,high_coverage,provisional
08620202,Vissefjärda,Emmaboda,Kalmar,2026,2025,1.9583070712334392,2.898550724637681,227,22,24,759,24.791464,1265.964075,high_coverage,provisional
08620301,Algutsboda,Emmaboda,Kalmar,2026,2025,3.868702309261915,4.130434782608695,230,38,31,920,60.315352,1559.059012,high_coverage,provisional
08620401,Långasjö,Emmaboda,Kalmar,2026,2025,1.5402845825565443,1.953125,135,10,23,512,13.000002,844.000008,high_coverage,provisional
08800101,Kvarnholmen,Kalmar,Kalmar,2026,2025,5.010123664465124,5.373342637822749,386,77,89,1433,99.000014,1975.999409,high_coverage,provisional
08800107,Malmen V,Kalmar,Kalmar,2026,2025,9.095501229580053,7.302075326671791,400,95,98,1301,179.999309,1978.99274,high_coverage,provisional
08800108,Malmen Ö-Norrgårdsgärdet Ö,Kalmar,Kalmar,2026,2025,5.512775999314209,4.21455938697318,390,55,86,1305,79.819702,1447.90396,high_coverage,provisional
08800122,Malmen S,Kalmar,Kalmar,2026,2025,10.740421814717886,8.075370121130552,231,60,44,743,131.999507,1228.99742,high_coverage,provisional
08800124,Ängö-Varvsholmen,Kalmar,Kalmar,2026,2025,3.4470809968354277,2.3391812865497075,329,32,63,1368,74.329856,2156.31301,high_coverage,provisional
08800201,Lindsdal NV-Förlösa,Kalmar,Kalmar,2026,2025,3.599491980022423,3.3557046979865772,249,35,62,1043,63.615373,1767.343096,high_coverage,provisional
08800202,Lindsdal NO,Kalmar,Kalmar,2026,2025,5.287091346303321,4.6267087276550996,346,44,30,951,68.896874,1303.114879,high_coverage,provisional
08800203,Lindsdal SV-Kläckeberga,Kalmar,Kalmar,2026,2025,8.009261306602257,4.837013669821241,305,46,27,951,126.334931,1577.360585,high_coverage,provisional
08800204,Lindsdal SO-Fjölebro,Kalmar,Kalmar,2026,2025,5.749306855998401,3.9443155452436196,420,51,57,1293,118.91391,2068.317329,high_coverage,provisional
08800205,Vimpeltorpet,Kalmar,Kalmar,2026,2025,12.19847517899535,4.580152671755725,445,66,74,1441,339.057451,2779.506832,high_coverage,provisional
08800206,Snurrom,Kalmar,Kalmar,2026,2025,12.406062481061515,14.229249011857707,143,72,17,506,84.041985,677.426743,high_coverage,provisional
08800301,Smedby Ö,Kalmar,Kalmar,2026,2025,11.547866370407958,7.4183976261127595,341,75,43,1011,193.725496,1677.586922,high_coverage,provisional
08800302,Smedby V,Kalmar,Kalmar,2026,2025,19.495267788567617,13.381123058542414,311,112,36,837,304.762636,1563.264682,high_coverage,provisional
08800303,Smedby S-Rinkabyholm N-Boholmarna,Kalmar,Kalmar,2026,2025,4.426005481464716,3.383793410507569,285,38,47,1123,72.241934,1632.215195,high_coverage,provisional
08800401,Rinkabyholm S-Hossmo,Kalmar,Kalmar,2026,2025,1.7457613191736427,2.19941348973607,328,30,71,1364,39.27247,2249.589882,high_coverage,provisional
08800501,Rockneby,Kalmar,Kalmar,2026,2025,2.2696296080490845,4.569606801275239,229,43,34,941,31.928106,1406.754031,high_coverage,provisional
08800502,Drag-Revsudden,Kalmar,Kalmar,2026,2025,2.26964778074369,1.8163471241170535,236,18,57,991,35.072714,1545.293252,high_coverage,provisional
08800601,Läckeby,Kalmar,Kalmar,2026,2025,3.449925044933461,4.216867469879518,271,49,61,1162,62.781515,1819.793595,high_coverage,provisional
08800801,Trekanten,Kalmar,Kalmar,2026,2025,3.247529610895046,3.701117318435754,284,53,67,1432,75.396365,2321.652888,high_coverage,provisional
08800802,Ljungbyholm-Vassmolösa N,Kalmar,Kalmar,2026,2025,3.6574279473320055,3.573667711598746,467,57,59,1595,90.011767,2461.067403,high_coverage,provisional
08800901,Hagby Vassmolösa S,Kalmar,Kalmar,2026,2025,1.9906168788886365,3.38855421686747,356,45,65,1328,38.162741,1917.131388,high_coverage,provisional
08801001,Halltorp-Voxtorp,Kalmar,Kalmar,2026,2025,2.0333391190868637,3.056768558951965,144,21,39,687,21.492483,1057.004353,high_coverage,provisional
08801301,Tvärskog,Kalmar,Kalmar,2026,2025,1.65253556627555,4.954367666232073,172,38,37,767,18.817104,1138.680727,high_coverage,provisional
08801401,Påryd,Kalmar,Kalmar,2026,2025,2.2598869628778395,4.8169556840077075,127,25,24,519,19.999997,884.999884,high_coverage,provisional
08801502,Gamla stan,Kalmar,Kalmar,2026,2025,4.7264204547620166,4.642014162077104,377,59,103,1271,78.804871,1667.326717,high_coverage,provisional
08801503,Kalmarsundsparken-Stensö,Kalmar,Kalmar,2026,2025,2.297729920691207,4.396632366697848,233,47,87,1069,35.500679,1545.032716,high_coverage,provisional
08801504,Sandås-Stensberg,Kalmar,Kalmar,2026,2025,6.436140075504354,7.374631268436578,361,100,86,1356,135.500061,2105.300062,high_coverage,provisional
08801505,Falkenberg,Kalmar,Kalmar,2026,2025,15.03872417399166,10.40983606557377,397,127,76,1220,290.999015,1934.99802,high_coverage,provisional
08801506,Tegelviken-Johannesborg,Kalmar,Kalmar,2026,2025,6.036651158655764,4.466727438468551,325,49,94,1097,101.303159,1678.135051,high_coverage,provisional
08801609,Norrgårdsgärdet V,Kalmar,Kalmar,2026,2025,7.814453318157621,6.516290726817043,256,52,21,798,107.654203,1377.629357,high_coverage,provisional
08801610,Oxhagen,Kalmar,Kalmar,2026,2025,26.897279822521742,16.351684470008216,447,199,39,1217,605.867767,2252.524311,high_coverage,provisional
08801611,Getingen-Tallhagen,Kalmar,Kalmar,2026,2025,6.8510696462575815,7.14828897338403,366,94,118,1315,118.851003,1734.780248,high_coverage,provisional
08801621,Skälby,Kalmar,Kalmar,2026,2025,10.398550111961077,11.228070175438596,296,96,53,855,101.821687,979.191194,high_coverage,provisional
08801712,Funkabo,Kalmar,Kalmar,2026,2025,23.424354787042386,16.148445336008024,343,161,64,997,419.99827,1792.998244,high_coverage,provisional
08801713,Djurängen V,Kalmar,Kalmar,2026,2025,14.439551704817848,8.414872798434443,383,86,41,1022,239.365169,1657.704989,high_coverage,provisional
08801714,Djurängen Ö,Kalmar,Kalmar,2026,2025,12.608644731437831,8.673790069138906,548,138,75,1591,354.4421,2811.10387,high_coverage,provisional
08801715,Berga Centrum,Kalmar,Kalmar,2026,2025,15.884820883584101,11.36173767752715,439,136,35,1197,315.084986,1983.560207,high_coverage,provisional
08801716,Berga,Kalmar,Kalmar,2026,2025,2.8034011970644457,1.9271948608137044,403,27,91,1401,61.42045,2190.926153,high_coverage,provisional
08801817,Norrliden V,Kalmar,Kalmar,2026,2025,36.53529760864437,27.137970353477765,400,238,31,877,709.140657,1940.974081,high_coverage,provisional
08801818,Norrliden Ö,Kalmar,Kalmar,2026,2025,41.49922012857895,28.224917309812568,394,256,35,907,846.997449,2040.996063,high_coverage,provisional
08801820,Bergavik,Kalmar,Kalmar,2026,2025,4.840091886620478,5.684995340167754,302,61,100,1073,71.60144,1479.34051,high_coverage,provisional
08801823,Björkenäs mfl,Kalmar,Kalmar,2026,2025,5.775375528917488,2.913752913752914,260,25,59,858,71.97362,1246.215413,high_coverage,provisional
08810101,Nybro Centrum,Nybro,Kalmar,2026,2025,13.356774913826534,9.742120343839542,372,102,36,1047,227.999438,1706.994686,high_coverage,provisional
08810102,Myrdalen,Nybro,Kalmar,2026,2025,12.844092988085729,12.75626423690205,310,112,22,878,178.383745,1388.838785,high_coverage,provisional
08810103,Kungshall,Nybro,Kalmar,2026,2025,42.918322603207756,35.23676880222841,257,253,9,718,699.998382,1631.001259,high_coverage,provisional
08810104,Paradiset,Nybro,Kalmar,2026,2025,10.978523330338735,11.975435005117708,279,117,26,977,165.296073,1505.631204,high_coverage,provisional
08810105,Hanemåla Norra,Nybro,Kalmar,2026,2025,8.707830012946145,5.774783445620789,333,60,19,1039,139.981211,1607.532655,high_coverage,provisional
08810106,Västeräng,Nybro,Kalmar,2026,2025,5.445860351614035,2.9657089898053752,352,32,21,1079,91.000408,1671.001497,high_coverage,provisional
08810107,Hanemåla Södra,Nybro,Kalmar,2026,2025,5.784962841845768,3.8901601830663615,422,51,32,1311,126.568913,2187.895004,high_coverage,provisional
08810201,Alsterbro,Nybro,Kalmar,2026,2025,2.492211946447097,2.4813895781637716,99,10,9,403,15.464672,620.519937,high_coverage,provisional
08810301,Bäckebo,Nybro,Kalmar,2026,2025,2.4922119173574857,2.7649769585253456,92,12,20,434,16.535329,663.480055,high_coverage,provisional
08810401,Kristvallabrunn,Nybro,Kalmar,2026,2025,2.0956719267102124,1.6470588235294117,88,7,17,425,12.708809,606.431228,high_coverage,provisional
08810501,Madesjö Södra,Nybro,Kalmar,2026,2025,3.682262013578836,3.7720033528918693,321,45,30,1193,68.591843,1862.763778,high_coverage,provisional
08810502,Madesjö Norra,Nybro,Kalmar,2026,2025,7.2280329226667055,3.7937743190661477,196,39,29,1028,141.46549,1957.178274,high_coverage,provisional
08810601,Örsjö-Alsjöholm,Nybro,Kalmar,2026,2025,1.708542965278647,3.6163522012578615,125,23,22,636,17.000003,995.000029,high_coverage,provisional
08810901,Orrefors,Nybro,Kalmar,2026,2025,6.8686784838163035,6.532066508313539,230,55,33,842,96.005685,1397.731532,high_coverage,provisional
08820101,Saltvik-Mockebo,Oskarshamn,Kalmar,2026,2025,2.7810748339981406,1.1534025374855825,195,10,17,867,43.033782,1547.379505,high_coverage,provisional
08820102,Kolberga-Humlekärrshult,Oskarshamn,Kalmar,2026,2025,7.604244739261884,4.213298222514813,415,64,34,1519,168.115274,2210.808302,high_coverage,provisional
08820103,Norrtorn,Oskarshamn,Kalmar,2026,2025,11.806778092949731,7.483629560336763,380,80,22,1069,194.52145,1647.540493,high_coverage,provisional
08820104,Orrängen-Tratten,Oskarshamn,Kalmar,2026,2025,7.247868119292097,3.8425492033739457,304,41,20,1067,92.99332,1283.043765,high_coverage,provisional
08820105,Centrum,Oskarshamn,Kalmar,2026,2025,16.54253828441679,8.184383819379116,335,87,15,1063,298.258958,1802.981821,high_coverage,provisional
08820106,Kikebo-Åsa,Oskarshamn,Kalmar,2026,2025,13.0462092528352,9.276018099547512,332,82,13,884,196.014403,1502.46251,high_coverage,provisional
08820107,Södertorn,Oskarshamn,Kalmar,2026,2025,19.295756351416884,10.287081339712918,361,86,18,836,273.999718,1419.999885,high_coverage,provisional
08820108,Gröndal,Oskarshamn,Kalmar,2026,2025,8.264293744508768,5.493133583021224,270,44,18,801,91.139499,1102.810498,high_coverage,provisional
08820109,Kristineberg-Stångehamn-Mysingsö,Oskarshamn,Kalmar,2026,2025,16.498703842064707,7.517084282460137,438,99,36,1317,390.306231,2365.678145,high_coverage,provisional
08820110,Kristineberg Västra,Oskarshamn,Kalmar,2026,2025,14.278840278520809,10.0177304964539,438,113,12,1128,247.83516,1735.681296,high_coverage,provisional
08820319,Fårbo-Misterhult,Oskarshamn,Kalmar,2026,2025,1.5344495947121413,2.1761658031088085,216,21,23,965,20.403729,1329.709954,high_coverage,provisional
08820321,Figeholm,Oskarshamn,Kalmar,2026,2025,2.176846181852096,2.0107238605898123,181,15,27,746,23.528329,1080.844811,high_coverage,provisional
08820411,Kristdala-Bråbo-Ishult,Oskarshamn,Kalmar,2026,2025,1.7854341468886954,2.3346303501945527,200,24,26,1028,28.558025,1599.500326,high_coverage,provisional
08820513,Svalliden-Bockara,Oskarshamn,Kalmar,2026,2025,4.664061786534942,2.986161689730517,312,41,34,1373,103.00631,2208.510837,high_coverage,provisional
08820514,Rödsle-Norrby-Björnhult,Oskarshamn,Kalmar,2026,2025,3.166543115479691,3.14026517794836,335,45,41,1433,68.188179,2153.394933,high_coverage,provisional
08820517,Påskallavik,Oskarshamn,Kalmar,2026,2025,2.4267075501955175,4.859335038363171,307,57,29,1173,43.10882,1776.432434,high_coverage,provisional
08830101,Centrum,Västervik,Kalmar,2026,2025,4.162048468953918,5.401350337584396,402,72,71,1333,75.000183,1802.001672,high_coverage,provisional
08830102,Västralund-Stenhagen,Västervik,Kalmar,2026,2025,2.8250642056909525,3.380281690140845,360,36,40,1065,47.480808,1680.698368,high_coverage,provisional
08830103,Marieborg,Västervik,Kalmar,2026,2025,5.73176346664416,5.383848454636092,365,54,36,1003,90.210079,1573.862556,high_coverage,provisional
08830104,Peru,Västervik,Kalmar,2026,2025,10.273538317899067,8.02721088435374,252,59,28,735,113.642543,1106.16751,high_coverage,provisional
08830105,Brevik,Västervik,Kalmar,2026,2025,3.7698656847801355,4.405737704918033,324,43,44,976,57.000506,1512.00363,high_coverage,provisional
08830106,Skogshaga,Västervik,Kalmar,2026,2025,9.378023086735968,6.06312292358804,471,73,45,1204,166.238663,1772.640795,high_coverage,provisional
08830107,Jenny-Kvännaren,Västervik,Kalmar,2026,2025,2.6386791293300225,4.253308128544424,352,45,21,1058,44.033096,1668.755231,high_coverage,provisional
08830108,Karstorp,Västervik,Kalmar,2026,2025,13.702249965571912,12.33160621761658,394,119,18,965,245.234339,1789.737741,high_coverage,provisional
08830109,Piperskärr-Gränsö,Västervik,Kalmar,2026,2025,2.959578070041502,2.1846370683579988,320,31,58,1419,58.720139,1984.071297,high_coverage,provisional
08830112,Johannesdal,Västervik,Kalmar,2026,2025,8.493370056602293,8.69205298013245,449,105,40,1208,200.039545,2355.243486,high_coverage,provisional
08830113,Ludvigsdal-Hornslandet,Västervik,Kalmar,2026,2025,4.006995575504228,4.929577464788732,454,63,65,1278,68.426889,1707.685664,high_coverage,provisional
08830115,Östermalm,Västervik,Kalmar,2026,2025,6.624112114669697,7.4866310160427805,333,70,56,935,79.273221,1196.737308,high_coverage,provisional
08830118,Södermalm,Västervik,Kalmar,2026,2025,16.199935166016537,11.854460093896714,331,101,35,852,242.99809,1499.994213,high_coverage,provisional
08830209,Djurgården-Törnsfall,Västervik,Kalmar,2026,2025,2.728030131915361,3.5031847133757963,300,44,70,1256,62.309897,2284.061905,high_coverage,provisional
08830310,Gladhammar-Västrum,Västervik,Kalmar,2026,2025,8.332999344451952,6.555671175858481,296,63,33,961,133.112037,1597.408466,high_coverage,provisional
08830514,Ukna-Västra Ed,Västervik,Kalmar,2026,2025,3.1096561781951704,4.511278195488722,194,36,36,798,37.999998,1221.999984,high_coverage,provisional
08830720,Överum,Västervik,Kalmar,2026,2025,6.073160250587128,4.679802955665025,280,38,16,812,78.723872,1296.258764,high_coverage,provisional
08830922,Loftahammar,Västervik,Kalmar,2026,2025,2.4802127848222257,1.618705035971223,117,9,18,556,18.472264,744.785452,high_coverage,provisional
08831124,Gamleby 1,Västervik,Kalmar,2026,2025,7.885274746470304,5.642923219241443,317,61,40,1081,146.262039,1854.875622,high_coverage,provisional
08831126,Gamleby 2-Lofta,Västervik,Kalmar,2026,2025,5.785740383942337,5.646630236794171,327,62,41,1098,105.821789,1829.010325,high_coverage,provisional
08831430,Blackstad-Odensvi,Västervik,Kalmar,2026,2025,0.7287451118359611,3.936039360393604,148,32,38,813,9.000002,1234.999982,high_coverage,provisional
08831431,Ankarsrum,Västervik,Kalmar,2026,2025,3.89080301439219,4.271356783919598,330,34,19,796,51.275924,1317.875097,high_coverage,provisional
08831532,Hjorted,Västervik,Kalmar,2026,2025,1.7531788141151203,4.326328800988875,270,35,26,809,21.724074,1239.12483,high_coverage,provisional
08840101,Vimmerby 1,Vimmerby,Kalmar,2026,2025,7.034864612867527,6.284153005464481,315,69,30,1098,123.51539,1755.760726,high_coverage,provisional
08840102,Vimmerby 2,Vimmerby,Kalmar,2026,2025,20.542813489208797,10.20812685827552,403,103,27,1009,385.998903,1878.997262,high_coverage,provisional
08840103,Vimmerby 3,Vimmerby,Kalmar,2026,2025,3.321301847959792,4.915102770330653,316,55,44,1119,62.630262,1885.714243,high_coverage,provisional
08840104,Vimmerby 4,Vimmerby,Kalmar,2026,2025,19.091603148476526,9.775280898876405,281,87,30,890,303.078443,1587.496035,high_coverage,provisional
08840105,Vimmerby 5,Vimmerby,Kalmar,2026,2025,3.717308239353168,2.411873840445269,363,26,27,1078,60.976481,1640.339651,high_coverage,provisional
08840106,Storebro,Vimmerby,Kalmar,2026,2025,7.91534503752638,5.131964809384164,181,35,17,682,90.158265,1139.031395,high_coverage,provisional
08840301,Rumskulla-Pelarne,Vimmerby,Kalmar,2026,2025,1.2768429293143164,2.375296912114014,70,10,21,421,8.477316,663.927865,high_coverage,provisional
08840501,Frödinge,Vimmerby,Kalmar,2026,2025,2.019068938075434,3.4755134281200633,140,22,19,633,19.679577,974.685739,high_coverage,provisional
08840601,Locknevi,Vimmerby,Kalmar,2026,2025,1.30804438008348,3.717472118959108,50,10,11,269,5.933488,453.61519,high_coverage,provisional
08840701,Djursdala,Vimmerby,Kalmar,2026,2025,1.3080446553515312,1.5625,45,4,14,256,5.273909,403.190287,high_coverage,provisional
08840801,Gullringen,Vimmerby,Kalmar,2026,2025,1.3080444632852724,2.830188679245283,108,12,9,424,8.783415,671.492082,high_coverage,provisional
08840802,Södra Vi,Vimmerby,Kalmar,2026,2025,4.312291321940072,4.707112970711297,276,45,32,956,68.770106,1594.746293,high_coverage,provisional
08840901,Tuna,Vimmerby,Kalmar,2026,2025,2.019068875784487,3.695150115473441,108,16,17,433,13.714733,679.260285,high_coverage,provisional
08850101,Borgholms 1,Borgholm,Kalmar,2026,2025,7.761732799962685,4.910714285714286,309,55,38,1120,129.000113,1662.001467,high_coverage,provisional
08850102,Borgholms 2,Borgholm,Kalmar,2026,2025,7.9096040748354834,5.714285714285714,328,60,52,1050,99.128519,1253.267775,high_coverage,provisional
08850203,Alböke-Föra-Bredsättra-Egby-Löt,Borgholm,Kalmar,2026,2025,1.6591252244549457,2.5641025641025643,164,20,39,780,18.044853,1087.61248,high_coverage,provisional
08850707,Köping,Borgholm,Kalmar,2026,2025,5.985557343261407,3.5347776510832385,188,31,40,877,77.955144,1302.387389,high_coverage,provisional
08850808,Räpplinge-Högsrum,Borgholm,Kalmar,2026,2025,3.3561802953440365,4.497907949790795,209,43,72,956,55.87137,1664.730887,high_coverage,provisional
08851010,Gärdslösa-Långlöt-Runsten,Borgholm,Kalmar,2026,2025,1.7738359301740572,3.859250851305335,171,34,73,881,23.999999,1352.999936,high_coverage,provisional
08851313,Böda,Borgholm,Kalmar,2026,2025,2.5629886483316136,1.7786561264822134,133,9,29,506,17.107293,667.474396,high_coverage,provisional
08851415,Högby,Borgholm,Kalmar,2026,2025,2.5629886681772076,2.9453015427769986,170,21,50,713,25.016106,976.05215,high_coverage,provisional
08851516,Källa-Persnäs,Borgholm,Kalmar,2026,2025,2.5629887018450686,3.648068669527897,104,17,30,466,16.8766,658.473445,high_coverage,provisional
09800101,Visby Innerstaden,Gotland,Gotland,2026,2025,5.181508202646905,8.441558441558442,271,91,208,1078,82.030002,1583.12983,high_coverage,provisional
09800102,Visby Norr,Gotland,Gotland,2026,2025,9.021739231288027,12.103321033210332,466,164,161,1355,160.531271,1779.382743,high_coverage,provisional
09800103,Visby Öster,Gotland,Gotland,2026,2025,6.693438545528999,6.332992849846782,284,62,131,979,100.000171,1494.002975,high_coverage,provisional
09800104,Visby Skarphäll/Östra Vi,Gotland,Gotland,2026,2025,3.4406777345181214,5.669291338582677,475,72,94,1270,61.362652,1783.446656,high_coverage,provisional
09800105,Visby Länna,Gotland,Gotland,2026,2025,4.592100455962685,9.273903666427032,489,129,166,1391,94.000174,2046.997336,high_coverage,provisional
09800106,Visby Visborgsst/Halsjärnet,Gotland,Gotland,2026,2025,6.564652671347238,6.284153005464481,381,69,93,1098,108.504995,1652.867264,high_coverage,provisional
09800107,Visby A7/Östra Vi,Gotland,Gotland,2026,2025,8.072911773149043,5.592991913746631,547,83,126,1484,138.086341,1710.489906,high_coverage,provisional
09800108,Visby Djuplunda/Södervärn,Gotland,Gotland,2026,2025,4.656696172813752,6.7588325652841785,449,88,116,1302,93.486742,2007.576585,high_coverage,provisional
09800109,Visby Furulund,Gotland,Gotland,2026,2025,13.043460980210337,12.0,424,132,64,1100,245.999531,1885.998903,high_coverage,provisional
09800110,Visby Bingeby,Gotland,Gotland,2026,2025,15.8071440121115,13.386613386613387,410,134,47,1001,281.99948,1784.000195,high_coverage,provisional
09800111,Visby Pilhagen/Gråbo,Gotland,Gotland,2026,2025,4.527743195236654,7.017543859649122,391,64,47,912,57.567373,1271.436354,high_coverage,provisional
09800112,Visby Yttre Furulund,Gotland,Gotland,2026,2025,13.373494652808725,13.947128532360985,433,153,51,1097,264.146346,1975.148253,high_coverage,provisional
09800113,Visby Terra Nova,Gotland,Gotland,2026,2025,7.127617888992592,5.7894736842105265,475,77,55,1330,152.663805,2141.862925,high_coverage,provisional
09800114,Visby Galgberget/Snäck,Gotland,Gotland,2026,2025,3.2539662830895737,4.62962962962963,239,40,74,864,49.090421,1508.633364,high_coverage,provisional
09800115,Visby Söder,Gotland,Gotland,2026,2025,11.087964761418782,7.8431372549019605,302,76,89,969,160.00016,1443.007472,high_coverage,provisional
09800201,Slite Othem/Hellvi,Gotland,Gotland,2026,2025,4.111880592435459,7.132243684992571,209,48,42,673,37.796293,919.197242,high_coverage,provisional
09800202,Slite Othem/Boge,Gotland,Gotland,2026,2025,5.7895424471820265,6.930693069306931,267,49,47,707,71.659353,1237.73776,high_coverage,provisional
09800401,Fårö,Gotland,Gotland,2026,2025,3.126879105767361,2.557544757033248,96,10,31,391,15.133632,483.985197,high_coverage,provisional
09800501,Fårösund,Gotland,Gotland,2026,2025,3.1268791166012706,7.5495049504950495,246,61,71,808,36.866367,1179.014782,high_coverage,provisional
09801001,Lärbro,Gotland,Gotland,2026,2025,2.217936345458538,5.084745762711864,280,48,60,944,29.543711,1332.036019,high_coverage,provisional
09801401,Tingstäde,Gotland,Gotland,2026,2025,2.2209566723398777,5.119735755573906,321,62,95,1211,39.000057,1756.002604,high_coverage,provisional
09801801,Väskinde,Gotland,Gotland,2026,2025,1.8174333834179435,4.92030492030492,436,71,92,1443,39.494911,2173.114644,high_coverage,provisional
09802401,Vallstena,Gotland,Gotland,2026,2025,1.533979603045654,5.361050328227571,246,49,52,914,21.000585,1369.026352,high_coverage,provisional
09802901,Dalhem,Gotland,Gotland,2026,2025,2.1132075078675667,4.829210836277974,202,41,67,849,27.999998,1324.99993,high_coverage,provisional
09803101,Endre,Gotland,Gotland,2026,2025,4.073234389682924,5.405405405405405,259,50,57,925,72.272378,1774.324065,high_coverage,provisional
09803501,Roma,Gotland,Gotland,2026,2025,2.30895092500005,4.453870625662779,316,42,36,943,35.836001,1552.046889,high_coverage,provisional
09804001,Vänge,Gotland,Gotland,2026,2025,1.5446195327034313,6.398996235884567,202,51,42,797,18.164001,1175.953082,high_coverage,provisional
09804401,Kräklingbo,Gotland,Gotland,2026,2025,1.8220792964644013,5.465288035450517,183,37,90,677,17.0,933.000009,high_coverage,provisional
09804801,Västerhejde,Gotland,Gotland,2026,2025,2.430147801933328,4.289372599231754,463,67,140,1562,57.135551,2351.114239,high_coverage,provisional
09805301,Stenkumla,Gotland,Gotland,2026,2025,2.4474526226886457,4.427333974975938,289,46,76,1039,40.245762,1644.393915,high_coverage,provisional
09805501,Eskelhem,Gotland,Gotland,2026,2025,1.7082571770847392,3.8694992412746587,342,51,129,1318,31.381949,1837.074032,high_coverage,provisional
09805701,Sanda,Gotland,Gotland,2026,2025,1.336956554203629,5.684007707129094,249,59,60,1038,19.995705,1495.613671,high_coverage,provisional
09806101,Klinte,Gotland,Gotland,2026,2025,4.457129109175981,8.442776735459661,401,90,68,1066,72.935622,1636.381182,high_coverage,provisional
09806301,Eksta,Gotland,Gotland,2026,2025,1.2812826995600983,5.875706214689266,196,52,57,885,16.295505,1271.811834,high_coverage,provisional
09806701,Garde,Gotland,Gotland,2026,2025,1.364670067842658,5.387931034482759,238,50,66,928,17.999999,1319.000059,high_coverage,provisional
09807301,Stånga,Gotland,Gotland,2026,2025,0.7219187207795533,3.6893203883495147,238,38,48,1030,10.852702,1503.313557,high_coverage,provisional
09807601,Hemse/Alva,Gotland,Gotland,2026,2025,7.170571041069504,6.6505441354292625,294,55,35,827,105.94665,1477.520401,high_coverage,provisional
09807602,Hemse/Rone,Gotland,Gotland,2026,2025,4.9130794681155185,5.958549222797927,213,46,51,772,56.326232,1146.454731,high_coverage,provisional
09808401,Havdhem,Gotland,Gotland,2026,2025,1.9573039139730195,3.9190897597977243,210,31,70,791,20.618018,1053.388687,high_coverage,provisional
09809101,Burgsvik,Gotland,Gotland,2026,2025,2.3633287850326306,6.074074074074074,165,41,71,675,20.02955,847.514325,high_coverage,provisional
10600101,Vilboken,Olofström,Blekinge,2026,2025,8.653916612571143,5.8884297520661155,298,57,16,968,162.651236,1879.510091,high_coverage,provisional
10600102,Kyrkhult-Hemsjö,Olofström,Blekinge,2026,2025,3.172520826839544,3.7785588752196837,289,43,34,1138,57.574541,1814.788433,high_coverage,provisional
10600103,Jämshög,Olofström,Blekinge,2026,2025,4.139163033226989,5.597014925373134,324,60,29,1072,76.226551,1841.593346,high_coverage,provisional
10600104,Brännaregården,Olofström,Blekinge,2026,2025,12.039173220962894,4.332552693208431,249,37,6,854,177.741401,1476.358864,high_coverage,provisional
10600105,Ekeryd-Gränum,Olofström,Blekinge,2026,2025,9.431278059631236,6.546854942233633,204,51,20,779,159.315278,1689.222574,high_coverage,provisional
10600106,Oredslund,Olofström,Blekinge,2026,2025,10.965973530586552,9.100204498977504,328,89,17,978,148.248068,1351.891536,high_coverage,provisional
10600107,Olofström-Vilshult,Olofström,Blekinge,2026,2025,8.657772692601958,5.223880597014926,243,42,21,804,146.929723,1697.084553,high_coverage,provisional
10600108,Olofström C,Olofström,Blekinge,2026,2025,11.103562664586052,8.255813953488373,318,71,15,860,120.313351,1083.556284,high_coverage,provisional
10800127,Långö-Gräsvik,Karlskrona,Blekinge,2026,2025,11.987390253838152,9.671532846715328,264,106,74,1096,187.010893,1560.063442,high_coverage,provisional
10800128,Saltö-Björkholmen,Karlskrona,Blekinge,2026,2025,5.470106755794127,4.624277456647399,385,64,66,1384,95.971798,1754.477605,high_coverage,provisional
10800131,Västerudd,Karlskrona,Blekinge,2026,2025,4.322099340232618,4.606830818109611,357,58,153,1259,71.873259,1662.924735,high_coverage,provisional
10800132,Rosenfeldt m.fl.,Karlskrona,Blekinge,2026,2025,5.275653877366888,4.801829268292683,387,63,58,1312,92.259232,1748.773406,high_coverage,provisional
10800133,Trossö Ö,Karlskrona,Blekinge,2026,2025,6.3292065116463245,5.393743257820928,259,50,44,927,79.04564,1248.902842,high_coverage,provisional
10800134,Möllebacken m.fl.,Karlskrona,Blekinge,2026,2025,6.551593040555283,6.115810019518543,412,94,71,1537,129.002224,1969.020713,high_coverage,provisional
10800135,Wachtmeister m.fl.,Karlskrona,Blekinge,2026,2025,5.289421962309794,5.310457516339869,348,65,59,1224,84.999784,1606.976804,high_coverage,provisional
10800136,Hogland m.fl.,Karlskrona,Blekinge,2026,2025,9.044101303119387,5.95482546201232,302,58,45,974,124.005388,1371.118963,high_coverage,provisional
10800137,Pantarholmen,Karlskrona,Blekinge,2026,2025,8.694460622227288,7.022995649471722,539,113,91,1609,201.068744,2312.607449,high_coverage,provisional
10800138,Galgamarken,Karlskrona,Blekinge,2026,2025,23.726739542289273,16.89342403628118,263,149,71,882,395.988558,1668.954798,high_coverage,provisional
10800139,Bergåsa m.fl.,Karlskrona,Blekinge,2026,2025,11.42048442034758,6.221719457013575,234,55,53,884,156.006374,1366.022388,high_coverage,provisional
10800140,Hästö,Karlskrona,Blekinge,2026,2025,2.1046831554572396,3.0303030303030303,269,31,64,1023,31.001738,1472.988365,high_coverage,provisional
10800141,Marieberg m.fl.,Karlskrona,Blekinge,2026,2025,34.70657971045857,17.78265642151482,360,162,33,911,733.004594,2112.004698,high_coverage,provisional
10800142,Kungsmarken,Karlskrona,Blekinge,2026,2025,47.687933566565704,33.168927250308265,396,269,23,811,1051.970001,2205.94587,high_coverage,provisional
10800143,Mariedal-Backabo-Torskors,Karlskrona,Blekinge,2026,2025,9.738173086440616,7.342378292098963,491,92,51,1253,190.102251,1952.134649,high_coverage,provisional
10800430,Aspö,Karlskrona,Blekinge,2026,2025,0.7309476181991593,1.1848341232227488,162,5,43,422,3.563367,487.499639,high_coverage,provisional
10800508,Kronotorp m.fl.,Karlskrona,Blekinge,2026,2025,17.071696721064555,11.457174638487208,328,103,32,899,160.94465,942.7572,high_coverage,provisional
10800509,Verkö m.fl.,Karlskrona,Blekinge,2026,2025,7.164598737958118,4.138594802694899,246,43,52,1039,109.575529,1529.402176,high_coverage,provisional
10800510,Lyckeby V,Karlskrona,Blekinge,2026,2025,6.755090698670093,5.545286506469501,448,60,32,1082,107.001971,1584.019753,high_coverage,provisional
10800606,Kättilsmåla,Karlskrona,Blekinge,2026,2025,2.7413018553323676,2.2267206477732793,249,22,32,988,51.783515,1889.011781,high_coverage,provisional
10800611,Lyckeby Ö,Karlskrona,Blekinge,2026,2025,7.758875672126626,4.372019077901431,365,55,65,1258,194.505668,2506.879556,high_coverage,provisional
10800612,Spandelstorp m.fl.,Karlskrona,Blekinge,2026,2025,6.37214478015216,5.351906158357771,478,73,32,1364,137.000166,2149.985142,high_coverage,provisional
10800613,Hässlegården,Karlskrona,Blekinge,2026,2025,3.938301529867239,3.7383177570093458,431,48,54,1284,58.314752,1480.708157,high_coverage,provisional
10800801,Kristianopel,Karlskrona,Blekinge,2026,2025,1.4132546814195879,2.7,217,27,46,1000,20.244732,1432.490001,high_coverage,provisional
10800903,Jämjö N,Karlskrona,Blekinge,2026,2025,1.8759372158560497,2.8771384136858478,412,37,23,1286,43.281022,2307.167939,high_coverage,provisional
10800904,Jämjö S,Karlskrona,Blekinge,2026,2025,2.801338872699251,3.872216844143272,358,40,25,1033,35.566552,1269.626904,high_coverage,provisional
10801002,Torhamn,Karlskrona,Blekinge,2026,2025,1.4101778396855102,3.406998158379374,254,37,60,1086,19.907665,1411.713079,high_coverage,provisional
10801107,Sturkö,Karlskrona,Blekinge,2026,2025,0.9697363289338136,2.229299363057325,362,28,38,1256,16.207173,1671.296879,high_coverage,provisional
10801205,Ramdala,Karlskrona,Blekinge,2026,2025,2.070485283772106,3.228962818003914,261,33,43,1022,31.951575,1543.192567,high_coverage,provisional
10801214,Trummenäs,Karlskrona,Blekinge,2026,2025,2.0725388118451633,1.8537590113285274,235,18,22,971,28.037702,1352.819153,high_coverage,provisional
10801421,Strömsberg,Karlskrona,Blekinge,2026,2025,1.5938925829333912,4.176334106728539,199,36,19,862,20.663634,1296.425758,high_coverage,provisional
10801422,Rödeby N,Karlskrona,Blekinge,2026,2025,3.2731283008136978,4.297159504734159,412,59,32,1373,68.47816,2092.13186,high_coverage,provisional
10801423,Rödeby S,Karlskrona,Blekinge,2026,2025,3.1498279790810075,3.5714285714285716,381,41,42,1148,57.646195,1830.13788,high_coverage,provisional
10801518,Fridlevstad,Karlskrona,Blekinge,2026,2025,2.156431670781571,2.7439024390243905,247,27,17,984,31.30793,1451.839649,high_coverage,provisional
10801616,Sillhövda,Karlskrona,Blekinge,2026,2025,2.5486503231315485,3.6101083032490973,155,30,23,831,35.021721,1374.128129,high_coverage,provisional
10801720,Tving,Karlskrona,Blekinge,2026,2025,1.9931876765652188,2.763819095477387,185,22,18,796,23.281527,1168.054934,high_coverage,provisional
10801824,Nättraby V,Karlskrona,Blekinge,2026,2025,3.5431503387688053,3.468780971258672,343,35,55,1009,55.11904,1555.650614,high_coverage,provisional
10801825,Nättraby Ö,Karlskrona,Blekinge,2026,2025,1.7761324960491354,2.194907813871817,286,25,84,1139,30.935513,1741.734531,high_coverage,provisional
10801844,Nättraby S,Karlskrona,Blekinge,2026,2025,1.7998401280308738,1.9830028328611897,330,28,51,1412,40.053363,2225.384487,high_coverage,provisional
10801926,Hasslö,Karlskrona,Blekinge,2026,2025,1.578476343547706,4.486133768352365,395,55,51,1226,27.048936,1713.610477,high_coverage,provisional
10810101,Centrum,Ronneby,Blekinge,2026,2025,17.36471677680955,10.443349753694582,358,106,24,1015,287.427751,1655.240075,high_coverage,provisional
10810102,Fredriksberg,Ronneby,Blekinge,2026,2025,10.769174648595714,5.233111322549952,270,55,49,1051,205.901526,1911.952705,high_coverage,provisional
10810103,Hulta,Ronneby,Blekinge,2026,2025,4.636535024173376,4.487179487179487,325,49,40,1092,72.502327,1563.717876,high_coverage,provisional
10810104,Blekan,Ronneby,Blekinge,2026,2025,14.841789125162624,7.212475633528265,322,74,47,1026,204.926244,1380.738146,high_coverage,provisional
10810105,Lugnet,Ronneby,Blekinge,2026,2025,7.672575583474601,9.04716073147257,296,94,39,1039,113.182458,1475.155986,high_coverage,provisional
10810106,Espedalen,Ronneby,Blekinge,2026,2025,34.76756183654883,23.96694214876033,306,203,25,847,600.911991,1728.369662,high_coverage,provisional
10810107,Älgbacken,Ronneby,Blekinge,2026,2025,41.87696975745507,18.592964824120603,369,148,24,796,726.298919,1734.363597,high_coverage,provisional
10810108,Persborg,Ronneby,Blekinge,2026,2025,7.764574754438676,5.62015503875969,265,58,39,1032,103.362815,1331.21025,high_coverage,provisional
10810109,Varan,Ronneby,Blekinge,2026,2025,3.5617526278804763,2.8846153846153846,169,21,42,728,43.390958,1218.247378,high_coverage,provisional
10810110,Hasselstad-Eringsboda,Ronneby,Blekinge,2026,2025,1.2731269652023598,2.2485207100591715,130,19,22,845,16.6493,1307.748595,high_coverage,provisional
10810111,Häggatorp,Ronneby,Blekinge,2026,2025,9.598385764347,5.889014722536806,244,52,15,883,143.36739,1493.661471,high_coverage,provisional
10810112,Kalleberga,Ronneby,Blekinge,2026,2025,6.840932966772916,5.419222903885481,276,53,20,978,108.149772,1580.921382,high_coverage,provisional
10810113,Kallinge,Ronneby,Blekinge,2026,2025,16.316291425856367,11.031664964249234,309,108,17,979,279.102917,1710.578156,high_coverage,provisional
10810314,Backaryd-Öljehult,Ronneby,Blekinge,2026,2025,2.134755955736198,4.501607717041801,166,42,41,933,31.999867,1498.994155,high_coverage,provisional
10810617,Förkärla-Listerby N,Ronneby,Blekinge,2026,2025,1.677163723144071,2.641509433962264,255,28,46,1060,24.834099,1480.720019,high_coverage,provisional
10810718,Listerby S,Ronneby,Blekinge,2026,2025,1.8925281567640808,2.5297619047619047,148,17,16,672,15.950662,842.822969,high_coverage,provisional
10810920,Hjortsberga-Edestad,Ronneby,Blekinge,2026,2025,1.8668836493806888,3.5358114233907525,267,39,36,1103,31.288457,1675.972523,high_coverage,provisional
10811021,Bräkne-Hoby Landsbygd,Ronneby,Blekinge,2026,2025,1.469579590203073,4.809619238476954,181,48,60,998,21.899774,1490.206733,high_coverage,provisional
10811022,Bräkne-Hoby Samhälle,Ronneby,Blekinge,2026,2025,4.237215699700166,5.40788267644363,353,59,35,1091,69.100228,1630.793259,high_coverage,provisional
10820101,Högadal,Karlshamn,Blekinge,2026,2025,17.977717288219367,8.413001912045889,340,88,54,1046,346.198063,1925.706459,high_coverage,provisional
10820102,Prästslätten,Karlshamn,Blekinge,2026,2025,6.984425626169103,6.976744186046512,360,78,59,1118,120.381319,1723.567913,high_coverage,provisional
10820103,Stadsporten,Karlshamn,Blekinge,2026,2025,10.883855200995914,8.087535680304471,330,85,47,1051,175.252672,1610.207677,high_coverage,provisional
10820104,Torget,Karlshamn,Blekinge,2026,2025,11.00190564782442,8.708133971291867,283,91,45,1045,180.095163,1636.945169,high_coverage,provisional
10820105,Österslätt,Karlshamn,Blekinge,2026,2025,17.116490486053983,10.576923076923077,293,99,35,936,261.894477,1530.071116,high_coverage,provisional
10820106,Tubbaryd,Karlshamn,Blekinge,2026,2025,14.684708671207554,8.673469387755102,308,85,54,980,212.560353,1447.494518,high_coverage,provisional
10820107,Skogsborg,Karlshamn,Blekinge,2026,2025,4.078349313137114,5.667627281460135,321,59,72,1041,53.410966,1309.622151,high_coverage,provisional
10820108,Vägga,Karlshamn,Blekinge,2026,2025,3.074608762281943,3.242446573323508,377,44,92,1357,59.031473,1919.96698,high_coverage,provisional
10820310,Hällaryd,Karlshamn,Blekinge,2026,2025,2.840675615550542,4.831625183016105,310,66,65,1366,58.508498,2059.6684,high_coverage,provisional
10820512,Horsaryd,Karlshamn,Blekinge,2026,2025,7.360503263444623,5.07399577167019,422,72,40,1419,164.954316,2241.073879,high_coverage,provisional
10820513,Korpadalen,Karlshamn,Blekinge,2026,2025,4.982910539400222,3.6626916524701874,340,43,53,1174,91.507582,1836.428354,high_coverage,provisional
10820514,Froarp,Karlshamn,Blekinge,2026,2025,3.0755354190945496,4.380053908355795,395,65,56,1484,67.137674,2182.958895,high_coverage,provisional
10820515,Centrala Asarum,Karlshamn,Blekinge,2026,2025,11.903976131570857,8.78323932312651,451,109,38,1241,248.938208,2091.218978,high_coverage,provisional
10820517,Svängsta nordöst,Karlshamn,Blekinge,2026,2025,6.337538834077738,5.66873339238264,321,64,29,1129,103.258866,1629.321235,high_coverage,provisional
10820518,Svängsta sydväst,Karlshamn,Blekinge,2026,2025,7.35953417460097,4.03530895334174,190,32,21,793,125.407385,1704.012537,high_coverage,provisional
10820619,Mörrum västra,Karlshamn,Blekinge,2026,2025,7.093530638276807,6.019007391763464,284,57,29,947,117.535144,1656.934325,high_coverage,provisional
10820620,Mörrum östra,Karlshamn,Blekinge,2026,2025,6.387361180669735,4.072398190045249,349,45,32,1105,105.775162,1656.007215,high_coverage,provisional
10820621,Gustavstorp,Karlshamn,Blekinge,2026,2025,6.020599069025394,4.972972972972973,260,46,28,925,89.152682,1480.794203,high_coverage,provisional
10830101,Furulund,Sölvesborg,Blekinge,2026,2025,12.959487838877846,6.88550840672538,404,86,26,1249,203.791771,1572.529513,high_coverage,provisional
10830102,Möllebacken,Sölvesborg,Blekinge,2026,2025,3.430231972973806,3.3684210526315788,355,48,39,1425,61.813255,1802.013843,high_coverage,provisional
10830103,Falkvik,Sölvesborg,Blekinge,2026,2025,6.875009118673442,3.9382239382239383,331,51,28,1295,145.92671,2122.567512,high_coverage,provisional
10830104,Hjortakroken,Sölvesborg,Blekinge,2026,2025,7.320829918903406,6.551724137931035,355,76,28,1160,186.39992,2546.158319,high_coverage,provisional
10830105,Norje m fl,Sölvesborg,Blekinge,2026,2025,2.4542183913059366,1.893939393939394,251,20,11,1056,40.888384,1666.045049,high_coverage,provisional
10830106,Gammalstorp m fl,Sölvesborg,Blekinge,2026,2025,1.956271079103087,2.969121140142518,152,25,24,842,27.11792,1386.204616,high_coverage,provisional
10830107,Mjällby m fl,Sölvesborg,Blekinge,2026,2025,2.333919939621032,2.366255144032922,267,23,10,972,35.75444,1531.948007,high_coverage,provisional
10830108,Hörvik m fl,Sölvesborg,Blekinge,2026,2025,1.9859433905332173,1.524390243902439,163,15,15,984,29.307097,1475.726707,high_coverage,provisional
10830109,Hällevik m fl,Sölvesborg,Blekinge,2026,2025,1.1456081064964605,1.6843971631205674,200,19,18,1128,17.506601,1528.14919,high_coverage,provisional
10830110,Siretorp m fl,Sölvesborg,Blekinge,2026,2025,4.879335473425288,2.820746132848044,224,31,36,1099,86.493905,1772.657475,high_coverage,provisional
12140101,Svalöv Östra,Svalöv,Skåne,2026,2025,8.830759611088949,11.12618724559023,191,82,33,737,136.705493,1548.060405,high_coverage,provisional
12140201,Svalöv Norra,Svalöv,Skåne,2026,2025,10.104576001362574,7.8,271,78,49,1000,205.506556,2033.796925,high_coverage,provisional
12140301,Svalöv Västra,Svalöv,Skåne,2026,2025,8.569183304727675,3.2901296111665004,250,33,26,1003,135.694333,1583.51535,high_coverage,provisional
12140501,Kågeröd - Stenestad,Svalöv,Skåne,2026,2025,2.727704241496598,3.2899246058944485,276,48,70,1459,65.216388,2390.889269,high_coverage,provisional
12140601,Billeberga - Tågarp,Svalöv,Skåne,2026,2025,3.8328159785303133,3.8162544169611308,271,54,53,1415,91.500918,2387.302665,high_coverage,provisional
12140801,Teckomatorp Norra,Svalöv,Skåne,2026,2025,7.6101363389821275,7.468879668049793,152,54,46,723,102.860055,1351.619083,high_coverage,provisional
12140901,Teckomatorp Södra,Svalöv,Skåne,2026,2025,6.726724442760596,5.569306930693069,213,45,45,808,91.732637,1363.704397,high_coverage,provisional
12141401,Röstånga - Konga-Ask,Svalöv,Skåne,2026,2025,3.4059178535042363,5.216622458001768,219,59,133,1131,61.795034,1814.343054,high_coverage,provisional
12300101,Kyrkheddinge,Staffanstorp,Skåne,2026,2025,6.798443209279455,3.5460992907801416,129,30,48,846,123.270397,1813.215073,high_coverage,provisional
12300409,Uppåkra,Staffanstorp,Skåne,2026,2025,8.91847826869462,4.6789989118607185,200,43,86,919,236.804389,2655.210697,high_coverage,provisional
12300702,Borggård,Staffanstorp,Skåne,2026,2025,7.416121052599838,3.6958817317845827,200,35,28,947,84.750785,1142.791284,high_coverage,provisional
12300703,Central Södra,Staffanstorp,Skåne,2026,2025,6.768753594561656,4.008908685968819,213,36,26,898,70.545557,1042.223742,high_coverage,provisional
12300704,Bråhög,Staffanstorp,Skåne,2026,2025,13.164345329260051,9.684684684684685,266,86,29,888,106.943313,812.370918,high_coverage,provisional
12300705,Aspvägen,Staffanstorp,Skåne,2026,2025,7.794347187880546,4.400440044004401,190,40,32,909,120.967918,1551.995505,high_coverage,provisional
12300706,Stanstorp,Staffanstorp,Skåne,2026,2025,8.4222607871595,4.025974025974026,192,31,34,770,131.367487,1559.765131,high_coverage,provisional
12300707,Mellanvången,Staffanstorp,Skåne,2026,2025,6.362184438555134,4.213771839671121,260,41,31,973,57.325913,901.041357,high_coverage,provisional
12300708,Annero,Staffanstorp,Skåne,2026,2025,5.99841542168956,3.3851784080512353,267,37,26,1093,91.07026,1518.238628,high_coverage,provisional
12300709,Central Norra,Staffanstorp,Skåne,2026,2025,8.452036371605095,4.404145077720207,185,34,20,772,107.639037,1273.527849,high_coverage,provisional
12300710,Kyrkbyn,Staffanstorp,Skåne,2026,2025,7.056858349977092,2.5595763459841128,304,29,26,1133,126.9364,1798.766444,high_coverage,provisional
12300711,Vikhem,Staffanstorp,Skåne,2026,2025,8.136026576574118,3.6542515811665495,365,52,55,1423,138.572079,1703.191081,high_coverage,provisional
12300712,Hagalid,Staffanstorp,Skåne,2026,2025,8.491274091878324,3.1472081218274113,285,31,32,985,102.394799,1205.882626,high_coverage,provisional
12300713,Jakriborg,Staffanstorp,Skåne,2026,2025,6.5697139430661045,6.912442396313364,183,60,95,868,136.939142,2084.400374,high_coverage,provisional
12300714,Hjärup Norra,Staffanstorp,Skåne,2026,2025,4.754397857493686,3.506311360448808,313,50,94,1426,88.956388,1871.033739,high_coverage,provisional
12300715,Hjärup  Södra,Staffanstorp,Skåne,2026,2025,3.165727479090357,3.2771535580524342,266,35,60,1068,53.88851,1702.247283,high_coverage,provisional
12300911,Tottarp,Staffanstorp,Skåne,2026,2025,7.05438966583716,6.045081967213115,169,59,45,976,200.613556,2843.811662,high_coverage,provisional
12310101,Karstorp-Svanetorp,Burlöv,Skåne,2026,2025,6.6050940800916145,4.4901065449010655,350,59,104,1314,143.001306,2165.01543,high_coverage,provisional
12310102,Gamla Åkarp-Dalslund-Kockumsområdet,Burlöv,Skåne,2026,2025,7.833691197041191,5.56745182012848,383,78,87,1401,178.998697,2284.98536,high_coverage,provisional
12310103,Harakärrsområdet-Mossvägen-Lyckö äng,Burlöv,Skåne,2026,2025,6.206593818286342,3.923076923076923,349,51,59,1300,134.000196,2158.997349,high_coverage,provisional
12310104,Tågarp Ö.,Burlöv,Skåne,2026,2025,19.66591970269362,17.5561797752809,236,125,34,712,296.067544,1505.48537,high_coverage,provisional
12310105,Centrala Arlöv,Burlöv,Skåne,2026,2025,18.715834846215166,16.97860962566845,243,127,42,748,347.992855,1859.349892,high_coverage,provisional
12310106,Elisetorp V.,Burlöv,Skåne,2026,2025,20.47293490291093,14.025245441795231,312,100,16,713,322.582024,1575.6511,high_coverage,provisional
12310107,Elisetorp Ö.,Burlöv,Skåne,2026,2025,22.870198362974023,19.40740740740741,311,131,9,675,345.04876,1508.726573,high_coverage,provisional
12310108,Svenshög,Burlöv,Skåne,2026,2025,28.196829967994425,23.57630979498861,396,207,21,878,435.317977,1543.854318,high_coverage,provisional
12310109,Kronetorp-Burlövs egna hem m.fl.,Burlöv,Skåne,2026,2025,22.864274676638075,18.86120996441281,286,159,34,843,558.127938,2441.04808,high_coverage,provisional
12310110,Tågarp V.,Burlöv,Skåne,2026,2025,13.804911924173982,13.31236897274633,324,127,28,954,241.935086,1752.529008,high_coverage,provisional
12310111,Lillevång,Burlöv,Skåne,2026,2025,23.151093729826915,16.804407713498623,280,122,31,726,383.926468,1658.351318,high_coverage,provisional
12330201,Vellinge Eskilstorp,Vellinge,Skåne,2026,2025,2.457836248409052,0.8390541571319603,187,11,28,1311,47.228563,1921.55043,high_coverage,provisional
12330301,Hököpinge-Gessie,Vellinge,Skåne,2026,2025,3.7090200240317435,2.1103896103896105,74,13,24,616,86.19983,2324.05944,high_coverage,provisional
12330302,Hököpinge-Bruksparken,Vellinge,Skåne,2026,2025,3.922867417958954,2.1800947867298577,170,23,37,1055,20.975082,534.687507,high_coverage,provisional
12330401,Vellinge södra,Vellinge,Skåne,2026,2025,2.3581873321944116,1.0067114093959733,100,9,25,894,36.214185,1535.678888,high_coverage,provisional
12330402,Vellinge väster,Vellinge,Skåne,2026,2025,3.558016137280549,1.849112426035503,218,25,30,1352,73.0867,2054.141892,high_coverage,provisional
12330403,Vellinge centrum,Vellinge,Skåne,2026,2025,4.751670788466257,3.0997304582210243,132,23,22,742,64.713863,1361.918068,high_coverage,provisional
12330404,Vellinge Herrestorp,Vellinge,Skåne,2026,2025,4.700391695150979,2.9205607476635516,167,25,15,856,50.788655,1080.519631,high_coverage,provisional
12330501,Skanör västra,Vellinge,Skåne,2026,2025,2.518071901035441,1.4804845222072678,85,11,21,743,26.233581,1041.812229,high_coverage,provisional
12330502,Skanör östra,Vellinge,Skåne,2026,2025,2.7952040371515463,1.171875,124,12,30,1024,52.734194,1886.595515,high_coverage,provisional
12330503,Ljunghusen västra,Vellinge,Skåne,2026,2025,2.5462043320521937,0.6042296072507553,56,6,22,993,32.575426,1279.372028,high_coverage,provisional
12330504,Ljunghusen östra,Vellinge,Skåne,2026,2025,2.945828588656961,1.1695906432748537,56,10,17,855,35.226033,1195.793711,high_coverage,provisional
12330505,Skanör centrum,Vellinge,Skåne,2026,2025,1.9623524542334114,1.3364779874213837,148,17,39,1272,32.76144,1669.498256,high_coverage,provisional
12330601,Falsterbo södra,Vellinge,Skåne,2026,2025,4.507476731755571,1.3043478260869565,57,12,38,920,53.041337,1176.741227,high_coverage,provisional
12330602,Falsterbo norra,Vellinge,Skåne,2026,2025,2.472279310297245,0.7751937984496124,96,9,25,1161,39.96285,1616.437505,high_coverage,provisional
12330801,Höllviken norra,Vellinge,Skåne,2026,2025,2.551006105081449,1.2779552715654952,112,12,28,939,40.95308,1605.369737,high_coverage,provisional
12330802,Höllviken västra-centrum,Vellinge,Skåne,2026,2025,2.608760593796727,0.936768149882904,88,8,18,854,35.498811,1360.75388,high_coverage,provisional
12330803,Höllviken östra-centrum,Vellinge,Skåne,2026,2025,2.343958412164785,0.10101010101010101,91,1,24,990,33.255394,1418.77065,high_coverage,provisional
12330804,Kronodal-Granviks,Vellinge,Skåne,2026,2025,2.6247602234708083,1.6637478108581436,125,19,25,1142,31.602229,1204.004416,high_coverage,provisional
12330805,Höllviken Gya,Vellinge,Skåne,2026,2025,2.2478027772464184,0.9128630705394191,124,11,47,1205,45.987188,2045.872906,high_coverage,provisional
12330901,Höllviken-Kämpinge,Vellinge,Skåne,2026,2025,3.059223822978921,0.8547008547008547,106,12,43,1404,56.166042,1835.957264,high_coverage,provisional
12330902,Höllviken-Höllviksstrand,Vellinge,Skåne,2026,2025,1.6926398938795135,0.3067484662576687,89,4,32,1304,29.704016,1754.892822,high_coverage,provisional
12330903,Räng,Vellinge,Skåne,2026,2025,2.4197360970684296,1.0973936899862826,159,16,41,1458,56.447789,2332.807659,high_coverage,provisional
12331201,Östra Grevie,Vellinge,Skåne,2026,2025,3.3829551087854655,4.489795918367347,120,33,49,735,41.052923,1213.522547,high_coverage,provisional
12331301,Västra Ingelstad,Vellinge,Skåne,2026,2025,3.9458191073662947,2.3876404494382024,236,34,83,1424,94.590341,2397.229534,high_coverage,provisional
12560103,Knislinge Öster,Östra Göinge,Skåne,2026,2025,11.056864390817081,7.762096774193548,227,77,20,992,184.977408,1672.964427,high_coverage,provisional
12560104,Knislinge Väster,Östra Göinge,Skåne,2026,2025,5.7713857568819735,3.7811745776347547,312,47,23,1243,118.761801,2057.769243,high_coverage,provisional
12560301,Hanaskog,Östra Göinge,Skåne,2026,2025,12.134194237239473,7.3979591836734695,215,58,17,784,155.791917,1283.908218,high_coverage,provisional
12560401,Hjärsås,Östra Göinge,Skåne,2026,2025,1.8186241646780987,3.4328358208955225,139,23,30,670,18.835188,1035.683368,high_coverage,provisional
12560402,Sibbhult,Östra Göinge,Skåne,2026,2025,9.237881484397313,4.805194805194805,253,37,14,770,128.61267,1392.231219,high_coverage,provisional
12560601,Broby Väster,Östra Göinge,Skåne,2026,2025,9.208733940934705,5.27681660899654,263,61,23,1156,182.591868,1982.811852,high_coverage,provisional
12560603,Broby Öster,Östra Göinge,Skåne,2026,2025,19.28320684170656,7.76173285198556,262,86,24,1108,404.553575,2097.957971,high_coverage,provisional
12560701,Glimåkra,Östra Göinge,Skåne,2026,2025,7.095011104975582,4.009252120277564,265,52,34,1297,155.858346,2196.73153,high_coverage,provisional
12570102,Åsljunga,Örkelljunga,Skåne,2026,2025,2.5966900229128456,2.423112767940354,142,26,23,1073,46.9848,1809.411196,high_coverage,provisional
12570103,Örkelljunga Centrum,Örkelljunga,Skåne,2026,2025,8.538926100355363,5.0814956855225315,231,53,20,1043,147.929044,1732.40806,high_coverage,provisional
12570104,Örkelljunga Norra,Örkelljunga,Skåne,2026,2025,8.934777618881629,3.937007874015748,232,40,25,1016,176.952871,1980.495526,high_coverage,provisional
12570105,Örkelljunga Mellan,Örkelljunga,Skåne,2026,2025,7.558993594531794,6.364428945074106,221,73,23,1147,146.092275,1932.694785,high_coverage,provisional
12570206,Rya,Örkelljunga,Skåne,2026,2025,2.4535806741808064,2.6683608640406606,134,21,15,787,31.043569,1265.235308,high_coverage,provisional
12570307,Skånes Fagerhult,Örkelljunga,Skåne,2026,2025,2.9993048709713697,1.87018701870187,153,17,19,909,47.003716,1567.153658,high_coverage,provisional
12600101,Bjuv 1,Bjuv,Skåne,2026,2025,9.039979928635173,4.112337011033099,317,41,11,997,151.850166,1679.762203,high_coverage,provisional
12600102,Bjuv 2,Bjuv,Skåne,2026,2025,12.05628188317127,6.337135614702155,213,50,7,789,190.360599,1578.932882,high_coverage,provisional
12600103,Bjuv 3,Bjuv,Skåne,2026,2025,15.792130941360679,6.314432989690721,248,49,14,776,321.739121,2037.33823,high_coverage,provisional
12600104,Bjuv 4,Bjuv,Skåne,2026,2025,18.04216448407217,10.955056179775282,256,78,12,712,243.329462,1348.671121,high_coverage,provisional
12600105,Bjuv 5,Bjuv,Skåne,2026,2025,14.413948467268204,9.170854271356784,296,73,9,796,203.562776,1412.26241,high_coverage,provisional
12600106,Billesholm 3,Bjuv,Skåne,2026,2025,8.281600693390182,6.44718792866941,229,47,8,729,118.319593,1428.704394,high_coverage,provisional
12600201,Billesholm 1,Bjuv,Skåne,2026,2025,10.869560770524746,5.980066445182724,157,36,15,602,163.291142,1502.279121,high_coverage,provisional
12600302,Billesholm 2,Bjuv,Skåne,2026,2025,5.510095105876209,2.342786683107275,182,19,20,811,80.305549,1457.425824,high_coverage,provisional
12600401,Ekeby 1,Bjuv,Skåne,2026,2025,4.176218566879874,3.902439024390244,134,24,12,615,54.728713,1310.484883,high_coverage,provisional
12600402,Ekeby 2,Bjuv,Skåne,2026,2025,4.794860860739344,4.634831460674158,155,33,13,712,73.775979,1538.646921,high_coverage,provisional
12600403,Ekeby 3,Bjuv,Skåne,2026,2025,4.321561095719061,4.532967032967033,158,33,10,728,32.725516,757.261445,high_coverage,provisional
12610102,Kävlinge Söder,Kävlinge,Skåne,2026,2025,7.908794514475339,4.827586206896552,230,42,63,870,105.075401,1328.589342,high_coverage,provisional
12610103,Södervidinge/Gryet,Kävlinge,Skåne,2026,2025,3.9798104633984903,2.586206896551724,267,33,80,1276,82.770493,2079.759671,high_coverage,provisional
12610104,Kävlinge Väster,Kävlinge,Skåne,2026,2025,10.311539837058513,3.889457523029683,280,38,40,977,210.653877,2042.894469,high_coverage,provisional
12610301,Karaby/Dösjebro,Kävlinge,Skåne,2026,2025,3.1788053760666823,2.8451882845188283,220,34,53,1195,59.826868,1882.055078,high_coverage,provisional
12610302,Ålstorp,Kävlinge,Skåne,2026,2025,2.893977828482607,2.121212121212121,165,28,43,1320,58.237434,2012.366281,high_coverage,provisional
12610401,Lackalänga,Kävlinge,Skåne,2026,2025,2.2308730608270353,2.18522372528616,223,21,79,961,33.250219,1490.457686,high_coverage,provisional
12610402,Furulund Centrum,Kävlinge,Skåne,2026,2025,10.36699057144816,5.986261040235525,282,61,64,1019,176.29354,1700.527639,high_coverage,provisional
12610403,Stävie,Kävlinge,Skåne,2026,2025,3.906511707140933,3.983050847457627,253,47,84,1180,69.439285,1777.526607,high_coverage,provisional
12610504,Sandskogen,Kävlinge,Skåne,2026,2025,3.9129760183042612,1.2552301255230125,251,15,50,1195,69.164729,1767.573547,high_coverage,provisional
12610505,Löddeköpinge Norr,Kävlinge,Skåne,2026,2025,5.08955562403003,2.645985401459854,232,29,35,1096,97.830719,1922.185869,high_coverage,provisional
12610506,Stationsstaden,Kävlinge,Skåne,2026,2025,9.373153035879028,6.066536203522505,267,62,44,1022,137.110242,1462.797433,high_coverage,provisional
12610507,Kävlinge Centrum/Korsbacka,Kävlinge,Skåne,2026,2025,15.912274142288458,11.379310344827585,295,99,23,870,219.071192,1376.74345,high_coverage,provisional
12610901,Harrie,Kävlinge,Skåne,2026,2025,4.042150733237378,4.514154552410099,308,59,60,1307,91.010961,2251.547926,high_coverage,provisional
12610902,Rinnebäck,Kävlinge,Skåne,2026,2025,4.36006805922689,3.6939313984168867,316,42,67,1137,61.893964,1419.564171,high_coverage,provisional
12611001,Hofterup,Kävlinge,Skåne,2026,2025,2.4948612475909613,1.5429831006612784,212,21,51,1361,44.788,1795.210056,high_coverage,provisional
12611201,Barsebäck/Järavallen,Kävlinge,Skåne,2026,2025,2.151400797720287,0.8390541571319603,183,11,64,1311,44.960296,2089.814973,high_coverage,provisional
12611203,Vikhög/Lyckorna,Kävlinge,Skåne,2026,2025,2.931580292275748,1.4629049111807733,189,14,23,957,43.736731,1491.916531,high_coverage,provisional
12611204,Tolvåker,Kävlinge,Skåne,2026,2025,4.401474634467384,1.0967098703888336,178,11,43,1003,68.792372,1562.93919,high_coverage,provisional
12611205,Löddeköpinge Centrum,Kävlinge,Skåne,2026,2025,4.273726842678983,4.8025613660619,256,45,33,937,51.093669,1195.52959,high_coverage,provisional
12620101,Lilla Lomma - Lomma Ö - Alnarp,Lomma,Skåne,2026,2025,6.201526912113023,4.658385093167702,104,30,41,644,205.125209,3307.656516,high_coverage,provisional
12620102,Lomma Hamn,Lomma,Skåne,2026,2025,3.2596889336417796,0.7982583454281568,254,11,47,1378,48.290004,1481.429823,high_coverage,provisional
12620103,Båt- och Fågelgatorna,Lomma,Skåne,2026,2025,2.0668602253146324,2.427564604541895,234,31,94,1277,30.271876,1464.63102,high_coverage,provisional
12620104,Piläng,Lomma,Skåne,2026,2025,4.315116030657019,2.735229759299781,217,25,66,914,63.257004,1465.939816,high_coverage,provisional
12620105,Karstorp,Lomma,Skåne,2026,2025,8.313075396437263,2.7085590465872156,161,25,44,923,43.673362,525.357463,high_coverage,provisional
12620106,Lervik,Lomma,Skåne,2026,2025,6.95965661809136,2.198768689533861,251,25,49,1137,109.636184,1575.310249,high_coverage,provisional
12620107,Lomma Centrum,Lomma,Skåne,2026,2025,3.9996083070650306,1.6888888888888889,309,19,56,1125,64.093322,1602.489971,high_coverage,provisional
12620108,Lomma Strand - Habo Ljung,Lomma,Skåne,2026,2025,3.9699023252319376,0.6944444444444444,128,6,33,864,41.859916,1054.431887,high_coverage,provisional
12620109,Vinstorp,Lomma,Skåne,2026,2025,5.05825469439351,3.196803196803197,233,32,78,1001,94.454821,1867.340154,high_coverage,provisional
12620201,Bjärred N - Borgeby,Lomma,Skåne,2026,2025,4.036360553199942,1.5484922575387123,224,19,70,1227,75.23349,1863.894194,high_coverage,provisional
12620202,Löddesnäs,Lomma,Skåne,2026,2025,4.112740183463915,2.155887230514096,265,26,82,1206,56.944136,1384.578978,high_coverage,provisional
12620301,Bjärred S,Lomma,Skåne,2026,2025,2.872901343305332,1.4285714285714286,134,15,52,1050,44.801028,1559.434963,high_coverage,provisional
12620302,Bjärehov,Lomma,Skåne,2026,2025,2.913964305766333,1.6374269005847952,151,14,46,855,33.087764,1135.489681,high_coverage,provisional
12620303,Flädie-Fjelie,Lomma,Skåne,2026,2025,4.288696293060806,3.5058430717863107,112,21,44,599,91.123662,2124.740382,high_coverage,provisional
12620304,Bjärred V,Lomma,Skåne,2026,2025,2.7190294729983515,0.5411255411255411,96,5,34,924,41.420031,1523.338802,high_coverage,provisional
12620305,Bjärred Ö,Lomma,Skåne,2026,2025,4.552119606580881,3.592814371257485,171,30,53,835,33.728373,740.937759,high_coverage,provisional
12630101,Svedala centrum,Svedala,Skåne,2026,2025,6.21773969044439,4.79285134037368,304,59,36,1231,124.179957,1997.188097,high_coverage,provisional
12630102,Svedala stadsparken-Sjödiken,Svedala,Skåne,2026,2025,7.626090293035904,3.8062283737024223,267,44,40,1156,179.718756,2356.630319,high_coverage,provisional
12630103,Svedala kyrka,Svedala,Skåne,2026,2025,4.551302878491166,2.9657089898053752,255,32,20,1079,83.194965,1827.937345,high_coverage,provisional
12630104,Svedala väster–Skabersjö,Svedala,Skåne,2026,2025,3.1184092239750614,2.629416598192276,236,32,60,1217,61.597728,1975.293285,high_coverage,provisional
12630105,Svedala norr,Svedala,Skåne,2026,2025,4.291538561595702,3.011583011583012,264,39,32,1295,91.39641,2129.688658,high_coverage,provisional
12630106,Svedala öster-Börringe,Svedala,Skåne,2026,2025,3.0881106809785632,1.9588638589618022,165,20,54,1021,70.02291,2267.50001,high_coverage,provisional
12630107,Svedala söder,Svedala,Skåne,2026,2025,4.076625650705489,2.1011673151750974,235,27,43,1285,68.312106,1675.702207,high_coverage,provisional
12630108,Svedala gamla Sockerbruket,Svedala,Skåne,2026,2025,8.442447852663312,5.3728949478749,306,67,39,1247,93.791587,1110.952518,high_coverage,provisional
12630703,Bara centrum,Svedala,Skåne,2026,2025,5.75341344317729,6.4805583250249255,276,65,30,1003,55.177801,959.044601,high_coverage,provisional
12630704,Bara Torup,Svedala,Skåne,2026,2025,5.176717786893899,3.9832285115303985,215,38,47,954,160.576488,3101.897662,high_coverage,provisional
12630705,Bara Bjärshög,Svedala,Skåne,2026,2025,4.934170031209058,3.8537549407114624,202,39,46,1012,56.76865,1150.520749,high_coverage,provisional
12630801,"Klågerup, Hyby, Holmeja",Svedala,Skåne,2026,2025,4.142297910533228,3.168685927306617,190,34,69,1073,104.628774,2525.86309,high_coverage,provisional
12630802,Klågerup Centrum,Svedala,Skåne,2026,2025,4.804045567533091,4.9397590361445785,178,41,35,830,30.627808,637.541996,high_coverage,provisional
12640101,Skurup NV,Skurup,Skåne,2026,2025,6.635296333047522,5.829285218598196,353,84,31,1441,160.30642,2415.964743,high_coverage,provisional
12640102,Skurup NO,Skurup,Skåne,2026,2025,10.171871788733194,8.32646331409728,304,101,29,1213,240.719016,2366.516419,high_coverage,provisional
12640103,Skurup SV,Skurup,Skåne,2026,2025,5.556221215327382,4.131054131054131,343,58,33,1404,118.69393,2136.234779,high_coverage,provisional
12640104,Skurup SO,Skurup,Skåne,2026,2025,5.911969695011399,4.749841671944268,336,75,51,1579,155.003839,2621.864573,high_coverage,provisional
12640601,Skivarp N,Skurup,Skåne,2026,2025,3.036750418750776,4.0551500405515,191,50,52,1233,57.932896,1907.726616,high_coverage,provisional
12640602,Skivarp S - Abbekås,Skurup,Skåne,2026,2025,3.142028057530103,2.3297491039426523,189,26,43,1116,58.112463,1849.520817,high_coverage,provisional
12641001,Rydsgård,Skurup,Skåne,2026,2025,3.5790404227215027,4.400977995110025,242,54,46,1227,69.768336,1949.358704,high_coverage,provisional
12641101,Slimminge,Skurup,Skåne,2026,2025,3.730535865455185,4.081632653061225,193,46,57,1127,70.463471,1888.829743,high_coverage,provisional
12650101,Sjöbo Sandbäck,Sjöbo,Skåne,2026,2025,3.5767101798224687,3.315412186379928,172,37,20,1116,60.990821,1705.221221,high_coverage,provisional
12650301,Sjöbo Emanuel,Sjöbo,Skåne,2026,2025,4.2630933959402375,3.601108033240997,209,39,14,1083,81.982294,1923.070559,high_coverage,provisional
12650302,Sjöbo Centrum,Sjöbo,Skåne,2026,2025,4.007343456407998,5.011933174224343,221,42,18,838,41.094944,1025.490938,high_coverage,provisional
12650303,Sjöbo Färsinga,Sjöbo,Skåne,2026,2025,4.86488434195627,3.4452296819787986,201,39,23,1132,106.55388,2190.265431,high_coverage,provisional
12650304,Sjöbo Linné,Sjöbo,Skåne,2026,2025,2.7994082281822337,2.488335925349922,216,32,24,1286,60.392592,2157.334232,high_coverage,provisional
12650401,Sövde,Sjöbo,Skåne,2026,2025,1.6904641185953144,2.55863539445629,78,12,31,469,10.933859,646.796278,high_coverage,provisional
12650501,Blentarp,Sjöbo,Skåne,2026,2025,2.6969154110229727,2.2775800711743774,214,32,71,1405,61.219208,2269.971381,high_coverage,provisional
12650601,Everlöv,Sjöbo,Skåne,2026,2025,2.144740217540059,3.7786774628879893,116,28,35,741,23.114228,1077.71691,high_coverage,provisional
12650901,Vanstad,Sjöbo,Skåne,2026,2025,1.76883154145617,2.4777006937561943,121,25,61,1009,30.354822,1716.094568,high_coverage,provisional
12651001,Lövestad,Sjöbo,Skåne,2026,2025,3.064274712608994,5.058365758754864,116,39,35,771,40.999994,1337.999946,high_coverage,provisional
12651101,Fränninge,Sjöbo,Skåne,2026,2025,2.248404569170721,3.9355992844364938,65,22,40,559,20.984961,933.326737,high_coverage,provisional
12651201,Vollsjö,Sjöbo,Skåne,2026,2025,2.9123152524003215,4.190260475651189,118,37,25,883,43.052364,1478.286527,high_coverage,provisional
12651501,Östra Kärrstorp,Sjöbo,Skåne,2026,2025,3.912647151835812,3.2203389830508473,100,19,33,590,36.326272,928.432097,high_coverage,provisional
12660201,Hörby väst,Hörby,Skåne,2026,2025,3.3616044440473085,2.312925170068027,367,34,49,1470,70.571665,2099.344708,high_coverage,provisional
12660202,Hörby norr,Hörby,Skåne,2026,2025,7.855852389372814,3.6458333333333335,284,42,17,1152,160.171512,2038.881385,high_coverage,provisional
12660203,Hörby sydväst,Hörby,Skåne,2026,2025,3.913967401312261,2.787967718268525,301,38,41,1363,84.62044,2162.011875,high_coverage,provisional
12660204,Hörby öst,Hörby,Skåne,2026,2025,7.2769716790551096,4.568965517241379,286,53,30,1160,150.222816,2064.358948,high_coverage,provisional
12660301,Långaröd,Hörby,Skåne,2026,2025,3.5421961046989527,6.382978723404255,110,48,38,752,38.999926,1101.009793,high_coverage,provisional
12660501,Ludvigsborg,Hörby,Skåne,2026,2025,2.321543973187406,3.741280913126189,281,59,70,1577,61.377865,2643.83814,high_coverage,provisional
12660701,Östraby-Västerstad,Hörby,Skåne,2026,2025,1.6847182453885927,4.217432052483599,147,45,43,1067,27.999869,1661.991201,high_coverage,provisional
12660801,Svensköp,Hörby,Skåne,2026,2025,3.232207016775467,2.9529130087789306,199,37,48,1253,58.035017,1795.522895,high_coverage,provisional
12670201,Höör/Bokeslund,Höör,Skåne,2026,2025,3.3879385282328633,5.0127442650807135,258,59,103,1177,81.44783,2404.052769,high_coverage,provisional
12670202,Höör/Ormanäs,Höör,Skåne,2026,2025,5.593823086850694,10.41869522882181,230,107,95,1027,89.539898,1600.692346,high_coverage,provisional
12670203,Höör/Veterinärsområdet,Höör,Skåne,2026,2025,3.4645654771671253,6.596306068601583,311,75,113,1137,69.133572,1995.447119,high_coverage,provisional
12670204,Höör/Centrum,Höör,Skåne,2026,2025,5.4219216836548565,7.674144037780401,218,65,58,847,74.315644,1370.651373,high_coverage,provisional
12670205,Höör/Åkersberg,Höör,Skåne,2026,2025,3.038804501795623,4.428571428571429,306,62,108,1400,65.087454,2141.876977,high_coverage,provisional
12670206,Höör/Stanstorp,Höör,Skåne,2026,2025,5.362696608590281,4.497607655502392,211,47,101,1045,90.769354,1692.606549,high_coverage,provisional
12670301,Höör/Snogeröd,Höör,Skåne,2026,2025,2.8402392518051154,2.376425855513308,140,25,59,1052,45.047614,1586.049977,high_coverage,provisional
12670401,Höör/Orup,Höör,Skåne,2026,2025,2.7231859275781223,2.5833333333333335,258,31,88,1200,43.197896,1586.299913,high_coverage,provisional
12670601,Höör/Frostavallen,Höör,Skåne,2026,2025,2.4819861578196627,6.720977596741344,165,66,107,982,41.136267,1657.393087,high_coverage,provisional
12670801,Höör/Tjörnarp,Höör,Skåne,2026,2025,4.007582378080269,7.38581146744412,182,76,73,1029,66.324919,1654.985793,high_coverage,provisional
12700510,Tomelilla S,Tomelilla,Skåne,2026,2025,7.245133931435828,5.856189770200149,325,79,42,1349,186.447444,2573.416113,high_coverage,provisional
12700511,Tomelilla tätort SV,Tomelilla,Skåne,2026,2025,13.262224777222409,9.494324045407637,277,92,12,969,273.84165,2064.824376,high_coverage,provisional
12700512,Tomelilla Ö,Tomelilla,Skåne,2026,2025,9.683199126985464,5.918727915194347,252,67,34,1132,168.443776,1739.546753,high_coverage,provisional
12700513,Tomelilla V och Tryde,Tomelilla,Skåne,2026,2025,4.4782418813233935,4.496253122398001,277,54,23,1201,67.88307,1515.841971,high_coverage,provisional
12700607,Onslunda,Tomelilla,Skåne,2026,2025,1.6584771461917676,4.38871473354232,186,56,72,1276,36.058292,2174.180819,high_coverage,provisional
12700910,Smedstorp,Tomelilla,Skåne,2026,2025,2.7157234428389456,4.780114722753346,176,50,63,1046,44.325766,1632.189983,high_coverage,provisional
12701113,Brösarp,Tomelilla,Skåne,2026,2025,1.7807610823752524,4.9306625577812015,238,64,138,1298,35.038635,1967.621336,high_coverage,provisional
12720101,Ivetofta,Bromölla,Skåne,2026,2025,3.4140318180440685,3.5807860262008733,279,41,22,1145,60.240758,1764.504879,high_coverage,provisional
12720102,Bromölla Västra,Bromölla,Skåne,2026,2025,11.39967583356075,7.110091743119266,233,62,18,872,184.142885,1615.334398,high_coverage,provisional
12720103,Bromölla Östra,Bromölla,Skåne,2026,2025,7.287820337296024,5.899419729206963,264,61,22,1034,144.053969,1976.63996,high_coverage,provisional
12720104,Bromölla Centrala,Bromölla,Skåne,2026,2025,13.324560244843033,3.5576923076923075,278,37,18,1040,221.322971,1661.0152,high_coverage,provisional
12720105,Bromölla Södra,Bromölla,Skåne,2026,2025,13.339215520403018,9.309021113243762,317,97,14,1042,193.983186,1454.23234,high_coverage,provisional
12720201,Nymölla-Gualöv-Valje,Bromölla,Skåne,2026,2025,5.684179547653533,3.127506014434643,302,39,36,1247,123.589841,2174.277571,high_coverage,provisional
12720301,Näsum,Bromölla,Skåne,2026,2025,2.7882632866950097,3.5684647302904566,215,43,25,1205,51.666391,1852.99542,high_coverage,provisional
12730101,Osby Sydväst,Osby,Skåne,2026,2025,6.973841452841275,3.881511746680286,278,38,26,979,109.17446,1565.48526,high_coverage,provisional
12730102,Osby Nordväst,Osby,Skåne,2026,2025,12.365633851039197,6.366723259762309,302,75,36,1178,257.842704,2085.155578,high_coverage,provisional
12730103,Osby Norra,Osby,Skåne,2026,2025,10.356993682456729,4.588910133843212,287,48,40,1046,174.067239,1680.673411,high_coverage,provisional
12730104,Osby Nordöst,Osby,Skåne,2026,2025,9.821278134447455,4.862579281183932,237,46,30,946,178.564964,1818.143846,high_coverage,provisional
12730105,Osby Södra,Osby,Skåne,2026,2025,5.840120344817758,2.9023746701846966,255,33,48,1137,99.348379,1701.135818,high_coverage,provisional
12730201,Örkened Centralt,Osby,Skåne,2026,2025,8.33333331476846,3.5322777101096223,233,29,11,821,74.812729,897.75275,high_coverage,provisional
12730202,Örkened,Osby,Skåne,2026,2025,5.540721449709187,3.061224489795918,187,27,33,882,101.187271,1826.247212,high_coverage,provisional
12730301,Loshult/Killeberg,Osby,Skåne,2026,2025,5.70610457194139,3.977272727272727,162,28,16,704,73.001775,1279.362726,high_coverage,provisional
12750101,Södra,Perstorp,Skåne,2026,2025,14.755045234915288,6.973684210526316,217,53,13,760,225.631681,1529.183255,high_coverage,provisional
12750102,Västra,Perstorp,Skåne,2026,2025,19.09812281183656,11.048158640226628,216,78,13,706,276.55298,1448.06368,high_coverage,provisional
12750103,Östra,Perstorp,Skåne,2026,2025,13.534729129528788,6.048906048906049,201,47,17,777,132.615838,979.818929,high_coverage,provisional
12750104,Centrum och Norra,Perstorp,Skåne,2026,2025,18.176458338807596,9.67238689547582,198,62,13,641,328.244205,1805.875484,high_coverage,provisional
12750105,Oderljunga,Perstorp,Skåne,2026,2025,5.333620934186423,3.017832647462277,87,22,21,729,71.955946,1349.101237,high_coverage,provisional
12760101,Klippan N-Gråmanstorp mfl,Klippan,Skåne,2026,2025,11.025153019384208,9.143518518518519,217,79,15,864,192.583817,1746.767747,high_coverage,provisional
12760102,Klippan NÖ-Solslätt,Klippan,Skåne,2026,2025,6.2965099302610374,5.107252298263535,262,50,34,979,108.405078,1721.669293,high_coverage,provisional
12760103,Klippan V,Klippan,Skåne,2026,2025,11.560689790368201,7.442748091603053,308,78,24,1048,239.45008,2071.243882,high_coverage,provisional
12760106,Klippan SÖ-Nyslätt-Elfdalen,Klippan,Skåne,2026,2025,6.523988655921292,6.430338004946414,307,78,26,1213,153.251755,2349.049992,high_coverage,provisional
12760204,Storäng-Vedby mfl,Klippan,Skåne,2026,2025,2.3723428408778173,2.440884820747521,235,32,35,1311,51.42109,2167.52356,high_coverage,provisional
12760305,Krika-Bonnarp-Nybygget,Klippan,Skåne,2026,2025,3.1919543985324896,2.682926829268293,127,22,26,820,41.141333,1288.907292,high_coverage,provisional
12760410,Riseberga-Färingtofta mfl,Klippan,Skåne,2026,2025,2.0097224071161226,3.8509316770186337,113,31,47,805,25.700863,1278.826514,high_coverage,provisional
12760507,Ljungbyhed N,Klippan,Skåne,2026,2025,4.411546614671283,5.109489051094891,162,42,26,822,45.359183,1028.192309,high_coverage,provisional
12760508,Ljungbyhed S,Klippan,Skåne,2026,2025,4.2910197653176265,4.1184041184041185,122,32,42,777,65.811499,1533.703003,high_coverage,provisional
12760711,Östra Ljungby,Klippan,Skåne,2026,2025,2.6542504937433375,2.5974025974025974,154,22,24,847,38.630362,1455.415082,high_coverage,provisional
12760712,Stidsvig,Klippan,Skåne,2026,2025,2.825270461671164,3.4420289855072466,112,19,15,552,30.236971,1070.232794,high_coverage,provisional
12770101,Åstorp  Centrum,Åstorp,Skåne,2026,2025,13.682508742541925,7.376283846872083,331,79,27,1071,279.549646,2043.116882,high_coverage,provisional
12770102,Åstorp  Björnekulla,Åstorp,Skåne,2026,2025,7.945093347454803,5.51948051948052,148,34,18,616,97.135951,1222.590431,high_coverage,provisional
12770105,Åstorp  Bjärshög,Åstorp,Skåne,2026,2025,25.66169595010358,22.172619047619047,233,149,6,672,394.730433,1538.208674,high_coverage,provisional
12770106,Åstorp  Dala,Åstorp,Skåne,2026,2025,15.492769990653011,8.850726552179657,227,67,17,757,264.851582,1709.517292,high_coverage,provisional
12770107,Åstorp  Öster,Åstorp,Skåne,2026,2025,5.460681891686904,3.1490015360983103,314,41,31,1302,105.947965,1940.196611,high_coverage,provisional
12770110,Åstorp Norr,Åstorp,Skåne,2026,2025,13.971257395369156,8.170310701956272,290,71,11,869,237.975147,1703.319467,high_coverage,provisional
12770203,Nyvång,Åstorp,Skåne,2026,2025,14.010647612610382,9.75609756097561,114,40,10,410,120.396133,859.318829,high_coverage,provisional
12770204,Hyllinge,Åstorp,Skåne,2026,2025,11.668680339530333,6.775067750677507,385,100,29,1476,309.713464,2654.228713,high_coverage,provisional
12770308,Kvidinge tätort,Åstorp,Skåne,2026,2025,4.384236463260672,4.4491525423728815,202,42,15,944,47.451316,1082.316531,high_coverage,provisional
12770309,Kvidinge landsbygd,Åstorp,Skåne,2026,2025,3.4685269154097362,3.4055727554179565,94,22,22,646,60.210891,1735.921112,high_coverage,provisional
12780101,Båstad Västra,Båstad,Skåne,2026,2025,6.873960409763389,2.7309236947791167,156,34,81,1245,95.856397,1394.48573,high_coverage,provisional
12780102,Båstad Östra,Båstad,Skåne,2026,2025,6.94544167602261,3.671562082777036,302,55,65,1498,150.723473,2170.106381,high_coverage,provisional
12780202,Förslöv Västra,Båstad,Skåne,2026,2025,5.276607118252246,4.545454545454546,247,48,67,1056,90.700439,1718.915905,high_coverage,provisional
12780203,Förslöv Östra,Båstad,Skåne,2026,2025,5.039912087876899,2.9918404351767904,278,33,63,1103,94.432291,1873.68925,high_coverage,provisional
12780303,Grevie,Båstad,Skåne,2026,2025,5.121047993196356,3.816793893129771,260,50,68,1310,109.551241,2139.234804,high_coverage,provisional
12780404,Västra Karup,Båstad,Skåne,2026,2025,3.2429333143843224,2.7160493827160495,145,33,69,1215,63.646273,1962.614301,high_coverage,provisional
12780607,Torekov-Hov,Båstad,Skåne,2026,2025,2.971435125028249,2.170138888888889,151,25,67,1152,41.933489,1411.220075,high_coverage,provisional
12780703,Östra Karup,Båstad,Skåne,2026,2025,4.32691523988505,2.4691358024691357,135,20,32,810,60.538445,1399.113263,high_coverage,provisional
12780704,Hemmeslöv-Riviera,Båstad,Skåne,2026,2025,3.167931161536316,2.1512838306731434,271,31,57,1441,62.617948,1976.619592,high_coverage,provisional
12800101,Gamla staden V,Malmö,Skåne,2026,2025,8.096424628935813,9.815950920245399,270,112,191,1141,133.114516,1644.114805,high_coverage,provisional
12800102,Gamla staden-Stortorget,Malmö,Skåne,2026,2025,11.549387473333137,7.525325615050651,258,104,114,1382,554.861412,4804.249691,high_coverage,provisional
12800103,Gamla staden-Caroli,Malmö,Skåne,2026,2025,14.796416880260503,14.270941054808686,227,138,108,967,240.004034,1622.041579,high_coverage,provisional
12800104,Gamla staden-Ö Tullgatan,Malmö,Skåne,2026,2025,13.2692106595082,10.849056603773585,263,115,127,1060,219.968003,1657.73239,high_coverage,provisional
12800105,Gamla staden-Österport,Malmö,Skåne,2026,2025,16.66562193607379,14.689265536723164,259,130,105,885,254.012884,1524.172845,high_coverage,provisional
12800106,Davidshall,Malmö,Skåne,2026,2025,8.85085195457416,9.482129832239242,306,130,176,1371,171.051034,1932.594002,high_coverage,provisional
12800107,Davidshall-Lugnet,Malmö,Skåne,2026,2025,11.786257118148399,12.889637742207245,295,153,154,1187,203.562966,1727.121375,high_coverage,provisional
12800108,Västra hamnen,Malmö,Skåne,2026,2025,8.346482651251327,5.319969159599075,288,69,162,1297,149.839301,1795.238872,high_coverage,provisional
12800109,Västra hamnen-Flaggskeppet,Malmö,Skåne,2026,2025,13.100649427151165,6.679209783631232,229,71,85,1063,97.41021,743.552528,high_coverage,provisional
12800110,Västra hamnen-Dockplatsen,Malmö,Skåne,2026,2025,7.142829227844935,2.843601895734597,224,36,61,1266,68.264516,955.706959,high_coverage,provisional
12800111,Slussen-Ö Förstadsg,Malmö,Skåne,2026,2025,14.330558793158392,14.591920857378401,308,177,167,1213,277.996264,1939.884327,high_coverage,provisional
12800112,Slussen,Malmö,Skåne,2026,2025,15.83858882897622,14.909090909090908,239,123,85,825,216.957027,1369.800235,high_coverage,provisional
12800113,Östervärn-Fredsgatan,Malmö,Skåne,2026,2025,27.686520501860123,28.694714131607334,283,266,75,927,459.382097,1659.226543,high_coverage,provisional
12800114,Östervärn-Nobelv,Malmö,Skåne,2026,2025,13.962942281016943,24.885635864592864,253,272,173,1093,254.350385,1821.61023,high_coverage,provisional
12800115,Ellstorp,Malmö,Skåne,2026,2025,10.915948109852879,11.821366024518388,301,135,128,1142,179.983283,1648.810357,high_coverage,provisional
12800116,N Sorgenfri,Malmö,Skåne,2026,2025,29.556538568958967,25.86387434554974,305,247,67,955,604.149928,2044.048313,high_coverage,provisional
12800117,Värnhem,Malmö,Skåne,2026,2025,24.555690360985437,27.636363636363637,160,152,53,550,284.411122,1158.22898,high_coverage,provisional
12800118,Rörsjöstaden-Rörsjöparken,Malmö,Skåne,2026,2025,9.38395147632331,20.16376663254862,226,197,221,977,150.316789,1601.849598,high_coverage,provisional
12800119,Rörsjöstaden-Kungsgatan,Malmö,Skåne,2026,2025,9.497352274235366,17.69041769041769,279,216,262,1221,182.059731,1916.952491,high_coverage,provisional
12800120,V Sorgenfri-Betania,Malmö,Skåne,2026,2025,11.385568730146186,19.548872180451127,234,182,210,931,158.281511,1390.194155,high_coverage,provisional
12800121,V Sorgenfri-Rörsjö,Malmö,Skåne,2026,2025,20.76474565608555,25.213675213675213,279,236,155,936,331.361759,1595.790117,high_coverage,provisional
12800122,Lugnet-Rörsjö,Malmö,Skåne,2026,2025,13.90432086823881,15.123094958968347,195,129,113,853,194.474069,1398.659243,high_coverage,provisional
12800123,Lugnet,Malmö,Skåne,2026,2025,19.894615114687426,14.86910994764398,268,142,95,955,311.394702,1565.221042,high_coverage,provisional
12800124,Rådmansvången-Triangeln,Malmö,Skåne,2026,2025,13.99678491783258,17.103109656301147,307,209,169,1222,264.434608,1889.252493,high_coverage,provisional
12800125,Rådmansvången-Stadshuset,Malmö,Skåne,2026,2025,14.537968672487906,23.069590085795998,305,242,157,1049,238.1862,1638.37332,high_coverage,provisional
12800126,Rådmansvången-S Förstadsgatan,Malmö,Skåne,2026,2025,15.183079226268106,26.16651418115279,245,286,204,1093,275.400294,1813.863248,high_coverage,provisional
12800127,Rådmansvången-Tandläkarhögskolan,Malmö,Skåne,2026,2025,18.19567670809783,22.794691647150664,339,292,184,1281,363.339081,1996.842914,high_coverage,provisional
12800128,Västra hamnen-Fullriggaren,Malmö,Skåne,2026,2025,14.70092571696918,9.569798068481123,266,109,156,1139,238.823539,1624.547621,high_coverage,provisional
12800129,Gamla staden-S Promenaden,Malmö,Skåne,2026,2025,13.457146930330769,10.82529474812433,228,101,103,933,195.028301,1449.254452,high_coverage,provisional
12800130,Rörsjöstaden-Föreningsgatan,Malmö,Skåne,2026,2025,6.446067442781421,10.03976143141153,230,101,208,1006,93.83633,1455.714369,high_coverage,provisional
12800131,Västra hamnen-Kockum fritid,Malmö,Skåne,2026,2025,12.778736677401247,8.700834326579262,202,73,75,839,183.483206,1435.847773,high_coverage,provisional
12800132,Katrinelund-Värnhem,Malmö,Skåne,2026,2025,20.967621127961994,29.680759275237275,299,344,200,1159,595.514356,2840.161754,high_coverage,provisional
12800133,Västra hamnen-Isbergs gata,Malmö,Skåne,2026,2025,10.042044585987323,7.536231884057971,237,78,80,1035,154.039841,1533.948985,high_coverage,provisional
12800134,Västra hamnen-Bassängkajen,Malmö,Skåne,2026,2025,11.424493860481595,4.382761139517896,299,60,95,1369,186.176535,1629.626111,high_coverage,provisional
12800135,Västra hamnen-Bomgatan,Malmö,Skåne,2026,2025,13.318019195784322,7.396149949341439,255,73,74,987,236.058451,1772.474176,high_coverage,provisional
12800136,Västra hamnen-Varvsparken,Malmö,Skåne,2026,2025,14.014853162573162,6.477732793522267,231,64,84,988,141.18431,1007.390576,high_coverage,provisional
12800137,Värnhem-Rörsjö,Malmö,Skåne,2026,2025,21.10650658958186,21.15009746588694,292,217,178,1026,221.716269,1050.464074,high_coverage,provisional
12800201,Möllevången-Bergsgatan,Malmö,Skåne,2026,2025,24.281674771866708,30.939226519337016,240,280,113,905,389.962111,1605.993469,high_coverage,provisional
12800202,V Sorgenfri-Mariagatan,Malmö,Skåne,2026,2025,6.552807325287715,22.530864197530864,314,292,395,1296,123.63182,1886.700064,high_coverage,provisional
12800203,V Sorgenfri-Nobelv,Malmö,Skåne,2026,2025,14.321485183185906,34.08029878618114,220,365,258,1071,229.986563,1605.884865,high_coverage,provisional
12800204,Möllevångstorget N,Malmö,Skåne,2026,2025,19.06427444801736,36.170212765957444,243,340,151,940,313.611835,1645.023711,high_coverage,provisional
12800205,Möllevången-Folkets park,Malmö,Skåne,2026,2025,11.588150982594444,38.49329205366357,202,373,213,969,164.875614,1422.794838,high_coverage,provisional
12800206,Möllevången-Karlskronaplan,Malmö,Skåne,2026,2025,12.0746131261146,30.829694323144103,259,353,280,1145,213.181939,1765.538463,high_coverage,provisional
12800207,Möllevången-Bangatan,Malmö,Skåne,2026,2025,33.374554363106306,36.10738255033557,256,269,81,745,471.684077,1413.304495,high_coverage,provisional
12800208,Möllevången-Södervärnsplan,Malmö,Skåne,2026,2025,19.904510901246482,29.26553672316384,260,259,137,885,291.996407,1466.986094,high_coverage,provisional
12800209,Södervärn,Malmö,Skåne,2026,2025,19.418812255944815,32.918552036199095,221,291,142,884,288.8199,1487.320111,high_coverage,provisional
12800210,Flensburg-Allm sjukhuset,Malmö,Skåne,2026,2025,24.584089860054007,27.225806451612904,228,211,93,775,408.579208,1661.965972,high_coverage,provisional
12800211,S Sofielund-Seved,Malmö,Skåne,2026,2025,32.29811417964763,38.50931677018634,214,310,86,805,519.991286,1609.97414,high_coverage,provisional
12800212,N Sofielund-Sofielundsskolan,Malmö,Skåne,2026,2025,22.042035289314565,34.41226575809199,286,404,233,1174,542.308635,2460.338294,high_coverage,provisional
12800213,S Sofielund-Bryggeriet,Malmö,Skåne,2026,2025,32.10275525620385,41.44893111638955,260,349,91,842,642.998686,2002.939252,high_coverage,provisional
12800214,N Sofielund-Nobelv,Malmö,Skåne,2026,2025,15.33853724223866,35.72778827977316,246,378,245,1058,254.671414,1660.337032,high_coverage,provisional
12800215,N Sofielund-Nobeltorget,Malmö,Skåne,2026,2025,12.380584661735238,35.257214554579676,183,281,177,797,154.988989,1251.871323,high_coverage,provisional
12800216,Ö Sorgenfri-Kiviksgatan,Malmö,Skåne,2026,2025,10.873761629427756,32.369942196531795,264,392,256,1211,192.999049,1774.906013,high_coverage,provisional
12800217,Ö Sorgenfri-Nobelv,Malmö,Skåne,2026,2025,16.910854342215874,30.582010582010582,241,289,200,945,265.994929,1572.924251,high_coverage,provisional
12800218,Ö Sorgenfri-Sorgenfrivägen,Malmö,Skåne,2026,2025,30.21790168816722,39.48186528497409,299,381,117,965,536.938595,1776.889079,high_coverage,provisional
12800219,Ö Sorgenfri-Brantevik,Malmö,Skåne,2026,2025,12.059255876331818,24.84774665042631,250,204,108,821,156.991138,1301.831055,high_coverage,provisional
12800220,Annelund,Malmö,Skåne,2026,2025,24.991881625773352,33.333333333333336,271,293,132,879,374.25911,1497.522738,high_coverage,provisional
12800221,Lönngården,Malmö,Skåne,2026,2025,23.2003694959988,32.645161290322584,206,253,101,775,338.036623,1457.031204,high_coverage,provisional
12800222,Möllevångstorget S,Malmö,Skåne,2026,2025,18.288434155015107,40.944017563117455,191,373,186,911,268.648145,1468.951047,high_coverage,provisional
12800301,Hästhagen,Malmö,Skåne,2026,2025,4.1376915700939625,9.486166007905139,253,120,200,1265,69.019964,1668.078996,high_coverage,provisional
12800302,Fågelbacken N,Malmö,Skåne,2026,2025,8.498067275864294,9.289617486338798,304,102,148,1098,124.993172,1470.842345,high_coverage,provisional
12800303,Kronprinsen,Malmö,Skåne,2026,2025,12.251930405219964,11.499436302142051,241,102,70,887,179.979365,1468.987817,high_coverage,provisional
12800304,Fågelbacken S,Malmö,Skåne,2026,2025,10.744995640703097,12.57995735607676,220,118,118,938,149.931161,1395.358044,high_coverage,provisional
12800305,Kronborg-Teatern,Malmö,Skåne,2026,2025,9.962354091960584,10.957324106113033,222,95,146,867,129.033098,1295.206904,high_coverage,provisional
12800306,Rönneholm SO,Malmö,Skåne,2026,2025,9.744484569262518,14.073426573426573,281,161,128,1144,164.0198,1683.206524,high_coverage,provisional
12800307,Rönneholm-Mariedalsv,Malmö,Skåne,2026,2025,5.730046565373314,7.7,247,77,149,1000,79.007092,1378.821116,high_coverage,provisional
12800308,Rönneholm NV,Malmö,Skåne,2026,2025,5.468259914951217,12.567811934900542,279,139,170,1106,86.810734,1587.538547,high_coverage,provisional
12800309,Rönneholm NO,Malmö,Skåne,2026,2025,5.4707198712174785,10.663308144416456,244,127,170,1191,96.011726,1755.010826,high_coverage,provisional
12800310,Rönneholmsparken,Malmö,Skåne,2026,2025,6.253480615342788,8.152173913043478,248,90,130,1104,97.225555,1554.743046,high_coverage,provisional
12800311,Ribersborg SO,Malmö,Skåne,2026,2025,4.9965167247432705,10.865191146881287,232,108,112,994,68.992599,1380.813931,high_coverage,provisional
12800312,Ribersborg NO,Malmö,Skåne,2026,2025,4.834186987618085,7.601572739187418,177,58,104,763,66.997301,1385.906279,high_coverage,provisional
12800313,Ribersborgsskolan,Malmö,Skåne,2026,2025,3.7285127393002044,9.083191850594227,266,107,177,1178,62.002734,1662.93475,high_coverage,provisional
12800314,Ribersborg-Limhamnsvägen,Malmö,Skåne,2026,2025,4.928969583801279,7.685185185185185,234,83,124,1080,73.050409,1482.062483,high_coverage,provisional
12800315,Ribersborg-Nicoloviusg,Malmö,Skåne,2026,2025,3.9400980301783157,5.509433962264151,293,73,147,1325,70.991812,1801.77781,high_coverage,provisional
12800316,Ribersborg-Regementsg,Malmö,Skåne,2026,2025,4.284970630179342,5.508474576271187,248,65,134,1180,65.015861,1517.300038,high_coverage,provisional
12800317,Fridhem,Malmö,Skåne,2026,2025,6.742700255833192,4.034582132564841,158,42,72,1041,100.008919,1483.217631,high_coverage,provisional
12800318,Västervång-Fridhem,Malmö,Skåne,2026,2025,3.9541909040466634,3.7585421412300684,132,33,127,878,51.010532,1290.037159,high_coverage,provisional
12800319,Mellanheden,Malmö,Skåne,2026,2025,12.951510732119454,12.637828668363019,328,149,132,1179,232.997088,1798.995444,high_coverage,provisional
12800320,Dammfri-Köpenhamnsvägen,Malmö,Skåne,2026,2025,11.177344411342135,9.85663082437276,270,110,162,1116,189.033477,1691.219936,high_coverage,provisional
12800321,Dammfri-Korsörvägen,Malmö,Skåne,2026,2025,8.936664263674338,11.329479768786127,215,98,126,865,115.015695,1287.009242,high_coverage,provisional
12800322,Solbacken,Malmö,Skåne,2026,2025,11.538015014451824,11.497005988023952,190,96,117,835,163.200119,1414.455769,high_coverage,provisional
12800323,Dammfri-John Ericssons väg,Malmö,Skåne,2026,2025,13.177988850596256,15.795868772782503,189,130,114,823,157.974383,1198.774599,high_coverage,provisional
12800324,Kronborg,Malmö,Skåne,2026,2025,15.746049575597613,14.426229508196721,281,132,109,915,210.956699,1339.743648,high_coverage,provisional
12800401,Bellevue-Nya Bellevue,Malmö,Skåne,2026,2025,5.068402905899401,1.7210144927536233,102,19,77,1104,96.285024,1899.711325,high_coverage,provisional
12800402,Rosenvång,Malmö,Skåne,2026,2025,4.657738270955242,2.6079136690647484,172,29,98,1112,80.996308,1738.962202,high_coverage,provisional
12800403,Gamla Limhamn-Bellevue,Malmö,Skåne,2026,2025,7.338980872636707,2.3032629558541267,157,24,68,1042,103.123657,1405.149554,high_coverage,provisional
12800404,"Limhamn, Ön",Malmö,Skåne,2026,2025,8.3504011537439,2.6679841897233203,205,27,50,1012,148.708349,1780.852755,high_coverage,provisional
12800405,Gamla Limhamn-Tegnérgatan,Malmö,Skåne,2026,2025,6.862360819681223,3.90625,185,40,84,1024,114.338679,1666.171191,high_coverage,provisional
12800406,Gamla Limhamn-Linnéskolan,Malmö,Skåne,2026,2025,6.769878283563142,6.719367588932807,235,68,73,1012,96.50838,1425.555615,high_coverage,provisional
12800407,Sibbarp N,Malmö,Skåne,2026,2025,9.848344314588301,8.341143392689785,247,89,65,1067,162.805692,1653.127539,high_coverage,provisional
12800408,Annetorp N,Malmö,Skåne,2026,2025,8.280431521561841,4.780114722753346,208,50,93,1046,146.054179,1763.847435,high_coverage,provisional
12800409,Djupadal N,Malmö,Skåne,2026,2025,2.8281701369743386,3.6943744752308985,215,44,193,1191,52.94422,1872.03094,high_coverage,provisional
12800410,Annetorp S,Malmö,Skåne,2026,2025,10.626767803372712,7.471852610030706,292,73,59,977,172.616006,1624.350971,high_coverage,provisional
12800411,Sibbarp S,Malmö,Skåne,2026,2025,6.6712576662641965,3.2846715328467155,148,36,76,1096,102.640987,1538.555279,high_coverage,provisional
12800412,Sibbarp-Hammars Park,Malmö,Skåne,2026,2025,7.437061461130069,4.380341880341881,201,41,47,936,106.102611,1426.673849,high_coverage,provisional
12800413,Djupadal-Ö Rosenvång,Malmö,Skåne,2026,2025,3.7510998496824794,3.503787878787879,228,37,118,1056,59.002889,1572.949038,high_coverage,provisional
12800414,Djupadal-Broddaparken,Malmö,Skåne,2026,2025,6.820317945635037,3.2511210762331837,189,29,107,892,95.806093,1404.715935,high_coverage,provisional
12800415,Hyllieby,Malmö,Skåne,2026,2025,7.197998473728615,3.909952606635071,155,33,57,844,95.202589,1322.625857,high_coverage,provisional
12800416,Bunkeflostrand N,Malmö,Skåne,2026,2025,9.595155490048619,2.9732408325074333,181,30,47,1009,196.396832,2046.83324,high_coverage,provisional
12800417,Bunkeflostrand-Fjärilsg,Malmö,Skåne,2026,2025,5.385397995839288,2.4704618689581097,197,23,45,931,78.772107,1462.697967,high_coverage,provisional
12800418,Bunkeflostrand-Ängslätt,Malmö,Skåne,2026,2025,8.754356447873613,3.8259564891222806,292,51,58,1333,197.551405,2256.606824,high_coverage,provisional
12800419,Bunkeflostrand-Strandhem,Malmö,Skåne,2026,2025,9.69175612334801,3.620564808110065,271,50,74,1381,238.92683,2465.25838,high_coverage,provisional
12800420,Annestad N,Malmö,Skåne,2026,2025,23.46818236821288,17.700258397932817,236,137,24,774,332.680518,1417.581101,high_coverage,provisional
12800421,Bunkeflo-Vintrie,Malmö,Skåne,2026,2025,11.450509114801891,4.732824427480916,139,31,49,655,173.079658,1511.545524,high_coverage,provisional
12800422,Klagshamn N,Malmö,Skåne,2026,2025,6.3904490249226,4.815573770491803,194,47,76,976,116.090237,1816.620969,high_coverage,provisional
12800423,Tygelsjö Ö,Malmö,Skåne,2026,2025,5.548935437927026,2.3360964581763377,286,31,52,1327,151.914822,2737.729132,high_coverage,provisional
12800424,V Klagstorp-Tygelsjö V,Malmö,Skåne,2026,2025,6.024774655087625,4.714828897338403,273,62,71,1315,105.833859,1756.644274,high_coverage,provisional
12800425,Limhamn-Dragörkajen,Malmö,Skåne,2026,2025,9.015354274644055,3.4739454094292803,147,28,55,806,155.081154,1720.189238,high_coverage,provisional
12800426,Kalkbrottet,Malmö,Skåne,2026,2025,17.26097999088232,5.343511450381679,287,63,54,1179,350.949727,2033.196998,high_coverage,provisional
12800427,Annestad S,Malmö,Skåne,2026,2025,19.784418288886517,9.802073515551367,258,104,51,1061,574.602271,2904.317239,high_coverage,provisional
12800428,Elinelund N,Malmö,Skåne,2026,2025,17.785781616653264,12.467866323907455,215,97,32,778,252.917148,1422.018742,high_coverage,provisional
12800429,Limhamn-Cementparken,Malmö,Skåne,2026,2025,20.326802376133895,10.964912280701755,186,75,34,684,298.381705,1467.922497,high_coverage,provisional
12800430,Limhamn-Fendertorget,Malmö,Skåne,2026,2025,27.247148974552644,12.808988764044944,269,114,51,890,565.167175,2074.224997,high_coverage,provisional
12800431,Limhamn-Fernissagatan,Malmö,Skåne,2026,2025,18.238397391801964,8.35010060362173,230,83,64,994,221.911102,1216.724788,high_coverage,provisional
12800432,Limhamn-Formgatan,Malmö,Skåne,2026,2025,14.735622657718,8.184679958027282,263,78,55,953,168.209498,1141.516052,high_coverage,provisional
12800433,Limhamn-Rosengrens gata,Malmö,Skåne,2026,2025,14.224227668207995,1.9743336623889438,194,20,87,1013,256.380832,1802.423569,high_coverage,provisional
12800434,Klagshamn S-Tygelsjö vång,Malmö,Skåne,2026,2025,7.150122671652047,3.89363722697056,255,41,67,1053,124.85268,1746.16137,high_coverage,provisional
12800435,Elinelund S,Malmö,Skåne,2026,2025,17.89926968218203,7.282051282051282,220,71,49,975,302.207494,1688.378908,high_coverage,provisional
12800436,Gamla Limhamn-Valborgsgatan,Malmö,Skåne,2026,2025,7.080962166923178,5.27363184079602,204,53,88,1005,118.166549,1668.792266,high_coverage,provisional
12800501,Lorensborg N,Malmö,Skåne,2026,2025,23.257694898538148,19.39711664482307,206,148,88,763,306.972124,1319.873381,high_coverage,provisional
12800502,Lorensborg V,Malmö,Skåne,2026,2025,41.04886866334408,33.56164383561644,293,294,40,876,749.905477,1826.86028,high_coverage,provisional
12800503,Lorensborg SO,Malmö,Skåne,2026,2025,29.31272656245567,20.593869731800766,345,215,54,1044,541.937757,1848.813879,high_coverage,provisional
12800504,Bellevuegården V,Malmö,Skåne,2026,2025,27.199230880867837,13.949843260188088,212,89,25,638,466.652644,1715.683234,high_coverage,provisional
12800505,Bellevuegården Ö,Malmö,Skåne,2026,2025,45.58906494906642,38.89447236180904,400,387,29,995,1002.850497,2199.761057,high_coverage,provisional
12800506,Kroksbäck N,Malmö,Skåne,2026,2025,21.068271297565254,18.659658344283837,282,142,42,761,312.004052,1480.919092,high_coverage,provisional
12800507,Kroksbäck V,Malmö,Skåne,2026,2025,6.5088286570923595,4.044489383215369,201,40,137,989,94.82645,1456.889634,high_coverage,provisional
12800508,Kroksbäck S,Malmö,Skåne,2026,2025,47.841869015206065,44.66477809254013,466,473,16,1059,893.10755,1866.790676,high_coverage,provisional
12800509,Borgmästaregården S,Malmö,Skåne,2026,2025,12.773400400534213,12.37864077669903,296,102,63,824,184.40504,1443.664445,high_coverage,provisional
12800510,Borgmästaregården N,Malmö,Skåne,2026,2025,9.017313017481804,6.892655367231638,318,61,32,885,108.582907,1204.160339,high_coverage,provisional
12800511,Södertorp,Malmö,Skåne,2026,2025,13.20003014035545,9.989373007438894,360,94,35,941,182.054911,1379.200722,high_coverage,provisional
12800512,Gröndal,Malmö,Skåne,2026,2025,16.674420350653104,11.904761904761905,537,160,61,1344,357.980604,2146.884848,high_coverage,provisional
12800513,Kulladal N,Malmö,Skåne,2026,2025,17.593100316946717,12.79503105590062,235,103,46,805,230.991169,1312.964542,high_coverage,provisional
12800514,Kulladal-Per Albin Hanssons väg,Malmö,Skåne,2026,2025,11.484015849831318,10.829103214890017,380,128,84,1182,231.036571,2011.809928,high_coverage,provisional
12800515,Kulladal-Kulladalsgatan,Malmö,Skåne,2026,2025,15.097443584350213,12.808988764044944,334,114,40,890,241.967894,1602.707721,high_coverage,provisional
12800516,Holma N,Malmö,Skåne,2026,2025,36.16641939950612,27.906976744186046,370,240,20,860,655.544539,1812.577938,high_coverage,provisional
12800517,Holma S,Malmö,Skåne,2026,2025,48.48058418493594,38.34586466165413,361,306,14,798,850.525467,1754.363074,high_coverage,provisional
12800518,Lindeborg-Axel Danielssons väg,Malmö,Skåne,2026,2025,20.76173303837146,13.192346424974824,364,131,32,993,365.459365,1760.25462,high_coverage,provisional
12800519,Lindeborg Centrum,Malmö,Skåne,2026,2025,21.168070017397536,10.266535044422508,369,104,23,1013,364.605279,1722.430428,high_coverage,provisional
12800520,Lindeborg-Stolpalösaparken,Malmö,Skåne,2026,2025,21.27275595241396,15.856481481481481,300,137,32,864,329.50745,1548.964557,high_coverage,provisional
12800521,Hyllievång-Tennisgränd,Malmö,Skåne,2026,2025,35.91276969232132,15.968586387434556,235,122,31,764,1191.159667,3316.813705,high_coverage,provisional
12800522,Hyllievång-Allétorget,Malmö,Skåne,2026,2025,29.562200515522477,11.550632911392405,182,73,38,632,348.34739,1178.35406,high_coverage,provisional
12800523,Hyllievång-Dagvattenparken,Malmö,Skåne,2026,2025,31.16753347182621,25.192012288786483,206,164,43,651,698.305965,2240.491586,high_coverage,provisional
12800524,Hyllievång-Sagas gränd,Malmö,Skåne,2026,2025,27.83468064068466,17.993630573248407,186,113,32,628,302.637816,1087.268864,high_coverage,provisional
12800525,Hyllievång-Skrivaregatan,Malmö,Skåne,2026,2025,28.296606091043284,12.062256809338521,322,124,56,1028,394.394652,1393.78783,high_coverage,provisional
12800526,Bellevuegården-Hålsjön,Malmö,Skåne,2026,2025,27.202066547594693,28.338762214983714,211,174,30,614,231.707566,851.801335,high_coverage,provisional
12800601,Heleneholm,Malmö,Skåne,2026,2025,33.611378600230644,31.092436974789916,273,222,34,714,684.046253,2035.162738,high_coverage,provisional
12800602,Eriksfält,Malmö,Skåne,2026,2025,20.36859118390266,17.451523545706372,233,126,76,722,269.153918,1321.416467,high_coverage,provisional
12800603,Almhög V,Malmö,Skåne,2026,2025,31.630817082253078,23.28767123287671,332,187,36,803,656.019634,2073.988896,high_coverage,provisional
12800604,Almhög Ö,Malmö,Skåne,2026,2025,40.704786167566645,33.170731707317074,263,204,18,615,761.965652,1871.931347,high_coverage,provisional
12800605,Augustenborg N,Malmö,Skåne,2026,2025,40.72600115856357,38.89515219842165,328,345,76,887,818.925595,2010.81759,high_coverage,provisional
12800606,Augustenborg S,Malmö,Skåne,2026,2025,40.88453457040956,32.083333333333336,300,231,43,720,663.994607,1624.072804,high_coverage,provisional
12800607,Hindby,Malmö,Skåne,2026,2025,19.086317304785574,24.603174603174605,401,279,69,1134,446.979619,2341.885089,high_coverage,provisional
12800608,Nydala NV,Malmö,Skåne,2026,2025,37.757319307298744,27.323943661971832,343,194,15,710,642.951418,1702.8524,high_coverage,provisional
12800609,Nydala NO,Malmö,Skåne,2026,2025,40.8928296581814,28.95086321381142,379,218,14,753,704.992241,1723.999652,high_coverage,provisional
12800610,Nydala SO,Malmö,Skåne,2026,2025,36.706938326378925,27.790697674418606,402,239,18,860,906.978304,2470.863399,high_coverage,provisional
12800611,Gullviksborg,Malmö,Skåne,2026,2025,45.058488186562485,40.10989010989011,388,365,19,910,934.903639,2074.86686,high_coverage,provisional
12800612,Gullvik,Malmö,Skåne,2026,2025,26.574752680354536,22.99412915851272,398,235,43,1022,518.954587,1952.810599,high_coverage,provisional
12800613,Ö Söderkulla,Malmö,Skåne,2026,2025,20.34426325518968,15.394736842105264,315,117,31,760,303.191389,1490.304098,high_coverage,provisional
12800614,Hermodsdal,Malmö,Skåne,2026,2025,45.92004140494112,41.30105900151286,269,273,10,661,984.878434,2144.768175,high_coverage,provisional
12800615,Hermodsdal-Gullviksborg,Malmö,Skåne,2026,2025,36.965475008534135,32.962447844228095,298,237,11,719,786.903785,2128.753343,high_coverage,provisional
12800616,V Söderkulla-Söderkullagatan,Malmö,Skåne,2026,2025,18.424688790739527,17.702227432590856,368,151,16,853,313.127593,1699.500038,high_coverage,provisional
12800617,V Söderkulla Centrum,Malmö,Skåne,2026,2025,21.846870167057794,17.31651376146789,444,151,21,872,394.963013,1807.870006,high_coverage,provisional
12800618,V Söderkulla-Fosietorp,Malmö,Skåne,2026,2025,22.307765459909795,22.68041237113402,360,176,17,776,376.906416,1689.574945,high_coverage,provisional
12800619,Lindängen N,Malmö,Skåne,2026,2025,29.948438872836185,21.1287988422576,313,146,22,691,488.826715,1632.2277,high_coverage,provisional
12800620,Lindängen Centrum,Malmö,Skåne,2026,2025,39.143239729623104,32.544378698224854,347,275,9,845,807.160295,2062.06819,high_coverage,provisional
12800621,Almvik,Malmö,Skåne,2026,2025,31.95774256119461,21.655172413793103,287,157,17,725,592.322247,1853.454592,high_coverage,provisional
12800622,Lindängen Ö,Malmö,Skåne,2026,2025,38.414903382853424,35.84637268847795,300,252,12,703,823.67673,2144.159317,high_coverage,provisional
12800623,Lindängen-Almvik,Malmö,Skåne,2026,2025,37.75900537385625,18.73198847262248,307,130,13,694,1104.522752,2925.190272,high_coverage,provisional
12800624,Lindängen-Kastanjegården,Malmö,Skåne,2026,2025,33.104176250352914,26.155580608793688,384,232,18,887,578.184886,1746.561768,high_coverage,provisional
12800625,Lindängen-Vårsången,Malmö,Skåne,2026,2025,47.182976485413924,36.51452282157676,242,176,6,482,149.445253,316.735535,high_coverage,provisional
12800701,Oxie Kyrkby N,Malmö,Skåne,2026,2025,16.5020694378455,15.875754961173426,402,184,49,1159,339.374832,2056.559229,high_coverage,provisional
12800702,Oxie Kyrkby Ö,Malmö,Skåne,2026,2025,16.32303339113662,13.817809621289662,319,135,40,977,284.996015,1745.974588,high_coverage,provisional
12800703,Oxie Kyrkby-Toarp,Malmö,Skåne,2026,2025,13.338510097336929,13.333333333333334,227,104,57,780,199.035515,1492.18701,high_coverage,provisional
12800704,Kristineberg,Malmö,Skåne,2026,2025,25.891837893947073,15.044971381847915,416,184,35,1223,711.682004,2748.67318,high_coverage,provisional
12800705,Käglinge,Malmö,Skåne,2026,2025,13.241553242482455,10.535557506584723,364,120,40,1139,119.67411,903.77698,high_coverage,provisional
12800706,Oxievång Ö,Malmö,Skåne,2026,2025,18.834232527317237,14.039125431530495,327,122,22,869,306.975433,1629.880233,high_coverage,provisional
12800707,Oxievång V,Malmö,Skåne,2026,2025,24.16524902889853,19.798994974874372,365,197,29,995,542.946485,2246.80691,high_coverage,provisional
12800708,Käglinge-Lockarp,Malmö,Skåne,2026,2025,12.391490576916963,5.945945945945946,149,33,27,555,237.112607,1913.511579,high_coverage,provisional
12800801,Törnrosen,Malmö,Skåne,2026,2025,47.957572180877186,41.97530864197531,391,340,18,810,963.028868,2008.085114,high_coverage,provisional
12800802,Örtagården V,Malmö,Skåne,2026,2025,44.97701396596341,40.284974093264246,394,311,16,772,787.509934,1750.916445,high_coverage,provisional
12800803,Persborg,Malmö,Skåne,2026,2025,38.47330034336637,33.08457711442786,386,266,29,804,675.905075,1756.815945,high_coverage,provisional
12800804,V Kattarp,Malmö,Skåne,2026,2025,20.817421269993265,28.668941979522184,318,252,110,879,381.976584,1834.889053,high_coverage,provisional
12800805,Rosengård centrum,Malmö,Skåne,2026,2025,51.931158647729646,41.211401425178146,455,347,12,842,1852.972984,3568.133337,high_coverage,provisional
12800806,Apelgården S,Malmö,Skåne,2026,2025,29.294924602330255,28.3072546230441,378,199,12,703,535.606976,1828.326863,high_coverage,provisional
12800807,Apelgården N,Malmö,Skåne,2026,2025,24.5254487101468,31.50537634408602,477,293,15,930,513.577573,2094.059844,high_coverage,provisional
12800808,Kryddgården S,Malmö,Skåne,2026,2025,26.10983733050783,30.899830220713074,310,182,15,589,430.053621,1647.094218,high_coverage,provisional
12800809,Herrgården,Malmö,Skåne,2026,2025,56.44884101160089,45.666666666666664,298,274,2,600,1300.226639,2303.371718,high_coverage,provisional
12800810,Kryddgården N,Malmö,Skåne,2026,2025,52.099869496410506,47.333333333333336,301,355,34,750,1164.824029,2235.752297,high_coverage,provisional
12800811,Törnrosen-Örtagården,Malmö,Skåne,2026,2025,50.30018192626466,42.555685814771394,401,363,19,853,1078.288778,2143.707511,high_coverage,provisional
12800812,Örtagården Ö,Malmö,Skåne,2026,2025,45.76114554522652,40.58479532163743,447,347,13,855,206.844835,452.00974,high_coverage,provisional
12800901,Riseberga-Storhällagatan,Malmö,Skåne,2026,2025,8.745426972887902,7.569386038687973,299,90,94,1189,161.00347,1841.001823,high_coverage,provisional
12800902,Riseberga-Ringbergagatan,Malmö,Skåne,2026,2025,10.884404695551801,8.895131086142323,304,95,114,1068,174.317677,1601.53616,high_coverage,provisional
12800903,Videdal N,Malmö,Skåne,2026,2025,18.470988920599073,17.288444040036396,374,190,108,1099,299.046676,1619.007392,high_coverage,provisional
12800904,Videdal S,Malmö,Skåne,2026,2025,12.769916760890013,14.237668161434977,323,127,81,892,227.948535,1785.043233,high_coverage,provisional
12800905,Virentofta V,Malmö,Skåne,2026,2025,13.45944101116984,12.841530054644808,349,141,75,1098,248.997406,1849.983263,high_coverage,provisional
12800906,Virentofta Ö,Malmö,Skåne,2026,2025,11.613239097981596,9.322033898305085,372,99,61,1062,202.988696,1747.907662,high_coverage,provisional
12800907,Höja,Malmö,Skåne,2026,2025,13.320538675874879,14.415437003405222,379,127,24,881,207.004596,1554.025712,high_coverage,provisional
12800908,Stenkällan-Höja,Malmö,Skåne,2026,2025,13.758912053045842,13.232323232323232,391,131,29,990,230.790597,1677.38987,high_coverage,provisional
12800909,Stenkällan-Jägersro Villastad,Malmö,Skåne,2026,2025,24.72563760096674,21.605550049554015,356,218,41,1009,444.159671,1796.35275,high_coverage,provisional
12800910,Ö Skrävlinge-Kvarnby,Malmö,Skåne,2026,2025,11.223985261539177,10.403587443946188,345,116,73,1115,225.346086,2007.719012,high_coverage,provisional
12800911,S Sallerup,Malmö,Skåne,2026,2025,10.164480627362963,6.469500924214418,283,70,54,1082,178.783893,1758.908296,high_coverage,provisional
12800912,Almgården,Malmö,Skåne,2026,2025,20.774917039747294,20.72599531615925,294,177,15,854,412.865097,1987.324889,high_coverage,provisional
12800913,Ö Skrävlinge-Gyllins,Malmö,Skåne,2026,2025,10.747414511418295,10.061242344706912,379,115,51,1143,219.983327,2046.848819,high_coverage,provisional
12800914,Riseberga-Elsa Anderssons gata,Malmö,Skåne,2026,2025,10.884952281797021,11.35135135135135,288,84,30,740,156.705567,1439.653229,high_coverage,provisional
12801001,Kirsebergsstaden-Rostorp,Malmö,Skåne,2026,2025,14.133409366036338,20.263157894736842,296,231,220,1140,276.992831,1959.844393,high_coverage,provisional
12801002,Kirsebergsstaden-Solgatan,Malmö,Skåne,2026,2025,13.910166254887423,23.536036036036037,217,209,160,888,211.884334,1523.233656,high_coverage,provisional
12801003,Kirsebergsstaden-Kirsebergstornet,Malmö,Skåne,2026,2025,19.05684839222284,27.849740932642487,218,215,96,772,304.072757,1595.608837,high_coverage,provisional
12801004,Johanneslust,Malmö,Skåne,2026,2025,7.944023897754829,18.54140914709518,224,150,169,809,106.696283,1343.101234,high_coverage,provisional
12801005,Kirsebergsstaden-Beijers park,Malmö,Skåne,2026,2025,13.871943531213793,19.689737470167064,224,165,142,838,201.041155,1449.264514,high_coverage,provisional
12801006,Segevång Ö,Malmö,Skåne,2026,2025,31.949633647663013,20.28985507246377,245,154,60,759,526.826781,1648.92902,high_coverage,provisional
12801007,Segevång V,Malmö,Skåne,2026,2025,26.721888089420737,20.59925093632959,255,165,33,801,443.511361,1659.730628,high_coverage,provisional
12801008,Segevång N,Malmö,Skåne,2026,2025,24.620099942273423,27.216748768472907,266,221,24,812,627.602868,2549.148336,high_coverage,provisional
12801009,Håkanstorp,Malmö,Skåne,2026,2025,11.82401125657823,12.195121951219512,297,110,90,902,176.991062,1496.878328,high_coverage,provisional
12801010,Bulltofta-Valdemarsro,Malmö,Skåne,2026,2025,13.247457206863482,11.820083682008368,289,113,73,956,227.290495,1715.729226,high_coverage,provisional
12801011,Segevång S,Malmö,Skåne,2026,2025,24.03082225874579,29.583333333333332,192,213,111,720,155.015263,645.068493,high_coverage,provisional
12810101,"Centrum, Krafts rote",Lund,Skåne,2026,2025,6.700775306715531,7.770961145194274,176,76,151,978,138.76195,2070.834249,high_coverage,provisional
12810102,"Centrum, Clemens rote",Lund,Skåne,2026,2025,7.679471612321433,6.376518218623482,226,63,179,988,116.007722,1510.621145,high_coverage,provisional
12810103,"Centrum, Vårfru rote",Lund,Skåne,2026,2025,7.840438782509889,8.103294746215495,216,91,175,1123,85.969714,1096.491107,high_coverage,provisional
12810104,Mårtenslund,Lund,Skåne,2026,2025,6.794883100618178,10.134310134310134,213,83,123,819,79.130093,1164.554148,high_coverage,provisional
12810105,Nöden,Lund,Skåne,2026,2025,7.523946117267527,8.918406072106261,247,94,152,1054,108.620863,1443.668805,high_coverage,provisional
12810106,Revingelyckan-Margretedal,Lund,Skåne,2026,2025,6.210280580488733,5.340557275541796,274,69,170,1292,83.442513,1343.619051,high_coverage,provisional
12810107,Stampelyckan-Planetstaden,Lund,Skåne,2026,2025,7.097709998471,8.904810644831116,233,87,162,977,97.440047,1372.837817,high_coverage,provisional
12810108,"Centrum,  Drottens rote-Svanelyckan",Lund,Skåne,2026,2025,9.223941480772615,7.888040712468193,274,93,182,1179,144.988265,1571.868873,high_coverage,provisional
12810109,Ulrikedal,Lund,Skåne,2026,2025,10.03147818216316,8.953341740226985,182,71,174,793,133.087225,1326.696052,high_coverage,provisional
12810110,Gylleholm,Lund,Skåne,2026,2025,8.089038396513152,12.735849056603774,134,108,150,848,111.514708,1378.590415,high_coverage,provisional
12810111,"Centrum, Färgaren",Lund,Skåne,2026,2025,8.45662492261953,11.618257261410788,227,112,159,964,77.677421,918.539272,high_coverage,provisional
12810201,Kobjer-Sliparelyckan,Lund,Skåne,2026,2025,10.730072457327903,10.838272650296359,324,128,205,1181,171.047498,1594.094529,high_coverage,provisional
12810202,Pilelyckan-Rådmansvången,Lund,Skåne,2026,2025,16.574301497880132,9.738219895287958,272,93,203,955,301.663669,1820.068671,high_coverage,provisional
12810203,Papegojelyckan Ö,Lund,Skåne,2026,2025,8.20031708866575,7.314974182444062,319,85,166,1162,132.970192,1621.525004,high_coverage,provisional
12810204,Väster,Lund,Skåne,2026,2025,9.743586948556205,9.201213346814965,273,91,129,989,134.149808,1376.801056,high_coverage,provisional
12810205,Spoletorp V,Lund,Skåne,2026,2025,4.987254435606391,4.708699122106943,301,59,137,1253,80.497022,1614.054848,high_coverage,provisional
12810206,Papegojelyckan V,Lund,Skåne,2026,2025,15.47122456862321,17.47388414055081,340,184,170,1053,205.367357,1327.415009,high_coverage,provisional
12810207,Värpinge - Klosters Fälad,Lund,Skåne,2026,2025,12.98296413881309,11.512027491408935,326,134,126,1164,222.027742,1710.146771,high_coverage,provisional
12810208,Värpinge gård,Lund,Skåne,2026,2025,17.82224025249361,15.74585635359116,391,171,124,1086,304.527606,1708.694315,high_coverage,provisional
12810209,Vildanden,Lund,Skåne,2026,2025,24.60412845092505,19.72534332084894,203,158,142,801,403.996987,1641.988611,high_coverage,provisional
12810210,Måsen,Lund,Skåne,2026,2025,15.53099374829132,6.862745098039215,210,56,122,816,194.964492,1255.325288,high_coverage,provisional
12810211,Klosterhusen,Lund,Skåne,2026,2025,5.673904570182024,7.099035933391762,259,81,222,1141,81.463869,1435.76382,high_coverage,provisional
12810301,Råbylund Öster,Lund,Skåne,2026,2025,16.88581959752742,10.03167898627244,235,95,121,947,209.167625,1238.717634,high_coverage,provisional
12810302,"Linero, Vikingaparken",Lund,Skåne,2026,2025,35.90141892820835,30.4093567251462,250,208,46,684,480.786677,1339.185724,high_coverage,provisional
12810303,"Linero, Tre högars park",Lund,Skåne,2026,2025,25.734871045169616,13.723696248856358,348,150,130,1093,591.545691,2298.61533,high_coverage,provisional
12810304,"Linero, Gårdarike",Lund,Skåne,2026,2025,20.57646203335795,9.5703125,333,98,102,1024,257.800372,1252.889693,high_coverage,provisional
12810305,Norränga,Lund,Skåne,2026,2025,17.730663101833358,12.552891396332862,269,89,51,709,241.029056,1359.391099,high_coverage,provisional
12810306,Råbylund Väster,Lund,Skåne,2026,2025,20.1434578660748,13.908629441624365,272,137,88,985,424.94735,2109.60478,high_coverage,provisional
12810401,Olshög-Professorsstaden,Lund,Skåne,2026,2025,7.972775295568041,6.106870229007634,217,72,183,1179,170.387095,2137.111466,high_coverage,provisional
12810402,Spoletorp Ö,Lund,Skåne,2026,2025,17.5111822973113,9.142857142857142,226,96,176,1050,272.996059,1558.981309,high_coverage,provisional
12810403,Tuna Öster,Lund,Skåne,2026,2025,20.161290289576257,9.885931558935361,110,52,79,526,275.875406,1368.342016,high_coverage,provisional
12810404,Galjevången,Lund,Skåne,2026,2025,9.974507613311651,8.672294704528012,258,113,217,1303,145.445577,1458.173001,high_coverage,provisional
12810405,Möllevången Ö,Lund,Skåne,2026,2025,12.369389991136357,10.231923601637108,138,75,158,733,140.069304,1132.386513,high_coverage,provisional
12810406,Möllevången V,Lund,Skåne,2026,2025,14.45179317654696,8.811748998664887,175,66,119,749,173.998932,1203.995448,high_coverage,provisional
12810407,Plantagelyckan,Lund,Skåne,2026,2025,8.170178485883573,5.767731878409976,309,74,185,1283,146.000424,1786.991854,high_coverage,provisional
12810408,Tuna Väster,Lund,Skåne,2026,2025,19.530069403278976,12.549537648612946,142,95,198,757,191.573866,980.917487,high_coverage,provisional
12810501,Nöbbelövs centrum,Lund,Skåne,2026,2025,19.42913641640595,13.452492944496708,353,143,95,1063,364.105435,1874.017595,high_coverage,provisional
12810502,Nöbbelöv-Oscarshem,Lund,Skåne,2026,2025,9.919803380545627,6.866325785244705,358,94,196,1369,208.813823,2105.019777,high_coverage,provisional
12810503,Gunnesboparken,Lund,Skåne,2026,2025,19.039779385996,12.724167378309138,398,149,163,1171,382.535323,2009.137371,high_coverage,provisional
12810504,"Gunnesbo, Fornängen",Lund,Skåne,2026,2025,11.65613342576502,9.443954104148279,378,107,118,1133,113.241123,971.515329,high_coverage,provisional
12811301,"Sandby, Västervång-Hardeberga",Lund,Skåne,2026,2025,9.222430462849585,3.567787971457696,224,35,109,981,218.27037,2366.733703,high_coverage,provisional
12811302,"Sandby, Kyrkovång",Lund,Skåne,2026,2025,7.2759232685296595,6.538461538461538,290,68,81,1040,137.868372,1894.857421,high_coverage,provisional
12811303,"Sandby, Fågelsång-Assarhusa",Lund,Skåne,2026,2025,6.38033649160406,4.832424006235386,388,62,141,1283,124.794987,1955.93112,high_coverage,provisional
12811304,"Sandby, Östervång-Revinge",Lund,Skåne,2026,2025,5.635525046342177,4.720692368214005,302,60,96,1271,108.902652,1932.431337,high_coverage,provisional
12811305,Sandby Centrum,Lund,Skåne,2026,2025,6.930292544363233,5.640423031727379,267,48,61,851,60.271228,869.677977,high_coverage,provisional
12811601,"Dalby, Centrum-Nyvång",Lund,Skåne,2026,2025,6.416696629451746,6.882168925964546,242,66,121,959,77.307654,1204.788982,high_coverage,provisional
12811602,"Dalby, Norrevång",Lund,Skåne,2026,2025,4.59435309803596,5.3977272727272725,236,57,126,1056,81.579762,1775.652856,high_coverage,provisional
12811603,"Dalby, Stationen-Påskagänget",Lund,Skåne,2026,2025,8.892475090261028,6.658739595719382,193,56,81,841,139.113878,1564.399974,high_coverage,provisional
12811604,"Dalby, Pinnmöllan-Rökepipan",Lund,Skåne,2026,2025,4.4100757069255625,9.512485136741974,256,80,149,841,60.361499,1368.717977,high_coverage,provisional
12811605,Torna Hällestad,Lund,Skåne,2026,2025,2.5181392691895295,6.315789473684211,112,42,177,665,22.799102,905.3948,high_coverage,provisional
12811606,Dalby Kolonin,Lund,Skåne,2026,2025,7.243607675421192,8.032955715756952,250,78,136,971,124.952599,1725.005061,high_coverage,provisional
12812001,"Genarp, Slätterna",Lund,Skåne,2026,2025,8.904891660500134,6.169871794871795,294,77,95,1248,186.041668,2089.20754,high_coverage,provisional
12812002,"Genarp, Ekesvång",Lund,Skåne,2026,2025,3.1522802875466316,3.8405797101449277,281,53,122,1380,60.957845,1933.769825,high_coverage,provisional
12812101,"Veberöd, Björkhaga-Trulsbo",Lund,Skåne,2026,2025,4.017472463656405,3.8461538461538463,202,41,63,1066,84.460031,2102.317608,high_coverage,provisional
12812102,"Veberöd, Gamla byn",Lund,Skåne,2026,2025,4.862831470823148,3.6429872495446265,274,40,62,1098,49.816366,1024.431266,high_coverage,provisional
12812103,"Veberöd, Idala",Lund,Skåne,2026,2025,4.334836494409169,4.381694255111976,178,45,83,1027,100.479865,2317.962053,high_coverage,provisional
12812104,Veberöd Raggeborg,Lund,Skåne,2026,2025,4.422553711527333,4.709748083242059,227,43,40,913,48.145934,1088.645546,high_coverage,provisional
12812401,Hospitalsgården-Järnåkra,Lund,Skåne,2026,2025,12.40596586995461,10.229007633587786,368,134,167,1310,234.569139,1890.776917,high_coverage,provisional
12812402,Nilstorp,Lund,Skåne,2026,2025,5.662432266634375,6.953125,292,89,215,1280,105.636807,1865.572991,high_coverage,provisional
12812403,Klostergården SV,Lund,Skåne,2026,2025,13.330054409914236,12.021857923497267,333,132,188,1098,237.311136,1780.271323,high_coverage,provisional
12812404,Klostergården N,Lund,Skåne,2026,2025,28.77466930358232,7.769423558897243,201,62,78,798,526.473039,1829.640624,high_coverage,provisional
12812405,Sankt Lars,Lund,Skåne,2026,2025,16.491457713678088,10.336341263330599,321,126,173,1219,343.356269,2082.024979,high_coverage,provisional
12812406,Klostergården SÖ,Lund,Skåne,2026,2025,23.091373484274925,22.902097902097903,203,131,64,572,237.453264,1028.320226,high_coverage,provisional
12812407,Klostergården Centrum,Lund,Skåne,2026,2025,22.6853436102315,24.466571834992887,218,172,93,703,191.405832,843.742265,high_coverage,provisional
12812501,"N Fäladen, Kämnärsrätten SÖ",Lund,Skåne,2026,2025,11.614892436531397,14.693877551020408,168,108,170,735,171.309906,1474.915992,high_coverage,provisional
12812502,Sankt Hans park,Lund,Skåne,2026,2025,26.891999638012962,14.638157894736842,221,89,78,608,328.263521,1220.673529,high_coverage,provisional
12812503,Fäladstorget,Lund,Skåne,2026,2025,26.06511179306449,12.65474552957359,244,92,99,727,352.179786,1351.153944,high_coverage,provisional
12812504,"N Fäladen, Borgareparken",Lund,Skåne,2026,2025,12.038949243060246,10.991636798088411,212,92,169,837,148.259237,1231.496487,high_coverage,provisional
12812505,Ladugårdsmarken,Lund,Skåne,2026,2025,23.002502917857736,16.807738814993954,263,139,83,827,360.318509,1566.43175,high_coverage,provisional
12812506,Annehem,Lund,Skåne,2026,2025,10.519938254977852,3.2846715328467155,237,36,131,1096,190.012728,1806.21524,high_coverage,provisional
12812507,Delfi,Lund,Skåne,2026,2025,24.66823828897676,15.967365967365968,177,137,236,858,414.660251,1680.947971,high_coverage,provisional
12812508,"N Fäladen, Kämnärsrätten NV",Lund,Skåne,2026,2025,11.614856990018618,21.142857142857142,167,185,249,875,97.388217,838.479691,high_coverage,provisional
12812509,"N Fäladen, Rådhusrätten",Lund,Skåne,2026,2025,29.75796505867591,25.918153200419727,337,247,92,953,572.138085,1922.638473,high_coverage,provisional
12812510,Offerkällan,Lund,Skåne,2026,2025,26.182955840119217,25.653206650831354,278,216,91,842,390.73406,1492.32219,high_coverage,provisional
12812511,Brunnshög,Lund,Skåne,2026,2025,23.00724265299964,10.946196660482375,122,59,62,539,292.142607,1269.785395,high_coverage,provisional
12812512,"Brunnshög, Solbjer",Lund,Skåne,2026,2025,19.69658317196471,13.249211356466876,250,126,118,951,97.577057,495.400934,high_coverage,provisional
12812601,"Östra Torn, Spexaren",Lund,Skåne,2026,2025,13.099450185422278,18.86429258902791,269,196,280,1039,250.995298,1916.07506,high_coverage,provisional
12812602,Vipelyckan,Lund,Skåne,2026,2025,8.503265684720994,3.4305317324185247,338,40,132,1166,161.353105,1897.542791,high_coverage,provisional
12812603,"Östra Torn, Gåsatoften",Lund,Skåne,2026,2025,14.76815168021459,10.522151898734178,370,133,172,1264,274.072221,1855.832923,high_coverage,provisional
12812604,"Östra Torn, Vänortsparken",Lund,Skåne,2026,2025,22.641036008201123,10.896130346232178,262,107,144,982,420.177517,1855.822838,high_coverage,provisional
12812605,"Östra Torn, Orkesterparken",Lund,Skåne,2026,2025,14.034499664891944,12.613636363636363,240,111,144,880,241.079142,1717.760859,high_coverage,provisional
12812606,Mårtens Fälad,Lund,Skåne,2026,2025,10.82620891702274,8.426073131955485,313,106,203,1258,216.936138,2003.805207,high_coverage,provisional
12812701,Vallkärra,Lund,Skåne,2026,2025,7.513975433591175,6.753458096013019,322,83,159,1229,189.468959,2521.554145,high_coverage,provisional
12812702,Torn,Lund,Skåne,2026,2025,7.898794035307771,6.9049553208773355,307,85,161,1231,178.984525,2265.972808,high_coverage,provisional
12820101,Citadellstaden,Landskrona,Skåne,2026,2025,7.267244287852356,6.17828773168579,315,70,30,1133,152.43468,2097.558221,high_coverage,provisional
12820102,Fröjdenborg,Landskrona,Skåne,2026,2025,12.332815334145868,11.89827429609446,330,131,50,1101,222.30371,1802.53822,high_coverage,provisional
12820103,Norra Förstaden,Landskrona,Skåne,2026,2025,19.72735985967486,15.648148148148149,412,169,52,1080,553.25277,2804.494742,high_coverage,provisional
12820104,Centrum,Landskrona,Skåne,2026,2025,18.142975691069452,10.017574692442881,374,114,46,1138,178.179017,982.082653,high_coverage,provisional
12820105,Dammhagen,Landskrona,Skåne,2026,2025,24.467491393335823,22.16157205240175,398,203,26,916,708.627037,2896.198166,high_coverage,provisional
12820106,Gustav Adolf,Landskrona,Skåne,2026,2025,18.899585811903467,17.839444995044598,408,180,32,1009,242.637775,1283.825886,high_coverage,provisional
12820107,S:t Olov,Landskrona,Skåne,2026,2025,14.083222809998663,7.976190476190476,260,67,49,840,284.789716,2022.191368,high_coverage,provisional
12820108,Albano,Landskrona,Skåne,2026,2025,11.70649307676906,11.009174311926605,409,120,41,1090,244.71681,2090.43655,high_coverage,provisional
12820109,Larvi,Landskrona,Skåne,2026,2025,8.027083386876743,7.359705611775529,343,80,46,1087,144.579616,1801.147553,high_coverage,provisional
12820110,Sandvången,Landskrona,Skåne,2026,2025,6.807724389393054,8.91218872870249,266,68,16,763,83.015344,1219.428685,high_coverage,provisional
12820111,Helgebröten,Landskrona,Skåne,2026,2025,4.283247375693267,7.5,398,66,25,880,59.795089,1396.022311,high_coverage,provisional
12820112,Norrestad,Landskrona,Skåne,2026,2025,22.910372075110853,29.278350515463917,451,284,21,970,438.612639,1914.471915,high_coverage,provisional
12820113,Karlslund,Landskrona,Skåne,2026,2025,20.42830683134832,16.986564299424185,426,177,35,1042,551.747204,2700.895422,high_coverage,provisional
12820114,Västra Fäladen,Landskrona,Skåne,2026,2025,4.026823216533625,4.262295081967213,491,52,41,1220,48.266627,1198.627911,high_coverage,provisional
12820115,Drottningen,Landskrona,Skåne,2026,2025,2.627729771173131,1.918819188191882,417,26,45,1355,50.959495,1939.297395,high_coverage,provisional
12820116,Svaneholm,Landskrona,Skåne,2026,2025,2.346034974345895,1.002004008016032,282,15,51,1497,62.817797,2677.615538,high_coverage,provisional
12820117,Norra Borstahusen,Landskrona,Skåne,2026,2025,2.9516183442974007,2.1208907741251326,215,20,28,943,49.84381,1688.694275,high_coverage,provisional
12820118,Weibullsholm,Landskrona,Skåne,2026,2025,22.74601322089066,22.983425414364643,334,208,39,905,521.475582,2292.602123,high_coverage,provisional
12820201,Ven,Landskrona,Skåne,2026,2025,4.670433036753417,4.7101449275362315,48,13,30,276,12.64213,270.684322,high_coverage,provisional
12820301,Annelöv,Landskrona,Skåne,2026,2025,3.281590303240202,3.8817005545286505,171,42,63,1082,49.159033,1498.024691,high_coverage,provisional
12820401,Häljarp Norra,Landskrona,Skåne,2026,2025,3.4412718143740944,2.8934368383909668,304,41,41,1417,88.264253,2564.87304,high_coverage,provisional
12820402,Häljarp Södra,Landskrona,Skåne,2026,2025,3.8159173896232272,2.656137832017229,335,37,27,1393,90.090338,2360.909024,high_coverage,provisional
12820501,Asmundtorp,Landskrona,Skåne,2026,2025,4.922427966223642,4.034582132564841,292,56,35,1388,107.826159,2190.507606,high_coverage,provisional
12820801,Härslöv,Landskrona,Skåne,2026,2025,6.667381667374414,8.521303258145364,191,68,21,798,65.723844,985.751938,high_coverage,provisional
12820802,Glumslöv Norra,Landskrona,Skåne,2026,2025,2.95408826148255,1.320754716981132,223,14,63,1060,62.980065,2131.962874,high_coverage,provisional
12820803,Glumslöv Södra,Landskrona,Skåne,2026,2025,3.3493563747296444,1.9607843137254901,168,17,45,867,25.259408,754.157073,high_coverage,provisional
12830101,Olympia,Helsingborg,Skåne,2026,2025,15.811676809130368,5.9869036482694105,282,64,50,1069,228.897881,1447.650896,high_coverage,provisional
12830102,Centrum S,Helsingborg,Skåne,2026,2025,9.907584708589955,7.797270955165692,234,80,55,1026,149.999534,1513.986894,high_coverage,provisional
12830103,Centrum V,Helsingborg,Skåne,2026,2025,5.731893016918066,1.7227235438884332,209,21,55,1219,80.91942,1411.739887,high_coverage,provisional
12830104,Slottshöjden S,Helsingborg,Skåne,2026,2025,7.697512263833111,3.971756398940865,293,45,60,1133,106.423839,1382.574465,high_coverage,provisional
12830105,Slottshöjden N,Helsingborg,Skåne,2026,2025,15.568455829814381,10.443349753694582,273,106,54,1015,255.423985,1640.650735,high_coverage,provisional
12830106,Stattena,Helsingborg,Skåne,2026,2025,14.994546719170497,9.556650246305418,296,97,42,1015,281.676876,1878.528783,high_coverage,provisional
12830107,Centrum Ö,Helsingborg,Skåne,2026,2025,7.0343387352016435,3.5353535353535355,210,42,53,1188,122.646052,1743.533495,high_coverage,provisional
12830108,Tågaborg Ö,Helsingborg,Skåne,2026,2025,9.97909604402364,6.796116504854369,277,77,59,1133,159.90313,1602.38091,high_coverage,provisional
12830109,Tågaborg S,Helsingborg,Skåne,2026,2025,7.138994895939078,4.4180118946474085,266,52,67,1177,111.101394,1556.261009,high_coverage,provisional
12830110,St Jörgens plats,Helsingborg,Skåne,2026,2025,4.3313595204750674,2.37467018469657,191,27,45,1137,72.54928,1674.977098,high_coverage,provisional
12830111,Tågaborg M,Helsingborg,Skåne,2026,2025,8.096330425682243,4.2152466367713,235,47,57,1115,129.928923,1604.787801,high_coverage,provisional
12830112,Tågaborg N,Helsingborg,Skåne,2026,2025,5.537985258864083,2.9049295774647885,146,33,59,1136,79.588834,1437.144201,high_coverage,provisional
12830113,Pålsjöbaden,Helsingborg,Skåne,2026,2025,3.5391149058671947,0.8454106280193237,102,7,36,828,42.227278,1193.159282,high_coverage,provisional
12830114,Pålsjö Ö,Helsingborg,Skåne,2026,2025,11.29374442470938,4.967801287948482,330,54,68,1087,165.793148,1468.008676,high_coverage,provisional
12830115,Ringstorp C,Helsingborg,Skåne,2026,2025,10.647827787588387,5.658709106984969,319,64,48,1131,193.301692,1815.409639,high_coverage,provisional
12830116,Berga,Helsingborg,Skåne,2026,2025,15.048123348138908,8.949771689497718,357,98,39,1095,377.349531,2507.61854,high_coverage,provisional
12830117,Mariastaden N,Helsingborg,Skåne,2026,2025,14.059906258335266,5.323868677905945,242,60,33,1127,284.933894,2026.570368,high_coverage,provisional
12830118,Mariastaden V,Helsingborg,Skåne,2026,2025,6.831787280051588,5.564516129032258,272,69,75,1240,108.221996,1584.094931,high_coverage,provisional
12830119,Mariastaden Ö,Helsingborg,Skåne,2026,2025,19.47592050927293,11.609498680738787,219,88,27,758,273.819549,1405.938933,high_coverage,provisional
12830120,Ringstorp Ö,Helsingborg,Skåne,2026,2025,10.918952143362695,11.3658070678128,286,119,38,1047,128.992571,1181.364011,high_coverage,provisional
12830121,Tågaborg C,Helsingborg,Skåne,2026,2025,6.8670289010294105,4.57516339869281,239,49,68,1071,122.418158,1782.694667,high_coverage,provisional
12830122,Margaretaplatsen,Helsingborg,Skåne,2026,2025,3.7194948468147144,3.293084522502744,171,30,42,911,30.97951,832.895629,high_coverage,provisional
12830123,Ringstorp N,Helsingborg,Skåne,2026,2025,9.647346885539832,6.938020351526364,258,75,57,1081,171.967759,1782.539397,high_coverage,provisional
12830124,Mariastaden S,Helsingborg,Skåne,2026,2025,10.207558600431113,6.053268765133172,293,75,46,1239,212.092869,2077.80212,high_coverage,provisional
12830201,Furutorp,Helsingborg,Skåne,2026,2025,32.5978864274391,30.44189852700491,240,186,27,611,357.351196,1096.240386,high_coverage,provisional
12830202,Stadsparken,Helsingborg,Skåne,2026,2025,37.69234957609472,24.65753424657534,262,180,22,730,382.732018,1015.410348,high_coverage,provisional
12830203,Högaborg V,Helsingborg,Skåne,2026,2025,38.74735403797049,25.3781512605042,222,151,31,595,697.572028,1800.308809,high_coverage,provisional
12830204,Eneborg V,Helsingborg,Skåne,2026,2025,37.171906394989314,29.545454545454547,230,195,25,660,537.407181,1445.734785,high_coverage,provisional
12830205,Wilson park,Helsingborg,Skåne,2026,2025,10.067547032562704,8.159392789373815,234,86,77,1054,203.570988,2022.051522,high_coverage,provisional
12830206,Eneborg M,Helsingborg,Skåne,2026,2025,29.88544774216207,21.143847487001732,186,122,25,577,304.065458,1017.436515,high_coverage,provisional
12830207,Högaborg Ö,Helsingborg,Skåne,2026,2025,33.88911510821756,31.309041835357625,302,232,30,741,497.260048,1467.314937,high_coverage,provisional
12830208,Viskängen,Helsingborg,Skåne,2026,2025,13.547017684308358,9.221902017291066,309,96,68,1041,226.288796,1670.395664,high_coverage,provisional
12830209,Närlunda,Helsingborg,Skåne,2026,2025,35.88321407586715,21.82857142857143,385,191,31,875,711.462619,1982.717093,high_coverage,provisional
12830210,Eskilsminne,Helsingborg,Skåne,2026,2025,14.311948153345545,10.38197845249755,256,106,51,1021,266.14561,1859.604347,high_coverage,provisional
12830211,Ragnvalla,Helsingborg,Skåne,2026,2025,26.201383746406695,21.780986762936223,319,181,19,831,522.919893,1995.772048,high_coverage,provisional
12830212,Adolfsberg-Västergård S,Helsingborg,Skåne,2026,2025,21.216470520938827,12.746386333771353,318,97,18,761,319.91244,1507.849478,high_coverage,provisional
12830213,Sofieberg,Helsingborg,Skåne,2026,2025,8.002807925857576,5.583250249252243,284,56,54,1003,119.002616,1487.010773,high_coverage,provisional
12830214,Husensjö,Helsingborg,Skåne,2026,2025,5.519881523001531,3.9548022598870056,330,49,69,1239,102.999536,1865.973673,high_coverage,provisional
12830215,Rosengården Ö,Helsingborg,Skåne,2026,2025,18.725324452462793,10.906862745098039,392,89,16,816,300.012929,1602.177467,high_coverage,provisional
12830216,Rosengården V,Helsingborg,Skåne,2026,2025,17.5980106789393,8.316008316008316,342,80,30,962,234.188057,1330.764376,high_coverage,provisional
12830217,Västergård N,Helsingborg,Skåne,2026,2025,19.802355711762374,14.733969986357435,274,108,21,733,267.343295,1350.058038,high_coverage,provisional
12830218,Gustavslund Ö,Helsingborg,Skåne,2026,2025,10.195606881741565,4.197761194029851,293,45,22,1072,235.169938,2306.581067,high_coverage,provisional
12830219,Söder,Helsingborg,Skåne,2026,2025,37.96532950466723,28.79432624113475,272,203,22,705,366.967654,966.586248,high_coverage,provisional
12830220,Gustav Adolf,Helsingborg,Skåne,2026,2025,41.29906928982687,22.893481717011127,254,144,21,629,1030.067003,2494.165173,high_coverage,provisional
12830221,Oceanhamnen,Helsingborg,Skåne,2026,2025,26.71034626770662,6.834030683403069,198,49,36,717,515.80555,1931.107687,high_coverage,provisional
12830222,Eneborg Ö,Helsingborg,Skåne,2026,2025,28.165306625119985,9.710982658959537,245,84,51,865,506.321638,1797.678416,high_coverage,provisional
12830223,Rosengården C,Helsingborg,Skåne,2026,2025,19.088594092680886,21.913236929922135,298,197,34,899,356.132046,1865.67981,high_coverage,provisional
12830224,Gustavslund V,Helsingborg,Skåne,2026,2025,9.768719183170278,3.7681159420289854,265,39,35,1035,135.591337,1388.015506,high_coverage,provisional
12830301,Råå S,Helsingborg,Skåne,2026,2025,1.8132420492207884,1.8760195758564437,244,23,65,1226,35.153053,1938.685076,high_coverage,provisional
12830302,Råå N,Helsingborg,Skåne,2026,2025,2.2332731762723212,3.1746031746031744,261,38,69,1197,33.04125,1479.498807,high_coverage,provisional
12830303,Högasten,Helsingborg,Skåne,2026,2025,14.28399936059154,10.955056179775282,308,117,52,1068,245.449209,1718.350742,high_coverage,provisional
12830304,Lussebäcken,Helsingborg,Skåne,2026,2025,17.36449786464465,12.69276393831554,248,107,39,843,269.15937,1550.055591,high_coverage,provisional
12830305,Planteringen S,Helsingborg,Skåne,2026,2025,29.234996633448564,21.284755512943434,356,222,34,1043,801.529471,2741.678,high_coverage,provisional
12830306,Planteringen N,Helsingborg,Skåne,2026,2025,42.11784774399393,33.969010727056016,335,285,13,839,713.215665,1693.38108,high_coverage,provisional
12830307,Elineberg,Helsingborg,Skåne,2026,2025,32.23861804098732,30.975348338692392,308,289,20,933,640.770262,1987.58601,high_coverage,provisional
12830308,Ramlösabrunn,Helsingborg,Skåne,2026,2025,10.378494638535969,4.3644716692189895,375,57,57,1306,205.223221,1977.389093,high_coverage,provisional
12830309,Ramlösa N,Helsingborg,Skåne,2026,2025,5.860266122516247,3.626473254759746,259,40,61,1103,92.954199,1586.177096,high_coverage,provisional
12830310,Humlegården,Helsingborg,Skåne,2026,2025,5.7036866638755175,3.444976076555024,248,36,46,1045,89.68198,1572.3511,high_coverage,provisional
12830311,Ättekulla N,Helsingborg,Skåne,2026,2025,14.030667805079364,5.5813953488372094,318,48,20,860,58.33015,415.733241,high_coverage,provisional
12830312,Raus S,Helsingborg,Skåne,2026,2025,10.254230132853612,4.954954954954955,242,44,32,888,144.184371,1406.0965,high_coverage,provisional
12830313,Ramlösa Ö,Helsingborg,Skåne,2026,2025,7.4695481083884125,1.8416206261510129,218,20,57,1086,120.814079,1617.421526,high_coverage,provisional
12830314,Ättekulla Ö,Helsingborg,Skåne,2026,2025,10.55145490298174,6.589147286821706,265,51,25,774,219.476963,2080.063508,high_coverage,provisional
12830401,Kattarp N,Helsingborg,Skåne,2026,2025,5.6517817311231875,3.951701427003293,159,36,38,911,92.928119,1644.226961,high_coverage,provisional
12830501,Kattarp S,Helsingborg,Skåne,2026,2025,7.971725900701005,7.563025210084033,204,81,28,1071,160.471119,2013.00347,high_coverage,provisional
12830601,Allerum,Helsingborg,Skåne,2026,2025,5.657785854361732,1.640926640926641,127,17,28,1036,117.274298,2072.794924,high_coverage,provisional
12830602,Hittarp-Domsten,Helsingborg,Skåne,2026,2025,3.3233824225948863,1.0889292196007259,118,12,42,1102,45.367978,1365.11458,high_coverage,provisional
12830603,Laröd V,Helsingborg,Skåne,2026,2025,3.321240807488505,1.1484823625922889,192,14,45,1219,74.597825,2246.082995,high_coverage,provisional
12830604,Laröd Ö,Helsingborg,Skåne,2026,2025,4.351269707915698,2.6813880126182967,241,34,55,1268,64.206587,1475.582791,high_coverage,provisional
12830701,Ödåkra V,Helsingborg,Skåne,2026,2025,12.670880539919198,4.466727438468551,342,49,36,1097,233.974155,1846.550082,high_coverage,provisional
12830702,Ödåkra Ö,Helsingborg,Skåne,2026,2025,12.434743976523576,7.130872483221476,360,85,42,1192,232.830355,1872.417763,high_coverage,provisional
12830703,Björka-Väla,Helsingborg,Skåne,2026,2025,20.472626121315884,13.420427553444181,332,113,19,842,335.725408,1639.87466,high_coverage,provisional
12830901,Påarp V,Helsingborg,Skåne,2026,2025,9.047241870600235,5.2631578947368425,259,56,21,1064,166.108193,1836.009199,high_coverage,provisional
12830902,Påarp Ö,Helsingborg,Skåne,2026,2025,4.190936192912571,2.763385146804836,277,32,36,1158,68.772326,1640.977644,high_coverage,provisional
12831201,Mörarp V,Helsingborg,Skåne,2026,2025,4.751780252185432,3.5495716034271725,144,29,31,817,73.901276,1555.233451,high_coverage,provisional
12831202,Mörarp Ö,Helsingborg,Skåne,2026,2025,5.805285473382144,5.966850828729282,175,54,32,905,74.838016,1289.135846,high_coverage,provisional
12831301,Bårslöv Ö,Helsingborg,Skåne,2026,2025,9.477626647967027,8.34403080872914,198,65,27,779,120.771685,1274.281943,high_coverage,provisional
12831302,Bårslöv V,Helsingborg,Skåne,2026,2025,16.567251425396933,10.409745293466223,287,94,16,903,249.99977,1508.999674,high_coverage,provisional
12831601,Rydebäck N,Helsingborg,Skåne,2026,2025,3.081876613479407,2.2872827081427265,192,25,37,1093,56.003878,1817.200525,high_coverage,provisional
12831602,Rydebäck S,Helsingborg,Skåne,2026,2025,1.909833702745474,1.053639846743295,179,11,54,1044,30.023867,1572.067084,high_coverage,provisional
12831603,Gantofta,Helsingborg,Skåne,2026,2025,2.8861213904703678,2.0034843205574915,220,23,30,1148,47.163386,1634.144224,high_coverage,provisional
12831604,Vallåkra-Ottarp,Helsingborg,Skåne,2026,2025,2.9360078461996486,3.7593984962406015,187,40,54,1064,49.533166,1687.092426,high_coverage,provisional
12831605,Rydebäck Ö,Helsingborg,Skåne,2026,2025,2.9271102838677843,2.2920203735144313,253,27,24,1178,60.951756,2082.318399,high_coverage,provisional
12831606,Rydebäck M,Helsingborg,Skåne,2026,2025,2.6713239660743953,2.3890784982935154,257,28,44,1172,33.382172,1249.648954,high_coverage,provisional
12831701,Fredriksdal V,Helsingborg,Skåne,2026,2025,31.588791598708738,17.785630153121318,378,151,22,849,499.428365,1581.030295,high_coverage,provisional
12831702,Fredriksdal M,Helsingborg,Skåne,2026,2025,34.85066541091954,26.31578947368421,350,215,24,817,547.241947,1570.248202,high_coverage,provisional
12831703,Drottninghög Ö,Helsingborg,Skåne,2026,2025,37.35676259577409,33.94607843137255,353,277,24,816,723.70885,1937.290064,high_coverage,provisional
12831704,Drottninghög V,Helsingborg,Skåne,2026,2025,32.85711034439771,25.6,331,224,12,875,594.285667,1808.697298,high_coverage,provisional
12831705,Dalhem-Källstorp,Helsingborg,Skåne,2026,2025,23.014606856303303,18.30663615560641,342,160,18,874,397.005023,1725.013273,high_coverage,provisional
12831706,Dalhem S,Helsingborg,Skåne,2026,2025,31.640840337085372,25.54824561403509,377,233,25,912,591.996129,1870.987378,high_coverage,provisional
12831707,Brohult,Helsingborg,Skåne,2026,2025,19.807007789805162,14.814814814814815,310,116,15,783,309.749379,1563.837316,high_coverage,provisional
12831708,Lundsbäck,Helsingborg,Skåne,2026,2025,38.82414438101536,10.419313850063533,265,82,19,787,1169.702397,3012.822087,high_coverage,provisional
12831709,Fredriksdal Ö,Helsingborg,Skåne,2026,2025,40.56322692599991,36.507936507936506,233,207,7,567,321.626698,792.902149,high_coverage,provisional
12840001,Nyhamn V,Höganäs,Skåne,2026,2025,2.9575422086611294,2.641802641802642,216,34,131,1287,46.729733,1580.019141,high_coverage,provisional
12840002,Nyhamn Ö - Brunnby,Höganäs,Skåne,2026,2025,2.7819139897874847,2.527646129541864,230,32,114,1266,50.225251,1805.420699,high_coverage,provisional
12840003,Jonstorp V - Ingelsträde,Höganäs,Skåne,2026,2025,3.0579182586055635,2.317415730337079,252,33,77,1424,68.359534,2235.492522,high_coverage,provisional
12840004,Jonstorp Ö,Höganäs,Skåne,2026,2025,1.6884789218143832,1.7845340383344348,239,27,87,1513,35.495772,2102.233646,high_coverage,provisional
12840005,Höganäs NV,Höganäs,Skåne,2026,2025,5.234543813962899,4.575645756457565,356,62,89,1355,92.334731,1763.949912,high_coverage,provisional
12840006,Höganäs NÖ - Väsby,Höganäs,Skåne,2026,2025,4.234694772884087,3.2590051457975986,345,38,42,1166,82.570202,1949.850141,high_coverage,provisional
12840007,Höganäs C,Höganäs,Skåne,2026,2025,8.586305678366347,4.2476601871850255,420,59,66,1389,177.04357,2061.929503,high_coverage,provisional
12840008,Höganäs S,Höganäs,Skåne,2026,2025,13.054167885370699,8.719560094265514,332,111,66,1273,262.29111,2009.251852,high_coverage,provisional
12840009,Höganäs SÖ,Höganäs,Skåne,2026,2025,11.807567127630492,10.110450297366185,385,119,83,1177,243.000829,2058.009295,high_coverage,provisional
12840010,Höganäs Ö,Höganäs,Skåne,2026,2025,9.090880398022547,7.2344322344322345,316,79,59,1092,211.529862,2326.835826,high_coverage,provisional
12840011,Lerberget N,Höganäs,Skåne,2026,2025,2.9030414677965117,1.6339869281045751,184,15,42,918,38.749176,1334.778591,high_coverage,provisional
12840012,Lerberget S,Höganäs,Skåne,2026,2025,3.896721958430035,2.087912087912088,187,19,40,910,54.252529,1392.260715,high_coverage,provisional
12840013,Viken N,Höganäs,Skåne,2026,2025,1.5340992653604655,0.9654062751407884,170,12,40,1243,27.638861,1801.634459,high_coverage,provisional
12840014,Viken Ö,Höganäs,Skåne,2026,2025,2.9856209097122535,2.1319120586275817,256,32,38,1501,62.321994,2087.404794,high_coverage,provisional
12840015,Viken S,Höganäs,Skåne,2026,2025,2.19376117799198,1.0128913443830572,98,11,45,1086,43.456847,1980.928801,high_coverage,provisional
12850101,Centrum Sydost,Eslöv,Skåne,2026,2025,15.883985683861388,8.878048780487806,326,91,51,1025,344.338575,2167.834836,high_coverage,provisional
12850102,Centrum Väster,Eslöv,Skåne,2026,2025,16.50766650485995,10.151006711409396,386,121,74,1192,376.8635,2282.960465,high_coverage,provisional
12850103,Karlsro,Eslöv,Skåne,2026,2025,7.824058346558206,5.227655986509275,362,62,37,1186,157.753027,2016.255759,high_coverage,provisional
12850104,Norr,Eslöv,Skåne,2026,2025,16.995866771724973,9.329446064139942,425,128,58,1372,405.552564,2386.183473,high_coverage,provisional
12850105,Rönneberga,Eslöv,Skåne,2026,2025,20.436523187865664,13.8996138996139,356,144,31,1036,316.400256,1548.209806,high_coverage,provisional
12850106,Solkullen,Eslöv,Skåne,2026,2025,7.078451136047762,5.0,418,70,48,1400,142.134289,2007.985734,high_coverage,provisional
12850107,Väster,Eslöv,Skåne,2026,2025,4.283155735485338,4.783258594917788,353,64,78,1338,92.003091,2148.021148,high_coverage,provisional
12850108,Sallerup,Eslöv,Skåne,2026,2025,12.979094021546269,7.6523031203566125,431,103,34,1346,285.575477,2200.272812,high_coverage,provisional
12850109,Berga,Eslöv,Skåne,2026,2025,15.913787268346967,16.64712778429074,272,142,23,853,294.070567,1847.898065,high_coverage,provisional
12850110,Örtofta,Eslöv,Skåne,2026,2025,7.770644988099542,7.659574468085107,103,36,50,470,68.495661,881.466868,high_coverage,provisional
12850111,Centrum,Eslöv,Skåne,2026,2025,18.750742973867744,16.434540389972145,359,177,40,1077,276.882881,1476.650186,high_coverage,provisional
12850201,Stehag,Eslöv,Skåne,2026,2025,2.5578985543380854,5.199430199430199,294,73,119,1404,58.855868,2300.946138,high_coverage,provisional
12850401,Västra Strö,Eslöv,Skåne,2026,2025,10.390440605820347,3.4074074074074074,118,23,27,675,203.115727,1954.832665,high_coverage,provisional
12850801,Billinge,Eslöv,Skåne,2026,2025,4.595401540323043,6.991869918699187,103,43,66,615,46.000048,1001.00171,high_coverage,provisional
12850901,Skarhult,Eslöv,Skåne,2026,2025,3.2107256620638105,5.995475113122172,148,53,51,884,47.60394,1482.653612,high_coverage,provisional
12851101,Marieholm,Eslöv,Skåne,2026,2025,9.511958743475217,5.963699222126189,276,69,49,1157,195.354168,2053.774341,high_coverage,provisional
12851301,Löberöd,Eslöv,Skåne,2026,2025,5.172906700107524,4.415823367065317,186,48,42,1087,95.508383,1846.319459,high_coverage,provisional
12851401,Harlösa,Eslöv,Skåne,2026,2025,2.8999067527962255,4.6351084812623276,160,47,59,1014,47.491852,1637.702728,high_coverage,provisional
12851601,Flyinge,Eslöv,Skåne,2026,2025,5.071316123042386,5.1003344481605355,233,61,51,1196,96.00001,1892.999917,high_coverage,provisional
12860101,Edvinshem SÖ-Gjuteriet,Ystad,Skåne,2026,2025,7.24952274062079,7.191780821917808,343,84,48,1168,95.608465,1318.824265,high_coverage,provisional
12860102,Edvinshem N,Ystad,Skåne,2026,2025,3.629665218651693,2.696272799365583,390,34,31,1261,61.497457,1694.30108,high_coverage,provisional
12860103,Bellevue S,Ystad,Skåne,2026,2025,6.012810445015336,3.0988274706867673,315,37,58,1194,127.792688,2125.340374,high_coverage,provisional
12860104,Bellevue N,Ystad,Skåne,2026,2025,6.209382076611001,5.0463439752832135,256,49,22,971,84.564925,1361.88954,high_coverage,provisional
12860105,Solbacken N,Ystad,Skåne,2026,2025,4.776673183049984,4.2198233562316,293,43,23,1019,76.999557,1611.991318,high_coverage,provisional
12860106,Hälsobacken,Ystad,Skåne,2026,2025,3.8037701898133727,2.7468448403860433,388,37,45,1347,74.440466,1957.017966,high_coverage,provisional
12860107,Egna hem-Solbacken SÖ,Ystad,Skåne,2026,2025,3.913443681467096,3.631010794896958,241,37,57,1019,59.876195,1530.012947,high_coverage,provisional
12860108,Surbrunnen-Östra förstaden N,Ystad,Skåne,2026,2025,5.67010741859257,6.4840182648401825,315,71,33,1095,94.624876,1668.837449,high_coverage,provisional
12860109,Ö förstaden S-Regementet-Sandskogen,Ystad,Skåne,2026,2025,8.984749294986536,7.495590828924162,282,85,40,1134,204.331408,2274.202666,high_coverage,provisional
12860110,Gamla staden V,Ystad,Skåne,2026,2025,8.756369099153295,6.9243156199677935,381,86,83,1242,158.922102,1814.931511,high_coverage,provisional
12860111,Västra Sjöstaden-Åkesholm,Ystad,Skåne,2026,2025,4.316875833629815,2.1524663677130045,276,24,33,1115,64.974723,1505.133006,high_coverage,provisional
12860112,Gamla staden Ö,Ystad,Skåne,2026,2025,9.506726367536967,8.5,331,102,53,1200,159.210366,1674.712828,high_coverage,provisional
12860401,Svarte-Snårestad-Bjäresjö-Sjörup mfl,Ystad,Skåne,2026,2025,2.38398033398115,3.5880398671096345,280,54,111,1505,63.261996,2653.629105,high_coverage,provisional
12860701,StHerrestad-Hedeskoga-Bussjö-Källesj,Ystad,Skåne,2026,2025,2.7793807061153015,2.466525722339676,272,35,54,1419,50.895988,1831.198867,high_coverage,provisional
12861101,Nybrostrand-St Köpinge-Svenstorp,Ystad,Skåne,2026,2025,1.5592261269407885,2.720114531138153,223,38,47,1397,30.739577,1971.463694,high_coverage,provisional
12861102,Köpingebro,Ystad,Skåne,2026,2025,3.5248622714891487,3.1438935912938333,219,26,29,827,48.646786,1380.10459,high_coverage,provisional
12861201,Sövestad-Baldringe-Högestad m fl,Ystad,Skåne,2026,2025,1.9181388157783732,2.549889135254989,155,23,56,902,26.612425,1387.40871,high_coverage,provisional
12861601,Löderup m fl,Ystad,Skåne,2026,2025,4.452054452347988,3.90625,140,30,50,768,51.999994,1167.999955,high_coverage,provisional
12861801,Glemmingebro-Ingelstorp-Kåseberga,Ystad,Skåne,2026,2025,4.2604499961875,3.70843989769821,157,29,58,782,53.000002,1244.000095,high_coverage,provisional
12870101,Fuglie-Hammarlöv-Alstad,Trelleborg,Skåne,2026,2025,3.0422894658276354,2.557755775577558,189,31,63,1212,54.458793,1790.059546,high_coverage,provisional
12870102,Skegrie,Trelleborg,Skåne,2026,2025,2.9626313748461817,2.285263987391647,196,29,36,1269,65.22801,2201.691731,high_coverage,provisional
12870103,Skåre-Maglarp-Västra Tommarp,Trelleborg,Skåne,2026,2025,3.8775629281714936,1.921470342522974,217,23,47,1197,71.636643,1847.465646,high_coverage,provisional
12870104,Tågarp-Västervång,Trelleborg,Skåne,2026,2025,4.1946954704891795,2.422145328719723,301,28,17,1156,82.324867,1962.594605,high_coverage,provisional
12870105,Högalid-Lundhög,Trelleborg,Skåne,2026,2025,4.26587497892928,3.194103194103194,313,39,23,1221,68.395915,1603.326758,high_coverage,provisional
12870106,Granlunda-Söderslättshallen,Trelleborg,Skåne,2026,2025,5.3893855367822905,3.2169117647058822,309,35,24,1088,123.766389,2296.484231,high_coverage,provisional
12870107,Barnängen-Liljeskolan,Trelleborg,Skåne,2026,2025,5.944020800690183,8.249721293199554,254,74,11,897,98.555636,1658.063444,high_coverage,provisional
12870108,Parken-Trelleborg Övre,Trelleborg,Skåne,2026,2025,7.823026674420642,4.008016032064128,285,40,33,998,132.061946,1688.118314,high_coverage,provisional
12870109,Vannhög-Bastionen,Trelleborg,Skåne,2026,2025,6.199539650623784,3.5901926444833627,343,41,28,1142,164.975852,2661.098425,high_coverage,provisional
12870110,Söderslättsgymnasiet-Hamngatan,Trelleborg,Skåne,2026,2025,10.60384940351983,7.209302325581396,286,62,21,860,114.306417,1077.970958,high_coverage,provisional
12870111,Trelleborgen-S:t Nicolai,Trelleborg,Skåne,2026,2025,9.871721009681096,8.396946564885496,273,66,28,786,138.570557,1403.712249,high_coverage,provisional
12870112,Friheden,Trelleborg,Skåne,2026,2025,8.420923706298675,6.554121151936445,321,66,29,1007,123.733157,1469.353735,high_coverage,provisional
12870113,Flaningen,Trelleborg,Skåne,2026,2025,4.742183399287741,4.178537511870845,353,44,22,1053,61.267348,1291.964963,high_coverage,provisional
12870201,Centralstationen-Hamnen,Trelleborg,Skåne,2026,2025,9.380131420321861,10.698689956331878,283,98,20,916,162.923933,1736.904588,high_coverage,provisional
12870202,Wemmenhögsgatan-S:ta Gertruds väg,Trelleborg,Skåne,2026,2025,8.864458901643602,5.759682224428997,279,58,29,1007,106.142055,1197.388991,high_coverage,provisional
12870203,Klockaregatan-Österlid,Trelleborg,Skåne,2026,2025,12.955642639122292,12.110726643598616,285,105,23,867,310.282272,2394.958557,high_coverage,provisional
12870204,Flintedal-Kyrkoköpinge-Malörten,Trelleborg,Skåne,2026,2025,10.482153579554183,7.9113924050632916,332,75,24,948,152.507815,1454.928263,high_coverage,provisional
12870205,Pilevall-Dalköpinge kyrka,Trelleborg,Skåne,2026,2025,13.808068081529663,11.177884615384615,341,93,16,832,225.00087,1629.488417,high_coverage,provisional
12870206,Fagerängen-Östra stranden,Trelleborg,Skåne,2026,2025,14.49293353600451,9.50048971596474,358,97,16,1021,315.093865,2174.120679,high_coverage,provisional
12870207,Dalköpinge-Svartesjö,Trelleborg,Skåne,2026,2025,3.2410027448073215,1.0027347310847767,236,11,24,1097,44.507889,1373.275264,high_coverage,provisional
12870208,Gislövs läge-Gylle-Bösarp,Trelleborg,Skåne,2026,2025,2.8512241477557083,2.243313201035375,193,26,45,1159,56.543873,1983.143733,high_coverage,provisional
12870209,Norra Åby-Böste,Trelleborg,Skåne,2026,2025,2.106864767793971,2.202283849918434,202,27,48,1226,34.21017,1623.747785,high_coverage,provisional
12870210,Stora Isie-Äspö-Smygehamn,Trelleborg,Skåne,2026,2025,2.3864787108223524,3.4181240063593004,251,43,61,1258,46.521589,1949.382108,high_coverage,provisional
12870211,Beddingestrand,Trelleborg,Skåne,2026,2025,1.9885289866183589,2.6380873866446826,192,32,44,1213,30.845032,1551.148221,high_coverage,provisional
12870212,Jordberga-Klagstorp-Önnarp,Trelleborg,Skåne,2026,2025,2.2171555109874643,4.247787610619469,181,48,72,1130,39.53665,1783.215016,high_coverage,provisional
12870213,Anderslöv östra-Grönby-Näsbyholm,Trelleborg,Skåne,2026,2025,2.4162327815489926,4.62962962962963,185,55,46,1188,40.72317,1685.399284,high_coverage,provisional
12870214,Anderslöv västra-Lilla Alstad,Trelleborg,Skåne,2026,2025,2.7119424922305533,3.1219512195121952,165,32,46,1025,51.885755,1913.232126,high_coverage,provisional
12900101,Centrum,Kristianstad,Skåne,2026,2025,23.131425166687507,14.153132250580047,358,183,47,1293,406.57724,1757.683485,high_coverage,provisional
12900102,Söder-Udden,Kristianstad,Skåne,2026,2025,18.14567763180205,12.88888888888889,426,174,54,1350,435.854424,2401.973808,high_coverage,provisional
12900103,Söder,Kristianstad,Skåne,2026,2025,16.74621440386165,9.03225806451613,358,126,41,1395,312.756432,1867.624673,high_coverage,provisional
12900104,Östermalm,Kristianstad,Skåne,2026,2025,13.422662044765417,11.428571428571429,355,168,51,1470,277.698914,2068.881069,high_coverage,provisional
12900105,Egna Hem - Parkstaden,Kristianstad,Skåne,2026,2025,12.54812326446233,7.12,266,89,55,1250,152.335962,1214.013911,high_coverage,provisional
12900106,Lyckans Höjd,Kristianstad,Skåne,2026,2025,20.65642775381603,11.986863711001641,396,146,40,1218,514.330196,2489.928085,high_coverage,provisional
12900107,Östra Fäladen,Kristianstad,Skåne,2026,2025,25.326491815790288,17.449664429530202,364,182,26,1043,439.602802,1735.742973,high_coverage,provisional
12900108,Gamlegården1,Kristianstad,Skåne,2026,2025,56.110208844175894,43.610785463071515,386,372,14,853,1224.089612,2181.580923,high_coverage,provisional
12900109,Gamlegården2,Kristianstad,Skåne,2026,2025,52.50444656897576,36.507936507936506,474,368,16,1008,940.260171,1790.820078,high_coverage,provisional
12900111,Kulltorp,Kristianstad,Skåne,2026,2025,14.465305893463974,8.752166377816291,319,101,51,1154,276.922836,1914.393225,high_coverage,provisional
12900112,Näsby norra,Kristianstad,Skåne,2026,2025,24.968354245519805,17.8125,385,171,27,960,409.772446,1641.167223,high_coverage,provisional
12900113,Näsby södra,Kristianstad,Skåne,2026,2025,22.79884405912164,14.228052472250253,338,141,47,991,461.502342,2024.235706,high_coverage,provisional
12900114,Österäng,Kristianstad,Skåne,2026,2025,29.02628436997644,27.790697674418606,362,239,13,860,636.859939,2194.080134,high_coverage,provisional
12900115,Öllsjö,Kristianstad,Skåne,2026,2025,5.151751867011901,4.061538461538461,379,66,29,1625,106.709485,2071.324236,high_coverage,provisional
12900116,Sommarlust,Kristianstad,Skåne,2026,2025,22.603831577443483,15.248796147672552,368,190,31,1246,518.476392,2293.754447,high_coverage,provisional
12900209,Charlottesborg - Härlöv,Kristianstad,Skåne,2026,2025,18.286348374143813,13.839750260145681,387,133,13,961,462.886609,2531.323365,high_coverage,provisional
12900210,Hedentorp - Åsum,Kristianstad,Skåne,2026,2025,7.888297009300928,4.407514450867052,414,61,40,1384,152.287766,1930.553145,high_coverage,provisional
12900216,Vilan-Långebro,Kristianstad,Skåne,2026,2025,18.681761905626292,12.758620689655173,381,148,23,1160,286.409842,1533.098663,high_coverage,provisional
12900402,Träne - Djurröd - Skepparslöv,Kristianstad,Skåne,2026,2025,4.233633713918308,2.208682406702209,185,29,51,1313,145.087976,3427.031855,high_coverage,provisional
12900702,Vä,Kristianstad,Skåne,2026,2025,4.694343619972926,3.4346103038309117,335,52,42,1514,73.938828,1575.062117,high_coverage,provisional
12900803,Köpinge - Nöbbelöv,Kristianstad,Skåne,2026,2025,2.3856986043723794,2.347826086956522,218,27,22,1150,43.63614,1829.071783,high_coverage,provisional
12900901,Hammar,Kristianstad,Skåne,2026,2025,8.521426829071983,4.6685340802987865,297,50,19,1071,178.70164,2097.085894,high_coverage,provisional
12900902,Nosaby,Kristianstad,Skåne,2026,2025,11.93429167541011,6.134969325153374,388,80,47,1304,210.897159,1767.152712,high_coverage,provisional
12900903,Hammarslund-Gamla Hammar och Araslöv,Kristianstad,Skåne,2026,2025,10.684705171119367,6.740681998413957,314,85,40,1261,185.124121,1732.608603,high_coverage,provisional
12901103,Österslöv - Balsby - Fjälkestad,Kristianstad,Skåne,2026,2025,18.100632253870973,3.7735849056603774,211,42,68,1113,417.598998,2307.096195,high_coverage,provisional
12901303,Önnestad-Norra Strö,Kristianstad,Skåne,2026,2025,3.4731538617556383,3.7062937062937062,289,53,49,1430,76.897545,2214.055238,high_coverage,provisional
12901401,Färlöv,Kristianstad,Skåne,2026,2025,5.135554958471982,4.434907010014306,377,62,17,1398,117.949661,2296.726682,high_coverage,provisional
12901501,Åhus centrum,Kristianstad,Skåne,2026,2025,2.986503079708389,2.3480662983425415,240,34,64,1448,56.604339,1895.338377,high_coverage,provisional
12901502,Åhus-Täppet,Kristianstad,Skåne,2026,2025,1.505072840143825,1.0058675607711651,205,12,31,1193,25.945486,1723.869125,high_coverage,provisional
12901503,Åhus Transval-Sånna,Kristianstad,Skåne,2026,2025,1.9851413395222768,2.2620169651272386,258,24,26,1061,32.333207,1628.760953,high_coverage,provisional
12901505,Åhus Vattentornet-Ripa,Kristianstad,Skåne,2026,2025,1.6189322217811177,1.2978585334198571,283,20,46,1541,33.842925,2090.447305,high_coverage,provisional
12901506,Åhus Äspet,Kristianstad,Skåne,2026,2025,1.5928105696103056,0.7953723788864787,155,11,51,1383,31.01278,1947.047602,high_coverage,provisional
12901507,Åhus Vanneberga - Östra Sand,Kristianstad,Skåne,2026,2025,1.7163834325780227,0.9502923976608187,229,13,38,1368,31.645973,1843.758941,high_coverage,provisional
12901701,Everöd - Östra Sönnarslöv - Huaröd,Kristianstad,Skåne,2026,2025,3.10818547404886,5.143721633888048,236,68,44,1322,63.161088,2032.088771,high_coverage,provisional
12902301,Bäckaskog,Kristianstad,Skåne,2026,2025,2.2359746834215546,2.7842227378190256,231,36,49,1293,40.94175,1831.047118,high_coverage,provisional
12902401,Fjälkinge - Nymö,Kristianstad,Skåne,2026,2025,4.119710870817234,3.9634146341463414,275,52,27,1312,88.477864,2147.671688,high_coverage,provisional
12902501,Gustav Adolf - Rinkaby,Kristianstad,Skåne,2026,2025,4.9109033716798836,3.938115330520394,306,56,35,1422,101.692709,2070.753613,high_coverage,provisional
12902901,Degeberga - Hörröd,Kristianstad,Skåne,2026,2025,2.3421898603771423,4.00320256204964,248,50,51,1249,44.298038,1891.308589,high_coverage,provisional
12903001,Yngsjö - Vittskövle - Maglehem,Kristianstad,Skåne,2026,2025,2.079525309015135,2.5043680838672104,333,43,91,1717,48.312078,2323.226257,high_coverage,provisional
12903103,Tollarp-Linderöd-Äsphult,Kristianstad,Skåne,2026,2025,3.335268184843508,5.378973105134475,172,66,54,1227,80.991985,2428.350001,high_coverage,provisional
12903201,Tollarp centrum södra,Kristianstad,Skåne,2026,2025,4.800730458215777,3.459119496855346,214,33,24,954,40.219817,837.785361,high_coverage,provisional
12903202,Tollarp centrum norra,Kristianstad,Skåne,2026,2025,4.713794946429081,3.3135089209855564,289,39,18,1177,98.349271,2086.413858,high_coverage,provisional
12903501,Oppmanna - Vånga - Arkelstorp,Kristianstad,Skåne,2026,2025,2.6797615556836822,3.1550068587105624,276,46,85,1458,59.984201,2238.415611,high_coverage,provisional
12910101,Simrishamn N,Simrishamn,Skåne,2026,2025,5.786773447358618,6.015037593984962,368,80,83,1330,102.647454,1773.8288,high_coverage,provisional
12910102,Simrishamn C,Simrishamn,Skåne,2026,2025,15.173061529273049,12.63573543928924,289,128,64,1013,261.492648,1723.400696,high_coverage,provisional
12910103,Simrishamn S,Simrishamn,Skåne,2026,2025,11.55164719693083,7.655116841257051,387,95,51,1241,225.698803,1953.823547,high_coverage,provisional
12910204,Simris,Simrishamn,Skåne,2026,2025,6.662837522523457,4.792043399638336,260,53,62,1106,119.308501,1790.656017,high_coverage,provisional
12910408,Gladsax,Simrishamn,Skåne,2026,2025,3.987285653696164,2.6666666666666665,152,22,103,825,52.638803,1320.166338,high_coverage,provisional
12910609,Skillinge,Simrishamn,Skåne,2026,2025,2.1291859324347246,2.736318407960199,161,22,59,804,21.953442,1031.072095,high_coverage,provisional
12910710,Borrby,Simrishamn,Skåne,2026,2025,3.3526174076955355,3.1487513572204127,197,29,46,921,45.462011,1356.015479,high_coverage,provisional
12911114,Gärsnäs,Simrishamn,Skåne,2026,2025,4.196863472421475,5.307096004770424,330,89,128,1677,92.335783,2200.114052,high_coverage,provisional
12911316,Hammenhög,Simrishamn,Skåne,2026,2025,4.809591456843483,6.537282941777324,169,64,51,979,84.079689,1748.166965,high_coverage,provisional
12911720,S:t Olof,Simrishamn,Skåne,2026,2025,2.950638949831874,5.6172436316133245,283,86,178,1531,66.013869,2237.273693,high_coverage,provisional
12911922,Kivik,Simrishamn,Skåne,2026,2025,2.453323278136174,4.3866774979691305,212,54,150,1231,40.369011,1645.482736,high_coverage,provisional
12920101,Ausås-Strövelstorp,Ängelholm,Skåne,2026,2025,3.9647651919731404,2.4787535410764874,255,35,43,1412,91.030195,2295.979474,high_coverage,provisional
12920102,Höja-Starby,Ängelholm,Skåne,2026,2025,3.3875712158627223,1.7582417582417582,110,16,29,910,56.570101,1669.930974,high_coverage,provisional
12920103,Skörpinge,Ängelholm,Skåne,2026,2025,4.902297959672586,2.6,363,39,41,1500,89.950166,1834.857178,high_coverage,provisional
12920104,Södra Utmarken,Ängelholm,Skåne,2026,2025,3.269576574564679,3.7997587454764776,439,63,49,1658,83.290513,2547.440352,high_coverage,provisional
12920105,Willan,Ängelholm,Skåne,2026,2025,17.13813679044412,11.219081272084805,354,127,47,1132,363.677514,2122.036476,high_coverage,provisional
12920106,Ängavången,Ängelholm,Skåne,2026,2025,10.534047532104626,5.813953488372093,371,80,62,1376,246.423802,2339.307861,high_coverage,provisional
12920107,Centrum S,Ängelholm,Skåne,2026,2025,5.227008054903965,3.2201914708442123,294,37,36,1149,85.559024,1636.864208,high_coverage,provisional
12920108,Nya Torg,Ängelholm,Skåne,2026,2025,9.01829492201816,5.7567316620241415,285,62,37,1077,133.495754,1480.277094,high_coverage,provisional
12920109,Sockerbruket,Ängelholm,Skåne,2026,2025,5.410120764986618,2.8210838901262063,438,38,52,1347,103.638635,1915.643652,high_coverage,provisional
12920110,Danielslund,Ängelholm,Skåne,2026,2025,4.602133577732861,1.9893899204244032,308,30,56,1508,97.860681,2126.41983,high_coverage,provisional
12920111,Centrum N,Ängelholm,Skåne,2026,2025,8.080299566360255,5.658914728682171,273,73,39,1290,156.02834,1930.972221,high_coverage,provisional
12920201,Kungsgården,Ängelholm,Skåne,2026,2025,12.786218445605487,6.956521739130435,503,96,42,1380,276.600762,2163.272614,high_coverage,provisional
12920202,Munka Ljungby S,Ängelholm,Skåne,2026,2025,5.686221234499798,4.081632653061225,324,58,25,1421,153.894017,2706.43738,high_coverage,provisional
12920203,Tåssjö-Össjö,Ängelholm,Skåne,2026,2025,1.817491300034706,4.150702426564496,248,65,63,1566,50.812089,2795.72667,high_coverage,provisional
12920204,Munka Ljungby N,Ängelholm,Skåne,2026,2025,2.9026771115760335,4.3343653250774,259,56,59,1292,48.298932,1663.944357,high_coverage,provisional
12920205,Rebbelberga,Ängelholm,Skåne,2026,2025,3.8546059869855127,3.6939313984168867,371,56,57,1516,90.965428,2359.915081,high_coverage,provisional
12920206,Pomona,Ängelholm,Skåne,2026,2025,2.9378296968054656,3.2233307751343054,267,42,48,1303,58.888106,2004.476504,high_coverage,provisional
12920207,Skälderviken,Ängelholm,Skåne,2026,2025,2.7110049611636535,1.1786038077969174,183,13,55,1103,44.951291,1658.104343,high_coverage,provisional
12920208,Magnarp,Ängelholm,Skåne,2026,2025,1.2400842304924375,1.3636363636363635,273,21,85,1540,28.69837,2314.227477,high_coverage,provisional
12920209,Vejbystrand,Ängelholm,Skåne,2026,2025,2.8495394133592353,2.247191011235955,405,36,100,1602,68.8683,2416.82216,high_coverage,provisional
12920210,Hjärnarp S,Ängelholm,Skåne,2026,2025,2.854869654199227,2.2850924918389555,192,21,36,919,44.503823,1558.874078,high_coverage,provisional
12920211,Hjärnarp N,Ängelholm,Skåne,2026,2025,2.1534880790239295,1.9462465245597775,222,21,46,1079,35.031771,1626.745527,high_coverage,provisional
12930101,T4-området,Hässleholm,Skåne,2026,2025,14.48142982900759,10.206084396467125,282,104,25,1019,179.347223,1238.463502,high_coverage,provisional
12930102,Gäddastorp,Hässleholm,Skåne,2026,2025,11.464399232269287,2.867383512544803,194,24,32,837,162.346064,1416.088717,high_coverage,provisional
12930103,Bokeberg,Hässleholm,Skåne,2026,2025,10.170621178863023,9.1792656587473,309,85,32,926,148.257674,1457.705202,high_coverage,provisional
12930104,Stattena,Hässleholm,Skåne,2026,2025,10.98074892106906,7.3584905660377355,265,78,48,1060,185.76665,1691.748453,high_coverage,provisional
12930105,Hässleholm C,Hässleholm,Skåne,2026,2025,16.957324688519915,16.29901960784314,217,133,12,816,202.988821,1197.056875,high_coverage,provisional
12930106,Djupadal,Hässleholm,Skåne,2026,2025,17.329179435731465,7.3842302878598245,205,59,35,799,354.21321,2044.027597,high_coverage,provisional
12930107,Haga,Hässleholm,Skåne,2026,2025,15.388263054408034,12.820512820512821,205,100,33,780,161.255519,1047.912415,high_coverage,provisional
12930108,Kristinehem-Ekedal,Hässleholm,Skåne,2026,2025,11.889385791592384,6.031746031746032,271,57,38,945,176.586048,1485.241131,high_coverage,provisional
12930109,Sjörröd,Hässleholm,Skåne,2026,2025,3.625971111635107,1.8484288354898337,234,20,29,1082,63.350699,1747.137444,high_coverage,provisional
12930110,Östervärn-Röinge,Hässleholm,Skåne,2026,2025,13.573289301273173,5.6325823223570195,322,65,44,1154,210.92215,1553.950154,high_coverage,provisional
12930111,Läreda,Hässleholm,Skåne,2026,2025,40.545786236937715,34.52685421994885,295,270,17,782,688.726651,1698.639279,high_coverage,provisional
12930112,Ljungdala,Hässleholm,Skåne,2026,2025,10.405632884141177,6.691800188501413,364,71,29,1061,172.743842,1660.099332,high_coverage,provisional
12930113,Fredentorp,Hässleholm,Skåne,2026,2025,7.838259579951794,8.29817158931083,192,59,25,711,94.966135,1211.571702,high_coverage,provisional
12930114,Bokalyckan,Hässleholm,Skåne,2026,2025,11.37965449865796,6.013363028953229,248,54,33,898,134.370636,1180.79715,high_coverage,provisional
12930301,Stoby-Ignaberga,Hässleholm,Skåne,2026,2025,4.53829471399303,2.877070619006103,208,33,29,1147,91.299403,2011.755709,high_coverage,provisional
12930302,Ballingslöv,Hässleholm,Skåne,2026,2025,3.449709547618364,5.338541666666667,112,41,40,768,39.488945,1144.703473,high_coverage,provisional
12930501,Vinslöv C,Hässleholm,Skåne,2026,2025,2.222222911570056,2.338709677419355,310,29,23,1240,39.830108,1792.354304,high_coverage,provisional
12930502,Vinslöv N,Hässleholm,Skåne,2026,2025,2.5711865015727837,3.1197301854974704,249,37,42,1186,47.667361,1853.905229,high_coverage,provisional
12930503,Vinslöv S,Hässleholm,Skåne,2026,2025,2.167795430909533,2.2913256955810146,213,28,36,1222,40.723299,1878.558208,high_coverage,provisional
12930901,Hästveda V,Hässleholm,Skåne,2026,2025,3.4067034828187808,3.156708004509583,154,28,33,887,48.375224,1420.001014,high_coverage,provisional
12931002,Hästveda Ö,Hässleholm,Skåne,2026,2025,5.975025355591282,4.693140794223827,166,39,37,831,83.934777,1404.760181,high_coverage,provisional
12931203,Vittsjö utom tätorten,Hässleholm,Skåne,2026,2025,4.027638971750224,2.766798418972332,107,21,45,759,54.826442,1361.255127,high_coverage,provisional
12931204,Vittsjö tätort,Hässleholm,Skåne,2026,2025,9.480686803030027,7.000946073793756,217,74,42,1057,150.193344,1584.203203,high_coverage,provisional
12931301,Bjärnum S,Hässleholm,Skåne,2026,2025,5.9811589160552865,5.625717566016074,189,49,22,871,88.079282,1472.612302,high_coverage,provisional
12931302,Bjärnum N,Hässleholm,Skåne,2026,2025,5.390833297703476,5.776892430278885,185,58,32,1004,89.253724,1655.657281,high_coverage,provisional
12931402,Vankiva,Hässleholm,Skåne,2026,2025,7.3885843702213645,3.4620505992010653,118,26,14,751,130.388577,1764.730163,high_coverage,provisional
12931503,Sösdala Ö,Hässleholm,Skåne,2026,2025,4.962750822320426,7.255936675461742,112,55,47,758,76.742542,1546.37105,high_coverage,provisional
12931504,Sösdala V,Hässleholm,Skåne,2026,2025,6.847331404809345,5.537098560354374,191,50,43,903,91.52184,1336.605965,high_coverage,provisional
12931704,Tormestorp,Hässleholm,Skåne,2026,2025,3.6146565209245716,3.2017075773746,192,30,34,937,51.722316,1430.905418,high_coverage,provisional
12931901,Tyringe N,Hässleholm,Skåne,2026,2025,10.24743114617142,9.497206703910615,191,85,25,895,151.54638,1478.871903,high_coverage,provisional
12931902,Tyringe V,Hässleholm,Skåne,2026,2025,7.403198825499077,6.217070600632244,209,59,27,949,125.636314,1697.054435,high_coverage,provisional
12931903,Finja,Hässleholm,Skåne,2026,2025,3.826771841054234,4.040404040404041,207,40,26,990,50.927448,1330.820078,high_coverage,provisional
12931904,Tyringe S,Hässleholm,Skåne,2026,2025,3.089905448750374,3.012633624878523,196,31,31,1029,52.817979,1709.372014,high_coverage,provisional
12932005,Röke-Hörja,Hässleholm,Skåne,2026,2025,1.2299665700722033,3.236245954692557,129,30,32,927,17.183325,1397.056263,high_coverage,provisional
13150101,Torup,Hylte,Halland,2026,2025,9.587444044851683,5.90030518819939,311,58,23,983,166.327599,1734.848185,high_coverage,provisional
13150102,Rydöbruk-Femsjö,Hylte,Halland,2026,2025,4.899938896203288,3.8901601830663615,100,17,16,437,37.557823,766.495742,high_coverage,provisional
13150201,Kinnared-Drängsered,Hylte,Halland,2026,2025,3.635252615668206,3.8817005545286505,101,21,28,541,33.802847,929.862394,high_coverage,provisional
13150401,Landeryd-Långaryd,Hylte,Halland,2026,2025,2.0095772111454826,2.635046113306983,154,20,14,759,24.377915,1213.086756,high_coverage,provisional
13150501,Hyltebruk,Hylte,Halland,2026,2025,15.900872841675703,13.91304347826087,185,80,12,575,213.326239,1341.600811,high_coverage,provisional
13150502,Örnabäckshult,Hylte,Halland,2026,2025,21.2258495726222,15.869017632241814,256,126,13,794,354.344555,1669.401047,high_coverage,provisional
13150503,Staffansbo,Hylte,Halland,2026,2025,13.9028681128233,8.005082592121981,221,63,15,787,168.430354,1211.47919,high_coverage,provisional
13150701,Unnaryd-Jälluntofta,Hylte,Halland,2026,2025,4.483089812144341,4.761904761904762,142,32,44,672,54.825587,1222.941973,high_coverage,provisional
13800101,Centrum norra,Halmstad,Halland,2026,2025,8.209741866230027,4.18041804180418,253,38,42,909,80.034451,974.871711,high_coverage,provisional
13800102,Centrum västra,Halmstad,Halland,2026,2025,7.86572380686203,7.3347107438016526,284,71,58,968,113.22697,1439.498421,high_coverage,provisional
13800103,Centrum södra,Halmstad,Halland,2026,2025,8.035947729827328,7.1973827699018535,260,66,35,917,93.842888,1167.788681,high_coverage,provisional
13800104,Galgberget västra,Halmstad,Halland,2026,2025,7.124361816343973,4.67479674796748,204,46,55,984,113.820023,1597.617105,high_coverage,provisional
13800105,Galgberget östra,Halmstad,Halland,2026,2025,7.619493819893645,7.677165354330708,311,78,44,1016,69.873119,917.030982,high_coverage,provisional
13800106,Kärleken-Sofieberg västra och södra,Halmstad,Halland,2026,2025,5.160585116830326,2.799552071668533,282,25,41,893,50.777381,983.946197,high_coverage,provisional
13800107,Kärleken-Sofieberg östra,Halmstad,Halland,2026,2025,5.279670813204855,6.0676779463243875,231,52,53,857,78.752291,1491.613659,high_coverage,provisional
13800108,Mickedala,Halmstad,Halland,2026,2025,4.9609671020257515,4.114490161001789,290,46,84,1118,83.343925,1679.993503,high_coverage,provisional
13800109,Rotorp norra,Halmstad,Halland,2026,2025,9.460583750867466,9.08193484698914,305,92,83,1013,152.484968,1611.79238,high_coverage,provisional
13800110,Rotorp södra-Alet,Halmstad,Halland,2026,2025,6.315501430955803,2.0855057351407718,285,20,59,959,123.289104,1952.166512,high_coverage,provisional
13800111,Kattegatt,Halmstad,Halland,2026,2025,6.136145685149734,4.244897959183674,345,52,71,1225,129.204249,2105.625512,high_coverage,provisional
13800112,Slottsjord,Halmstad,Halland,2026,2025,5.9148549406744975,5.170821791320407,291,56,61,1083,49.222921,832.191516,high_coverage,provisional
13800201,Centrum östra-Gamletull södra,Halmstad,Halland,2026,2025,13.55140461634563,8.61344537815126,303,82,59,952,234.51687,1730.572414,high_coverage,provisional
13800202,Gamletull västra,Halmstad,Halland,2026,2025,5.646183273904449,3.35195530726257,349,42,69,1253,70.001937,1239.809861,high_coverage,provisional
13800203,Gamletull norra och östra,Halmstad,Halland,2026,2025,9.61821466743912,7.835051546391752,306,76,36,970,162.469546,1689.186108,high_coverage,provisional
13800204,Furet,Halmstad,Halland,2026,2025,6.556604952941141,5.273250239693192,296,55,44,1043,152.660117,2328.340934,high_coverage,provisional
13800205,Frennarp,Halmstad,Halland,2026,2025,3.5462008148394815,5.864811133200795,327,59,61,1006,28.478077,803.05878,high_coverage,provisional
13800206,Nyatorp norra,Halmstad,Halland,2026,2025,18.108463582744523,6.188340807174888,360,69,50,1115,337.952809,1866.269921,high_coverage,provisional
13800207,Nyatorp södra,Halmstad,Halland,2026,2025,15.809007601123675,12.5,280,110,38,880,231.64397,1465.265726,high_coverage,provisional
13800208,Nyhem västra,Halmstad,Halland,2026,2025,23.961187309077793,16.122448979591837,316,158,29,980,456.886715,1906.778279,high_coverage,provisional
13800209,Nyhem norra och östra,Halmstad,Halland,2026,2025,22.173835489067923,16.586306653809064,374,172,46,1037,353.591434,1594.633613,high_coverage,provisional
13800210,Nyhem södra,Halmstad,Halland,2026,2025,24.94322145272061,13.921360255047821,312,131,38,941,463.816529,1859.48928,high_coverage,provisional
13800211,Engelbrekt västra och södra,Halmstad,Halland,2026,2025,12.966735204956194,10.552147239263803,255,86,31,815,182.488177,1407.356394,high_coverage,provisional
13800212,Östra Förstaden-Engelbrekt norra,Halmstad,Halland,2026,2025,10.370495619657198,8.771929824561404,236,80,57,912,124.116074,1196.819116,high_coverage,provisional
13800213,Engelbrekt östra-Östra Stranden,Halmstad,Halland,2026,2025,25.792922303543147,5.958549222797927,242,46,28,772,481.887772,1868.29459,high_coverage,provisional
13800214,Linehed södra,Halmstad,Halland,2026,2025,25.7601971943089,28.413793103448278,325,206,18,725,142.606506,553.592447,high_coverage,provisional
13800215,Linehed norra,Halmstad,Halland,2026,2025,23.148970070211476,9.989484752891693,416,95,23,951,473.091566,2043.683,high_coverage,provisional
13800216,Gustavsfält norra,Halmstad,Halland,2026,2025,28.778424356312406,15.052356020942408,368,115,21,764,374.419513,1301.042435,high_coverage,provisional
13800217,Gustavsfält södra,Halmstad,Halland,2026,2025,32.18898957209296,26.31578947368421,295,180,20,684,422.988732,1314.078937,high_coverage,provisional
13800218,Andersberg norra,Halmstad,Halland,2026,2025,47.141580340304834,37.44239631336406,397,325,17,868,1364.580825,2894.643784,high_coverage,provisional
13800219,Andersberg södra,Halmstad,Halland,2026,2025,43.840659204784934,34.90658800393314,500,355,19,1017,964.279792,2199.510248,high_coverage,provisional
13800301,Vallås västra,Halmstad,Halland,2026,2025,23.2307124974257,17.08229426433915,371,137,14,802,284.254164,1223.613628,high_coverage,provisional
13800302,Vallås norra,Halmstad,Halland,2026,2025,16.010058449352357,10.21671826625387,445,99,24,969,317.445889,1982.790319,high_coverage,provisional
13800303,Vallås östra,Halmstad,Halland,2026,2025,11.925520379870951,8.560311284046692,418,88,40,1028,160.260008,1343.840796,high_coverage,provisional
13800304,Vallås södra,Halmstad,Halland,2026,2025,14.690542538699106,9.472551130247577,412,88,21,929,283.782998,1931.739398,high_coverage,provisional
13800305,Snöstorp östra-Brogård,Halmstad,Halland,2026,2025,4.581578841386223,3.90104662226451,343,41,47,1051,50.873396,1110.390059,high_coverage,provisional
13800306,Snöstorp västra,Halmstad,Halland,2026,2025,5.347199651131989,4.705882352941177,379,56,54,1190,107.412637,2008.764288,high_coverage,provisional
13800307,Fyllinge norra,Halmstad,Halland,2026,2025,9.052321298875661,9.456521739130435,411,87,18,920,191.85809,2119.435266,high_coverage,provisional
13800308,Fyllinge södra,Halmstad,Halland,2026,2025,11.048385029642125,6.244653550042772,509,73,30,1169,171.977211,1556.582347,high_coverage,provisional
13800309,Skedala-Marbäck,Halmstad,Halland,2026,2025,2.9932241864037095,2.8625954198473282,209,30,46,1048,49.736814,1661.646803,high_coverage,provisional
13800401,Simlångsdalen,Halmstad,Halland,2026,2025,2.0985506902538233,2.402957486136784,225,26,61,1082,35.006418,1668.123537,high_coverage,provisional
13800501,Oskarström västra och södra,Halmstad,Halland,2026,2025,6.898135280798388,7.274969173859433,276,59,15,811,98.109795,1422.265453,high_coverage,provisional
13800502,Oskarström norra,Halmstad,Halland,2026,2025,6.409748763506028,5.442176870748299,288,48,21,882,104.097834,1624.054824,high_coverage,provisional
13800503,Oskarström östra,Halmstad,Halland,2026,2025,4.536762159649126,3.6771300448430493,326,41,46,1115,85.439052,1883.26055,high_coverage,provisional
13800701,Eldsberga-Tönnersjö,Halmstad,Halland,2026,2025,1.8650764640764528,3.4482758620689653,218,31,31,899,24.752193,1327.140923,high_coverage,provisional
13800702,Gullbranna-Laxvik,Halmstad,Halland,2026,2025,2.744729249350535,2.38353196099675,214,22,33,923,31.71749,1155.578096,high_coverage,provisional
13800801,Trönninge,Halmstad,Halland,2026,2025,5.466500654014218,4.438860971524288,321,53,38,1194,108.827011,1990.798463,high_coverage,provisional
13800901,Söndrum södra,Halmstad,Halland,2026,2025,2.7016922919338886,2.20125786163522,200,21,48,954,33.134922,1226.450625,high_coverage,provisional
13800902,Eketånga-Stenhuggeriet östra,Halmstad,Halland,2026,2025,3.452535678826061,1.342281879194631,217,14,61,1043,51.391083,1488.50259,high_coverage,provisional
13800903,Söndrum norra-Vapnö,Halmstad,Halland,2026,2025,2.615360916483454,2.2613065326633164,239,27,52,1194,61.691593,2358.817577,high_coverage,provisional
13800904,Bäckagård-Pålsbo norra,Halmstad,Halland,2026,2025,5.760835688045965,4.123711340206185,288,40,53,970,63.961602,1110.283394,high_coverage,provisional
13800905,Bäckagård-Pålsbo södra,Halmstad,Halland,2026,2025,5.086080215328252,8.415841584158416,240,68,43,808,67.870256,1334.43149,high_coverage,provisional
13800906,Bäckagård-Trottaberg västra,Halmstad,Halland,2026,2025,3.0949720668669674,2.484472049689441,200,24,40,966,34.151114,1103.438521,high_coverage,provisional
13800907,Frösakull östra,Halmstad,Halland,2026,2025,1.9389603394848014,1.1385199240986716,209,12,37,1054,20.32778,1048.385549,high_coverage,provisional
13800908,Frösakull västra-Tylösand,Halmstad,Halland,2026,2025,3.3386224008499235,0.802407221664995,101,8,28,997,40.303288,1207.183178,high_coverage,provisional
13800909,Eketånga-Stenhuggeriet västra,Halmstad,Halland,2026,2025,2.7209439993402986,2.028397565922921,185,20,51,986,43.615513,1602.955188,high_coverage,provisional
13800910,Bäckagård-Trottaberg östra,Halmstad,Halland,2026,2025,5.704229877962671,0.49800796812749004,214,5,27,1004,109.699818,1923.131086,high_coverage,provisional
13801001,Kärleken-Sofieberg norra-Holm,Halmstad,Halland,2026,2025,3.175762958717257,2.9115341545352744,213,26,36,893,62.092594,1955.202413,high_coverage,provisional
13801101,Gullbrandstorp södra-Villshärad,Halmstad,Halland,2026,2025,1.7179306126393368,2.345215759849906,285,25,34,1066,20.099806,1170.001038,high_coverage,provisional
13801102,Gullbrandstorp norra-Onsjö-Ågarp,Halmstad,Halland,2026,2025,1.8651952283737712,2.233502538071066,229,22,40,985,39.152947,2099.133989,high_coverage,provisional
13801103,Haverdal,Halmstad,Halland,2026,2025,2.3050271290178164,1.990391214824983,331,29,69,1457,41.098656,1783.000967,high_coverage,provisional
13801104,Harplinge,Halmstad,Halland,2026,2025,1.7493186334235449,3.3798677443056575,351,46,69,1361,36.492207,2086.081192,high_coverage,provisional
13801201,Steninge-Särdal,Halmstad,Halland,2026,2025,1.9040205277505364,1.467710371819961,189,15,79,1022,27.488484,1443.707334,high_coverage,provisional
13801401,Getinge södra-Rävinge,Halmstad,Halland,2026,2025,5.0997681787867535,4.820627802690583,262,43,27,892,60.357515,1183.534484,high_coverage,provisional
13801402,Getinge norra,Halmstad,Halland,2026,2025,5.963695588036909,5.897771952817824,188,45,28,763,93.85289,1573.7371,high_coverage,provisional
13801701,Kvibille-Slättåkra,Halmstad,Halland,2026,2025,1.2610420939624158,2.491408934707904,249,29,48,1164,21.718817,1722.291199,high_coverage,provisional
13801901,Åled västra,Halmstad,Halland,2026,2025,3.4036579034720496,3.8845726970033296,235,35,37,901,44.113099,1296.049728,high_coverage,provisional
13801902,Åled östra-Sennan,Halmstad,Halland,2026,2025,3.463615432367275,3.085714285714286,223,27,36,875,54.487056,1573.126609,high_coverage,provisional
13810101,Laholm Centrum,Laholm,Halland,2026,2025,11.278795450210248,6.402439024390244,320,63,37,984,128.338881,1137.877547,high_coverage,provisional
13810102,Laholm Östra,Laholm,Halland,2026,2025,13.722280220364961,12.921810699588477,414,157,31,1215,264.476635,1927.351947,high_coverage,provisional
13810103,Laholm Västra,Laholm,Halland,2026,2025,6.1984676753616785,3.935860058309038,367,54,39,1372,146.285425,2360.025617,high_coverage,provisional
13810104,Laholm Norra,Laholm,Halland,2026,2025,6.896736337440804,5.448449287510478,287,65,43,1193,131.521155,1907.005699,high_coverage,provisional
13810105,Laholm Södra,Laholm,Halland,2026,2025,12.343527546288533,7.219827586206897,285,67,49,928,256.596699,2078.795531,high_coverage,provisional
13810106,Mellbystrand Södra,Laholm,Halland,2026,2025,1.8520586377666537,1.0964912280701755,181,10,16,912,19.7507,1066.418719,high_coverage,provisional
13810107,Mellbystrand Norra,Laholm,Halland,2026,2025,1.850531455419878,0.8333333333333334,191,8,32,960,19.979324,1079.653304,high_coverage,provisional
13810301,Våxtorp,Laholm,Halland,2026,2025,4.439559170512722,3.343949044585987,233,42,43,1256,90.046478,2028.275208,high_coverage,provisional
13810501,Hasslöv-Skottorp,Laholm,Halland,2026,2025,4.6184629817601515,2.9002320185614847,151,25,26,862,68.609677,1485.552169,high_coverage,provisional
13810502,Skummeslöv,Laholm,Halland,2026,2025,2.123215778964197,2.0408163265306123,316,33,44,1617,47.913022,2256.625185,high_coverage,provisional
13810601,Hishult,Laholm,Halland,2026,2025,2.202365905879206,1.6455696202531647,128,13,29,790,27.892927,1266.498311,high_coverage,provisional
13810701,Ränneslöv,Laholm,Halland,2026,2025,1.143352727086931,3.7691401648998824,136,32,26,849,15.000954,1312.014538,high_coverage,provisional
13810801,Vallberga-Ysby,Laholm,Halland,2026,2025,4.1864585933330165,3.8802660753880267,205,35,24,902,62.500582,1492.922493,high_coverage,provisional
13810901,Knäred,Laholm,Halland,2026,2025,7.90926518615577,5.180840664711632,219,53,33,1023,139.060441,1758.196719,high_coverage,provisional
13811101,Veinge,Laholm,Halland,2026,2025,3.0197184319337844,3.3362598770851624,229,38,37,1139,60.140043,1991.577836,high_coverage,provisional
13811102,Tjärby,Laholm,Halland,2026,2025,7.934193448560758,6.948968512486428,226,64,21,921,111.887274,1410.1909,high_coverage,provisional
13820101,FBG 1 V Gärdet-Hamnen-Gamla stan,Falkenberg,Halland,2026,2025,12.409295930225639,8.992506244796003,356,108,52,1201,306.161457,2467.194422,high_coverage,provisional
13820102,FBG 2 Arvidstorp,Falkenberg,Halland,2026,2025,11.196328101206474,10.822510822510823,504,150,44,1386,240.956037,2152.098749,high_coverage,provisional
13820103,FBG 3 Herting,Falkenberg,Halland,2026,2025,15.662817218762605,9.494232475598935,326,107,74,1127,371.873569,2374.244453,high_coverage,provisional
13820104,FBG 4 V Gärdet-Smedjeholm,Falkenberg,Halland,2026,2025,9.3398234983408,7.8348778433024435,442,93,49,1187,170.021988,1820.398298,high_coverage,provisional
13820105,FBG 5 Centrum,Falkenberg,Halland,2026,2025,14.026255800961348,7.221812822402359,459,98,54,1357,216.128216,1540.883177,high_coverage,provisional
13820106,FBG 6 Ö Gärdet-Vindilen-Fajans,Falkenberg,Halland,2026,2025,9.067091423080967,7.137601177336276,505,97,60,1359,191.361218,2110.502796,high_coverage,provisional
13820107,FBG 7 N Skrea Strand,Falkenberg,Halland,2026,2025,5.387599668717325,2.5283347863993026,260,29,44,1147,108.962315,2022.464951,high_coverage,provisional
13820108,FBG 8 Hjortsberg,Falkenberg,Halland,2026,2025,4.37073703355041,4.747774480712166,485,64,42,1348,50.90637,1164.709055,high_coverage,provisional
13820109,FBG 9 Tånga-Sloalyckan-V Tröinge,Falkenberg,Halland,2026,2025,16.299212594440462,12.50996015936255,442,157,54,1255,360.729167,2213.169286,high_coverage,provisional
13820110,FBG 10 Falkagård-Stafsinge,Falkenberg,Halland,2026,2025,12.141339248877793,10.370994940978077,394,123,56,1186,282.376701,2325.74591,high_coverage,provisional
13820112,FBG 12 S Skrea Strand-Ringsegård,Falkenberg,Halland,2026,2025,3.0458066760732945,1.7482517482517483,245,20,45,1144,53.314765,1750.431681,high_coverage,provisional
13820201,Skrea Samhälle-Ringsegård,Falkenberg,Halland,2026,2025,2.3253107032983635,2.5435073627844713,359,38,77,1494,54.943399,2362.841186,high_coverage,provisional
13820202,FBG 11 Slätten,Falkenberg,Halland,2026,2025,5.235286871003374,4.330708661417323,507,55,52,1270,94.913709,1812.960996,high_coverage,provisional
13820301,Årstad,Falkenberg,Halland,2026,2025,4.870066098646509,3.952569169960474,186,40,41,1012,77.998697,1601.594217,high_coverage,provisional
13820601,Slöinge,Falkenberg,Halland,2026,2025,8.003920807931545,5.366492146596858,205,41,28,764,104.950199,1311.23485,high_coverage,provisional
13820701,Ugglarp-Långasand,Falkenberg,Halland,2026,2025,2.001537206522391,4.503464203233256,172,39,70,866,22.788157,1138.53277,high_coverage,provisional
13820801,Skogstorp,Falkenberg,Halland,2026,2025,7.716646515887033,7.018763029881862,520,101,45,1439,167.684283,2173.020141,high_coverage,provisional
13820901,Glommen-Olofsbo,Falkenberg,Halland,2026,2025,2.4857812030836945,2.4529844644317254,297,30,54,1223,39.791957,1600.782762,high_coverage,provisional
13820902,Långås-Morup,Falkenberg,Halland,2026,2025,4.400626997456297,5.6351480420248325,195,59,51,1047,64.857532,1473.824799,high_coverage,provisional
13821001,Ljungby,Falkenberg,Halland,2026,2025,2.1858325705600383,3.5110533159947983,136,27,38,769,30.756445,1407.081467,high_coverage,provisional
13821101,Tröingeberg,Falkenberg,Halland,2026,2025,6.278822730645772,6.1882817643186305,472,94,48,1519,135.680984,2160.930318,high_coverage,provisional
13821102,Vinbergs Samhälle och kyrkby,Falkenberg,Halland,2026,2025,6.16586109553331,4.983012457531144,203,44,35,883,93.321182,1513.51418,high_coverage,provisional
13821201,Vessigebro,Falkenberg,Halland,2026,2025,4.09149293240763,4.887218045112782,229,52,70,1064,69.26066,1692.796765,high_coverage,provisional
13821501,Köinge-Okome,Falkenberg,Halland,2026,2025,4.7249985347066845,3.9726027397260273,135,29,38,730,52.738486,1116.15878,high_coverage,provisional
13821901,Ätran-Fegen,Falkenberg,Halland,2026,2025,3.1381001796479047,2.642007926023778,148,20,21,757,38.003474,1211.034442,high_coverage,provisional
13822301,Ullared,Falkenberg,Halland,2026,2025,8.189476707916286,5.077262693156733,193,46,29,906,123.441975,1507.324331,high_coverage,provisional
13822401,Älvsered,Falkenberg,Halland,2026,2025,3.2477432529541304,3.0120481927710845,146,25,22,830,42.078057,1295.609096,high_coverage,provisional
13830121,Värö,Varberg,Halland,2026,2025,3.3145356518953504,2.8452463566967383,305,41,60,1441,73.857104,2228.279064,high_coverage,provisional
13830122,Stråvalla,Varberg,Halland,2026,2025,3.523921727568402,2.043269230769231,181,17,43,832,46.822231,1328.69668,high_coverage,provisional
13830123,Veddige V,Varberg,Halland,2026,2025,3.6380450651753353,3.543647363872083,323,41,52,1157,68.709317,1888.632927,high_coverage,provisional
13830124,Veddige Ö,Varberg,Halland,2026,2025,5.202058271908011,4.066073697585769,183,32,32,787,74.614704,1434.330415,high_coverage,provisional
13830126,Bua,Varberg,Halland,2026,2025,5.257348978441431,4.363376251788269,384,61,48,1398,114.500786,2177.91869,high_coverage,provisional
13830129,Tångaberg-Kärra-Åskloster,Varberg,Halland,2026,2025,2.223346193909946,3.5073409461663947,291,43,62,1226,34.768331,1563.783953,high_coverage,provisional
13830130,Bläshammar-Trönningenäs,Varberg,Halland,2026,2025,2.6959013537201484,2.824360105913504,305,32,70,1133,59.934627,2223.175819,high_coverage,provisional
13830131,Lindberg-Tofta-Torpa,Varberg,Halland,2026,2025,2.649823230878381,2.051282051282051,170,16,41,780,37.954503,1432.340941,high_coverage,provisional
13830132,Valinge-Stamnared,Varberg,Halland,2026,2025,2.1069621558989287,3.0478955007256894,128,21,21,689,23.372315,1109.289739,high_coverage,provisional
13830135,Brunnsberg-Norrdal,Varberg,Halland,2026,2025,8.951177612278215,9.275618374558304,389,105,55,1132,102.763985,1148.049893,high_coverage,provisional
13830136,Stenåsa-Äckregården,Varberg,Halland,2026,2025,9.46613343638255,6.182795698924731,434,69,57,1116,290.625462,3070.160208,high_coverage,provisional
13830137,Gamleby,Varberg,Halland,2026,2025,6.971913385194293,5.087319665907366,363,67,65,1317,82.82038,1187.914643,high_coverage,provisional
13830138,Trädlyckan,Varberg,Halland,2026,2025,6.190555899345892,4.298356510745891,291,34,39,791,67.826327,1095.641944,high_coverage,provisional
13830139,Håsten,Varberg,Halland,2026,2025,13.047283435115636,15.014720314033367,422,153,24,1019,98.33756,753.701416,high_coverage,provisional
13830140,Karlberg,Varberg,Halland,2026,2025,8.166716961646951,2.723004694835681,398,29,49,1065,143.7943,1760.735687,high_coverage,provisional
13830151,Kungsäter-Karl Gustav-Gunnarsjö,Varberg,Halland,2026,2025,1.9541668296252543,2.3837902264600714,148,20,40,839,24.752075,1266.630598,high_coverage,provisional
13830152,Derome-Sällstorp-Grimmared,Varberg,Halland,2026,2025,2.1139842880549855,3.1578947368421053,234,33,27,1045,36.138295,1709.487398,high_coverage,provisional
13830153,Getterön-Lugnet-Göingegården Ö,Varberg,Halland,2026,2025,7.060340206165012,3.7007240547063556,443,46,64,1243,229.685241,3253.175262,high_coverage,provisional
13830154,Trönninge-Göingegården V,Varberg,Halland,2026,2025,3.221808232823683,3.435672514619883,389,47,53,1368,105.396425,3271.343835,high_coverage,provisional
13830221,Skällinge-Nösslinge,Varberg,Halland,2026,2025,1.2763197344325217,3.901734104046243,150,27,30,692,14.001904,1097.053005,high_coverage,provisional
13830222,Rolfstorp,Varberg,Halland,2026,2025,2.6591706848237595,5.089408528198074,161,37,33,727,29.942202,1125.997747,high_coverage,provisional
13830223,Träslöv N,Varberg,Halland,2026,2025,2.890735919671294,3.1746031746031744,293,30,40,945,49.882148,1725.586473,high_coverage,provisional
13830224,Grimeton-Gödestad-Hunnestad,Varberg,Halland,2026,2025,1.3388718405379414,3.316326530612245,250,39,40,1176,25.818795,1928.399285,high_coverage,provisional
13830225,Varberg centrum S,Varberg,Halland,2026,2025,4.09985637759114,3.984375,367,51,77,1280,92.793306,2263.33065,high_coverage,provisional
13830226,Varberg centrum N,Varberg,Halland,2026,2025,8.320880371236491,7.246376811594203,369,80,63,1104,146.285705,1758.05562,high_coverage,provisional
13830227,Lorensberg-Tranelyckan,Varberg,Halland,2026,2025,5.337251823023206,3.6263736263736264,249,33,70,910,58.570821,1097.396618,high_coverage,provisional
13830228,Lilla Träslöv,Varberg,Halland,2026,2025,3.600744147169744,5.063291139240507,264,48,41,948,66.503682,1846.942723,high_coverage,provisional
13830229,Hästhaga-Rosenfred,Varberg,Halland,2026,2025,3.474119265245694,4.191114836546522,360,50,79,1193,60.526197,1742.202624,high_coverage,provisional
13830230,Mariedal,Varberg,Halland,2026,2025,6.242998788641591,7.402760351317441,248,59,52,797,74.695814,1196.473306,high_coverage,provisional
13830231,Sörse-Apelvikshöjd,Varberg,Halland,2026,2025,11.920246127948364,9.495798319327731,503,113,58,1190,216.185096,1813.595908,high_coverage,provisional
13830232,Sörse-Ranelid,Varberg,Halland,2026,2025,14.48807133763581,10.29082774049217,356,92,46,894,223.607132,1543.387845,high_coverage,provisional
13830235,Apelviken-Nygård,Varberg,Halland,2026,2025,3.4318494766780563,2.4390243902439024,261,26,48,1066,65.422014,1906.319448,high_coverage,provisional
13830237,Träslövsläge NV,Varberg,Halland,2026,2025,2.0299040071627545,1.8067556952081696,339,23,79,1273,39.013217,1921.924232,high_coverage,provisional
13830238,Träslövsläge SÖ,Varberg,Halland,2026,2025,3.0388281981226197,2.3276633840644583,280,26,61,1117,53.126615,1748.259906,high_coverage,provisional
13830239,Tvååker V,Varberg,Halland,2026,2025,3.712701922936708,5.1226551226551225,367,71,44,1386,84.319402,2271.106158,high_coverage,provisional
13830240,Tvååker Ö,Varberg,Halland,2026,2025,3.6002944845546834,2.9702970297029703,356,36,39,1212,76.495245,2124.694114,high_coverage,provisional
13830251,Breared,Varberg,Halland,2026,2025,3.877189721225215,4.237918215613383,405,57,72,1345,58.165095,1500.18697,high_coverage,provisional
13830252,Träslöv S,Varberg,Halland,2026,2025,3.3509421566878954,2.771362586605081,393,36,56,1299,111.981907,3341.803641,high_coverage,provisional
13830253,Spannarp-Sibbarp-Dagsås,Varberg,Halland,2026,2025,2.015731454792668,4.36105476673428,197,43,60,986,32.011891,1588.102965,high_coverage,provisional
13840101,Innerstaden,Kungsbacka,Halland,2026,2025,9.05922368190885,3.56111645813282,204,37,35,1039,157.69744,1740.739003,high_coverage,provisional
13840102,Västra Villastaden,Kungsbacka,Halland,2026,2025,4.825413356787183,3.60082304526749,220,35,54,972,83.601587,1732.526953,high_coverage,provisional
13840103,Ö Villastaden/Signeskulle/Gårdskulla,Kungsbacka,Halland,2026,2025,4.612577019816576,5.565217391304348,232,64,58,1150,85.492802,1853.471533,high_coverage,provisional
13840104,Hålabäck,Kungsbacka,Halland,2026,2025,9.72693439826803,5.603448275862069,280,65,53,1160,183.702158,1888.592546,high_coverage,provisional
13840105,Hammerö,Kungsbacka,Halland,2026,2025,12.412588605593273,7.224334600760456,189,57,26,789,178.312898,1436.548843,high_coverage,provisional
13840106,Hammerö Södra/Västra,Kungsbacka,Halland,2026,2025,8.03538084355983,3.7948717948717947,212,37,51,975,93.599853,1164.846506,high_coverage,provisional
13840107,Tingberget,Kungsbacka,Halland,2026,2025,10.926138925567443,8.021978021978022,196,73,54,910,179.467881,1642.555364,high_coverage,provisional
13840201,Varla Södra,Kungsbacka,Halland,2026,2025,14.573493144323908,10.978956999085087,327,120,40,1093,292.108723,2004.383713,high_coverage,provisional
13840202,Varla Norra,Kungsbacka,Halland,2026,2025,5.807720805510532,4.21735604217356,277,52,40,1233,114.12371,1965.034371,high_coverage,provisional
13840203,Tölö,Kungsbacka,Halland,2026,2025,4.165816016039194,2.0276497695852536,220,22,73,1085,113.775894,2731.179043,high_coverage,provisional
13840204,Fors,Kungsbacka,Halland,2026,2025,2.744919469097306,2.233502538071066,233,22,57,985,29.560851,1076.929627,high_coverage,provisional
13840205,Hede,Kungsbacka,Halland,2026,2025,3.101845194267262,3.4232365145228214,250,33,39,964,48.507642,1563.831815,high_coverage,provisional
13840206,Björkris,Kungsbacka,Halland,2026,2025,5.788852555660093,4.620203602192639,253,59,36,1277,117.78051,2034.608912,high_coverage,provisional
13840301,Anneberg,Kungsbacka,Halland,2026,2025,6.47880705357653,4.15944540727903,253,48,92,1154,122.720499,1894.183574,high_coverage,provisional
13840302,Älvsåker,Kungsbacka,Halland,2026,2025,3.0434490323543764,3.5866780529462,238,42,64,1171,53.184856,1747.519194,high_coverage,provisional
13840401,Vallda Sandö,Kungsbacka,Halland,2026,2025,3.061227593211667,1.8257261410788381,210,22,56,1205,56.909581,1859.044428,high_coverage,provisional
13840402,Vallda Lerkil,Kungsbacka,Halland,2026,2025,2.1841467833865638,1.4162077104642015,203,18,54,1271,41.816772,1914.558688,high_coverage,provisional
13840403,Vallda Bröndome,Kungsbacka,Halland,2026,2025,5.803757834891111,2.7262813522355507,135,25,35,917,70.932027,1222.174133,high_coverage,provisional
13840404,Vallda Backa,Kungsbacka,Halland,2026,2025,3.0180829992327745,1.7647058823529411,232,21,60,1190,61.041146,2022.513828,high_coverage,provisional
13840501,Kyvik,Kungsbacka,Halland,2026,2025,2.5528382648567978,0.7178750897343862,100,10,60,1393,54.30013,2127.049361,high_coverage,provisional
13840502,Kullavik Centrum,Kungsbacka,Halland,2026,2025,4.50498115828063,2.3076923076923075,150,27,51,1170,84.184461,1868.697294,high_coverage,provisional
13840503,Släps Kullen,Kungsbacka,Halland,2026,2025,2.7240564737842177,1.2265978050355069,111,19,44,1549,61.424788,2254.901416,high_coverage,provisional
13840504,Malevik/Släps Inland,Kungsbacka,Halland,2026,2025,4.287297841443777,2.1609538002980626,193,29,70,1342,91.078425,2124.3783,high_coverage,provisional
13840505,Bukärrs Centrum,Kungsbacka,Halland,2026,2025,2.64607785281243,2.0066889632107023,153,30,57,1495,63.028776,2381.969825,high_coverage,provisional
13840506,Särö,Kungsbacka,Halland,2026,2025,2.9877883397861034,0.8928571428571429,110,11,44,1232,54.076789,1809.927038,high_coverage,provisional
13840601,Frillesås Landsbygd,Kungsbacka,Halland,2026,2025,3.3277953710642847,4.829770387965162,266,61,44,1263,69.507551,2088.696667,high_coverage,provisional
13840602,Frillesås Kust,Kungsbacka,Halland,2026,2025,5.066411939064752,4.046692607003891,286,52,59,1285,106.099126,2094.166982,high_coverage,provisional
13840801,Ölmevalla Östra,Kungsbacka,Halland,2026,2025,4.488425110189522,3.151862464183381,220,33,80,1047,83.656843,1863.835108,high_coverage,provisional
13840802,Ölmanäs,Kungsbacka,Halland,2026,2025,1.560311097496835,1.669449081803005,219,20,58,1198,27.601994,1769.005812,high_coverage,provisional
13840803,Åsa Centrum,Kungsbacka,Halland,2026,2025,4.635150927674429,4.110738255033557,286,49,59,1192,93.904086,2025.912154,high_coverage,provisional
13840901,Gällinge/Idala/Förlanda,Kungsbacka,Halland,2026,2025,2.7159182538458904,3.105095541401274,212,39,56,1256,55.003295,2025.219092,high_coverage,provisional
13841201,Fjärås Norra,Kungsbacka,Halland,2026,2025,3.571251781868284,2.24475018102824,272,31,74,1381,94.841005,2655.679599,high_coverage,provisional
13841202,Fjärås/Må,Kungsbacka,Halland,2026,2025,5.9634130674233745,4.054982817869416,353,59,46,1455,151.350441,2537.983522,high_coverage,provisional
13841203,Fjärås Södra,Kungsbacka,Halland,2026,2025,3.0448237908315847,3.4729315628192032,154,34,38,979,51.829005,1702.200474,high_coverage,provisional
13841301,Hanhals,Kungsbacka,Halland,2026,2025,5.259826570536297,2.2222222222222223,136,19,41,855,84.786495,1611.9637,high_coverage,provisional
13841401,Forsbäck/Oskarsberg,Kungsbacka,Halland,2026,2025,3.9292856157935936,2.1210230817217717,233,34,54,1603,96.711188,2461.291885,high_coverage,provisional
13841402,Presse/Skällared,Kungsbacka,Halland,2026,2025,2.4930609752688473,1.295731707317073,225,17,54,1312,53.431147,2143.194552,high_coverage,provisional
13841403,Onsala Kyrka,Kungsbacka,Halland,2026,2025,3.2196898839664088,2.075019952114924,216,26,45,1253,65.923653,2047.515611,high_coverage,provisional
13841404,Onsala Rydet,Kungsbacka,Halland,2026,2025,2.078130713496188,1.9933554817275747,163,24,50,1204,40.53484,1950.543329,high_coverage,provisional
13841405,Gottskär,Kungsbacka,Halland,2026,2025,3.2555317271935476,1.8682399213372665,124,19,38,1017,51.990622,1596.993252,high_coverage,provisional
13841406,Vässingö/Röda Holme,Kungsbacka,Halland,2026,2025,2.3040366123496883,4.033771106941838,153,43,61,1066,37.47022,1626.285789,high_coverage,provisional
13841407,Onsala Västra,Kungsbacka,Halland,2026,2025,2.1558370180191786,2.5259067357512954,280,39,84,1544,52.930555,2455.22062,high_coverage,provisional
13841408,Kolla Norra,Kungsbacka,Halland,2026,2025,5.303676828244626,3.3003300330033003,203,30,34,909,51.328526,967.791358,high_coverage,provisional
13841409,Kolla Södra,Kungsbacka,Halland,2026,2025,5.54707462420543,2.335766423357664,134,16,21,685,108.439141,1954.888808,high_coverage,provisional
13841411,Onsala Södra,Kungsbacka,Halland,2026,2025,2.8258468255622238,2.3333333333333335,114,21,53,900,34.004129,1203.325272,high_coverage,provisional
13841412,Åsa kust,Kungsbacka,Halland,2026,2025,4.304336633532764,2.345415778251599,153,22,57,938,64.225269,1492.106089,high_coverage,provisional
14010101,Härryda,Härryda,Västra Götaland,2026,2025,4.802113412136663,5.6859205776173285,245,63,50,1108,95.421022,1987.063066,high_coverage,provisional
14010201,Backa-Eskilsby m.fl.,Härryda,Västra Götaland,2026,2025,5.001365250633358,4.845505617977528,300,69,87,1424,138.692071,2773.084229,high_coverage,provisional
14010202,Landvetter centrum V-Skårtorp m.fl.,Härryda,Västra Götaland,2026,2025,9.791079978304031,5.603112840466926,341,72,68,1285,208.662763,2131.151655,high_coverage,provisional
14010203,Landvetter centrum Ö-Snåkered m.fl.,Härryda,Västra Götaland,2026,2025,4.30369192325651,3.494837172359015,274,44,71,1259,65.866637,1530.468216,high_coverage,provisional
14010204,Önneröd-Salmered,Härryda,Västra Götaland,2026,2025,2.807987186996099,2.318840579710145,340,32,62,1380,62.000496,2208.004947,high_coverage,provisional
14010205,Tahult-Byvägen m.fl.,Härryda,Västra Götaland,2026,2025,4.158861599881442,2.264685067232838,330,32,61,1413,100.95952,2427.575854,high_coverage,provisional
14010301,Kindbogården-Solsten m.fl.,Härryda,Västra Götaland,2026,2025,5.3078432003797085,3.4338358458961475,287,41,100,1194,109.67804,2066.339111,high_coverage,provisional
14010302,Säteriet-Bråta m.fl.,Härryda,Västra Götaland,2026,2025,20.086540169104662,15.809167446211413,381,169,65,1069,447.84077,2229.55654,high_coverage,provisional
14010303,Mölnlycke centrum m.fl.,Härryda,Västra Götaland,2026,2025,6.133973137339899,5.63265306122449,297,69,100,1225,112.303173,1830.839009,high_coverage,provisional
14010304,Pixbo m.fl.,Härryda,Västra Götaland,2026,2025,3.9119383614214662,2.7110766847405112,294,35,131,1291,82.018926,2096.631348,high_coverage,provisional
14010305,Högadal-Övre Skogen m.fl.,Härryda,Västra Götaland,2026,2025,8.41637858533067,4.23634336677815,248,38,74,897,110.870963,1317.323857,high_coverage,provisional
14010306,Djupedalsäng m.fl.,Härryda,Västra Götaland,2026,2025,6.088147591232504,3.41726618705036,264,38,72,1112,91.679713,1505.872051,high_coverage,provisional
14010307,Nedre Skogen-Skinnefjäll m.fl.,Härryda,Västra Götaland,2026,2025,9.888176908264471,5.248868778280543,315,58,57,1105,171.241281,1731.778088,high_coverage,provisional
14010308,Orrekullen-Långetjärnshöjd,Härryda,Västra Götaland,2026,2025,3.629781250459056,2.0120724346076457,209,20,68,994,54.657535,1505.80796,high_coverage,provisional
14010309,Båtsmanstorpet m.fl.,Härryda,Västra Götaland,2026,2025,4.547770598209192,4.297520661157025,253,52,115,1210,87.00662,1913.170819,high_coverage,provisional
14010310,Nysäter-Benareby m.fl.,Härryda,Västra Götaland,2026,2025,4.37392602846006,3.336422613531047,191,36,82,1079,86.379972,1974.884153,high_coverage,provisional
14010311,Mölnlycke fabriker m.fl.,Härryda,Västra Götaland,2026,2025,8.148958001013144,6.993006993006993,166,50,36,715,120.778393,1482.132967,high_coverage,provisional
14010401,Älmhult-Bocköhalvön m.fl.,Härryda,Västra Götaland,2026,2025,3.4779299450323804,5.304518664047151,209,54,91,1018,59.213597,1702.552896,high_coverage,provisional
14010402,Rävlanda,Härryda,Västra Götaland,2026,2025,6.5095727747949175,6.127450980392157,317,75,53,1224,122.471806,1881.410812,high_coverage,provisional
14010403,Hällingsjö,Härryda,Västra Götaland,2026,2025,4.286130330290031,5.8118081180811805,259,63,76,1084,76.01091,1773.415742,high_coverage,provisional
14010404,Hindås centrum-Ingelse m.fl.,Härryda,Västra Götaland,2026,2025,4.79803953971442,5.565217391304348,264,64,82,1150,93.303659,1944.620469,high_coverage,provisional
14020101,Brattåskärr S–Fröjasten–Soldatängen,Partille,Västra Götaland,2026,2025,6.317635711267819,4.280442804428044,318,58,171,1355,146.237922,2314.757113,high_coverage,provisional
14020102,Oxled–Soldatheden,Partille,Västra Götaland,2026,2025,12.589790692379346,11.009174311926605,329,120,66,1090,166.747926,1324.469406,high_coverage,provisional
14020103,Kullegården S–Puketorp,Partille,Västra Götaland,2026,2025,6.361948564785239,3.490136570561457,313,46,134,1318,132.924305,2089.36466,high_coverage,provisional
14020104,Vallhamra C–Ljungkullen,Partille,Västra Götaland,2026,2025,14.541322153500323,10.571923743500866,364,122,53,1154,255.152006,1754.668546,high_coverage,provisional
14020105,Brattåskärr N–Sotenäs S,Partille,Västra Götaland,2026,2025,7.377286131558252,4.712041884816754,281,63,107,1337,190.701291,2584.978915,high_coverage,provisional
14020106,Bethala-Sotenäs N,Partille,Västra Götaland,2026,2025,7.543398501509995,3.40393343419062,274,45,98,1322,164.986809,2187.168144,high_coverage,provisional
14020107,Kullegården N-Finngösa,Partille,Västra Götaland,2026,2025,11.655805457949622,8.251900108577633,223,76,70,921,144.695693,1241.404496,high_coverage,provisional
14020108,Övre Björndammen-Björndammsterassen,Partille,Västra Götaland,2026,2025,17.35473707109986,10.773130544993663,268,85,49,789,380.521667,2192.609807,high_coverage,provisional
14020109,Östra Centrum-Brodalen-Lexby Ö,Partille,Västra Götaland,2026,2025,16.24759295519066,10.886075949367088,396,129,78,1185,300.688865,1850.667147,high_coverage,provisional
14020110,Oluf Nilssons väg,Partille,Västra Götaland,2026,2025,28.529410308529215,20.79701120797011,291,167,36,803,424.224379,1486.972126,high_coverage,provisional
14020111,Partille Centrum,Partille,Västra Götaland,2026,2025,24.51615917958696,13.793103448275861,229,92,20,667,353.993656,1443.919716,high_coverage,provisional
14020112,Mellby-Paradiset,Partille,Västra Götaland,2026,2025,14.825144143482241,6.729857819905213,279,71,95,1055,207.913741,1402.439929,high_coverage,provisional
14020113,Lexbydal-Lexby V-Kåhög,Partille,Västra Götaland,2026,2025,7.908742655515209,5.932203389830509,255,63,129,1062,148.973623,1883.657485,high_coverage,provisional
14020114,Jonsered-Uddared,Partille,Västra Götaland,2026,2025,7.336949687496904,11.231527093596059,296,114,148,1015,132.473453,1805.565782,high_coverage,provisional
14020115,Skulltorp-Kåbäcken,Partille,Västra Götaland,2026,2025,15.834840152798598,10.680628272251308,291,102,41,955,303.575823,1917.138538,high_coverage,provisional
14020116,Nedre Björndammen-Furuskog,Partille,Västra Götaland,2026,2025,23.469014275020413,9.766454352441613,281,92,64,942,618.478024,2635.296126,high_coverage,provisional
14020117,Furulund,Partille,Västra Götaland,2026,2025,6.953617269761189,4.6660567246111615,316,51,51,1093,140.505656,2020.612446,high_coverage,provisional
14020118,Timmerslätt,Partille,Västra Götaland,2026,2025,7.268096030828284,6.979405034324943,265,61,51,874,51.749348,712.006938,high_coverage,provisional
14020119,Björndammens Torg-Stenliden,Partille,Västra Götaland,2026,2025,17.022452975368914,14.001986097318769,321,141,34,1007,322.45587,1894.297317,high_coverage,provisional
14020120,Hålsjöområdet-Öjersjö S,Partille,Västra Götaland,2026,2025,5.0178124003100795,1.8650088809946714,200,21,70,1126,125.852017,2508.105265,high_coverage,provisional
14020121,Kåsjöområdet-Öjersjö N,Partille,Västra Götaland,2026,2025,6.008763942124311,2.6957637997432604,297,42,95,1558,163.443586,2720.086653,high_coverage,provisional
14020122,Öjersjö Ö,Partille,Västra Götaland,2026,2025,6.518696751017988,4.953820319059614,287,59,64,1191,77.647181,1191.145776,high_coverage,provisional
14070101,"Björkö, Grötö och Kalvsund",Öckerö,Västra Götaland,2026,2025,2.699525330519229,3.90279823269514,370,53,113,1358,56.71609,2100.965283,high_coverage,provisional
14070105,"Hyppeln, Hälsö, Knippla och Rörö",Öckerö,Västra Götaland,2026,2025,2.2724629762706123,3.002070393374741,212,29,52,966,29.230028,1286.270813,high_coverage,provisional
14070106,Hönö Nordväst,Öckerö,Västra Götaland,2026,2025,3.5731296583970438,2.8665028665028665,240,35,49,1221,72.257804,2022.255303,high_coverage,provisional
14070107,Hönö Nordost,Öckerö,Västra Götaland,2026,2025,2.0682225119024835,3.3191489361702127,305,39,52,1175,31.421053,1519.229813,high_coverage,provisional
14070110,Öckerö Norra,Öckerö,Västra Götaland,2026,2025,2.9354437556477864,2.5732031943212066,220,29,43,1127,45.536671,1551.270431,high_coverage,provisional
14070111,Öckerö Södra,Öckerö,Västra Götaland,2026,2025,3.0642007922941374,3.0493273542600896,218,34,64,1115,60.039543,1959.386707,high_coverage,provisional
14070112,Fotö och Hönö Södra,Öckerö,Västra Götaland,2026,2025,2.755020122661353,2.67538644470868,287,45,95,1682,66.798807,2424.621383,high_coverage,provisional
14150101,Spekeröd,Stenungsund,Västra Götaland,2026,2025,1.7489767395475513,4.112808460634548,123,35,40,851,22.308793,1275.534002,high_coverage,provisional
14150201,Stenungestrand-Stenungsön-S Askerön,Stenungsund,Västra Götaland,2026,2025,6.856071567704366,5.533904910366329,339,71,52,1283,134.996101,1969.000756,high_coverage,provisional
14150202,Doterödsvägen-Nyborg,Stenungsund,Västra Götaland,2026,2025,5.666281820011308,4.838709677419355,263,45,38,930,89.233414,1574.814258,high_coverage,provisional
14150203,Brudhammar-Kopper-Kristinedal,Stenungsund,Västra Götaland,2026,2025,7.799356744131759,6.521739130434782,291,63,35,966,131.671777,1688.238932,high_coverage,provisional
14150204,Hasselbacken-Uppegårdsvägen,Stenungsund,Västra Götaland,2026,2025,30.079803391845306,21.46067415730337,272,191,27,890,596.922311,1984.462143,high_coverage,provisional
14150205,Ekbacken-Hällebäck-Högenorum,Stenungsund,Västra Götaland,2026,2025,4.263490772441529,3.4170854271356785,301,34,49,995,70.960102,1664.366262,high_coverage,provisional
14150206,Kyrkenorum,Stenungsund,Västra Götaland,2026,2025,3.621043635864066,2.6582278481012658,231,21,31,790,47.001248,1298.002806,high_coverage,provisional
14150207,Hallerna-Strandkärr,Stenungsund,Västra Götaland,2026,2025,3.5455179499232083,3.476669716376944,262,38,45,1093,65.059075,1834.966736,high_coverage,provisional
14150208,Strandnorum-Kåkenäs,Stenungsund,Västra Götaland,2026,2025,2.636917779289688,1.9586507072905333,172,18,32,919,38.965111,1477.676373,high_coverage,provisional
14150209,Kvarnberget-Solgårdsterassen,Stenungsund,Västra Götaland,2026,2025,10.556911666974088,5.383022774327122,260,52,44,966,159.111825,1507.181551,high_coverage,provisional
14150301,Näs-Apleröd-Stripplekärr,Stenungsund,Västra Götaland,2026,2025,2.4894232639486895,4.065040650406504,220,40,70,984,36.757992,1476.566582,high_coverage,provisional
14150302,Berg-Käderöd-Hällesdalen,Stenungsund,Västra Götaland,2026,2025,2.3267986758521295,5.231984205330701,234,53,51,1013,38.398912,1650.289404,high_coverage,provisional
14150401,Svenshögen-Ucklum,Stenungsund,Västra Götaland,2026,2025,3.000882335930787,5.483870967741935,247,68,64,1240,64.922158,2163.435641,high_coverage,provisional
14150501,Getskär-Valeberget,Stenungsund,Västra Götaland,2026,2025,1.9890602188709088,2.857142857142857,281,37,74,1295,39.999914,2010.995626,high_coverage,provisional
14150502,Anrås-VästraTorp-Saxeröd,Stenungsund,Västra Götaland,2026,2025,1.686974435076346,3.0720338983050848,225,29,56,944,26.461054,1568.550978,high_coverage,provisional
14150503,Källsby-Sävelycke-Timmervik,Stenungsund,Västra Götaland,2026,2025,3.671740429695461,4.524886877828054,275,50,70,1105,58.490626,1592.994579,high_coverage,provisional
14150504,Gilltorp-Rämma-Högen,Stenungsund,Västra Götaland,2026,2025,2.70584347445183,3.9001560062402496,126,25,37,641,30.9481,1143.750564,high_coverage,provisional
14190101,Myggenäs,Tjörn,Västra Götaland,2026,2025,2.489374973002141,3.1,212,31,36,1000,35.436643,1423.515677,high_coverage,provisional
14190102,Valla,Tjörn,Västra Götaland,2026,2025,3.040700765825266,3.8810900082576385,281,47,85,1211,62.265057,2047.720634,high_coverage,provisional
14190103,Höviksnäs-Hakenäset,Tjörn,Västra Götaland,2026,2025,4.425204158680745,5.571847507331379,375,76,78,1364,82.298329,1859.763438,high_coverage,provisional
14190201,Södra Skärhamn,Tjörn,Västra Götaland,2026,2025,4.702863804971977,2.295332823259373,248,30,45,1307,83.921871,1784.484401,high_coverage,provisional
14190202,Norra Skärhamn,Tjörn,Västra Götaland,2026,2025,5.2717771779005895,3.266787658802178,234,36,66,1102,78.946906,1497.538749,high_coverage,provisional
14190203,Bleket-Klädesholmen,Tjörn,Västra Götaland,2026,2025,2.953427836911593,1.7777777777777777,158,16,56,900,33.456443,1132.800422,high_coverage,provisional
14190204,Kållekärr,Tjörn,Västra Götaland,2026,2025,8.022743042792246,5.597964376590331,197,44,31,786,112.840778,1406.511182,high_coverage,provisional
14190205,Stenkyrka,Tjörn,Västra Götaland,2026,2025,2.4604461542323564,2.998065764023211,216,31,69,1034,41.166557,1673.133831,high_coverage,provisional
14190303,Rönnäng,Tjörn,Västra Götaland,2026,2025,3.0158731491559276,2.3640661938534278,216,30,39,1269,57.000016,1890.000447,high_coverage,provisional
14190501,Klövedal,Tjörn,Västra Götaland,2026,2025,2.3744993312534177,4.448742746615087,281,46,66,1034,30.667397,1291.531086,high_coverage,provisional
14210101,Orust västra,Orust,Västra Götaland,2026,2025,0.5645038930386617,3.1323414252153485,302,40,68,1277,9.388151,1663.079939,high_coverage,provisional
14210201,Henån södra,Orust,Västra Götaland,2026,2025,5.070129562227415,4.674610449129239,297,51,58,1091,93.35963,1841.365765,high_coverage,provisional
14210202,Henån norra,Orust,Västra Götaland,2026,2025,6.8137802311490345,3.3307513555383426,365,43,70,1291,136.842514,2008.320042,high_coverage,provisional
14210301,Varekil,Orust,Västra Götaland,2026,2025,2.409810643840309,2.908805031446541,281,37,63,1272,46.929549,1947.437203,high_coverage,provisional
14210401,Svanesund norra,Orust,Västra Götaland,2026,2025,2.419031625920143,3.6870503597122304,238,41,68,1112,44.020604,1819.761409,high_coverage,provisional
14210402,Svanesund centrum,Orust,Västra Götaland,2026,2025,4.361404538350774,4.357298474945534,350,60,76,1377,90.502832,2075.084556,high_coverage,provisional
14210601,Orust nordöstra,Orust,Västra Götaland,2026,2025,2.3406204442374077,6.273062730627307,307,85,181,1355,47.605976,2033.904135,high_coverage,provisional
14211001,Ellös,Orust,Västra Götaland,2026,2025,3.785588756497345,3.5476718403547673,347,48,61,1353,74.350722,1964.046461,high_coverage,provisional
14270104,Kungshamn södra,Sotenäs,Västra Götaland,2026,2025,4.341932197803925,2.0811654526534857,240,20,29,961,64.000103,1474.000516,high_coverage,provisional
14270109,Kungshamn Norra-Hovenäset,Sotenäs,Västra Götaland,2026,2025,7.871191784223392,5.097613882863341,270,47,26,922,125.356077,1592.593351,high_coverage,provisional
14270306,Askum-Väjern-Malmön,Sotenäs,Västra Götaland,2026,2025,4.6275035245844665,3.076923076923077,234,32,48,1040,77.657679,1678.17655,high_coverage,provisional
14270401,Smögen,Sotenäs,Västra Götaland,2026,2025,2.931855150491655,1.9517795637198623,164,17,18,871,37.000021,1262.000307,high_coverage,provisional
14270507,Hunnebostrand,Sotenäs,Västra Götaland,2026,2025,5.013361755328062,3.9401103230890464,340,50,45,1269,94.344964,1881.870262,high_coverage,provisional
14270508,Bovallstrand-Tossene,Sotenäs,Västra Götaland,2026,2025,3.5514334104758722,3.5573122529644268,162,27,70,759,40.641136,1144.358666,high_coverage,provisional
14300101,Munkedal 1-Söder-Håby-Tungenäset,Munkedal,Västra Götaland,2026,2025,4.424941376675428,3.112033195020747,208,30,51,964,88.324656,1996.063868,high_coverage,provisional
14300102,Munkedal 2-Väster-Centrum,Munkedal,Västra Götaland,2026,2025,10.377417540883465,5.434782608695652,421,65,32,1196,215.551629,2077.12206,high_coverage,provisional
14300103,Munkedal 3-Öster-Valbo Ryr,Munkedal,Västra Götaland,2026,2025,2.9082449605322895,4.611443210930829,334,54,57,1171,56.123715,1929.813883,high_coverage,provisional
14300505,Dingle-Bärfendal,Munkedal,Västra Götaland,2026,2025,5.5918657505370195,5.748502994011976,195,48,44,835,76.999992,1377.000011,high_coverage,provisional
14300506,Hällevadsholm-Svarteborg,Munkedal,Västra Götaland,2026,2025,2.7341080186173516,3.080568720379147,176,26,14,844,39.999999,1462.999952,high_coverage,provisional
14300808,Sörbygden,Munkedal,Västra Götaland,2026,2025,2.0935101606582744,3.1070195627157653,129,27,38,869,30.000001,1433.000019,high_coverage,provisional
14350203,Tanumshede,Tanum,Västra Götaland,2026,2025,14.384471617727288,4.970178926441352,285,50,26,1006,298.927121,2078.12375,high_coverage,provisional
14350204,Grebbestad norra,Tanum,Västra Götaland,2026,2025,3.6650344276324276,2.710843373493976,199,27,44,996,56.517557,1542.074382,high_coverage,provisional
14350205,Grebbestad södra,Tanum,Västra Götaland,2026,2025,3.5103792355558787,3.2679738562091503,210,30,56,918,45.791775,1304.468034,high_coverage,provisional
14350301,Tanumshede-Lur,Tanum,Västra Götaland,2026,2025,6.485241979167568,4.715127701375246,230,48,47,1018,108.806866,1677.761082,high_coverage,provisional
14350401,Bullaren,Tanum,Västra Götaland,2026,2025,1.536406206177666,3.1446540880503147,155,30,29,954,23.0,1496.999941,high_coverage,provisional
14350601,Hamburgsund,Tanum,Västra Götaland,2026,2025,1.6330983219188357,5.886792452830188,322,78,159,1325,30.000023,1837.000418,high_coverage,provisional
14350603,Kville-Rabbalshede,Tanum,Västra Götaland,2026,2025,1.4375003592187618,3.5339063992359123,210,37,45,1047,23.000005,1599.999948,high_coverage,provisional
14350701,Fjällbacka,Tanum,Västra Götaland,2026,2025,4.822615986335265,2.857142857142857,197,23,37,805,54.956117,1139.549928,high_coverage,provisional
14380101,Dals-Ed Nord,Dals-Ed,Västra Götaland,2026,2025,4.632480293859458,4.225352112676056,181,33,21,781,61.620217,1330.177639,high_coverage,provisional
14380102,Dals-Ed Syd,Dals-Ed,Västra Götaland,2026,2025,2.2759984141889658,1.3824884792626728,88,9,13,651,31.979665,1405.082921,high_coverage,provisional
14380103,Dals-Ed Centrum,Dals-Ed,Västra Götaland,2026,2025,4.867327277448365,2.9357798165137616,260,32,17,1090,89.400119,1836.739424,high_coverage,provisional
14390101,Färgelanda,Färgelanda,Västra Götaland,2026,2025,5.869942168845889,4.402054292002934,360,60,29,1363,124.925863,2128.229877,high_coverage,provisional
14390205,Ödeborg-Stigen,Färgelanda,Västra Götaland,2026,2025,4.33396913296193,3.9420756234915526,283,49,31,1243,96.074136,2216.770195,high_coverage,provisional
14390811,Högsäter och norra kommundelen,Färgelanda,Västra Götaland,2026,2025,3.2887974579192503,1.9559902200488997,189,24,21,1227,63.855302,1941.600321,high_coverage,provisional
14400101,Nödinge södra,Ale,Västra Götaland,2026,2025,7.18887384670067,5.924739791833467,413,74,44,1249,153.571908,2136.244303,high_coverage,provisional
14400102,Nödinge östra,Ale,Västra Götaland,2026,2025,14.533506643986943,7.596153846153846,284,79,52,1040,340.107539,2340.161582,high_coverage,provisional
14400103,Surte norra,Ale,Västra Götaland,2026,2025,12.77701102484355,11.016949152542374,286,104,45,944,215.95635,1690.194597,high_coverage,provisional
14400104,Surte södra,Ale,Västra Götaland,2026,2025,14.167782153565382,12.25596529284165,270,113,39,922,240.003101,1694.00615,high_coverage,provisional
14400105,Bohus södra,Ale,Västra Götaland,2026,2025,12.41571702925803,11.645101663585953,332,126,47,1082,240.395985,1936.223131,high_coverage,provisional
14400106,Bohus norra,Ale,Västra Götaland,2026,2025,12.585236381368984,12.99638989169675,250,108,45,831,182.726908,1451.914787,high_coverage,provisional
14400107,Nödinge centrum,Ale,Västra Götaland,2026,2025,28.708681501143744,22.07547169811321,383,234,31,1060,495.800015,1727.003781,high_coverage,provisional
14400210,Skepplanda norra - Hålanda,Ale,Västra Götaland,2026,2025,2.3458811098163688,3.9487726787620065,188,37,40,937,31.986387,1363.512706,high_coverage,provisional
14400311,Skepplanda östra,Ale,Västra Götaland,2026,2025,5.291230259599792,5.751533742331288,356,75,51,1304,87.970381,1662.56951,high_coverage,provisional
14400312,Skepplanda västra,Ale,Västra Götaland,2026,2025,5.853902832110354,6.790697674418604,219,73,43,1075,131.649213,2248.913533,high_coverage,provisional
14400414,Starrkärr,Ale,Västra Götaland,2026,2025,1.926504169447587,4.1118421052631575,197,50,64,1216,35.439609,1839.581225,high_coverage,provisional
14400515,Älvängen centrum,Ale,Västra Götaland,2026,2025,6.744767666850476,4.356243949661181,295,45,40,1033,104.404402,1547.931777,high_coverage,provisional
14400516,Älvängen södra,Ale,Västra Götaland,2026,2025,6.204589238367115,6.302916274694262,252,67,59,1063,146.163823,2355.7373,high_coverage,provisional
14400517,Älvängen norra,Ale,Västra Götaland,2026,2025,6.6596646355236535,6.175771971496437,243,52,34,842,97.181404,1459.253721,high_coverage,provisional
14400518,Nol norra,Ale,Västra Götaland,2026,2025,12.833988906667308,12.347826086956522,333,142,46,1150,254.211934,1980.771028,high_coverage,provisional
14400519,Nol södra,Ale,Västra Götaland,2026,2025,7.986047738120695,6.279287722586692,374,67,35,1067,140.739521,1762.317552,high_coverage,provisional
14400521,Älvängen östra,Ale,Västra Götaland,2026,2025,6.44469776353817,6.476190476190476,311,68,41,1050,79.024351,1226.19173,high_coverage,provisional
14400622,Alafors västra,Ale,Västra Götaland,2026,2025,5.62440787244065,9.55497382198953,247,73,35,764,46.33129,823.754092,high_coverage,provisional
14400623,Alafors östra,Ale,Västra Götaland,2026,2025,5.387607977744489,7.413249211356467,181,47,34,634,73.152888,1357.799014,high_coverage,provisional
14410101,Västra Hulan - Bråta,Lerum,Västra Götaland,2026,2025,7.12250166183641,7.314725697786333,268,76,91,1039,124.999887,1754.999759,high_coverage,provisional
14410102,Östra Hulan - Öxeryd,Lerum,Västra Götaland,2026,2025,5.073224186662156,6.098654708520179,295,68,73,1115,87.794372,1730.543906,high_coverage,provisional
14410103,Rydsberg - Almekärr,Lerum,Västra Götaland,2026,2025,4.492087829238592,4.556354916067146,287,57,98,1251,87.99985,1958.996648,high_coverage,provisional
14410104,Ljungsbacken - Stamsjön,Lerum,Västra Götaland,2026,2025,2.841290850665818,1.4473684210526316,282,22,112,1520,64.557157,2272.106602,high_coverage,provisional
14410105,Södra Lerum - Slätthult,Lerum,Västra Götaland,2026,2025,3.6754927243348794,3.860294117647059,205,42,106,1088,67.529858,1837.300821,high_coverage,provisional
14410106,Centrala Lerum,Lerum,Västra Götaland,2026,2025,7.0389987692351434,5.593607305936073,252,49,52,876,92.000076,1307.005144,high_coverage,provisional
14410107,Norra Aspenäs - Axåsen,Lerum,Västra Götaland,2026,2025,3.0053041976397683,3.641207815275311,186,41,119,1126,50.999993,1696.99936,high_coverage,provisional
14410108,Södra Aspenäs - Torpadal,Lerum,Västra Götaland,2026,2025,3.2729926765763446,2.615844544095665,238,35,112,1338,67.817075,2072.020371,high_coverage,provisional
14410109,Södra Hallsås,Lerum,Västra Götaland,2026,2025,4.681747793918678,3.4482758620689653,344,44,109,1276,88.999822,1900.995652,high_coverage,provisional
14410110,Norra Hallsås - Höjden,Lerum,Västra Götaland,2026,2025,5.274602276186237,5.39568345323741,339,75,85,1390,137.411501,2605.153788,high_coverage,provisional
14410111,Stenkullen - Hedefors,Lerum,Västra Götaland,2026,2025,5.342465015708778,6.153846153846154,309,76,101,1235,102.001673,1909.262348,high_coverage,provisional
14410212,Uddared - Oryd,Lerum,Västra Götaland,2026,2025,3.416334597884721,4.855275443510737,311,52,128,1071,49.001044,1434.3163,high_coverage,provisional
14410213,Centrala Floda - Nordåsen,Lerum,Västra Götaland,2026,2025,5.7908815818348796,6.706281833616298,281,79,92,1178,107.99972,1864.996175,high_coverage,provisional
14410214,Drängsered - Hästhagen,Lerum,Västra Götaland,2026,2025,5.671007489004036,8.319327731092438,277,99,132,1190,109.673909,1933.940472,high_coverage,provisional
14410215,Hyltorna - Öjared,Lerum,Västra Götaland,2026,2025,4.197321348330309,5.657093124456049,278,65,97,1149,78.42499,1868.453318,high_coverage,provisional
14410216,Berghult - Ryggebol,Lerum,Västra Götaland,2026,2025,4.554430733177217,6.153846153846154,204,64,60,1040,73.012152,1603.101601,high_coverage,provisional
14410217,Kyrkmossen - Lindskogen,Lerum,Västra Götaland,2026,2025,5.519900911564858,4.148471615720524,193,38,62,916,71.561462,1296.426569,high_coverage,provisional
14410218,Tollered - Norsesund,Lerum,Västra Götaland,2026,2025,4.192814848595447,7.953340402969247,210,75,167,943,60.66233,1446.816332,high_coverage,provisional
14410319,Olstorp,Lerum,Västra Götaland,2026,2025,5.335265413903881,5.908683974932856,270,66,61,1117,107.22965,2009.827847,high_coverage,provisional
14410320,Stannum - Ljungvik,Lerum,Västra Götaland,2026,2025,4.779723380929615,7.083825265643448,219,60,40,847,65.055682,1361.076297,high_coverage,provisional
14410321,Aggetorp - Björboholm,Lerum,Västra Götaland,2026,2025,6.24488069305999,7.442596991290578,255,94,84,1263,115.423108,1848.283637,high_coverage,provisional
14410322,Centrala Gråbo,Lerum,Västra Götaland,2026,2025,11.102486050915275,9.795570698466781,335,115,45,1174,239.522683,2157.378824,high_coverage,provisional
14410323,Brattås - Hjällsnäs,Lerum,Västra Götaland,2026,2025,6.5514049982374525,6.4696485623003195,343,81,72,1252,152.911001,2334.018444,high_coverage,provisional
14410424,Sjövik,Lerum,Västra Götaland,2026,2025,9.140857177710767,8.378088077336198,240,78,62,931,142.410194,1557.952293,high_coverage,provisional
14420101,Lena-Bergstena-Fullestad,Vårgårda,Västra Götaland,2026,2025,1.4987511946604153,2.1352313167259784,202,24,50,1124,26.870713,1792.8735,high_coverage,provisional
14420402,Siene-Hol-Horla,Vårgårda,Västra Götaland,2026,2025,2.463119245575853,3.2132424537487827,154,33,55,1027,39.388156,1599.116895,high_coverage,provisional
14420703,Nårunga-Ornunga m.fl.,Vårgårda,Västra Götaland,2026,2025,1.5109890878497525,3.1553398058252426,231,39,83,1236,27.13885,1796.098345,high_coverage,provisional
14421305,Algutstorp-Landa,Vårgårda,Västra Götaland,2026,2025,6.801019190122053,4.021739130434782,273,37,46,920,104.860027,1541.82813,high_coverage,provisional
14421407,Vårgårda N,Vårgårda,Västra Götaland,2026,2025,5.280866640483745,3.484688489968321,226,33,39,947,72.839592,1379.311332,high_coverage,provisional
14421408,Vårgårda V,Vårgårda,Västra Götaland,2026,2025,11.683944812410628,3.067484662576687,247,25,38,815,178.292532,1525.961778,high_coverage,provisional
14421409,Vårgårda Centrum,Vårgårda,Västra Götaland,2026,2025,19.545962562912344,15.252416756176155,299,142,35,931,338.261374,1730.594607,high_coverage,provisional
14421410,Vårgårda Centrum Ö,Vårgårda,Västra Götaland,2026,2025,25.12342688994708,9.67741935483871,232,69,28,713,278.344123,1107.906673,high_coverage,provisional
14430201,Olsfors,Bollebygd,Västra Götaland,2026,2025,5.320400117341568,5.025125628140704,266,50,48,995,86.066365,1617.667151,high_coverage,provisional
14430202,Bollebygd Väst,Bollebygd,Västra Götaland,2026,2025,3.1130818979997525,3.9016115351993212,215,46,93,1179,71.633542,2301.049068,high_coverage,provisional
14430203,Bollebygd Syd,Bollebygd,Västra Götaland,2026,2025,5.563686993797812,3.7545787545787546,255,41,44,1092,106.975255,1922.740354,high_coverage,provisional
14430204,Bollebygd Öst,Bollebygd,Västra Götaland,2026,2025,3.591096289093979,2.224199288256228,278,25,53,1124,58.669311,1633.743745,high_coverage,provisional
14430205,Töllsjö,Bollebygd,Västra Götaland,2026,2025,2.131734945170933,4.794520547945205,179,42,31,876,29.409557,1379.606647,high_coverage,provisional
14430206,Bollebygd Centrum,Bollebygd,Västra Götaland,2026,2025,6.698936016146096,4.57516339869281,240,35,30,765,62.245947,929.191544,high_coverage,provisional
14440404,Grästorps Landsbygd,Grästorp,Västra Götaland,2026,2025,1.652988802152327,3.141361256544503,184,36,43,1146,37.268068,2254.58684,high_coverage,provisional
14440503,Grästorps Norra,Grästorp,Västra Götaland,2026,2025,5.3360961293177045,2.5,263,24,27,960,100.070219,1875.345132,high_coverage,provisional
14440906,Grästorps Södra,Grästorp,Västra Götaland,2026,2025,2.3591212622297344,2.8292682926829267,246,29,32,1025,34.657705,1469.093834,high_coverage,provisional
14450101,Bredöl,Essunga,Västra Götaland,2026,2025,2.6965519551838257,3.347732181425486,212,31,27,926,51.635212,1914.860639,high_coverage,provisional
14450403,Nossebro,Essunga,Västra Götaland,2026,2025,7.399378215879391,5.336426914153132,370,69,44,1293,139.4906,1885.166509,high_coverage,provisional
14450606,Jonslund,Essunga,Västra Götaland,2026,2025,2.0937826264697224,2.9107981220657275,178,31,43,1065,36.929072,1763.749089,high_coverage,provisional
14460101,Karlsborg centrum-södra,Karlsborg,Västra Götaland,2026,2025,6.663669868435522,4.857997010463378,295,65,36,1338,133.194316,1998.813246,high_coverage,provisional
14460108,Karlsborg norra,Karlsborg,Västra Götaland,2026,2025,3.878572954487937,3.2996632996632997,430,49,32,1485,86.501412,2230.238106,high_coverage,provisional
14460304,Mölltorp - Brevik,Karlsborg,Västra Götaland,2026,2025,3.6371695107289863,3.6525974025974026,308,45,41,1232,66.90399,1839.452074,high_coverage,provisional
14460405,Undenäs - Forsvik,Karlsborg,Västra Götaland,2026,2025,1.7837294724830761,3.692762186115214,174,25,34,677,17.400397,975.506503,high_coverage,provisional
14470101,Amnehärads Norra,Gullspång,Västra Götaland,2026,2025,9.987091489333979,6.972477064220183,382,76,37,1090,195.300726,1955.53156,high_coverage,provisional
14470102,Amnehärads Södra,Gullspång,Västra Götaland,2026,2025,5.054578992202,3.885135135135135,197,23,13,592,48.699272,963.468413,high_coverage,provisional
14470203,Hova,Gullspång,Västra Götaland,2026,2025,5.681973734312633,4.965753424657534,275,58,43,1168,114.998724,2023.922133,high_coverage,provisional
14520104,Tranemo Östra,Tranemo,Västra Götaland,2026,2025,8.977629569927698,7.827616534740545,311,89,34,1137,194.558364,2167.146266,high_coverage,provisional
14520108,Tranemo Västra,Tranemo,Västra Götaland,2026,2025,6.128712569958282,7.572815533980583,305,78,75,1030,121.653104,1984.969969,high_coverage,provisional
14520201,Ambjörnarp-Sjötofta,Tranemo,Västra Götaland,2026,2025,12.08586501321877,7.699037620297463,321,88,38,1143,244.591369,2023.780414,high_coverage,provisional
14520409,Grimsås,Tranemo,Västra Götaland,2026,2025,4.246235960316303,2.761795166858458,218,24,22,869,54.930651,1293.631619,high_coverage,provisional
14520505,Limmared,Tranemo,Västra Götaland,2026,2025,13.987521697152124,9.82961992136304,276,75,15,763,171.585757,1226.705922,high_coverage,provisional
14520606,Länghem,Tranemo,Västra Götaland,2026,2025,2.067606173934662,2.4096385542168677,228,28,33,1162,37.215159,1799.915258,high_coverage,provisional
14521012,Dalstorp,Tranemo,Västra Götaland,2026,2025,3.719015141215311,3.32541567695962,234,28,25,842,51.466321,1383.869628,high_coverage,provisional
14600101,Nordvästra,Bengtsfors,Västra Götaland,2026,2025,14.902934343752596,7.18232044198895,289,78,28,1086,320.700235,2151.926779,high_coverage,provisional
14600102,Norra,Bengtsfors,Västra Götaland,2026,2025,4.301286453499857,2.9490616621983916,375,33,36,1119,85.711127,1992.685861,high_coverage,provisional
14600613,Nordöstra,Bengtsfors,Västra Götaland,2026,2025,7.710693092364903,4.632768361581921,273,41,21,885,137.588639,1784.387439,high_coverage,provisional
14600616,Sydöstra,Bengtsfors,Västra Götaland,2026,2025,6.098206195777097,10.948081264108351,260,97,89,886,101.669977,1667.211205,high_coverage,provisional
14600919,Sydvästra,Bengtsfors,Västra Götaland,2026,2025,1.942117362623941,4.562268803945746,174,37,21,811,26.47472,1363.188472,high_coverage,provisional
14610101,Fagerlid/Järn,Mellerud,Västra Götaland,2026,2025,7.4013889271011974,3.9158810732414793,334,54,29,1379,157.497865,2127.950126,high_coverage,provisional
14610105,Mellerud/Holm,Mellerud,Västra Götaland,2026,2025,20.053608412069476,8.291636883488206,389,116,33,1399,548.084831,2733.098302,high_coverage,provisional
14610309,Bolstad,Mellerud,Västra Götaland,2026,2025,1.2549537890355493,2.225130890052356,108,17,17,764,14.778353,1177.601369,high_coverage,provisional
14610714,Rostock/Dalskog/Ör,Mellerud,Västra Götaland,2026,2025,1.5455952381179927,3.4453781512605044,240,41,61,1190,30.000003,1940.999963,high_coverage,provisional
14610918,Skållerud,Mellerud,Västra Götaland,2026,2025,4.300341071875575,3.3823529411764706,186,23,35,680,45.63782,1061.260473,high_coverage,provisional
14620101,Göta,Lilla Edet,Västra Götaland,2026,2025,9.705939274782812,7.6923076923076925,240,75,24,975,193.739883,1996.096179,high_coverage,provisional
14620102,Lilla Edet Södra,Lilla Edet,Västra Götaland,2026,2025,10.585185662373833,9.770114942528735,246,85,11,870,203.992563,1927.151488,high_coverage,provisional
14620103,Lilla Edet Norra,Lilla Edet,Västra Götaland,2026,2025,13.314521639657677,10.935856992639327,309,104,17,951,230.736896,1732.97173,high_coverage,provisional
14620305,Lödöse,Lilla Edet,Västra Götaland,2026,2025,8.15349275268073,8.420056764427626,299,89,39,1057,155.270691,1904.345729,high_coverage,provisional
14620506,Nygård,Lilla Edet,Västra Götaland,2026,2025,2.7737212197335808,4.073714839961203,266,42,28,1031,49.11977,1770.89787,high_coverage,provisional
14620608,Västerlanda,Lilla Edet,Västra Götaland,2026,2025,3.4918522883570513,5.122950819672131,176,50,44,976,75.000971,2147.884985,high_coverage,provisional
14620712,Hjärtum,Lilla Edet,Västra Götaland,2026,2025,2.4232179903044626,4.121863799283154,275,46,66,1116,46.291025,1910.312039,high_coverage,provisional
14620713,Ström,Lilla Edet,Västra Götaland,2026,2025,6.48659831434087,5.889423076923077,243,49,10,832,66.025921,1017.882067,high_coverage,provisional
14630101,Kinna centrum,Mark,Västra Götaland,2026,2025,8.374694030740075,5.942622950819672,313,58,38,976,134.999877,1611.997722,high_coverage,provisional
14630102,Kinna-Näs-Vallås,Mark,Västra Götaland,2026,2025,5.538153268524303,5.2453468697123515,378,62,25,1182,105.521706,1905.359077,high_coverage,provisional
14630103,Kinna-Rydal-Kinnaström,Mark,Västra Götaland,2026,2025,2.1575831762301982,4.312354312354312,266,37,43,858,25.805448,1196.03491,high_coverage,provisional
14630104,Kinna-Marieberg-Kinnahult,Mark,Västra Götaland,2026,2025,5.258695662903037,4.175152749490835,288,41,45,982,85.538837,1626.616988,high_coverage,provisional
14630105,Kinna-Aspäng,Mark,Västra Götaland,2026,2025,16.83981594130749,9.578107183580387,344,84,35,877,285.399378,1694.789177,high_coverage,provisional
14630307,Skene-Sandvallsäng,Mark,Västra Götaland,2026,2025,7.091767380409024,7.672955974842767,242,61,40,795,99.089126,1397.241628,high_coverage,provisional
14630308,Skene-Hedbo,Mark,Västra Götaland,2026,2025,13.927221218053825,11.23110151187905,429,104,24,926,182.094155,1307.469395,high_coverage,provisional
14630309,Örby-Krok-Brättingstorp,Mark,Västra Götaland,2026,2025,2.184358937343081,3.4129692832764507,278,40,51,1172,39.79909,1822.003212,high_coverage,provisional
14630328,Skene-Assberg,Mark,Västra Götaland,2026,2025,13.19575340588843,13.349814585908529,240,108,22,809,254.886128,1931.576926,high_coverage,provisional
14630329,Örby centrum,Mark,Västra Götaland,2026,2025,2.5810781825318423,3.896103896103896,355,45,44,1155,43.522923,1686.230324,high_coverage,provisional
14630411,Ubbhult-Sätila,Mark,Västra Götaland,2026,2025,3.1081892477443778,2.7053140096618358,229,28,57,1035,52.00001,1673.000125,high_coverage,provisional
14630513,Hyssna,Mark,Västra Götaland,2026,2025,2.223860690544947,3.94842868654311,254,49,60,1241,42.847769,1926.729007,high_coverage,provisional
14630615,Fritsla,Mark,Västra Götaland,2026,2025,8.127672518249412,11.404561824729893,235,95,35,833,123.980202,1525.408433,high_coverage,provisional
14630716,Skephult-Fritsla,Mark,Västra Götaland,2026,2025,2.1016495941610343,6.642512077294686,237,55,46,828,27.049279,1287.0499,high_coverage,provisional
14630918,Berghem-Hajom,Mark,Västra Götaland,2026,2025,1.5803813979651435,3.913491246138002,200,38,49,971,22.567835,1427.999281,high_coverage,provisional
14631019,Fotskäl-Tostared-Björketorp,Mark,Västra Götaland,2026,2025,2.2890607472621753,3.1687546057479734,244,43,57,1357,48.993864,2140.347916,high_coverage,provisional
14631626,Torestorp-Öxabäck-Älekulla,Mark,Västra Götaland,2026,2025,1.5341702850414352,3.106508875739645,313,42,39,1352,33.000003,2151.000011,high_coverage,provisional
14631701,Sätila V,Mark,Västra Götaland,2026,2025,2.3622737889721255,4.645161290322581,166,36,38,775,36.386161,1540.302448,high_coverage,provisional
14631702,Sätila Ö,Mark,Västra Götaland,2026,2025,2.181420154047791,4.153686396677051,229,40,59,963,24.011585,1100.731785,high_coverage,provisional
14631703,Horred-Öxnevalla,Mark,Västra Götaland,2026,2025,2.742759078622985,4.119850187265918,190,33,27,801,34.259698,1249.096148,high_coverage,provisional
14631704,Horred-Istorp,Mark,Västra Götaland,2026,2025,2.9163841249295013,5.925925925925926,174,48,30,810,41.801352,1433.32806,high_coverage,provisional
14631705,Skene-Haby,Mark,Västra Götaland,2026,2025,14.423111861341347,8.217270194986073,262,59,33,718,216.423317,1500.531363,high_coverage,provisional
14650113,Svenljunga öster,Svenljunga,Västra Götaland,2026,2025,7.020767758588658,3.54251012145749,241,35,24,988,125.856808,1792.635967,high_coverage,provisional
14650114,Svenljunga söder,Svenljunga,Västra Götaland,2026,2025,10.351258332193533,5.882352941176471,215,48,17,816,155.880792,1505.911523,high_coverage,provisional
14650115,Svenljunga väster,Svenljunga,Västra Götaland,2026,2025,12.028106670228963,6.5610859728506785,228,58,17,884,211.831844,1761.140384,high_coverage,provisional
14650303,Högvad,Svenljunga,Västra Götaland,2026,2025,3.137995879870841,3.0176899063475546,177,29,26,961,50.155971,1598.344068,high_coverage,provisional
14650505,Kindaholm,Svenljunga,Västra Götaland,2026,2025,1.8881500765778207,3.3410138248847927,166,29,39,868,26.39973,1398.179643,high_coverage,provisional
14651212,Sexdrega,Svenljunga,Västra Götaland,2026,2025,3.0873427024331064,3.2846715328467155,178,27,24,822,38.533236,1248.103619,high_coverage,provisional
14651414,Hillared,Svenljunga,Västra Götaland,2026,2025,3.1446033721583073,3.4965034965034967,183,30,44,858,41.345559,1314.809981,high_coverage,provisional
14660107,Herrljunga Västra,Herrljunga,Västra Götaland,2026,2025,3.0962940541219885,4.355400696864112,274,50,52,1148,65.494105,2115.241765,high_coverage,provisional
14660601,Herrljunga Centrum,Herrljunga,Västra Götaland,2026,2025,10.218945790257552,8.734939759036145,401,116,51,1328,256.69628,2511.964397,high_coverage,provisional
14660705,Herrljunga Östra,Herrljunga,Västra Götaland,2026,2025,3.359422538431103,4.497907949790795,233,43,30,956,44.811096,1333.892819,high_coverage,provisional
14660903,Gäsene Östra,Herrljunga,Västra Götaland,2026,2025,0.8608323418256942,1.7410228509249184,111,16,31,919,12.000003,1394.000018,high_coverage,provisional
14661406,Ljung,Herrljunga,Västra Götaland,2026,2025,3.2946035433906578,3.492786636294609,279,46,41,1317,71.001099,2155.072623,high_coverage,provisional
14700101,Vara Östra,Vara,Västra Götaland,2026,2025,10.584044488630472,7.117437722419929,303,80,30,1124,208.20241,1967.134683,high_coverage,provisional
14700102,Vara Västra,Vara,Västra Götaland,2026,2025,7.87259240670724,4.073150457190358,289,49,33,1203,158.717244,2016.073433,high_coverage,provisional
14700103,Vara Centrum,Vara,Västra Götaland,2026,2025,10.049809239813593,6.0889929742388755,205,52,15,854,113.222665,1126.615066,high_coverage,provisional
14700204,Levene,Vara,Västra Götaland,2026,2025,2.109938913083343,4.399633363886343,245,48,41,1091,36.695845,1739.189925,high_coverage,provisional
14701006,Arentorp,Vara,Västra Götaland,2026,2025,2.6650677999559247,2.859778597785978,227,31,31,1084,45.929997,1723.4082,high_coverage,provisional
14701210,Vedum,Vara,Västra Götaland,2026,2025,3.1083322514027194,3.9154267815191854,259,50,37,1277,62.948483,2025.152973,high_coverage,provisional
14702424,Larv,Vara,Västra Götaland,2026,2025,1.542983170519577,3.4831460674157304,146,31,12,890,21.000002,1361.000068,high_coverage,provisional
14702725,Skarstad,Vara,Västra Götaland,2026,2025,2.4666993696490502,3.574788334901223,183,38,11,1063,43.225203,1752.349862,high_coverage,provisional
14702927,Kvänum,Vara,Västra Götaland,2026,2025,4.266434647281787,5.581039755351682,278,73,26,1308,98.000005,2297.000027,high_coverage,provisional
14710111,Sil-Husaby,Götene,Västra Götaland,2026,2025,4.177798128905762,3.45679012345679,356,42,50,1215,79.775532,1909.511411,high_coverage,provisional
14710203,Götene 1,Götene,Västra Götaland,2026,2025,9.26574395924895,5.057096247960848,208,31,14,613,99.987054,1079.104435,high_coverage,provisional
14710214,Götene 2,Götene,Västra Götaland,2026,2025,8.32366513777374,6.725468577728776,277,61,37,907,139.15613,1671.81317,high_coverage,provisional
14710215,Götene-Holmestad,Götene,Västra Götaland,2026,2025,14.481332140126856,8.757819481680071,273,98,38,1119,331.569247,2289.632223,high_coverage,provisional
14710608,Källby norra,Götene,Västra Götaland,2026,2025,1.7466265238479766,3.004291845493562,175,21,45,699,23.336413,1336.084886,high_coverage,provisional
14710609,Källby södra,Götene,Västra Götaland,2026,2025,1.7257992591216027,2.8378378378378377,240,21,33,740,19.888193,1152.404771,high_coverage,provisional
14710705,Lundsbrunnsorten,Götene,Västra Götaland,2026,2025,1.9767906207720063,5.217391304347826,205,54,45,1035,35.262275,1783.814362,high_coverage,provisional
14711513,Hällekis-Forshem,Götene,Västra Götaland,2026,2025,1.402102214238933,8.178438661710038,360,110,138,1345,28.000017,1997.002552,high_coverage,provisional
14720101,Smuleberg m.fl.,Tibro,Västra Götaland,2026,2025,11.386534327805022,6.465067778936392,256,62,25,959,205.075295,1801.033476,high_coverage,provisional
14720102,Södra centrum,Tibro,Västra Götaland,2026,2025,8.94619101467229,4.478827361563518,391,55,29,1228,199.296554,2227.725226,high_coverage,provisional
14720103,"Häggetorp, Katrineberg m.fl.",Tibro,Västra Götaland,2026,2025,11.923819173185166,6.10134436401241,309,59,43,967,220.52343,1849.436215,high_coverage,provisional
14720104,Skattegården m.fl.,Tibro,Västra Götaland,2026,2025,25.1595085473136,9.438202247191011,334,84,17,890,454.767306,1807.536523,high_coverage,provisional
14720106,"Hörnebo, Kvarnhagen m.fl.",Tibro,Västra Götaland,2026,2025,4.438817740057506,3.3658104517271923,271,38,27,1129,84.218604,1897.320614,high_coverage,provisional
14720205,"Fagersanna, Ransberg m.fl.",Tibro,Västra Götaland,2026,2025,1.1561024311425376,2.9411764705882355,291,36,41,1224,20.131496,1741.324597,high_coverage,provisional
14730101,Älgarås,Töreboda,Västra Götaland,2026,2025,2.7723302612438494,2.502844141069397,192,22,34,879,39.921166,1439.985941,high_coverage,provisional
14730102,Kilen,Töreboda,Västra Götaland,2026,2025,3.7167507543438467,4.93009565857248,379,67,40,1359,82.658543,2223.946357,high_coverage,provisional
14730103,Moholm,Töreboda,Västra Götaland,2026,2025,2.3796931488019735,4.1459369817578775,267,50,32,1206,44.984278,1890.339434,high_coverage,provisional
14730104,Björkäng,Töreboda,Västra Götaland,2026,2025,12.386393519682061,10.335689045936396,362,117,15,1132,228.15801,1842.005178,high_coverage,provisional
14730105,Kårtorp,Töreboda,Västra Götaland,2026,2025,16.40730085532444,10.90308370044053,244,99,23,908,279.262217,1702.060683,high_coverage,provisional
14800101,"Nordöstra Göteborg, Bergum",Göteborg,Västra Götaland,2026,2025,7.365996230466386,8.094645080946451,179,65,58,803,75.324422,1022.596532,high_coverage,provisional
14800102,"Nordöstra Göteborg, Olofstorp",Göteborg,Västra Götaland,2026,2025,7.737237411261345,8.646188850967008,206,76,59,879,154.167218,1992.535705,high_coverage,provisional
14800103,"Nordöstra Göteborg, Björsared",Göteborg,Västra Götaland,2026,2025,8.840072514474784,9.048723897911833,230,78,42,862,120.96886,1368.414793,high_coverage,provisional
14800104,"Nordöstra Göteborg, Gunnilse",Göteborg,Västra Götaland,2026,2025,13.788645998041854,8.241758241758241,234,75,47,910,220.115616,1596.354102,high_coverage,provisional
14800105,"Nordöstra Göteborg, Linnarhult",Göteborg,Västra Götaland,2026,2025,18.620043167204447,15.098722415795587,240,130,57,861,232.168456,1246.873887,high_coverage,provisional
14800106,"Nordöstra Göteborg, Angereds Centrum",Göteborg,Västra Götaland,2026,2025,38.653935466304205,34.30051813471503,400,331,32,965,680.96044,1761.68463,high_coverage,provisional
14800107,"Nordöstra Göteborg, Storås",Göteborg,Västra Götaland,2026,2025,36.884950098445366,34.63302752293578,349,302,57,872,437.791204,1186.910116,high_coverage,provisional
14800108,"Nordöstra Göteborg, Eriksbo Östra",Göteborg,Västra Götaland,2026,2025,44.764903812504166,41.32841328413284,209,224,17,542,857.104616,1914.679901,high_coverage,provisional
14800109,"Nordöstra Göteborg, Hammarkullen C",Göteborg,Västra Götaland,2026,2025,58.93223776386807,41.57608695652174,336,306,32,736,1408.477566,2389.995051,high_coverage,provisional
14800110,"Nordöstra Göteborg, Hammarkullen Ö",Göteborg,Västra Götaland,2026,2025,49.623279740769114,39.21568627450981,365,340,42,867,561.101822,1130.722969,high_coverage,provisional
14800112,"Nordöstra Göteborg, Hammarkullen V",Göteborg,Västra Götaland,2026,2025,50.85350479768117,34.523809523809526,325,261,38,756,664.511971,1306.718138,high_coverage,provisional
14800113,"Nordöstra Göteborg, Eriksbo Västra",Göteborg,Västra Götaland,2026,2025,46.402732908497185,30.72378138847858,259,208,25,677,1139.512422,2455.701099,high_coverage,provisional
14800114,"Nordöstra Göteborg, Bläsebo",Göteborg,Västra Götaland,2026,2025,42.7363341231956,39.77900552486188,307,288,15,724,487.500105,1140.715775,high_coverage,provisional
14800115,"Nordöstra Göteborg, Hjällbo Norra",Göteborg,Västra Götaland,2026,2025,50.90109107907553,42.59028642590287,345,342,36,803,744.227131,1462.104476,high_coverage,provisional
14800116,"Nordöstra Göteborg, Skolspåret",Göteborg,Västra Götaland,2026,2025,49.488147918746186,42.44505494505494,316,309,26,728,1032.725658,2086.814119,high_coverage,provisional
14800117,"Nordöstra Göteborg, Hjällbo Södra",Göteborg,Västra Götaland,2026,2025,50.644213872625066,46.666666666666664,247,287,31,615,827.385643,1633.721959,high_coverage,provisional
14800118,"Nordöstra Göteborg, Agnesberg",Göteborg,Västra Götaland,2026,2025,39.51382051388883,23.15950920245399,244,151,36,652,1209.539074,3061.053217,high_coverage,provisional
14800119,"Nordöstra Göteborg, Gårdsten Västra",Göteborg,Västra Götaland,2026,2025,32.48490688834304,35.10520487264673,368,317,23,903,1240.698172,3819.306536,high_coverage,provisional
14800120,"Nordöstra Göteborg, Gårdsten Södra",Göteborg,Västra Götaland,2026,2025,44.28512923547566,39.57286432160804,328,315,24,796,977.088284,2206.357531,high_coverage,provisional
14800122,"Nordöstra Göteborg, Gårdsten Östra",Göteborg,Västra Götaland,2026,2025,43.345384989831565,34.76890756302521,428,331,38,952,668.319623,1541.847242,high_coverage,provisional
14800123,"Nordöstra Göteborg, Saffransgatan",Göteborg,Västra Götaland,2026,2025,35.812913093000844,34.797891036906854,260,198,12,569,276.103729,770.96138,high_coverage,provisional
14800124,"Nordöstra Göteborg, Gårdsten Norra",Göteborg,Västra Götaland,2026,2025,38.158991129215,34.323922734026745,285,231,22,673,844.30167,2212.589078,high_coverage,provisional
14800125,"Nordöstra Göteborg, Lövgärdet C",Göteborg,Västra Götaland,2026,2025,47.27221216166692,37.868852459016395,273,231,21,610,487.046588,1030.302086,high_coverage,provisional
14800126,"Nordöstra Göteborg, Senapsgatan m fl",Göteborg,Västra Götaland,2026,2025,39.0591436732902,38.27751196172249,363,320,25,836,620.274119,1588.038192,high_coverage,provisional
14800128,"Nordöstra Göteborg, Lövgärdet Övre",Göteborg,Västra Götaland,2026,2025,46.17876162626404,41.220423412204234,354,331,15,803,1012.210223,2191.938864,high_coverage,provisional
14800129,"Nordöstra Göteborg, Lövgärdet Nedre",Göteborg,Västra Götaland,2026,2025,37.29654139481649,35.54778554778555,339,305,36,858,1302.664009,3492.720666,high_coverage,provisional
14800130,"Nordöstra Göteborg, Trädgårdsgärdet",Göteborg,Västra Götaland,2026,2025,34.795835342141864,31.48479427549195,220,176,24,559,564.784691,1623.138762,high_coverage,provisional
14800131,"Nordöstra Göteborg, Titteridamm",Göteborg,Västra Götaland,2026,2025,36.02500961222516,24.682651622002822,298,175,23,709,508.764511,1412.253644,high_coverage,provisional
14800132,"Nordöstra Göteborg, Rannebergen S",Göteborg,Västra Götaland,2026,2025,50.60747474386474,35.92375366568915,290,245,29,682,925.232073,1828.25181,high_coverage,provisional
14800133,"Nordöstra Göteborg, Rannebergen C",Göteborg,Västra Götaland,2026,2025,49.434105412923415,37.32970027247956,287,274,37,734,505.499574,1022.572513,high_coverage,provisional
14800134,"Nordöstra Göteborg, Rannebergen N",Göteborg,Västra Götaland,2026,2025,40.600187278743086,25.1621271076524,299,194,39,771,903.615175,2225.642874,high_coverage,provisional
14800201,"Östra Göteborg, Rymdtorget",Göteborg,Västra Götaland,2026,2025,55.36587998559439,41.26163391933816,445,399,38,967,1265.848763,2286.333683,high_coverage,provisional
14800202,"Östra Göteborg, Gärdsmosse",Göteborg,Västra Götaland,2026,2025,40.839273176232965,37.264150943396224,251,237,25,636,948.151774,2321.666622,high_coverage,provisional
14800204,"Östra Göteborg, Bergsjön Östra",Göteborg,Västra Götaland,2026,2025,45.42760678001762,42.6367461430575,293,304,24,713,1236.671615,2722.290921,high_coverage,provisional
14800205,"Östra Göteborg, Bergsjön Norra",Göteborg,Västra Götaland,2026,2025,30.885773648178464,32.32445520581114,274,267,61,826,586.375133,1898.528234,high_coverage,provisional
14800207,"Östra Göteborg, Siriusgatan",Göteborg,Västra Götaland,2026,2025,55.275173121461556,36.77018633540373,409,296,38,805,1179.706617,2134.243188,high_coverage,provisional
14800208,"Östra Göteborg, Gärdsås",Göteborg,Västra Götaland,2026,2025,38.801672455399036,26.034858387799563,390,239,53,918,757.984727,1953.48468,high_coverage,provisional
14800209,"Östra Göteborg, Bergsjön Södra",Göteborg,Västra Götaland,2026,2025,46.897670786332256,40.10471204188482,386,383,28,955,1307.025603,2786.973385,high_coverage,provisional
14800210,"Östra Göteborg, Komettorget",Göteborg,Västra Götaland,2026,2025,43.67050852628344,34.64052287581699,355,265,26,765,969.845319,2220.824423,high_coverage,provisional
14800212,"Östra Göteborg, Fjällbo",Göteborg,Västra Götaland,2026,2025,8.125053892485075,12.541254125412541,346,152,135,1212,144.485751,1778.274371,high_coverage,provisional
14800213,"Östra Göteborg, Utbynäs",Göteborg,Västra Götaland,2026,2025,6.603347256419945,8.557457212713937,241,70,116,818,92.293365,1397.675473,high_coverage,provisional
14800214,"Östra Göteborg, Utby",Göteborg,Västra Götaland,2026,2025,6.814624211501719,9.344790547798066,265,87,169,931,159.847579,2345.65508,high_coverage,provisional
14800215,"Östra Göteborg, Kamgatan m fl",Göteborg,Västra Götaland,2026,2025,5.892392789051468,7.6923076923076925,302,77,183,1001,63.233914,1073.144922,high_coverage,provisional
14800216,"Östra Göteborg, Kviberg Östra",Göteborg,Västra Götaland,2026,2025,17.559291753259597,22.201834862385322,332,242,148,1090,435.502766,2480.184122,high_coverage,provisional
14800217,"Östra Göteborg, Kvibergsnäs",Göteborg,Västra Götaland,2026,2025,16.58343556712713,13.708260105448154,409,156,93,1138,111.611642,673.030878,high_coverage,provisional
14800218,"Östra Göteborg, Bellevue Park",Göteborg,Västra Götaland,2026,2025,18.32407900042431,18.623024830699773,290,165,77,886,350.541469,1913.010029,high_coverage,provisional
14800219,"Östra Göteborg, Bellevue",Göteborg,Västra Götaland,2026,2025,16.196392667879618,21.794871794871796,238,204,129,936,177.788347,1097.703363,high_coverage,provisional
14800220,"Östra Göteborg, Gamlestaden Norra",Göteborg,Västra Götaland,2026,2025,20.469543190047172,28.35671342685371,292,283,120,998,89.925579,439.314049,high_coverage,provisional
14800221,"Östra Göteborg, Gamlestaden Södra",Göteborg,Västra Götaland,2026,2025,20.149863575296678,23.522727272727273,261,207,93,880,420.359636,2086.166164,high_coverage,provisional
14800222,"Östra Göteborg, Nylöse",Göteborg,Västra Götaland,2026,2025,21.62009210588858,26.813471502590673,244,207,92,772,444.271389,2054.900538,high_coverage,provisional
14800223,"Östra Göteborg, Kviberg Västra",Göteborg,Västra Götaland,2026,2025,26.332147281277237,27.34375,243,175,41,640,445.973806,1693.647697,high_coverage,provisional
14800224,"Östra Göteborg, Kortedala Södra",Göteborg,Västra Götaland,2026,2025,18.998120777186756,22.036082474226806,279,171,70,776,292.67932,1540.569846,high_coverage,provisional
14800225,"Östra Göteborg, Månadsparken",Göteborg,Västra Götaland,2026,2025,39.07382159418283,33.81389252948886,283,258,46,763,637.560162,1631.6811,high_coverage,provisional
14800226,"Östra Göteborg, Gregorianska G. m fl",Göteborg,Västra Götaland,2026,2025,31.605162491559174,34.323922734026745,186,231,65,673,278.091699,879.893274,high_coverage,provisional
14800227,"Östra Göteborg, Kortedala Västra",Göteborg,Västra Götaland,2026,2025,25.743635555602754,26.417233560090704,324,233,63,882,444.2029,1725.486282,high_coverage,provisional
14800228,"Östra Göteborg, Kortedala Torg",Göteborg,Västra Götaland,2026,2025,35.468776005977276,32.20088626292467,241,218,40,677,655.173383,1847.183514,high_coverage,provisional
14800229,"Östra Göteborg, Förstamajgatan m fl",Göteborg,Västra Götaland,2026,2025,35.67153381026017,29.379310344827587,268,213,52,725,360.229256,1009.850762,high_coverage,provisional
14800230,"Östra Göteborg, Kortedala Östra",Göteborg,Västra Götaland,2026,2025,40.277873671415,34.73684210526316,235,231,50,665,851.201306,2113.322349,high_coverage,provisional
14800231,"Östra Göteborg, Månadsgatorna m fl",Göteborg,Västra Götaland,2026,2025,38.64511729564821,27.943078913324708,307,216,47,773,689.108283,1783.170375,high_coverage,provisional
14800232,"Östra Göteborg, Adventsparken Östra",Göteborg,Västra Götaland,2026,2025,37.84200559557136,37.309292649098474,289,269,47,721,282.678172,746.995746,high_coverage,provisional
14800233,"Östra Göteborg, Adventsparken Västra",Göteborg,Västra Götaland,2026,2025,36.9689923751373,25.511596180081856,262,187,59,733,674.645835,1824.896465,high_coverage,provisional
14800235,"Östra Göteborg, Kortedala Norra",Göteborg,Västra Götaland,2026,2025,39.04574597998585,26.720647773279353,302,198,53,741,894.919253,2291.976323,high_coverage,provisional
14800301,"Östra Centrum, Fräntorp",Göteborg,Västra Götaland,2026,2025,5.54678655420399,7.973102785782901,308,83,96,1041,83.227017,1500.454654,high_coverage,provisional
14800302,"Östra Centrum, Vidkärr",Göteborg,Västra Götaland,2026,2025,12.183986583310743,22.596754057428214,234,181,65,801,109.715558,900.489813,high_coverage,provisional
14800303,"Östra Centrum, Munkebäck Norra",Göteborg,Västra Götaland,2026,2025,9.598559742219676,9.44700460829493,244,82,81,868,121.284833,1263.573247,high_coverage,provisional
14800304,"Östra Centrum, Munkebäck Södra",Göteborg,Västra Götaland,2026,2025,10.651631399410663,9.280500521376434,244,89,94,959,139.214199,1306.975371,high_coverage,provisional
14800305,"Östra Centrum, Kålltorp Norra",Göteborg,Västra Götaland,2026,2025,9.963831402314884,13.7123745819398,281,123,92,897,157.096705,1576.669643,high_coverage,provisional
14800306,"Östra Centrum, Torpa",Göteborg,Västra Götaland,2026,2025,13.318731521367502,11.497584541062801,279,119,149,1035,322.498967,2421.394008,high_coverage,provisional
14800307,"Östra Centrum, Björkekärr Norra",Göteborg,Västra Götaland,2026,2025,7.613097871123642,13.470993117010815,302,137,155,1017,133.84426,1758.078804,high_coverage,provisional
14800308,"Östra Centrum, Smörslätten",Göteborg,Västra Götaland,2026,2025,20.179126578480187,17.62948207171315,261,177,80,1004,252.281639,1250.210895,high_coverage,provisional
14800309,"Östra Centrum, Björkekärr Östra",Göteborg,Västra Götaland,2026,2025,16.99159425180342,15.042117930204572,243,125,131,831,336.967133,1983.140181,high_coverage,provisional
14800310,"Östra Centrum, Robertshöjd m fl",Göteborg,Västra Götaland,2026,2025,11.882359751329824,15.37828947368421,368,187,161,1216,189.434029,1594.245865,high_coverage,provisional
14800311,"Östra Centrum, Björkekärr Västra",Göteborg,Västra Götaland,2026,2025,19.84571520124502,18.68231046931408,244,207,235,1108,305.466043,1539.204004,high_coverage,provisional
14800312,"Östra Centrum, Kålltorp Östra",Göteborg,Västra Götaland,2026,2025,8.136647931476691,14.558689717925386,293,160,187,1099,115.241547,1416.327067,high_coverage,provisional
14800313,"Östra Centrum, Solrosparken",Göteborg,Västra Götaland,2026,2025,8.817593941485667,13.72549019607843,236,126,120,918,84.846986,962.246465,high_coverage,provisional
14800314,"Östra Centrum, Kålltorp Västra",Göteborg,Västra Götaland,2026,2025,4.9687795308469855,9.761634506242906,204,86,158,881,57.05383,1148.246358,high_coverage,provisional
14800315,"Östra Centrum, Kålltorp Södra",Göteborg,Västra Götaland,2026,2025,4.283478968820339,7.879772542648253,310,97,197,1231,78.81297,1839.928959,high_coverage,provisional
14800316,"Östra Centrum, Björkekärr Södra",Göteborg,Västra Götaland,2026,2025,3.656740561428327,8.120035304501323,284,92,269,1133,75.218125,2056.971878,high_coverage,provisional
14800317,"Östra Centrum, Kallebäck Östra",Göteborg,Västra Götaland,2026,2025,15.24260895306993,9.474768280123584,261,92,93,971,261.120768,1713.097599,high_coverage,provisional
14800318,"Östra Centrum, Kallebäck Västra",Göteborg,Västra Götaland,2026,2025,24.207224028735144,9.857978279030911,318,118,102,1197,449.859123,1858.367248,high_coverage,provisional
14800319,"Östra Centrum, Kallebäck Norra",Göteborg,Västra Götaland,2026,2025,19.63345008710194,11.733615221987314,263,111,95,946,243.647483,1240.981498,high_coverage,provisional
14800320,"Östra Centrum, Skår Södra",Göteborg,Västra Götaland,2026,2025,7.115933869726138,2.140672782874618,126,21,70,981,118.802543,1669.528486,high_coverage,provisional
14800321,"Östra Centrum, Jakobsdal",Göteborg,Västra Götaland,2026,2025,6.290125104788975,6.153846153846154,164,64,94,1040,73.655556,1170.971241,high_coverage,provisional
14800322,"Östra Centrum, Skår Norra",Göteborg,Västra Götaland,2026,2025,4.441047848528222,2.950152594099695,106,29,83,983,66.95014,1507.530256,high_coverage,provisional
14800323,"Östra Centrum, Stora Torp",Göteborg,Västra Götaland,2026,2025,5.784539319032554,3.6263736263736264,202,33,106,910,36.787246,635.958094,high_coverage,provisional
14800324,"Östra Centrum, Lilla Torp",Göteborg,Västra Götaland,2026,2025,5.489744472817112,5.913978494623656,186,55,98,930,108.257094,1971.98785,high_coverage,provisional
14800325,"Östra Centrum, Bö",Göteborg,Västra Götaland,2026,2025,4.393111022060296,5.691854759568204,206,58,126,1019,53.806991,1224.803806,high_coverage,provisional
14800326,"Östra Centrum, Örgryte",Göteborg,Västra Götaland,2026,2025,8.174971259335438,5.125148986889154,101,43,49,839,128.388098,1570.502133,high_coverage,provisional
14800327,"Östra Centrum, Prästgårdsängen m fl",Göteborg,Västra Götaland,2026,2025,5.063150705724158,7.174490699734278,245,81,97,1129,87.290164,1724.028556,high_coverage,provisional
14800328,"Östra Centrum, Kärralund Södra",Göteborg,Västra Götaland,2026,2025,7.343163339549153,4.8152295632698765,152,43,93,893,119.647625,1629.374419,high_coverage,provisional
14800329,"Östra Centrum, Kärralund Norra",Göteborg,Västra Götaland,2026,2025,7.642452627687926,12.535612535612536,239,132,164,1053,98.608813,1290.277059,high_coverage,provisional
14800330,"Östra Centrum, Härlanda",Göteborg,Västra Götaland,2026,2025,4.7120653643831885,6.051587301587301,246,61,118,1008,75.746556,1607.502234,high_coverage,provisional
14800331,"Östra Centrum, Lunden Nya",Göteborg,Västra Götaland,2026,2025,6.416054054626962,10.867052023121387,221,94,130,865,78.762943,1227.591637,high_coverage,provisional
14800332,"Östra Centrum, Danska Vägen m fl",Göteborg,Västra Götaland,2026,2025,5.187073175030343,8.305647840531561,241,75,86,903,66.855888,1288.894252,high_coverage,provisional
14800333,"Östra Centrum, Nobelplatsen",Göteborg,Västra Götaland,2026,2025,7.312871791817191,16.417910447761194,250,154,123,938,83.376736,1140.136712,high_coverage,provisional
14800334,"Östra Centrum, Sankt Pauli",Göteborg,Västra Götaland,2026,2025,4.8875215234005145,13.147792706333973,290,137,118,1042,71.624741,1465.461393,high_coverage,provisional
14800335,"Östra Centrum, Lunden Gamla",Göteborg,Västra Götaland,2026,2025,6.076024773916699,9.494451294697903,235,77,105,811,65.118733,1071.732513,high_coverage,provisional
14800336,"Östra Centrum, Överås",Göteborg,Västra Götaland,2026,2025,8.295018466355549,12.5,237,107,76,856,123.534124,1489.256769,high_coverage,provisional
14800337,"Östra Centrum, Gubbero",Göteborg,Västra Götaland,2026,2025,8.24575440809684,12.554585152838428,230,115,105,916,100.576881,1219.741409,high_coverage,provisional
14800338,"Östra Centrum, Gubberoparken",Göteborg,Västra Götaland,2026,2025,8.374721870674826,12.05098493626883,258,104,72,863,117.904276,1407.859005,high_coverage,provisional
14800339,"Östra Centrum, Redbergsplatsen",Göteborg,Västra Götaland,2026,2025,9.168673751783677,11.71960569550931,267,107,89,913,70.168938,765.311755,high_coverage,provisional
14800340,"Östra Centrum, Olskroken",Göteborg,Västra Götaland,2026,2025,18.743681783127663,17.408906882591094,259,129,37,741,232.422539,1240.004721,high_coverage,provisional
14800341,"Östra Centrum, Redberget",Göteborg,Västra Götaland,2026,2025,10.320074355600731,15.754189944134078,247,141,87,895,137.881575,1336.052147,high_coverage,provisional
14800342,"Östra Centrum, Bagaregården",Göteborg,Västra Götaland,2026,2025,4.895095263944553,13.626373626373626,234,124,131,910,61.993018,1266.431288,high_coverage,provisional
14800343,"Östra Centrum, Redbergslid",Göteborg,Västra Götaland,2026,2025,7.41336423684207,12.686567164179104,235,119,125,938,87.473971,1179.949726,high_coverage,provisional
14800344,"Östra Centrum, Ånäs",Göteborg,Västra Götaland,2026,2025,8.644457922380253,10.609756097560975,233,87,93,820,152.69953,1766.444251,high_coverage,provisional
14800345,"Östra Centrum, Strömmensberg Västra",Göteborg,Västra Götaland,2026,2025,8.204797554777077,12.26725082146769,260,112,99,913,69.460067,846.578682,high_coverage,provisional
14800346,"Östra Centrum, Strömmensberg Östra",Göteborg,Västra Götaland,2026,2025,6.807122662007724,10.588235294117647,221,90,109,850,81.659236,1199.614581,high_coverage,provisional
14800347,"Östra Centrum, Kallebäck Södra",Göteborg,Västra Götaland,2026,2025,17.738929674439696,11.764705882352942,195,88,64,748,321.782685,1813.991548,high_coverage,provisional
14800401,"Centrum, Otterhällan",Göteborg,Västra Götaland,2026,2025,12.40447051854551,6.285072951739618,170,56,84,891,215.790476,1739.618597,high_coverage,provisional
14800402,"Centrum, Inom Vallgraven",Göteborg,Västra Götaland,2026,2025,9.530373832253991,9.30232558139535,168,88,95,946,121.510774,1274.984341,high_coverage,provisional
14800403,"Centrum, Nordstan",Göteborg,Västra Götaland,2026,2025,12.832744557461078,14.002478314745973,183,113,86,807,70.628286,550.375531,high_coverage,provisional
14800404,"Centrum, Stampen Västra",Göteborg,Västra Götaland,2026,2025,11.711221065454428,6.127770534550195,170,47,38,767,218.151424,1862.755581,high_coverage,provisional
14800405,"Centrum, Odinsgatan m fl",Göteborg,Västra Götaland,2026,2025,11.720083421702865,13.458950201884253,184,100,58,743,224.593463,1916.312836,high_coverage,provisional
14800406,"Centrum, Stampen Östra",Göteborg,Västra Götaland,2026,2025,11.93616388083506,12.923462986198244,199,103,60,797,168.926373,1415.248439,high_coverage,provisional
14800407,"Centrum, Friggagatan m fl",Göteborg,Västra Götaland,2026,2025,11.569362435629326,8.970976253298153,202,68,51,758,126.515974,1093.543181,high_coverage,provisional
14800408,"Centrum, Svingeln",Göteborg,Västra Götaland,2026,2025,11.39181760601846,15.584415584415584,242,132,80,847,34.815043,305.61447,high_coverage,provisional
14800409,"Centrum, Gårda Norra",Göteborg,Västra Götaland,2026,2025,17.59776295433803,10.519645120405576,197,83,29,789,220.005967,1250.192809,high_coverage,provisional
14800410,"Centrum, Gårda Södra",Göteborg,Västra Götaland,2026,2025,13.213087141786032,16.90694626474443,156,129,105,763,163.3544,1236.307596,high_coverage,provisional
14800411,"Centrum, Bohusgatan m fl",Göteborg,Västra Götaland,2026,2025,12.453402922526736,5.725971370143149,177,56,46,978,328.602041,2638.652608,high_coverage,provisional
14800412,"Centrum, Sten Sturegatan m fl",Göteborg,Västra Götaland,2026,2025,12.993515547887753,8.50546780072904,252,70,36,823,34.396912,264.723676,high_coverage,provisional
14800413,"Centrum, Heden",Göteborg,Västra Götaland,2026,2025,10.54936173911653,6.506506506506507,185,65,55,999,66.373568,629.17141,high_coverage,provisional
14800414,"Centrum, Hedås",Göteborg,Västra Götaland,2026,2025,8.00129579881425,3.278688524590164,142,30,48,915,96.059849,1200.553653,high_coverage,provisional
14800415,"Centrum, Götaplatsen",Göteborg,Västra Götaland,2026,2025,9.930334100811171,3.7735849056603774,115,34,40,901,87.704052,883.193366,high_coverage,provisional
14800416,"Centrum, Carlandersplatsen",Göteborg,Västra Götaland,2026,2025,9.03400113530007,6.484641638225256,151,57,63,879,128.523439,1422.663525,high_coverage,provisional
14800417,"Centrum, Eklanda Östra",Göteborg,Västra Götaland,2026,2025,9.96203793247988,9.989258861439312,203,93,80,931,73.588264,738.686848,high_coverage,provisional
14800418,"Centrum, Eklanda Norra",Göteborg,Västra Götaland,2026,2025,9.771304477080319,12.677484787018255,213,125,115,986,148.108766,1515.752235,high_coverage,provisional
14800419,"Centrum, Johanneberg Övre",Göteborg,Västra Götaland,2026,2025,15.435105538981285,11.28640776699029,145,93,102,824,187.441108,1214.381771,high_coverage,provisional
14800420,"Centrum, Johanneberg Östra",Göteborg,Västra Götaland,2026,2025,11.93305759341067,8.037578288100208,224,77,105,958,146.284365,1225.87496,high_coverage,provisional
14800421,"Centrum, Eklanda Södra",Göteborg,Västra Götaland,2026,2025,9.463434903719644,7.341490545050056,207,66,75,899,93.312455,986.031562,high_coverage,provisional
14800422,"Centrum, Kristinehöjd Västra",Göteborg,Västra Götaland,2026,2025,17.563616027226928,12.875536480686696,204,120,153,932,309.557682,1762.494019,high_coverage,provisional
14800424,"Centrum, Kristinehöjd Östra",Göteborg,Västra Götaland,2026,2025,12.73659654811505,11.483739837398375,272,113,86,984,199.605318,1567.179405,high_coverage,provisional
14800425,"Centrum, Getebergsäng",Göteborg,Västra Götaland,2026,2025,29.045695103313808,15.25940996948118,216,150,144,983,439.477453,1513.055382,high_coverage,provisional
14800426,"Centrum, Krokslätt Norra",Göteborg,Västra Götaland,2026,2025,13.75349748635697,7.113316790736145,272,86,87,1209,217.145273,1578.836752,high_coverage,provisional
14800427,"Centrum, Krokslätt Södra",Göteborg,Västra Götaland,2026,2025,15.75764520967714,5.357142857142857,233,60,52,1120,277.810461,1763.020155,high_coverage,provisional
14800428,"Centrum, Fredriksdal",Göteborg,Västra Götaland,2026,2025,13.928015375631535,10.253583241455347,179,93,103,907,217.243114,1559.75642,high_coverage,provisional
14800429,"Centrum, Framnäs",Göteborg,Västra Götaland,2026,2025,15.383328501313342,14.62655601659751,282,141,101,964,343.397217,2232.268634,high_coverage,provisional
14800430,"Centrum, Mossen",Göteborg,Västra Götaland,2026,2025,19.52233980348728,16.983372921615203,175,143,131,842,54.920587,281.321745,high_coverage,provisional
14800431,"Centrum, Fridkullagatan m fl",Göteborg,Västra Götaland,2026,2025,15.590680419660258,11.342351716961499,189,109,113,961,401.304626,2574.003284,high_coverage,provisional
14800432,"Centrum, Guldheden Östra",Göteborg,Västra Götaland,2026,2025,16.385025952714162,13.362541073384447,257,122,155,913,301.879356,1842.409996,high_coverage,provisional
14800433,"Centrum, Doktor Forselius Backe m fl",Göteborg,Västra Götaland,2026,2025,18.47936485477738,24.210526315789473,202,184,99,760,117.461109,635.633908,high_coverage,provisional
14800434,"Centrum, Guldheden Södra",Göteborg,Västra Götaland,2026,2025,13.129447418990534,18.47953216374269,250,158,117,855,119.559985,910.624653,high_coverage,provisional
14800435,"Centrum, Guldheden Vattentornet",Göteborg,Västra Götaland,2026,2025,12.61901292820218,16.381418092909534,210,134,130,818,205.463405,1628.205044,high_coverage,provisional
14800436,"Centrum, Doktor Fries Torg",Göteborg,Västra Götaland,2026,2025,13.227893745128286,15.795328142380423,247,142,149,899,148.676118,1123.959119,high_coverage,provisional
14800437,"Centrum, Guldheden Västra",Göteborg,Västra Götaland,2026,2025,11.529668277070904,17.701149425287355,249,154,135,870,141.050343,1223.368614,high_coverage,provisional
14800438,"Centrum, Guldheden Norra",Göteborg,Västra Götaland,2026,2025,6.169396171734277,9.667359667359667,214,93,201,962,93.901471,1522.052862,high_coverage,provisional
14800439,"Centrum, Landala Egnahem",Göteborg,Västra Götaland,2026,2025,7.565421224603393,11.253430924062213,248,123,200,1093,117.743869,1556.342542,high_coverage,provisional
14800440,"Centrum, Landalagången m fl",Göteborg,Västra Götaland,2026,2025,15.06343328536808,19.656019656019655,234,160,92,814,190.100466,1261.999588,high_coverage,provisional
14800441,"Centrum, Johanneberg Västra",Göteborg,Västra Götaland,2026,2025,12.557755673694064,13.212435233160623,166,102,88,772,327.970893,2611.699905,high_coverage,provisional
14800442,"Centrum, Johanneberg Nedre",Göteborg,Västra Götaland,2026,2025,13.949074234720769,4.260089686098655,164,38,68,892,37.904038,271.731567,high_coverage,provisional
14800443,"Centrum, Lorensberg",Göteborg,Västra Götaland,2026,2025,10.980548112533052,6.214039125431531,128,54,79,869,142.953643,1301.880758,high_coverage,provisional
14800444,"Centrum, Vasastaden Södra",Göteborg,Västra Götaland,2026,2025,6.358761712097836,6.710671067106711,179,61,76,909,79.266098,1246.565001,high_coverage,provisional
14800445,"Centrum, Kapellplatsen",Göteborg,Västra Götaland,2026,2025,10.558127740301991,16.62621359223301,232,137,91,824,89.510101,847.783842,high_coverage,provisional
14800446,"Centrum, Landalabergen m fl",Göteborg,Västra Götaland,2026,2025,16.864201852415214,15.855039637599093,258,140,116,883,261.05561,1547.986749,high_coverage,provisional
14800447,"Centrum, Fogelbergsparken",Göteborg,Västra Götaland,2026,2025,8.919257994109469,7.820646506777893,201,75,105,959,142.010832,1592.182131,high_coverage,provisional
14800448,"Centrum, Vasastaden Västra",Göteborg,Västra Götaland,2026,2025,8.926397361760438,8.009153318077804,176,70,95,874,93.737636,1050.117222,high_coverage,provisional
14800449,"Centrum, Vasastaden Östra",Göteborg,Västra Götaland,2026,2025,9.282658029060702,5.139186295503212,143,48,51,934,109.763637,1182.459126,high_coverage,provisional
14800450,"Centrum, Valand",Göteborg,Västra Götaland,2026,2025,9.737382599675787,6.293706293706293,125,54,51,858,124.643057,1280.046827,high_coverage,provisional
14800451,"Centrum, Vasastaden Norra",Göteborg,Västra Götaland,2026,2025,10.091138262559028,7.048984468339307,169,59,77,837,120.083989,1189.994487,high_coverage,provisional
14800501,"Västra Centrum, Långgatorna",Göteborg,Västra Götaland,2026,2025,8.938678797440545,10.600255427841635,161,83,101,783,149.733356,1675.117312,high_coverage,provisional
14800502,"Västra Centrum, Masthuggstorget",Göteborg,Västra Götaland,2026,2025,14.6670214504333,13.10483870967742,256,130,93,992,216.961686,1479.24844,high_coverage,provisional
14800503,"Västra Centrum, Stigberget",Göteborg,Västra Götaland,2026,2025,10.273334269195079,19.98175182481752,247,219,214,1096,155.089523,1509.631819,high_coverage,provisional
14800504,"Västra Centrum, Masthugget Övre",Göteborg,Västra Götaland,2026,2025,6.389995963759226,16.553067185978577,234,170,289,1027,113.952352,1783.29302,high_coverage,provisional
14800505,"Västra Centrum, Masthugget Nedre",Göteborg,Västra Götaland,2026,2025,6.054632934684504,18.068535825545172,226,174,208,963,79.503267,1313.09805,high_coverage,provisional
14800506,"Västra Centrum, Oscar Fredrik",Göteborg,Västra Götaland,2026,2025,6.319633862499828,15.288788221970554,214,135,174,883,76.722888,1214.04008,high_coverage,provisional
14800507,"Västra Centrum, Sjömansgatan m fl",Göteborg,Västra Götaland,2026,2025,5.504639725909696,19.2090395480226,210,170,183,885,66.743031,1212.486817,high_coverage,provisional
14800508,"Västra Centrum, Vegastaden",Göteborg,Västra Götaland,2026,2025,10.559143859969733,14.784394250513348,259,144,166,974,143.011735,1354.387599,high_coverage,provisional
14800509,"Västra Centrum, Slottsskogen",Göteborg,Västra Götaland,2026,2025,8.44227846938452,16.55239960822723,287,169,139,1021,128.985538,1527.852208,high_coverage,provisional
14800510,"Västra Centrum, Linnéplatsen",Göteborg,Västra Götaland,2026,2025,5.544794221163291,7.3908174692049275,191,66,108,893,65.753941,1185.868012,high_coverage,provisional
14800511,"Västra Centrum, Sveaplan",Göteborg,Västra Götaland,2026,2025,7.69680282421105,6.155778894472362,200,49,77,796,79.354626,1031.007651,high_coverage,provisional
14800512,"Västra Centrum, Kommendantsängen",Göteborg,Västra Götaland,2026,2025,7.364881079967559,9.86639260020555,220,96,104,973,76.825895,1043.138296,high_coverage,provisional
14800513,"Västra Centrum, Linné",Göteborg,Västra Götaland,2026,2025,7.231609073198196,8.98876404494382,173,80,94,890,80.091969,1107.526253,high_coverage,provisional
14800514,"Västra Centrum, Nordhem",Göteborg,Västra Götaland,2026,2025,7.00071293362282,8.8268156424581,207,79,102,895,101.913063,1455.752635,high_coverage,provisional
14800515,"Västra Centrum, Risåsen",Göteborg,Västra Götaland,2026,2025,7.520344237361618,9.518213866039954,192,81,97,851,126.514971,1682.302924,high_coverage,provisional
14800516,"Västra Centrum, Olivedal",Göteborg,Västra Götaland,2026,2025,7.7034504442077205,11.82033096926714,171,100,119,846,95.058597,1233.974278,high_coverage,provisional
14800517,"Västra Centrum, Plantagegatan m fl",Göteborg,Västra Götaland,2026,2025,8.460199705204348,10.400763358778626,237,109,125,1048,57.60069,680.843148,high_coverage,provisional
14800518,"Västra Centrum, Skansberget",Göteborg,Västra Götaland,2026,2025,9.884749658069834,17.945823927765236,277,159,113,886,92.91228,939.955823,high_coverage,provisional
14800519,"Västra Centrum, Haga Västra",Göteborg,Västra Götaland,2026,2025,9.72894989334242,19.43231441048035,216,178,141,916,156.348029,1607.039102,high_coverage,provisional
14800520,"Västra Centrum, Haga Östra",Göteborg,Västra Götaland,2026,2025,9.923155048780016,15.434782608695652,260,142,144,920,128.838985,1298.367146,high_coverage,provisional
14800521,"Västra Centrum, Nilssonsberg Västra",Göteborg,Västra Götaland,2026,2025,7.772877497761104,7.2434607645875255,203,72,112,994,76.465111,983.742649,high_coverage,provisional
14800522,"Västra Centrum, Nilssonsberg Östra",Göteborg,Västra Götaland,2026,2025,7.248023605774631,7.403055229142185,194,63,95,851,99.771634,1376.535721,high_coverage,provisional
14800523,"Västra Centrum, Annedal Östra",Göteborg,Västra Götaland,2026,2025,7.4690726558048395,12.879708383961118,212,106,106,823,45.951209,615.219735,high_coverage,provisional
14800524,"Västra Centrum, Annedal Västra",Göteborg,Västra Götaland,2026,2025,7.81256200421286,11.518324607329843,220,88,76,764,132.406841,1694.794114,high_coverage,provisional
14800525,"Västra Centrum, Änggården",Göteborg,Västra Götaland,2026,2025,10.210803363605132,7.807118254879449,151,68,168,871,138.1633,1353.109007,high_coverage,provisional
14800526,"Västra Centrum, Svalebo",Göteborg,Västra Götaland,2026,2025,11.820710279962196,24.45019404915912,212,189,131,773,183.097786,1548.957564,high_coverage,provisional
14800527,"Västra Centrum, Skytteskogen",Göteborg,Västra Götaland,2026,2025,6.378339420989125,15.117466802860061,190,148,263,979,109.569366,1717.835298,high_coverage,provisional
14800528,"Västra Centrum, Kungsladugård Östra",Göteborg,Västra Götaland,2026,2025,8.339509892028563,24.63605823068309,217,220,165,893,117.744304,1411.885177,high_coverage,provisional
14800529,"Västra Centrum, Kungsladugård Västra",Göteborg,Västra Götaland,2026,2025,7.189203814686797,22.198505869797224,238,208,229,937,67.69399,941.606216,high_coverage,provisional
14800530,"Västra Centrum, Mariaplan",Göteborg,Västra Götaland,2026,2025,8.506831485409037,28.543111992071356,259,288,211,1009,145.540648,1710.867886,high_coverage,provisional
14800531,"Västra Centrum, Silverkällan",Göteborg,Västra Götaland,2026,2025,7.487603221616577,19.982158786797502,296,224,178,1121,123.808286,1653.51024,high_coverage,provisional
14800532,"Västra Centrum, Sannaplan",Göteborg,Västra Götaland,2026,2025,7.173725546677254,28.09204218600192,244,293,228,1043,140.164263,1953.855944,high_coverage,provisional
14800533,"Västra Centrum, Sandarna",Göteborg,Västra Götaland,2026,2025,8.56013588881734,24.62908011869436,273,249,200,1011,215.151669,2513.414177,high_coverage,provisional
14800534,"Västra Centrum, Klippan",Göteborg,Västra Götaland,2026,2025,8.98858014321414,13.229252259654888,296,161,160,1217,99.84984,1110.852197,high_coverage,provisional
14800535,"Västra Centrum, Gröna Vallen",Göteborg,Västra Götaland,2026,2025,9.631947389320914,29.656607700312176,235,285,193,961,123.306727,1280.184806,high_coverage,provisional
14800536,"Västra Centrum, Kusttorget",Göteborg,Västra Götaland,2026,2025,12.889619116186573,23.033067274800455,249,202,106,877,289.139919,2243.199868,high_coverage,provisional
14800537,"Västra Centrum, Chapmans Torg",Göteborg,Västra Götaland,2026,2025,11.585208069307438,20.754716981132077,252,176,109,848,67.114302,579.310286,high_coverage,provisional
14800538,"Västra Centrum, Slottsskogsgat. m fl",Göteborg,Västra Götaland,2026,2025,9.893974951692377,21.042830540037244,281,226,201,1074,199.078322,2012.116697,high_coverage,provisional
14800539,"Västra Centrum, Gråberget Västra",Göteborg,Västra Götaland,2026,2025,6.386216512028368,20.223577235772357,241,199,192,984,77.108445,1207.419837,high_coverage,provisional
14800540,"Västra Centrum, Gråberget Östra",Göteborg,Västra Götaland,2026,2025,6.919257119855747,20.62689585439838,243,204,204,989,134.826218,1948.564935,high_coverage,provisional
14800541,"Västra Centrum, Godhem",Göteborg,Västra Götaland,2026,2025,8.850094203603465,25.798525798525798,189,210,154,814,111.321753,1257.859526,high_coverage,provisional
14800542,"Västra Centrum, Marieberg",Göteborg,Västra Götaland,2026,2025,8.2611787654641,30.535152151101784,242,291,182,953,74.909302,906.762874,high_coverage,provisional
14800543,"Västra Centrum, Klareborgsgatan m fl",Göteborg,Västra Götaland,2026,2025,8.778385476195576,30.856553147574818,252,299,177,969,134.897523,1536.700836,high_coverage,provisional
14800544,"Västra Centrum, Karl Johan",Göteborg,Västra Götaland,2026,2025,8.675429701091408,27.91932059447983,222,263,201,942,143.300402,1651.796014,high_coverage,provisional
14800545,"Västra Centrum, Söderlingska Ängen",Göteborg,Västra Götaland,2026,2025,8.841535180525458,31.125131440588852,217,296,170,951,138.417475,1565.536665,high_coverage,provisional
14800546,"Västra Centrum, Kommendörsgatan m fl",Göteborg,Västra Götaland,2026,2025,9.013511727053594,25.99388379204893,266,255,212,981,104.851473,1163.269946,high_coverage,provisional
14800547,"Västra Centrum, Hängmattan",Göteborg,Västra Götaland,2026,2025,12.814238771682001,21.58968850698174,288,201,102,931,118.949613,928.26125,high_coverage,provisional
14800548,"Västra Centrum, Gatenhielmska",Göteborg,Västra Götaland,2026,2025,8.745034783397127,28.319405756731662,281,305,187,1077,147.006296,1681.025858,high_coverage,provisional
14800601,"Sydvästra Göteborg, Högsbohöjd Norra",Göteborg,Västra Götaland,2026,2025,24.8873959386351,20.535714285714285,280,230,125,1120,456.572704,1834.553945,high_coverage,provisional
14800602,"Sydvästra Göteborg, Högsbohöjd Södra",Göteborg,Västra Götaland,2026,2025,16.128298414622346,24.930232558139537,310,268,166,1075,202.127417,1253.247006,high_coverage,provisional
14800603,"Sydvästra Göteborg, Högsbohöjd Östra",Göteborg,Västra Götaland,2026,2025,17.18558097824973,33.1151832460733,215,253,101,764,412.357476,2399.438672,high_coverage,provisional
14800604,"Sydvästra Göteborg, Högsbotorp V",Göteborg,Västra Götaland,2026,2025,12.496397914173901,18.799212598425196,267,191,178,1016,165.426753,1323.795498,high_coverage,provisional
14800605,"Sydvästra Göteborg, Högsbotorp S",Göteborg,Västra Götaland,2026,2025,16.036434180898727,27.019867549668874,219,204,103,755,229.525613,1431.275871,high_coverage,provisional
14800606,"Sydvästra Göteborg, Högsbo",Göteborg,Västra Götaland,2026,2025,17.490537977485367,25.0,248,186,64,744,199.198629,1138.893665,high_coverage,provisional
14800607,"Sydvästra Göteborg, Högsbotorp Östra",Göteborg,Västra Götaland,2026,2025,15.015453386875963,21.601016518424398,224,170,96,787,168.177224,1120.027612,high_coverage,provisional
14800608,"Sydvästra Göteborg, Marklandsgatan",Göteborg,Västra Götaland,2026,2025,15.356054806892695,17.906976744186046,241,154,84,860,255.586411,1664.401529,high_coverage,provisional
14800609,"Sydvästra Göteborg, Kapplandsgatan",Göteborg,Västra Götaland,2026,2025,14.006065636561111,16.196319018404907,240,132,90,815,142.459551,1017.127541,high_coverage,provisional
14800610,"Sydvästra Göteborg, Flatås Västra",Göteborg,Västra Götaland,2026,2025,17.805185036718214,17.32418524871355,301,202,100,1166,273.612803,1536.702946,high_coverage,provisional
14800611,"Sydvästra Göteborg, Flatås Södra",Göteborg,Västra Götaland,2026,2025,17.451487445689047,14.003759398496241,311,149,98,1064,339.373224,1944.666465,high_coverage,provisional
14800612,"Sydvästra Göteborg, Kaverös Norra",Göteborg,Västra Götaland,2026,2025,21.151312157878728,26.72998643147897,224,197,88,737,271.693538,1284.523324,high_coverage,provisional
14800613,"Sydvästra Göteborg, Kavås",Göteborg,Västra Götaland,2026,2025,12.720004900820188,14.90872210953347,284,147,151,986,208.421592,1638.533897,high_coverage,provisional
14800614,"Sydvästra Göteborg, Kaverös Södra",Göteborg,Västra Götaland,2026,2025,9.215615014815544,12.903225806451612,238,124,116,961,112.764257,1223.621612,high_coverage,provisional
14800615,"Sydvästra Göteborg, Altplatsen",Göteborg,Västra Götaland,2026,2025,26.985596388487963,17.988826815642458,294,161,61,895,226.716093,840.137419,high_coverage,provisional
14800616,"Sydvästra Göteborg, Ruddalen",Göteborg,Västra Götaland,2026,2025,19.43546202969846,13.470319634703197,285,118,68,876,418.364597,2152.583748,high_coverage,provisional
14800617,"Sydvästra Göteborg, Gånglåten",Göteborg,Västra Götaland,2026,2025,35.96121808137687,20.72072072072072,336,184,32,888,624.939109,1737.814074,high_coverage,provisional
14800618,"Sydvästra Göteborg, Frölunda",Göteborg,Västra Götaland,2026,2025,47.86341495525454,19.483315392895587,310,181,54,929,1298.700641,2713.347224,high_coverage,provisional
14800620,"Sydvästra Göteborg, Frölunda Torg",Göteborg,Västra Götaland,2026,2025,41.93923706325534,22.59953161592506,353,193,25,854,890.15537,2122.488229,high_coverage,provisional
14800621,"Sydvästra Göteborg, Positivparken",Göteborg,Västra Götaland,2026,2025,39.138826156721045,25.53956834532374,332,213,49,834,710.954111,1816.493188,high_coverage,provisional
14800622,"Sydvästra Göteborg, Spinetten",Göteborg,Västra Götaland,2026,2025,30.20840328594646,22.340425531914892,258,168,34,752,393.24517,1301.7741,high_coverage,provisional
14800623,"Sydvästra Göteborg, Tofta",Göteborg,Västra Götaland,2026,2025,24.52097141060645,23.458445040214478,270,175,31,746,369.040094,1504.997856,high_coverage,provisional
14800624,"Sydvästra Göteborg, Järnbrott Västra",Göteborg,Västra Götaland,2026,2025,13.155081240027501,14.545454545454545,276,128,61,880,167.128401,1270.447502,high_coverage,provisional
14800625,"Sydvästra Göteborg, Järnbrott Östra",Göteborg,Västra Götaland,2026,2025,13.76474264732281,13.373493975903614,260,111,50,830,189.953406,1379.999691,high_coverage,provisional
14800626,"Sydvästra Göteborg, Järnbrott Södra",Göteborg,Västra Götaland,2026,2025,13.440533906358322,9.647302904564315,285,93,93,964,218.493927,1625.634283,high_coverage,provisional
14800627,"Sydvästra Göteborg, Flatås Östra",Göteborg,Västra Götaland,2026,2025,15.326579789986896,12.142038946162657,243,106,65,873,249.681526,1629.075302,high_coverage,provisional
14800628,"Sydvästra Göteborg, Sisjön Norra",Göteborg,Västra Götaland,2026,2025,19.044185658225306,8.355795148247978,264,93,54,1113,379.040196,1990.31979,high_coverage,provisional
14800629,"Sydvästra Göteborg, Pilegården",Göteborg,Västra Götaland,2026,2025,24.05398048964012,12.91866028708134,307,135,45,1045,384.946466,1600.344135,high_coverage,provisional
14800630,"Sydvästra Göteborg, Kobbegården",Göteborg,Västra Götaland,2026,2025,24.37991630939115,11.03448275862069,185,80,30,725,241.34217,989.922061,high_coverage,provisional
14800631,"Sydvästra Göteborg, Askim",Göteborg,Västra Götaland,2026,2025,11.535210860583588,4.857444561774023,178,46,50,947,156.35577,1355.465209,high_coverage,provisional
14800632,"Sydvästra Göteborg, Sisjön Västra",Göteborg,Västra Götaland,2026,2025,11.285916376689835,3.9959016393442623,142,39,66,976,237.618041,2105.438611,high_coverage,provisional
14800633,"Sydvästra Göteborg, Sisjön Södra",Göteborg,Västra Götaland,2026,2025,11.027776279192178,2.2988505747126435,126,24,60,1044,237.917848,2157.441736,high_coverage,provisional
14800634,"Sydvästra Göteborg, Trollåsen",Göteborg,Västra Götaland,2026,2025,10.262221353506199,1.6725352112676057,125,19,32,1136,190.759367,1858.850637,high_coverage,provisional
14800635,"Sydvästra Göteborg, Lyckhem",Göteborg,Västra Götaland,2026,2025,7.950331587900764,2.455357142857143,133,22,42,896,83.020231,1044.236081,high_coverage,provisional
14800636,"Sydvästra Göteborg, Lindås",Göteborg,Västra Götaland,2026,2025,2.735429428570673,2.106318956870612,130,21,35,997,45.192963,1652.134123,high_coverage,provisional
14800637,"Sydvästra Göteborg, Billdal Södra",Göteborg,Västra Götaland,2026,2025,2.3708483732118055,1.0964912280701755,126,10,70,912,27.214907,1147.897407,high_coverage,provisional
14800638,"Sydvästra Göteborg, Billdal Norra",Göteborg,Västra Götaland,2026,2025,2.421882224495092,1.419698314108252,121,16,56,1127,39.834209,1644.762433,high_coverage,provisional
14800639,"Sydvästra Göteborg, Nygård",Göteborg,Västra Götaland,2026,2025,4.850363542087731,2.095808383233533,180,21,62,1002,79.256852,1634.039414,high_coverage,provisional
14800640,"Sydvästra Göteborg, Skintebo Västra",Göteborg,Västra Götaland,2026,2025,2.8950959899928814,3.2740879326473338,193,35,74,1069,48.949529,1690.773956,high_coverage,provisional
14800641,"Sydvästra Göteborg, Skintebo Östra",Göteborg,Västra Götaland,2026,2025,8.238331216432712,4.1807909604519775,164,37,50,885,172.995435,2099.884436,high_coverage,provisional
14800642,"Sydvästra Göteborg, Uggleberget",Göteborg,Västra Götaland,2026,2025,10.463121503742016,3.854875283446712,140,34,27,882,59.132718,565.153697,high_coverage,provisional
14800643,"Sydvästra Göteborg, Brottkärr Östra",Göteborg,Västra Götaland,2026,2025,7.289396314611706,2.9934518241347052,168,32,50,1069,144.633752,1984.166394,high_coverage,provisional
14800644,"Sydvästra Göteborg, Brottkärr Västra",Göteborg,Västra Götaland,2026,2025,5.377313950492013,1.1811023622047243,93,12,33,1016,73.036286,1358.229902,high_coverage,provisional
14800645,"Sydvästra Göteborg, Hovås Södra",Göteborg,Västra Götaland,2026,2025,4.928368666607043,0.9633911368015414,68,10,13,1038,72.318783,1467.397995,high_coverage,provisional
14800646,"Sydvästra Göteborg, Hovås Norra",Göteborg,Västra Götaland,2026,2025,11.423816978525789,6.189555125725338,161,64,63,1034,199.457344,1745.978112,high_coverage,provisional
14800647,"Sydvästra Göteborg, Hult",Göteborg,Västra Götaland,2026,2025,6.323045417098496,3.1578947368421053,179,33,61,1045,102.460305,1620.426523,high_coverage,provisional
14800701,"Västra Göteborg, Långedrag Västra",Göteborg,Västra Götaland,2026,2025,4.893063892081084,1.378579003181336,76,13,34,943,70.905808,1449.108566,high_coverage,provisional
14800702,"Västra Göteborg, Långedrag Östra",Göteborg,Västra Götaland,2026,2025,5.288822663887328,2.819956616052061,109,26,55,922,54.10345,1022.9772,high_coverage,provisional
14800703,"Västra Göteborg, Tångudden",Göteborg,Västra Götaland,2026,2025,6.028452349847017,2.5477707006369426,109,24,85,942,88.61363,1469.923371,high_coverage,provisional
14800704,"Västra Göteborg, Hagen Norra",Göteborg,Västra Götaland,2026,2025,5.279312455194399,5.528846153846154,129,46,72,832,50.335132,953.441048,high_coverage,provisional
14800705,"Västra Göteborg, Nya Varvet",Göteborg,Västra Götaland,2026,2025,4.241122504571648,10.154905335628227,257,118,140,1162,50.530268,1191.436181,high_coverage,provisional
14800706,"Västra Göteborg, Kungsten",Göteborg,Västra Götaland,2026,2025,5.417454641055152,9.574468085106384,193,90,149,940,84.042343,1551.325273,high_coverage,provisional
14800707,"Västra Göteborg, Ekebäck",Göteborg,Västra Götaland,2026,2025,11.594523087086857,7.996406109613657,246,89,160,1113,221.561154,1910.912181,high_coverage,provisional
14800708,"Västra Göteborg, Hagen Södra",Göteborg,Västra Götaland,2026,2025,5.169072757935904,4.391891891891892,151,39,78,888,68.664094,1328.363852,high_coverage,provisional
14800709,"Västra Göteborg, Grimmered",Göteborg,Västra Götaland,2026,2025,6.3106903074872704,4.682622268470343,206,45,130,961,90.627251,1436.090928,high_coverage,provisional
14800710,"Västra Göteborg, Påvelund",Göteborg,Västra Götaland,2026,2025,5.502108682413847,4.266389177939646,193,41,86,961,94.530705,1718.081384,high_coverage,provisional
14800711,"Västra Göteborg, Björnekulla",Göteborg,Västra Götaland,2026,2025,4.6672978979761774,3.7037037037037037,199,35,65,945,68.37829,1465.050903,high_coverage,provisional
14800712,"Västra Göteborg, Osberget",Göteborg,Västra Götaland,2026,2025,4.630851376352438,3.711340206185567,154,36,72,970,50.673054,1094.249197,high_coverage,provisional
14800713,"Västra Göteborg, Källängen",Göteborg,Västra Götaland,2026,2025,3.0705945950705913,1.6649323621227887,157,16,57,961,48.050303,1564.85337,high_coverage,provisional
14800714,"Västra Göteborg, Fiskebäck",Göteborg,Västra Götaland,2026,2025,3.4120821976266544,1.5037593984962405,119,14,34,931,48.27095,1414.70654,high_coverage,provisional
14800715,"Västra Göteborg, Bratthammar",Göteborg,Västra Götaland,2026,2025,3.926174465496358,2.169421487603306,182,21,51,968,33.542639,854.333889,high_coverage,provisional
14800716,"Västra Göteborg, Tynnered Södra",Göteborg,Västra Götaland,2026,2025,14.584668384202066,7.543103448275862,207,70,58,928,283.474821,1943.64941,high_coverage,provisional
14800717,"Västra Göteborg, Tynnered Norra",Göteborg,Västra Götaland,2026,2025,10.83131752180096,6.40279394644936,225,55,42,859,235.308418,2172.481949,high_coverage,provisional
14800718,"Västra Göteborg, Guldringen m fl",Göteborg,Västra Götaland,2026,2025,14.309686542129484,10.244988864142538,252,92,48,898,147.312965,1029.463256,high_coverage,provisional
14800719,"Västra Göteborg, Tynnered Östra",Göteborg,Västra Götaland,2026,2025,25.089288089733415,18.440463645943098,299,175,39,949,476.455746,1899.040516,high_coverage,provisional
14800720,"Västra Göteborg, Skattegården",Göteborg,Västra Götaland,2026,2025,36.23371297925212,24.591947769314473,342,226,21,919,712.121976,1965.357446,high_coverage,provisional
14800722,"Västra Göteborg, Ängås",Göteborg,Västra Götaland,2026,2025,37.35779915350044,26.88330871491876,236,182,34,677,498.623918,1334.725089,high_coverage,provisional
14800723,"Västra Göteborg, Topasgatan",Göteborg,Västra Götaland,2026,2025,33.80273430837974,29.711141678129298,304,216,25,727,325.495363,962.926135,high_coverage,provisional
14800724,"Västra Göteborg, Korsåsen",Göteborg,Västra Götaland,2026,2025,25.958458402350384,6.307222787385554,234,62,80,983,569.271457,2193.009493,high_coverage,provisional
14800725,"Västra Göteborg, Opaltorget Norra",Göteborg,Västra Götaland,2026,2025,31.98768361107912,19.576059850374065,238,157,37,802,657.904789,2056.74408,high_coverage,provisional
14800726,"Västra Göteborg, Opaltorget Södra",Göteborg,Västra Götaland,2026,2025,30.875013495592686,27.538071065989847,219,217,58,788,415.327335,1345.189161,high_coverage,provisional
14800727,"Västra Göteborg, Grevegården",Göteborg,Västra Götaland,2026,2025,39.57769100705409,24.56140350877193,375,252,50,1026,920.03151,2324.621489,high_coverage,provisional
14800728,"Västra Göteborg, Önnered Norra",Göteborg,Västra Götaland,2026,2025,16.389169850713134,7.781649245063879,204,67,38,861,262.414498,1601.145759,high_coverage,provisional
14800729,"Västra Göteborg, Önnered Östra",Göteborg,Västra Götaland,2026,2025,6.740518299670966,5.316973415132924,238,52,78,978,108.47636,1609.317788,high_coverage,provisional
14800730,"Västra Göteborg, Önnered Västra",Göteborg,Västra Götaland,2026,2025,3.588010891089489,2.391304347826087,168,22,51,920,44.145896,1230.372408,high_coverage,provisional
14800731,"Västra Göteborg, Åkered",Göteborg,Västra Götaland,2026,2025,4.898076662065506,3.3763654419066533,149,34,49,1007,87.898081,1794.542778,high_coverage,provisional
14800732,"Västra Göteborg, Välen",Göteborg,Västra Götaland,2026,2025,5.513145175749778,3.736479842674533,197,38,53,1017,84.92649,1540.436308,high_coverage,provisional
14800733,"Västra Göteborg, Näset Norra",Göteborg,Västra Götaland,2026,2025,5.73511921304225,1.4031805425631432,156,15,56,1069,80.101736,1396.688247,high_coverage,provisional
14800734,"Västra Göteborg, Näset Södra",Göteborg,Västra Götaland,2026,2025,5.714285652028698,1.9,109,19,37,1000,76.050767,1330.888437,high_coverage,provisional
14800735,"Västra Göteborg, Donsö-Vrångö",Göteborg,Västra Götaland,2026,2025,2.313071630739269,4.024297646165528,180,53,97,1317,42.998447,1858.93279,high_coverage,provisional
14800736,"Västra Göteborg, Styrsö-Köpstadsö",Göteborg,Västra Götaland,2026,2025,2.7442911310175226,8.880666049953746,230,96,147,1081,40.814093,1487.236268,high_coverage,provisional
14800737,"Västra Göteborg, Brännö-Asperö",Göteborg,Västra Götaland,2026,2025,3.132350158904606,12.144420131291028,191,111,212,914,42.187463,1346.831001,high_coverage,provisional
14800801,"Västra Hisingen, Länsmansgården Ö",Göteborg,Västra Götaland,2026,2025,40.64750437060904,36.76470588235294,254,250,17,680,663.175785,1631.52891,high_coverage,provisional
14800802,"Västra Hisingen, Svartedalen Norra",Göteborg,Västra Götaland,2026,2025,29.715175437894853,27.2294887039239,325,229,39,841,950.299292,3198.02686,high_coverage,provisional
14800803,"Västra Hisingen, Väderbodarna m fl",Göteborg,Västra Götaland,2026,2025,36.13953708312542,27.913669064748202,345,194,21,695,312.122267,863.65873,high_coverage,provisional
14800804,"Västra Hisingen, Önskevädersg. m fl",Göteborg,Västra Götaland,2026,2025,18.67264808085025,23.090586145648313,247,130,23,563,111.288394,595.996848,high_coverage,provisional
14800805,"Västra Hisingen, Svartedalen Södra",Göteborg,Västra Götaland,2026,2025,31.056806423372116,23.00163132137031,244,141,30,613,488.325431,1572.362027,high_coverage,provisional
14800806,"Västra Hisingen, Kärrmossen",Göteborg,Västra Götaland,2026,2025,18.804964917064034,12.349397590361447,335,123,127,996,304.299064,1618.184694,high_coverage,provisional
14800807,"Västra Hisingen, Jättesten",Göteborg,Västra Götaland,2026,2025,24.639803628330068,17.976318622174382,305,167,59,929,717.048852,2910.124053,high_coverage,provisional
14800808,"Västra Hisingen, Treröset",Göteborg,Västra Götaland,2026,2025,42.575560645774054,35.63748079877112,273,232,23,651,1044.773537,2453.927843,high_coverage,provisional
14800809,"Västra Hisingen, Vårväderstorget",Göteborg,Västra Götaland,2026,2025,42.252032701237695,25.920245398773005,289,169,25,652,830.847824,1966.409119,high_coverage,provisional
14800811,"Västra Hisingen, Biskopsgården Södra",Göteborg,Västra Götaland,2026,2025,34.9318403675395,26.246719160104988,360,200,31,762,699.237817,2001.720521,high_coverage,provisional
14800812,"Västra Hisingen, Väderlekstorget",Göteborg,Västra Götaland,2026,2025,43.45540010132149,31.372549019607842,252,208,22,663,931.615757,2143.843469,high_coverage,provisional
14800813,"Västra Hisingen, Biskopsgården Norra",Göteborg,Västra Götaland,2026,2025,48.30442308508267,40.360169491525426,411,381,35,944,550.431025,1139.504397,high_coverage,provisional
14800814,"Västra Hisingen, Svarte Mosse",Göteborg,Västra Götaland,2026,2025,50.11853104722691,41.0,336,287,18,700,1775.031693,3541.667435,high_coverage,provisional
14800816,"Västra Hisingen, Länsmansgården S",Göteborg,Västra Götaland,2026,2025,48.37721272935092,38.21733821733822,375,313,25,819,1151.708074,2380.682989,high_coverage,provisional
14800818,"Västra Hisingen, Länsmansgården C",Göteborg,Västra Götaland,2026,2025,35.33870332538875,30.284301606922128,356,245,30,809,771.296792,2182.583738,high_coverage,provisional
14800819,"Västra Hisingen, Länsmansgården N",Göteborg,Västra Götaland,2026,2025,28.408949838605082,25.814863102998697,292,198,30,767,513.897472,1808.928084,high_coverage,provisional
14800820,"Västra Hisingen, Amhult-Arendal",Göteborg,Västra Götaland,2026,2025,10.619825049246835,2.990033222591362,262,27,18,903,204.639281,1926.955294,high_coverage,provisional
14800821,"Västra Hisingen, Andalen",Göteborg,Västra Götaland,2026,2025,3.29159240316333,0.8928571428571429,176,9,36,1008,45.834274,1392.465056,high_coverage,provisional
14800822,"Västra Hisingen, Hjuvik",Göteborg,Västra Götaland,2026,2025,4.026056284480181,1.2218045112781954,125,13,45,1064,61.774258,1534.36151,high_coverage,provisional
14800823,"Västra Hisingen, Hällsvik",Göteborg,Västra Götaland,2026,2025,3.58267472861857,2.4539877300613497,164,28,41,1141,58.302242,1627.338411,high_coverage,provisional
14800824,"Västra Hisingen, Trånget",Göteborg,Västra Götaland,2026,2025,3.891390759086528,1.446480231436837,157,15,53,1037,59.708676,1534.37883,high_coverage,provisional
14800825,"Västra Hisingen, Tumlehed",Göteborg,Västra Götaland,2026,2025,3.0383144260384896,2.650356778797146,196,26,58,981,60.208411,1981.638585,high_coverage,provisional
14800826,"Västra Hisingen, Torslanda Röd",Göteborg,Västra Götaland,2026,2025,4.339071501317529,3.1707317073170733,175,26,38,820,62.240873,1434.428379,high_coverage,provisional
14800827,"Västra Hisingen, Gossbydal",Göteborg,Västra Götaland,2026,2025,3.487950216232341,2.4364406779661016,158,23,42,944,50.104081,1436.490715,high_coverage,provisional
14800828,"Västra Hisingen, Nolered",Göteborg,Västra Götaland,2026,2025,8.63733279973373,4.158790170132325,245,44,52,1058,114.444529,1324.998488,high_coverage,provisional
14800829,"Västra Hisingen, Torslanda Torg",Göteborg,Västra Götaland,2026,2025,4.01220055979445,3.176470588235294,253,27,27,850,41.871548,1043.605557,high_coverage,provisional
14800830,"Västra Hisingen, Torslanda",Göteborg,Västra Götaland,2026,2025,3.635619363854093,3.003875968992248,279,31,44,1032,36.388888,1000.899279,high_coverage,provisional
14800831,"Västra Hisingen, Domarringen m fl",Göteborg,Västra Götaland,2026,2025,3.952054407022625,3.4722222222222223,214,35,41,1008,67.542596,1709.050257,high_coverage,provisional
14800832,"Västra Hisingen, Änghagen",Göteborg,Västra Götaland,2026,2025,3.5062158128706806,3.3106134371957157,210,34,48,1027,47.440954,1353.052879,high_coverage,provisional
14800833,"Västra Hisingen, Älvegården",Göteborg,Västra Götaland,2026,2025,5.467662446442158,2.8523489932885906,219,34,40,1192,85.197736,1558.211335,high_coverage,provisional
14800834,"Västra Hisingen, Lilleby",Göteborg,Västra Götaland,2026,2025,3.3324274770658646,1.8311291963377416,179,18,46,983,52.754149,1583.054676,high_coverage,provisional
14800835,"Västra Hisingen, Kvisljungeby",Göteborg,Västra Götaland,2026,2025,5.146969729352478,3.361344537815126,209,40,43,1190,91.13131,1770.581814,high_coverage,provisional
14800836,"Västra Hisingen, Björlanda",Göteborg,Västra Götaland,2026,2025,4.011581113033051,3.2535885167464116,180,34,59,1045,83.788929,2088.675927,high_coverage,provisional
14800837,"Västra Hisingen, Nolvik",Göteborg,Västra Götaland,2026,2025,3.3967134333906968,3.110704483074108,212,34,40,1093,47.450479,1396.95267,high_coverage,provisional
14800901,"Centrala Hisingen, Kärrdalen",Göteborg,Västra Götaland,2026,2025,10.480643881690591,9.34959349593496,291,92,109,984,101.277913,966.332929,high_coverage,provisional
14800902,"Centrala Hisingen, Tolered Norra",Göteborg,Västra Götaland,2026,2025,14.546266875711606,9.97920997920998,230,96,142,962,224.313759,1542.070972,high_coverage,provisional
14800903,"Centrala Hisingen, Slätta Damm",Göteborg,Västra Götaland,2026,2025,14.655852185899128,17.05069124423963,282,148,63,868,218.168659,1488.611213,high_coverage,provisional
14800904,"Centrala Hisingen, Bjurslätt Norra",Göteborg,Västra Götaland,2026,2025,17.39167305542138,17.548076923076923,265,146,77,832,294.900309,1695.640828,high_coverage,provisional
14800905,"Centrala Hisingen, Hildedal",Göteborg,Västra Götaland,2026,2025,20.68994875861323,13.54625550660793,274,123,70,908,291.285033,1407.857682,high_coverage,provisional
14800906,"Centrala Hisingen, Tolered Södra",Göteborg,Västra Götaland,2026,2025,12.045723998013505,11.30524152106886,282,110,117,973,225.131019,1868.970425,high_coverage,provisional
14800907,"Centrala Hisingen, Tolered Östra",Göteborg,Västra Götaland,2026,2025,28.0241024866333,18.34862385321101,270,160,96,872,567.121225,2023.690947,high_coverage,provisional
14800908,"Centrala Hisingen, Flunsås",Göteborg,Västra Götaland,2026,2025,23.53263654082215,22.310756972111555,223,168,72,753,301.133491,1279.641958,high_coverage,provisional
14800909,"Centrala Hisingen, Wieselgrenspl.",Göteborg,Västra Götaland,2026,2025,23.371057996633247,22.22222222222222,252,180,82,810,287.534127,1230.300002,high_coverage,provisional
14800910,"Centrala Hisingen, Bjurslätt Södra",Göteborg,Västra Götaland,2026,2025,36.32895350975619,27.03962703962704,295,232,48,858,614.975777,1692.797941,high_coverage,provisional
14800912,"Centrala Hisingen, Kvillebäcken N",Göteborg,Västra Götaland,2026,2025,20.483227068243902,18.351063829787233,246,138,79,752,305.403441,1490.992801,high_coverage,provisional
14800913,"Centrala Hisingen, Kvillebäcken S",Göteborg,Västra Götaland,2026,2025,19.94033748474938,22.634271099744247,232,177,93,782,238.393897,1195.535919,high_coverage,provisional
14800914,"Centrala Hisingen, Kvillebäcken Ö",Göteborg,Västra Götaland,2026,2025,21.31484006595311,21.360381861575178,267,179,72,838,250.368754,1174.621781,high_coverage,provisional
14800915,"Centrala Hisingen, Vågmästareplatsen",Göteborg,Västra Götaland,2026,2025,24.10772062338302,13.106295149638802,313,127,60,969,246.630384,1023.034852,high_coverage,provisional
14800916,"Centrala Hisingen, Backaplan",Göteborg,Västra Götaland,2026,2025,29.327584916824648,13.676148796498905,306,125,57,914,426.703945,1454.957666,high_coverage,provisional
14800917,"Centrala Hisingen, Lundbyvassen",Göteborg,Västra Götaland,2026,2025,29.331177463513402,7.262569832402234,160,52,63,716,954.093427,3252.830297,high_coverage,provisional
14800918,"Centrala Hisingen, Porslinsfabriken",Göteborg,Västra Götaland,2026,2025,23.485729223801208,15.686274509803921,215,120,63,765,343.93099,1464.425425,high_coverage,provisional
14800919,"Centrala Hisingen, Brämaregården S",Göteborg,Västra Götaland,2026,2025,16.574238695352875,25.775978407557353,186,191,102,741,230.753446,1392.2416,high_coverage,provisional
14800920,"Centrala Hisingen, Kvillestaden",Göteborg,Västra Götaland,2026,2025,14.836431642398981,30.09478672985782,210,254,110,844,201.07848,1355.30217,high_coverage,provisional
14800921,"Centrala Hisingen, Brämaregården N",Göteborg,Västra Götaland,2026,2025,16.699199600974403,20.804438280166437,207,150,79,721,359.541257,2153.04485,high_coverage,provisional
14800922,"Centrala Hisingen, Rambergsstaden Ö",Göteborg,Västra Götaland,2026,2025,13.901869894616171,23.378212974296204,218,191,89,817,145.929677,1049.712579,high_coverage,provisional
14800923,"Centrala Hisingen, Rambergsstaden N",Göteborg,Västra Götaland,2026,2025,22.97368445039122,17.093023255813954,313,147,70,860,298.800901,1300.622465,high_coverage,provisional
14800924,"Centrala Hisingen, Rambergsvallen",Göteborg,Västra Götaland,2026,2025,24.027674514778656,22.83653846153846,289,190,60,832,324.526353,1350.635713,high_coverage,provisional
14800925,"Centrala Hisingen, Rambergsstaden S",Göteborg,Västra Götaland,2026,2025,36.76004496274114,27.938671209540033,193,164,39,587,831.264,2261.324764,high_coverage,provisional
14800926,"Centrala Hisingen, Kyrkbyn Norra",Göteborg,Västra Götaland,2026,2025,20.257488968173064,19.225251076040173,235,134,57,697,347.337514,1714.612875,high_coverage,provisional
14800927,"Centrala Hisingen, Lundby Norra",Göteborg,Västra Götaland,2026,2025,18.382232105515747,13.39522546419098,211,101,63,754,182.1316,990.802417,high_coverage,provisional
14800928,"Centrala Hisingen, Kyrkbyn Södra",Göteborg,Västra Götaland,2026,2025,18.171086241930613,24.246987951807228,203,161,75,664,138.46811,762.024395,high_coverage,provisional
14800929,"Centrala Hisingen, Lundby Södra",Göteborg,Västra Götaland,2026,2025,15.642175149978032,13.450937155457552,244,122,95,907,207.807926,1328.510415,high_coverage,provisional
14800930,"Centrala Hisingen, Bräcke Norra",Göteborg,Västra Götaland,2026,2025,13.31017566417832,10.479375696767,229,94,115,897,244.835782,1839.463191,high_coverage,provisional
14800931,"Centrala Hisingen, Bräcke Södra",Göteborg,Västra Götaland,2026,2025,11.792382730521346,10.767468499427263,260,94,91,873,173.665743,1472.694255,high_coverage,provisional
14800932,"Centrala Hisingen, Pölsebo-Bratterås",Göteborg,Västra Götaland,2026,2025,13.666342362459936,5.824284304047384,269,59,50,1013,279.54324,2045.48688,high_coverage,provisional
14800933,"Centrala Hisingen, Färjenäs",Göteborg,Västra Götaland,2026,2025,11.680178314990078,5.520169851380042,223,52,36,942,182.940627,1566.24858,high_coverage,provisional
14800934,"Centrala Hisingen, Eriksberg Västra",Göteborg,Västra Götaland,2026,2025,10.630367536363432,7.8817733990147785,283,80,50,1015,98.082412,922.662473,high_coverage,provisional
14800935,"Centrala Hisingen, Eriksberg Östra",Göteborg,Västra Götaland,2026,2025,12.245938156321797,4.990583804143126,251,53,58,1062,211.489989,1727.021534,high_coverage,provisional
14800936,"Centrala Hisingen, Sörhallsberget S",Göteborg,Västra Götaland,2026,2025,11.803668914035747,4.243542435424354,249,46,44,1084,138.289897,1171.584005,high_coverage,provisional
14800937,"Centrala Hisingen, Sörhallsberget N",Göteborg,Västra Götaland,2026,2025,11.894592030083594,5.784204671857619,254,52,55,899,166.096488,1396.403404,high_coverage,provisional
14800938,"Centrala Hisingen, Sannegården V",Göteborg,Västra Götaland,2026,2025,12.071368185637967,7.243243243243243,264,67,56,925,138.444025,1146.879317,high_coverage,provisional
14800939,"Centrala Hisingen, Sannegården Ö",Göteborg,Västra Götaland,2026,2025,11.927153281938145,4.609929078014185,212,39,50,846,70.707874,592.8311,high_coverage,provisional
14800940,"Centrala Hisingen, Lindholmen Södra",Göteborg,Västra Götaland,2026,2025,11.687994258340915,14.367816091954023,286,150,139,1044,209.718762,1794.309249,high_coverage,provisional
14800941,"Centrala Hisingen, Lindholmen Norra",Göteborg,Västra Götaland,2026,2025,19.871666301676385,13.407407407407407,300,181,87,1350,297.803449,1498.633504,high_coverage,provisional
14801001,"Norra Hisingen, Rödbo",Göteborg,Västra Götaland,2026,2025,7.561666450979501,5.034324942791762,181,44,37,874,140.641225,1859.923681,high_coverage,provisional
14801002,"Norra Hisingen, Mysterna-Svankälla",Göteborg,Västra Götaland,2026,2025,6.26118070849295,5.319148936170213,351,70,65,1316,117.829543,1881.906121,high_coverage,provisional
14801003,"Norra Hisingen, Gerrebacka-Ingebäck",Göteborg,Västra Götaland,2026,2025,8.860637712722781,6.787687450670876,372,86,58,1267,185.238422,2090.576638,high_coverage,provisional
14801004,"Norra Hisingen, Kärra Norra",Göteborg,Västra Götaland,2026,2025,10.143328901091502,7.891891891891892,337,73,29,925,150.66324,1485.34314,high_coverage,provisional
14801005,"Norra Hisingen, Kärra Östra",Göteborg,Västra Götaland,2026,2025,14.03354235230958,8.00942285041225,311,68,12,849,229.655885,1636.478369,high_coverage,provisional
14801006,"Norra Hisingen, Kärra Södra",Göteborg,Västra Götaland,2026,2025,16.390507307883865,7.707707707707708,310,77,41,999,275.960208,1683.658735,high_coverage,provisional
14801007,"Norra Hisingen, Kärra Västra",Göteborg,Västra Götaland,2026,2025,11.805539943880108,6.178010471204188,293,59,34,955,188.566728,1597.27322,high_coverage,provisional
14801008,"Norra Hisingen, Skogome",Göteborg,Västra Götaland,2026,2025,17.513067275726378,15.571776155717762,388,192,74,1233,413.550657,2361.383363,high_coverage,provisional
14801009,"Norra Hisingen, Åketorp",Göteborg,Västra Götaland,2026,2025,9.514402566204545,6.519742883379247,382,71,54,1089,147.113477,1546.218756,high_coverage,provisional
14801010,"Norra Hisingen, Bäckebol Norra",Göteborg,Västra Götaland,2026,2025,29.329510762449996,14.962962962962964,294,101,18,675,450.022645,1534.368059,high_coverage,provisional
14801011,"Norra Hisingen, Backadalen",Göteborg,Västra Götaland,2026,2025,28.50612918655505,15.880503144654089,251,101,21,636,461.319265,1618.316054,high_coverage,provisional
14801012,"Norra Hisingen, Bäckebol Södra",Göteborg,Västra Götaland,2026,2025,36.56076096829162,26.32794457274827,350,228,28,866,465.888985,1274.286893,high_coverage,provisional
14801013,"Norra Hisingen, Skälltorp",Göteborg,Västra Götaland,2026,2025,23.690219280443234,15.08313539192399,319,127,36,842,260.031707,1097.633179,high_coverage,provisional
14801014,"Norra Hisingen, Selma Lagerlöfs Torg",Göteborg,Västra Götaland,2026,2025,21.8416506614876,9.559748427672956,256,76,57,795,499.898456,2288.739362,high_coverage,provisional
14801015,"Norra Hisingen, Sankt Jörgen",Göteborg,Västra Götaland,2026,2025,11.858956594717972,7.658643326039387,294,70,69,914,167.584623,1413.148127,high_coverage,provisional
14801016,"Norra Hisingen, Backa Röd",Göteborg,Västra Götaland,2026,2025,35.23119104607908,25.683060109289617,378,235,27,915,712.303288,2021.797353,high_coverage,provisional
14801017,"Norra Hisingen, Julias Gata m fl",Göteborg,Västra Götaland,2026,2025,39.1741982444281,38.60232945091514,233,232,30,601,474.006459,1209.99658,high_coverage,provisional
14801018,"Norra Hisingen, Blendas Gata m fl",Göteborg,Västra Götaland,2026,2025,37.837545548951866,23.580786026200872,287,162,16,687,587.76362,1553.387281,high_coverage,provisional
14801019,"Norra Hisingen, Backa Södra",Göteborg,Västra Götaland,2026,2025,24.974872337862106,17.446270543615675,308,138,26,791,378.560813,1515.766759,high_coverage,provisional
14801020,"Norra Hisingen, Backa Norra",Göteborg,Västra Götaland,2026,2025,31.633156353007404,19.817997977755308,398,196,47,989,937.09386,2962.378618,high_coverage,provisional
14801021,"Norra Hisingen, Bällskär",Göteborg,Västra Götaland,2026,2025,21.30706810757807,11.27659574468085,355,106,31,940,268.562854,1260.44021,high_coverage,provisional
14801022,"Norra Hisingen, Tingstad",Göteborg,Västra Götaland,2026,2025,27.292813820821877,27.63938315539739,310,233,44,843,430.94457,1578.96717,high_coverage,provisional
14801023,"Norra Hisingen, Brunnsbo Södra",Göteborg,Västra Götaland,2026,2025,34.55899982496185,32.90183387270766,365,305,44,927,653.474877,1890.896381,high_coverage,provisional
14801025,"Norra Hisingen, Brunnsbo Norra",Göteborg,Västra Götaland,2026,2025,24.348696040563844,16.973415132924334,313,166,77,978,473.654,1945.295137,high_coverage,provisional
14801026,"Norra Hisingen, Aröd",Göteborg,Västra Götaland,2026,2025,30.943631394383065,13.123644251626898,269,121,75,922,629.106038,2033.071135,high_coverage,provisional
14801027,"Norra Hisingen, Tuve Södra",Göteborg,Västra Götaland,2026,2025,11.405528969984337,8.47107438016529,265,82,58,968,226.787515,1988.399798,high_coverage,provisional
14801028,"Norra Hisingen, Gunnestorp",Göteborg,Västra Götaland,2026,2025,11.424756867148862,8.072289156626505,288,67,53,830,232.70522,2036.850523,high_coverage,provisional
14801029,"Norra Hisingen, Arvesgärde m fl",Göteborg,Västra Götaland,2026,2025,14.20499626584102,8.424507658643327,310,77,39,914,210.806446,1484.030281,high_coverage,provisional
14801030,"Norra Hisingen, Glöstorp",Göteborg,Västra Götaland,2026,2025,12.439072423928078,9.008097165991902,315,89,55,988,168.22343,1352.379215,high_coverage,provisional
14801031,"Norra Hisingen, Tuve Norra",Göteborg,Västra Götaland,2026,2025,24.41367806804678,19.587628865979383,225,133,38,679,333.128124,1364.514282,high_coverage,provisional
14801032,"Norra Hisingen, Norumshöjd",Göteborg,Västra Götaland,2026,2025,27.393985402265,24.056603773584907,222,153,37,636,352.059074,1285.16924,high_coverage,provisional
14801033,"Norra Hisingen, Tången",Göteborg,Västra Götaland,2026,2025,9.269367605055931,9.228039041703639,342,104,71,1127,184.402247,1989.372467,high_coverage,provisional
14801034,"Norra Hisingen, Säve",Göteborg,Västra Götaland,2026,2025,5.656250261907995,4.504504504504505,230,50,61,1110,97.682879,1726.990046,high_coverage,provisional
14810101,Stadshuset Södra,Mölndal,Västra Götaland,2026,2025,16.912988622882235,12.70860077021823,211,99,71,779,290.094028,1715.214469,high_coverage,provisional
14810102,Fässberg Östra,Mölndal,Västra Götaland,2026,2025,12.570815304120568,9.30232558139535,197,72,77,774,190.919314,1518.75045,high_coverage,provisional
14810103,Fässberg Västra,Mölndal,Västra Götaland,2026,2025,12.20815370299051,8.02547770700637,271,63,60,785,144.802718,1186.114801,high_coverage,provisional
14810104,Ekhaga,Mölndal,Västra Götaland,2026,2025,13.895522440951355,8.419083255378858,263,90,94,1069,281.69508,2027.236336,high_coverage,provisional
14810105,Västerberg,Mölndal,Västra Götaland,2026,2025,21.174904898310125,18.19221967963387,300,159,65,874,279.695206,1320.880577,high_coverage,provisional
14810106,Balltorp Västra,Mölndal,Västra Götaland,2026,2025,16.308509420201663,6.095679012345679,337,79,42,1296,485.128868,2974.697782,high_coverage,provisional
14810107,Broslätt Västra,Mölndal,Västra Götaland,2026,2025,12.272188930768563,7.702702702702703,228,57,50,740,335.146521,2730.943297,high_coverage,provisional
14810108,Åby Östra,Mölndal,Västra Götaland,2026,2025,14.597717082758606,13.183279742765274,188,82,29,622,182.872685,1252.748522,high_coverage,provisional
14810109,Åby Västra,Mölndal,Västra Götaland,2026,2025,21.287270390596696,10.539845758354756,277,82,25,778,224.418996,1054.24036,high_coverage,provisional
14810110,Toltorp Södra,Mölndal,Västra Götaland,2026,2025,9.599874965799957,7.462686567164179,232,70,113,938,144.237595,1502.494517,high_coverage,provisional
14810111,Bosgården Norra,Mölndal,Västra Götaland,2026,2025,13.365610283041958,7.908992416034669,240,73,76,923,254.035441,1900.664733,high_coverage,provisional
14810112,Toltorp Norra,Mölndal,Västra Götaland,2026,2025,14.422463452443711,5.448354143019296,178,48,91,881,233.163244,1616.667255,high_coverage,provisional
14810113,Krokslätt Södra,Mölndal,Västra Götaland,2026,2025,12.86106383639576,11.074918566775244,272,102,61,921,221.515343,1722.371849,high_coverage,provisional
14810114,Sörgården Östra,Mölndal,Västra Götaland,2026,2025,9.952839918167111,5.645161290322581,157,49,132,868,160.329083,1610.88779,high_coverage,provisional
14810115,Sörgården Västra,Mölndal,Västra Götaland,2026,2025,9.962723924757348,9.652509652509652,222,100,107,1036,145.50623,1460.506495,high_coverage,provisional
14810116,Eklanda Västra,Mölndal,Västra Götaland,2026,2025,7.548083423978156,4.98960498960499,222,48,88,962,129.534396,1716.123004,high_coverage,provisional
14810117,Balltorp Östra,Mölndal,Västra Götaland,2026,2025,21.172781599420333,12.995594713656388,265,118,40,908,368.707589,1741.42253,high_coverage,provisional
14810118,Broslätt Östra,Mölndal,Västra Götaland,2026,2025,16.416283558855124,12.900096993210475,298,133,59,1031,299.126319,1822.131775,high_coverage,provisional
14810119,Bosgården Södra,Mölndal,Västra Götaland,2026,2025,12.609465716425307,11.83574879227053,265,98,84,828,195.866117,1553.32606,high_coverage,provisional
14810120,Eklanda Östra,Mölndal,Västra Götaland,2026,2025,7.845504622613119,4.975609756097561,220,51,91,1025,142.037285,1810.428925,high_coverage,provisional
14810121,Stadshuset Norra,Mölndal,Västra Götaland,2026,2025,14.47259851918055,7.664233576642336,208,63,69,822,58.805946,406.326106,high_coverage,provisional
14810122,Stallbacken Östra,Mölndal,Västra Götaland,2026,2025,12.713704005367093,6.2015503875969,128,40,29,645,60.818525,478.369836,high_coverage,provisional
14810123,Stallbacken Västra,Mölndal,Västra Götaland,2026,2025,13.318976722768229,6.042654028436019,201,51,47,844,64.626451,485.220842,high_coverage,provisional
14810124,Krokslätt Norra,Mölndal,Västra Götaland,2026,2025,12.135374202980763,9.847434119278779,185,71,57,721,103.394585,852.009862,high_coverage,provisional
14810201,Hallen Norra,Mölndal,Västra Götaland,2026,2025,11.885783554013601,9.045848822800496,198,73,54,807,159.900794,1345.31134,high_coverage,provisional
14810202,Brattås Norra,Mölndal,Västra Götaland,2026,2025,21.831618265395765,12.742616033755274,349,151,45,1185,559.661279,2563.535475,high_coverage,provisional
14810203,Brattås Södra,Mölndal,Västra Götaland,2026,2025,10.435134640800571,7.481060606060606,319,79,67,1056,195.271043,1871.284365,high_coverage,provisional
14810204,Stretered,Mölndal,Västra Götaland,2026,2025,8.077077021435455,4.867256637168142,288,55,74,1130,164.295181,2034.092043,high_coverage,provisional
14810205,Hallen Södra,Mölndal,Västra Götaland,2026,2025,10.88421849361799,6.447831184056272,208,55,47,853,164.291087,1509.443118,high_coverage,provisional
14810301,Skånhälla Västra,Mölndal,Västra Götaland,2026,2025,4.462262684523359,3.0681818181818183,171,27,59,880,65.934704,1477.60696,high_coverage,provisional
14810302,Almås,Mölndal,Västra Götaland,2026,2025,15.033133724794933,10.045662100456621,260,88,61,876,255.262612,1698.000009,high_coverage,provisional
14810303,Valås,Mölndal,Västra Götaland,2026,2025,5.116727261301248,3.930131004366812,249,36,66,916,75.071442,1467.176931,high_coverage,provisional
14810304,Sinntorp Norra,Mölndal,Västra Götaland,2026,2025,4.231928824137044,3.9767216294859358,261,41,77,1031,66.643575,1574.780148,high_coverage,provisional
14810305,Hällesåker,Mölndal,Västra Götaland,2026,2025,2.5003079289706913,3.0901287553648067,217,36,73,1165,47.109197,1884.135808,high_coverage,provisional
14810306,Sinntorp Östra,Mölndal,Västra Götaland,2026,2025,4.635043148406443,4.824120603015075,265,48,59,995,73.406654,1583.731837,high_coverage,provisional
14810307,Skånhälla Bräcka,Mölndal,Västra Götaland,2026,2025,7.215129483334151,4.081632653061225,156,26,46,637,98.76487,1368.857901,high_coverage,provisional
14810308,Skånhälla Fågelsten,Mölndal,Västra Götaland,2026,2025,5.87876907016095,5.111524163568773,275,55,55,1076,88.969082,1513.396443,high_coverage,provisional
14810309,Sinntorp Västra,Mölndal,Västra Götaland,2026,2025,9.078298622276904,4.705882352941177,225,36,41,765,119.997611,1321.807268,high_coverage,provisional
14810401,Lackarebäck Norra,Mölndal,Västra Götaland,2026,2025,7.31319707475197,3.2169117647058822,200,35,101,1088,145.697334,1992.25226,high_coverage,provisional
14810402,Kvarnbyn Norra,Mölndal,Västra Götaland,2026,2025,14.032216064927054,8.233532934131736,176,55,57,668,330.556225,2355.695091,high_coverage,provisional
14810403,Glasberget Norra,Mölndal,Västra Götaland,2026,2025,5.105481516912669,6.347438752783964,263,57,140,898,68.724894,1346.100143,high_coverage,provisional
14810404,Rävekärr Norra,Mölndal,Västra Götaland,2026,2025,8.262628474087293,4.697986577181208,261,42,73,894,130.467734,1579.01005,high_coverage,provisional
14810405,Rävekärr Södra,Mölndal,Västra Götaland,2026,2025,15.15642212168781,9.289617486338798,281,85,43,915,246.305267,1625.088461,high_coverage,provisional
14810406,Lackarebäck Södra,Mölndal,Västra Götaland,2026,2025,5.550971681662884,3.7962962962962963,263,41,129,1080,79.472871,1431.692964,high_coverage,provisional
14810407,Glasberget Södra,Mölndal,Västra Götaland,2026,2025,9.185940130575675,7.524271844660194,224,62,84,824,130.18608,1417.231967,high_coverage,provisional
14810408,Kvarnbyn Södra,Mölndal,Västra Götaland,2026,2025,15.171075368535199,6.937561942517344,275,70,70,1009,109.53558,722.002741,high_coverage,provisional
14821150,Ingetorp-Skålldal-Lundby,Kungälv,Västra Götaland,2026,2025,3.1200300328888964,2.6761819803746656,231,30,56,1121,61.093433,1958.104004,high_coverage,provisional
14821151,Norrmannebo-Solberg-Duvesjön,Kungälv,Västra Götaland,2026,2025,2.5289069283716024,3.8751345532831003,163,36,27,929,35.904181,1419.750984,high_coverage,provisional
14821152,Diseröd-Häljeröd,Kungälv,Västra Götaland,2026,2025,4.936261205476833,4.448105436573312,277,54,64,1214,107.162546,2170.925353,high_coverage,provisional
14821153,Olseröd-Rävsal,Kungälv,Västra Götaland,2026,2025,5.2085917552061405,4.910714285714286,239,44,35,896,119.244913,2289.388737,high_coverage,provisional
14821154,Rishammar-Ullstorp,Kungälv,Västra Götaland,2026,2025,4.104422494307744,2.594142259414226,261,31,33,1195,68.492597,1668.751136,high_coverage,provisional
14821155,Ulvegärde-Munkegärde,Kungälv,Västra Götaland,2026,2025,5.961245962173103,4.153605015673981,393,53,49,1276,87.842736,1473.563355,high_coverage,provisional
14821156,Fridhem-Rostock-Marieberg,Kungälv,Västra Götaland,2026,2025,6.083247172767394,5.345622119815668,315,58,53,1085,146.703833,2411.604014,high_coverage,provisional
14821157,Centrum N,Kungälv,Västra Götaland,2026,2025,8.418163336976859,6.126295947219604,324,65,30,1061,125.068906,1485.703009,high_coverage,provisional
14821158,Kongahälla,Kungälv,Västra Götaland,2026,2025,10.048698165514685,8.05084745762712,252,76,30,944,67.409124,670.824448,high_coverage,provisional
14821159,Centrum S,Kungälv,Västra Götaland,2026,2025,4.770234132539445,4.689203925845147,300,43,40,917,62.075054,1301.299942,high_coverage,provisional
14821160,Tveten,Kungälv,Västra Götaland,2026,2025,7.851385931117127,5.39629005059022,401,64,73,1186,196.222925,2499.213855,high_coverage,provisional
14821161,Fontin-Gamla Staden,Kungälv,Västra Götaland,2026,2025,7.738902538207301,6.654343807763401,259,72,75,1082,107.721201,1391.944148,high_coverage,provisional
14829901,Kode,Kungälv,Västra Götaland,2026,2025,4.083389508209632,4.699093157460841,296,57,49,1213,81.491998,1995.694945,high_coverage,provisional
14829902,Solberga-Rörtången-Aröd,Kungälv,Västra Götaland,2026,2025,2.135962874849199,1.8156424581005586,296,26,88,1432,45.337181,2122.564092,high_coverage,provisional
14829903,Marstrand-Instön-Klåverön,Kungälv,Västra Götaland,2026,2025,2.167913465370738,2.1957913998170175,187,24,46,1093,34.323492,1583.250095,high_coverage,provisional
14829904,Tjuvkil-Tofta,Kungälv,Västra Götaland,2026,2025,2.2809173247591827,3.8102643856920686,243,49,84,1286,40.87298,1791.953595,high_coverage,provisional
14829905,Hålta-Lökeberg-Skårby,Kungälv,Västra Götaland,2026,2025,2.2295266707068184,3.045267489711934,233,37,73,1215,43.06092,1931.392908,high_coverage,provisional
14829906,Rollsbo-Bredsten-Vena,Kungälv,Västra Götaland,2026,2025,6.195652932291351,2.935222672064777,229,29,73,988,158.374941,2556.226805,high_coverage,provisional
14829907,Kärna-Staby,Kungälv,Västra Götaland,2026,2025,3.632148906849734,3.531438415159345,278,41,56,1161,75.296251,2073.049672,high_coverage,provisional
14829908,Torsby-Kovikshamn-Glose,Kungälv,Västra Götaland,2026,2025,1.9190375979922862,3.2729805013927575,300,47,106,1436,33.834317,1763.08776,high_coverage,provisional
14829909,Harestad-Ulvesund,Kungälv,Västra Götaland,2026,2025,3.1575450040531163,6.525573192239859,221,74,67,1134,66.962018,2120.698768,high_coverage,provisional
14829910,Tega,Kungälv,Västra Götaland,2026,2025,4.339419208641394,3.6396724294813465,222,40,51,1099,41.085409,946.795113,high_coverage,provisional
14829911,Sparrås-Nordtag,Kungälv,Västra Götaland,2026,2025,5.494595013437339,3.1279620853080567,255,33,86,1055,108.653218,1977.45635,high_coverage,provisional
14829912,Björkås-Tornhaga-Stället,Kungälv,Västra Götaland,2026,2025,7.2065311935393,9.92822966507177,205,83,45,836,111.150208,1542.353804,high_coverage,provisional
14829913,Ytterby C-Kastellegården,Kungälv,Västra Götaland,2026,2025,8.002899999567092,6.491063029162747,280,69,65,1063,129.145521,1613.734034,high_coverage,provisional
14829914,Grinden-Komarken V,Kungälv,Västra Götaland,2026,2025,16.56031364608536,8.387698042870456,343,90,65,1073,257.698022,1556.118003,high_coverage,provisional
14829915,Komarken N,Kungälv,Västra Götaland,2026,2025,21.509596609200305,17.738970588235293,460,193,24,1088,445.439401,2070.886819,high_coverage,provisional
14829916,Komarken S,Kungälv,Västra Götaland,2026,2025,8.4844922816155,7.612179487179487,411,95,55,1248,176.12441,2075.839121,high_coverage,provisional
14840101,Lysekil Kyrkvik,Lysekil,Västra Götaland,2026,2025,4.561968519211397,4.334677419354839,309,43,54,992,63.000804,1381.000411,high_coverage,provisional
14840102,Lysekil Bansvik,Lysekil,Västra Götaland,2026,2025,31.300151853077498,20.74074074074074,209,140,42,675,416.149398,1329.544342,high_coverage,provisional
14840103,Lysekil Centrum,Lysekil,Västra Götaland,2026,2025,10.12783836872939,6.382978723404255,363,60,42,940,144.114958,1422.958708,high_coverage,provisional
14840104,Lysekil Slätten,Lysekil,Västra Götaland,2026,2025,3.0084013319415854,3.9682539682539684,326,40,59,1008,38.152674,1268.204265,high_coverage,provisional
14840105,Lysekil Dalskogen,Lysekil,Västra Götaland,2026,2025,8.259580016120657,5.714285714285714,316,58,45,1015,116.408094,1409.370619,high_coverage,provisional
14840201,Lyse,Lysekil,Västra Götaland,2026,2025,3.446721255403242,4.1420118343195265,203,35,48,845,55.438325,1608.436566,high_coverage,provisional
14840301,Skaftö,Lysekil,Västra Götaland,2026,2025,1.4524328703374099,2.3299161230195713,239,25,72,1073,20.0,1376.999957,high_coverage,provisional
14840401,Bro,Lysekil,Västra Götaland,2026,2025,2.590190518011986,4.285714285714286,190,36,68,840,32.281217,1246.287359,high_coverage,provisional
14840501,Brastad väster,Lysekil,Västra Götaland,2026,2025,5.378648436405652,3.5469107551487413,288,31,31,874,65.931156,1225.794115,high_coverage,provisional
14840502,Brastad öster,Lysekil,Västra Götaland,2026,2025,4.701143978275292,4.853273137697517,285,43,41,886,71.523371,1521.403542,high_coverage,provisional
14850101,Äsperöd-Ängebacken,Uddevalla,Västra Götaland,2026,2025,6.796389263431661,4.880952380952381,240,41,38,840,144.339488,2123.76723,high_coverage,provisional
14850102,Stenbacken-Karlsberg,Uddevalla,Västra Götaland,2026,2025,10.624598949383435,9.051254089422029,240,83,44,917,178.003318,1675.388585,high_coverage,provisional
14850103,Hönseberget-Östberget,Uddevalla,Västra Götaland,2026,2025,26.79943711296314,5.931198102016608,237,50,51,843,670.33368,2501.29761,high_coverage,provisional
14850104,Kapelle,Uddevalla,Västra Götaland,2026,2025,4.335550738643998,5.489864864864865,364,65,69,1184,47.143732,1087.375857,high_coverage,provisional
14850105,Håljuteberget,Uddevalla,Västra Götaland,2026,2025,13.1656042056033,10.197710718002082,316,98,50,961,214.125324,1626.399523,high_coverage,provisional
14850106,Ridhuset-Folkets park,Uddevalla,Västra Götaland,2026,2025,9.79047885426869,5.598621877691645,436,65,36,1161,166.351695,1699.117045,high_coverage,provisional
14850107,Walkesborg-Bohusgården,Uddevalla,Västra Götaland,2026,2025,10.231258572145867,9.943181818181818,326,105,49,1056,197.026628,1925.732075,high_coverage,provisional
14850108,Kampenhof-Strömstadsvägen,Uddevalla,Västra Götaland,2026,2025,15.081215812132319,10.37117903930131,314,95,33,916,216.450505,1435.232462,high_coverage,provisional
14850109,Centrum-Margretegärde,Uddevalla,Västra Götaland,2026,2025,9.921329108532813,9.851694915254237,311,93,37,944,132.297867,1333.469191,high_coverage,provisional
14850110,Tureborg-Vadbacken,Uddevalla,Västra Götaland,2026,2025,18.637172827692897,26.01522842639594,297,205,32,788,220.771583,1184.576572,high_coverage,provisional
14850301,Berg-Simmersröd,Uddevalla,Västra Götaland,2026,2025,3.897958446576664,3.8767395626242545,227,39,103,1006,50.517978,1296.011199,high_coverage,provisional
14850302,Hälle-Skafteröd,Uddevalla,Västra Götaland,2026,2025,3.543372660452421,3.5608308605341246,266,36,80,1011,52.521444,1482.244433,high_coverage,provisional
14850303,Lyckorna-Grinneröd,Uddevalla,Västra Götaland,2026,2025,1.7968205401256607,3.5405192761605035,208,45,105,1271,38.6782,2152.591154,high_coverage,provisional
14850501,Ammenäs-Sund-Bratteröd,Uddevalla,Västra Götaland,2026,2025,2.5946558453259563,2.0030816640986133,291,26,59,1298,53.716686,2070.281733,high_coverage,provisional
14850502,Dramsvik-Forshälla-Stenshult,Uddevalla,Västra Götaland,2026,2025,2.0006330826526937,2.121771217712177,233,23,76,1084,32.684939,1633.729807,high_coverage,provisional
14850503,Ulvesund-Resteröd-Vassbovik,Uddevalla,Västra Götaland,2026,2025,3.060907410105506,2.5758969641214353,245,28,129,1087,52.856779,1726.833645,high_coverage,provisional
14850701,Bokenäs-Dragsmark,Uddevalla,Västra Götaland,2026,2025,3.003194453615378,5.09433962264151,233,54,65,1060,45.87201,1527.440554,high_coverage,provisional
14850901,Skredsvik-Hogstorp,Uddevalla,Västra Götaland,2026,2025,2.640597806411907,3.207547169811321,246,34,38,1060,43.470774,1646.247448,high_coverage,provisional
14850902,Högås-Sundsandvik,Uddevalla,Västra Götaland,2026,2025,2.629263885221999,3.483043079743355,268,38,30,1091,44.496489,1692.355387,high_coverage,provisional
14851001,Utby-Lanesund,Uddevalla,Västra Götaland,2026,2025,3.4886627713001666,2.551440329218107,266,31,42,1215,69.155353,1982.288273,high_coverage,provisional
14851002,Kissleberg-Smedseröd,Uddevalla,Västra Götaland,2026,2025,3.868901657733765,3.078358208955224,313,33,36,1072,80.406618,2078.280223,high_coverage,provisional
14851003,Källdal-Misteröd-Sunningen,Uddevalla,Västra Götaland,2026,2025,3.155769672233429,1.4296463506395787,374,19,56,1329,66.231585,2098.745849,high_coverage,provisional
14851101,Lane-Ryr,Uddevalla,Västra Götaland,2026,2025,1.6105017389098786,2.341463414634146,199,24,30,1025,24.717653,1534.779653,high_coverage,provisional
14851201,Unneröd-Ramneröd,Uddevalla,Västra Götaland,2026,2025,19.458327528013765,9.362279511533243,259,69,31,737,346.476588,1780.608264,high_coverage,provisional
14851202,Skogslyckan,Uddevalla,Västra Götaland,2026,2025,26.899555019229872,20.3125,337,169,15,832,348.8372,1296.814017,high_coverage,provisional
14851204,Karlsruhe-Elseberg,Uddevalla,Västra Götaland,2026,2025,13.347964973436278,12.104689203925846,265,111,28,917,212.378535,1591.09299,high_coverage,provisional
14851205,Hedegärde-Vännerberg,Uddevalla,Västra Götaland,2026,2025,11.725629508479553,11.928429423459244,262,120,59,1006,154.822591,1320.377647,high_coverage,provisional
14851206,Bleket-Södra Dalaberg-Vindfället,Uddevalla,Västra Götaland,2026,2025,24.413541773446795,12.584053794428435,445,131,44,1041,526.800749,2157.821892,high_coverage,provisional
14851207,Dalaberg-Norra Hovhult,Uddevalla,Västra Götaland,2026,2025,43.3967435739929,41.455160744500844,264,245,12,591,411.473458,948.166669,high_coverage,provisional
14851208,Hovhult,Uddevalla,Västra Götaland,2026,2025,31.33006593170488,17.54601226993865,358,143,18,815,536.474326,1712.330664,high_coverage,provisional
14851209,Fasseröd,Uddevalla,Västra Götaland,2026,2025,14.053626142400502,6.900328587075575,331,63,33,913,235.310853,1674.378204,high_coverage,provisional
14851210,Boxhult-Norra Unneröd,Uddevalla,Västra Götaland,2026,2025,14.781458455046424,11.09040074557316,419,119,38,1073,185.890954,1257.595484,high_coverage,provisional
14851211,Helenedal-Norra Uddevalla,Uddevalla,Västra Götaland,2026,2025,22.4814352317817,13.897596656217345,396,133,52,957,384.022493,1708.176053,high_coverage,provisional
14851212,Kurveröd,Uddevalla,Västra Götaland,2026,2025,7.228687488718653,3.0660377358490565,274,26,39,848,128.341935,1775.452808,high_coverage,provisional
14860101,Centrum nord,Strömstad,Västra Götaland,2026,2025,17.6873458903041,7.854984894259819,373,78,27,993,250.212855,1414.643308,high_coverage,provisional
14860102,Centrum syd,Strömstad,Västra Götaland,2026,2025,9.053349486236943,5.691854759568204,303,58,44,1019,172.474894,1905.094841,high_coverage,provisional
14860103,Strömstad södra,Strömstad,Västra Götaland,2026,2025,16.293443864282935,5.736981465136805,283,65,51,1133,383.516159,2353.806612,high_coverage,provisional
14860104,Seläter-Hällestrand,Strömstad,Västra Götaland,2026,2025,8.499360913760226,5.649717514124294,177,40,29,708,116.078754,1365.735085,high_coverage,provisional
14860105,Bojar,Strömstad,Västra Götaland,2026,2025,14.355707876198734,4.804469273743017,256,43,36,895,313.849668,2186.2361,high_coverage,provisional
14860203,Skee-Strömstad östra,Strömstad,Västra Götaland,2026,2025,6.95204614382983,4.88974113135187,211,51,19,1043,143.953771,2070.667657,high_coverage,provisional
14860401,Strömstad norra,Strömstad,Västra Götaland,2026,2025,9.744102321358806,8.787346221441124,116,50,38,569,132.35131,1358.270938,high_coverage,provisional
14860701,Tjärnö/Koster,Strömstad,Västra Götaland,2026,2025,3.5243704937229614,3.2457496136012365,164,21,72,647,31.563144,895.568274,high_coverage,provisional
14870101,Frändefors/Sundals Ryr,Vänersborg,Västra Götaland,2026,2025,2.1283053829974667,3.5294117647058822,276,54,34,1530,48.619292,2284.413336,high_coverage,provisional
14870102,Brålanda,Vänersborg,Västra Götaland,2026,2025,5.8025431169859845,3.1781226903178124,256,43,25,1353,123.824106,2133.962704,high_coverage,provisional
14870103,Vänerkusten,Vänersborg,Västra Götaland,2026,2025,2.381318547219666,3.102836879432624,222,35,46,1128,44.728083,1878.290624,high_coverage,provisional
14870104,Siviken/Väne Ryr,Vänersborg,Västra Götaland,2026,2025,2.0798609351314585,3.442622950819672,256,42,52,1220,37.585292,1807.106012,high_coverage,provisional
14870105,Blåsut,Vänersborg,Västra Götaland,2026,2025,3.0183625701118832,5.469327420546933,377,74,88,1353,50.517163,1673.661193,high_coverage,provisional
14870106,Öxnered/Vassända Naglum/Båberg,Vänersborg,Västra Götaland,2026,2025,3.057259156405076,3.6016949152542375,268,34,75,944,57.239908,1872.262215,high_coverage,provisional
14870107,Centrala Vänersborg norra,Vänersborg,Västra Götaland,2026,2025,4.865143723758897,5.873493975903615,445,78,64,1328,88.054857,1809.912759,high_coverage,provisional
14870108,Centrala Vänersborg,Vänersborg,Västra Götaland,2026,2025,7.221541827825982,9.894566098945662,417,122,57,1233,65.391897,905.511573,high_coverage,provisional
14870109,Centrala Vänersborg södra,Vänersborg,Västra Götaland,2026,2025,15.117342422790344,12.39109390125847,327,128,42,1033,346.091023,2289.364184,high_coverage,provisional
14870110,Holmängen,Vänersborg,Västra Götaland,2026,2025,8.473479579492228,7.423117709437964,310,70,41,943,188.79002,2228.010562,high_coverage,provisional
14870111,Lyckhem V/Fredriksberg/Centrum V,Vänersborg,Västra Götaland,2026,2025,11.585743185581947,9.050576752440106,352,102,55,1127,218.682219,1887.511362,high_coverage,provisional
14870112,Hedmanstorget/Mariero östra,Vänersborg,Västra Götaland,2026,2025,27.235978888193543,21.040723981900452,317,186,32,884,418.981076,1538.336763,high_coverage,provisional
14870113,Lyckhem södra/Tenggrenstorp,Vänersborg,Västra Götaland,2026,2025,13.349068564756227,13.595933926302415,273,107,20,787,154.294073,1155.84149,high_coverage,provisional
14870114,Flanaden,Vänersborg,Västra Götaland,2026,2025,33.14872682850241,32.357723577235774,265,199,11,615,583.769451,1761.061455,high_coverage,provisional
14870115,Torpa,Vänersborg,Västra Götaland,2026,2025,21.518364143858154,21.92,252,137,9,625,333.745819,1550.98137,high_coverage,provisional
14870116,Mariedal/Fridhem,Vänersborg,Västra Götaland,2026,2025,7.6475220799220205,7.945900253592561,384,94,60,1183,154.516123,2020.473055,high_coverage,provisional
14870117,Onsjö norra,Vänersborg,Västra Götaland,2026,2025,3.720937903200868,4.031677465802736,449,56,62,1389,63.426968,1704.596251,high_coverage,provisional
14870118,Onsjö södra,Vänersborg,Västra Götaland,2026,2025,3.44450934945494,4.62962962962963,289,40,43,864,49.044293,1423.839741,high_coverage,provisional
14870119,Brinketorp/Restad,Vänersborg,Västra Götaland,2026,2025,7.337186128022619,5.938242280285036,261,50,47,842,116.537407,1588.31199,high_coverage,provisional
14870120,Vargön norra/Nordkroken,Vänersborg,Västra Götaland,2026,2025,3.1295139905606577,3.8735177865612647,375,49,46,1265,58.219399,1860.333559,high_coverage,provisional
14870121,Vargön östra,Vänersborg,Västra Götaland,2026,2025,3.8723329756685057,6.289308176100629,288,60,25,954,68.842639,1777.807834,high_coverage,provisional
14870122,Centrala Vargön/Västra Tunhem,Vänersborg,Västra Götaland,2026,2025,5.098486682362848,8.074534161490684,331,91,49,1127,94.885407,1861.050404,high_coverage,provisional
14870123,Vänersnäs/Lilleskog,Vänersborg,Västra Götaland,2026,2025,2.8252531158875347,5.411030176899064,249,52,52,961,30.214618,1069.448179,high_coverage,provisional
14880106,Strömslund,Trollhättan,Västra Götaland,2026,2025,3.6787147395729365,3.3144704931285367,323,41,70,1237,74.953917,2037.502832,high_coverage,provisional
14880107,Torsred,Trollhättan,Västra Götaland,2026,2025,3.550282679692679,3.9244186046511627,369,54,75,1376,97.659669,2750.757554,high_coverage,provisional
14880108,Björndalen,Trollhättan,Västra Götaland,2026,2025,4.964029966484811,2.5,265,23,57,920,68.932606,1388.64202,high_coverage,provisional
14880109,Centrum N,Trollhättan,Västra Götaland,2026,2025,7.238231278260558,6.5055762081784385,412,70,44,1076,102.998707,1422.981707,high_coverage,provisional
14880110,Centrum V,Trollhättan,Västra Götaland,2026,2025,13.286029225272033,5.660377358490566,401,72,67,1272,235.408835,1771.852455,high_coverage,provisional
14880111,Centrum S,Trollhättan,Västra Götaland,2026,2025,9.278914670291865,9.170305676855895,379,105,34,1145,158.592356,1709.169247,high_coverage,provisional
14880113,Centrum Ö,Trollhättan,Västra Götaland,2026,2025,14.967566491153226,12.786259541984732,369,134,51,1048,253.998175,1696.990457,high_coverage,provisional
14880114,Hjortmossen,Trollhättan,Västra Götaland,2026,2025,16.828416568677905,12.667353244078269,362,123,42,971,211.383854,1256.112559,high_coverage,provisional
14880119,Skoftebyn N,Trollhättan,Västra Götaland,2026,2025,11.133472498697824,12.965050732807216,293,115,47,887,220.52882,1980.773025,high_coverage,provisional
14880120,Skoftebyn V,Trollhättan,Västra Götaland,2026,2025,5.036592141336894,4.343720491029273,343,46,79,1059,78.03727,1549.406182,high_coverage,provisional
14880125,Skogshöjden,Trollhättan,Västra Götaland,2026,2025,7.188425661208983,5.7505601194921585,417,77,53,1339,149.279851,2076.669608,high_coverage,provisional
14880135,Källstorp,Trollhättan,Västra Götaland,2026,2025,3.426674652524494,4.447115384615385,268,37,43,832,26.779686,781.506525,high_coverage,provisional
14880137,Skoftebyn Ö,Trollhättan,Västra Götaland,2026,2025,8.07899299274455,3.248730964467005,296,32,57,985,82.915486,1026.309666,high_coverage,provisional
14880327,Åsaka-Norra Björke,Trollhättan,Västra Götaland,2026,2025,1.6426317128251204,3.020408163265306,288,37,40,1225,33.000809,2009.02057,high_coverage,provisional
14880428,Halvorstorp,Trollhättan,Västra Götaland,2026,2025,4.187480909510434,2.781456953642384,440,42,48,1510,98.664029,2356.166658,high_coverage,provisional
14880429,Velanda,Trollhättan,Västra Götaland,2026,2025,8.347025702513532,3.727714748784441,352,46,43,1234,218.914893,2622.669449,high_coverage,provisional
14880530,Upphärad,Trollhättan,Västra Götaland,2026,2025,1.7256256656648872,3.5340314136125652,187,27,27,764,20.000002,1159.000031,high_coverage,provisional
14880632,Sjuntorp S,Trollhättan,Västra Götaland,2026,2025,3.1402168754855095,3.6117381489841986,232,32,35,886,41.487562,1321.168685,high_coverage,provisional
14880731,Sjuntorp N,Trollhättan,Västra Götaland,2026,2025,3.2116627418859998,3.9963669391462306,289,44,47,1101,58.435971,1819.492758,high_coverage,provisional
14880916,Karlstorp,Trollhättan,Västra Götaland,2026,2025,23.134327759122918,11.784140969162996,391,107,24,908,506.619333,2189.90298,high_coverage,provisional
14880917,Kronogården N,Trollhättan,Västra Götaland,2026,2025,44.44846175564358,33.445945945945944,254,198,10,592,423.812935,953.492918,high_coverage,provisional
14880918,Kronogården S,Trollhättan,Västra Götaland,2026,2025,42.2552364514922,31.049250535331907,451,290,20,934,932.277671,2206.300921,high_coverage,provisional
14880921,Sylte S,Trollhättan,Västra Götaland,2026,2025,15.84845107313858,16.449348044132396,402,164,30,997,201.973664,1274.406332,high_coverage,provisional
14880922,Sylte N,Trollhättan,Västra Götaland,2026,2025,32.25316894139505,26.28930817610063,287,209,24,795,577.586238,1790.789113,high_coverage,provisional
14880923,Lextorp N,Trollhättan,Västra Götaland,2026,2025,38.733304504921854,25.86015538290788,444,233,19,901,803.940619,2075.579735,high_coverage,provisional
14880924,Lextorp S,Trollhättan,Västra Götaland,2026,2025,22.331502367110932,20.22184300341297,590,237,25,1172,454.906055,2037.059789,high_coverage,provisional
14880936,Kronogården V,Trollhättan,Västra Götaland,2026,2025,47.58577036433795,40.38199181446112,320,296,13,733,1156.906887,2431.203442,high_coverage,provisional
14881001,Dannebacken,Trollhättan,Västra Götaland,2026,2025,6.05619731826994,6.207418622255867,484,82,47,1321,124.999722,2063.996852,high_coverage,provisional
14881002,Hjulkvarn,Trollhättan,Västra Götaland,2026,2025,4.324340289271286,4.540867810292633,305,45,52,991,64.0002,1479.999161,high_coverage,provisional
14881003,Stavre Ö,Trollhättan,Västra Götaland,2026,2025,4.888896787895775,3.171806167400881,344,36,65,1135,88.000203,1800.001244,high_coverage,provisional
14881004,Stavre V,Trollhättan,Västra Götaland,2026,2025,7.845489818668644,7.74378585086042,345,81,60,1046,129.999893,1657.001615,high_coverage,provisional
14881005,Sandhem,Trollhättan,Västra Götaland,2026,2025,3.3123319579188433,3.510140405616225,467,45,43,1282,63.000497,1901.998284,high_coverage,provisional
14881033,Tingvalla S,Trollhättan,Västra Götaland,2026,2025,12.196032753920528,6.010230179028133,242,47,38,782,255.123796,2091.858895,high_coverage,provisional
14881034,Tingvalla N,Trollhättan,Västra Götaland,2026,2025,12.19595612727164,9.004237288135593,334,85,40,944,70.877377,581.154739,high_coverage,provisional
14890101,Stora Mellby/Magra,Alingsås,Västra Götaland,2026,2025,2.232590266673671,3.5616438356164384,222,39,42,1095,38.265589,1713.954843,high_coverage,provisional
14890102,Erska/Sollebrunn,Alingsås,Västra Götaland,2026,2025,3.3990353523026067,3.633217993079585,294,42,31,1156,61.836305,1819.231005,high_coverage,provisional
14890103,Långared,Alingsås,Västra Götaland,2026,2025,2.116665938799561,3.4065934065934065,142,31,41,910,27.0341,1277.202014,high_coverage,provisional
14890104,Anten/Gräfsnäs,Alingsås,Västra Götaland,2026,2025,1.4319126960161939,5.324675324675325,179,41,61,770,15.783402,1102.260078,high_coverage,provisional
14890105,Tegelbruket/Simmenäs,Alingsås,Västra Götaland,2026,2025,4.014222630364565,4.9135577797998184,347,54,69,1099,68.965996,1718.041134,high_coverage,provisional
14890106,Kvarnbacken,Alingsås,Västra Götaland,2026,2025,5.071894036836654,5.701357466063349,338,63,78,1105,86.593153,1707.313922,high_coverage,provisional
14890107,Nolby V/Bolltorp,Alingsås,Västra Götaland,2026,2025,4.799411022998503,8.695652173913043,306,98,98,1127,87.005621,1812.839546,high_coverage,provisional
14890108,Nolby Ö/Rödene,Alingsås,Västra Götaland,2026,2025,5.605463822819382,5.835543766578249,380,66,95,1131,84.446482,1506.503024,high_coverage,provisional
14890109,Noltorp V,Alingsås,Västra Götaland,2026,2025,17.900471036106055,16.70020120724346,340,166,81,994,334.764681,1870.144536,high_coverage,provisional
14890110,Noltorp Ö,Alingsås,Västra Götaland,2026,2025,18.834096312849695,13.81578947368421,356,147,48,1064,319.860047,1698.303129,high_coverage,provisional
14890111,Stadsskogen,Alingsås,Västra Götaland,2026,2025,5.744183707430476,7.2146118721461185,282,79,71,1095,86.089235,1498.720086,high_coverage,provisional
14890112,Sörhaga,Alingsås,Västra Götaland,2026,2025,4.443848437722441,3.371647509578544,381,44,83,1305,79.458494,1788.055896,high_coverage,provisional
14890113,Kullingsberg,Alingsås,Västra Götaland,2026,2025,5.439433004434666,4.344453064391001,318,56,120,1289,76.970632,1415.04881,high_coverage,provisional
14890114,Centrum N,Alingsås,Västra Götaland,2026,2025,4.796614317578698,6.932409012131716,323,80,85,1154,82.163901,1712.956172,high_coverage,provisional
14890115,Centrum S/Tuvebo,Alingsås,Västra Götaland,2026,2025,6.685780911242944,7.90616854908775,312,91,73,1151,106.404762,1591.508358,high_coverage,provisional
14890116,Östlyckan/Brogården,Alingsås,Västra Götaland,2026,2025,18.244876286535018,13.654301499605367,458,173,72,1267,410.352084,2249.136018,high_coverage,provisional
14890117,Stockslycke/Holmalund,Alingsås,Västra Götaland,2026,2025,16.046445747655554,10.08729388942774,267,104,40,1031,246.415695,1535.640346,high_coverage,provisional
14890118,Bälinge,Alingsås,Västra Götaland,2026,2025,9.122941786127381,10.09771986970684,270,93,66,921,159.058556,1743.500723,high_coverage,provisional
14890119,Hemsjö/V Bodarne,Alingsås,Västra Götaland,2026,2025,3.0003865519771136,7.013201320132013,237,85,164,1212,59.069551,1968.731361,high_coverage,provisional
14890120,Dammen/Prästeryd,Alingsås,Västra Götaland,2026,2025,3.9383087679308075,4.510108864696734,377,58,98,1286,91.247815,2316.928925,high_coverage,provisional
14890121,Ängabo/Maryd,Alingsås,Västra Götaland,2026,2025,3.991354798940164,5.962264150943396,374,79,123,1325,72.132561,1807.21997,high_coverage,provisional
14890122,Ingared,Alingsås,Västra Götaland,2026,2025,2.907201703617115,5.8544303797468356,364,74,128,1264,48.89901,1681.995781,high_coverage,provisional
14890123,Hemsjö S,Alingsås,Västra Götaland,2026,2025,2.3993680952396867,4.2677824267782425,250,51,101,1195,52.311526,2180.220955,high_coverage,provisional
14890124,Ödenäs/Skaftared,Alingsås,Västra Götaland,2026,2025,2.5070827960181754,4.175824175824176,191,38,75,910,32.57852,1299.459278,high_coverage,provisional
14890125,Lövekulle,Alingsås,Västra Götaland,2026,2025,6.481610085972227,2.73972602739726,223,28,58,1022,119.305098,1840.670704,high_coverage,provisional
14900101,Aplared,Borås,Västra Götaland,2026,2025,2.2463736262458283,3.3665835411471323,159,27,40,802,24.87896,1107.516564,high_coverage,provisional
14900102,Bergsbo-Trandared,Borås,Västra Götaland,2026,2025,9.151554812905648,6.866952789699571,188,48,19,699,68.766477,751.418512,high_coverage,provisional
14900103,Bergsäter-Bergsbo,Borås,Västra Götaland,2026,2025,9.579829424283995,8.378378378378379,180,62,30,740,114.710123,1197.413001,high_coverage,provisional
14900104,Boda-Brämhult,Borås,Västra Götaland,2026,2025,24.86269179715346,10.776942355889725,266,86,36,798,310.067727,1247.120503,high_coverage,provisional
14900105,Brotorp,Borås,Västra Götaland,2026,2025,12.749028192052263,7.27069351230425,292,65,40,894,266.577041,2090.959695,high_coverage,provisional
14900106,Brämhult-Ön,Borås,Västra Götaland,2026,2025,9.287350682195973,5.4989816700611,275,54,37,982,134.718643,1450.560527,high_coverage,provisional
14900107,Brämhult-Kärra,Borås,Västra Götaland,2026,2025,9.971578291634732,5.176876617773943,335,60,50,1159,180.919027,1814.346954,high_coverage,provisional
14900108,Dalsjöfors Västra,Borås,Västra Götaland,2026,2025,3.852877256770506,4.225352112676056,224,36,38,852,54.109168,1404.383384,high_coverage,provisional
14900109,Dalsjöfors Östra,Borås,Västra Götaland,2026,2025,3.867169738232799,3.4261241970021414,260,32,42,934,60.715675,1570.028706,high_coverage,provisional
14900110,Dannike-Draered,Borås,Västra Götaland,2026,2025,3.1612286518492763,3.580901856763926,153,27,30,754,36.736733,1162.103,high_coverage,provisional
14900112,Gånghester,Borås,Västra Götaland,2026,2025,5.299404665077415,3.706972639011474,298,42,44,1133,91.949443,1735.090049,high_coverage,provisional
14900114,Hulta Östra,Borås,Västra Götaland,2026,2025,39.03194395100777,26.34088200238379,410,221,27,839,394.400449,1010.455563,high_coverage,provisional
14900115,Hässleholmen-Brämhult,Borås,Västra Götaland,2026,2025,19.943668925628096,10.767326732673267,277,87,47,808,361.440719,1812.308058,high_coverage,provisional
14900116,Hässleholmen-Distansgatan,Borås,Västra Götaland,2026,2025,41.19850664360515,29.43469785575049,239,151,33,513,893.218974,2168.085804,high_coverage,provisional
14900117,Hässleholmen-Tunnlandsgatan,Borås,Västra Götaland,2026,2025,42.71806666208728,33.557046979865774,295,200,23,596,660.209951,1545.505222,high_coverage,provisional
14900118,Hässleholmen-Våglängdsgatan,Borås,Västra Götaland,2026,2025,45.17547863245965,25.904761904761905,295,136,38,525,452.863323,1002.453846,high_coverage,provisional
14900119,Målsryd,Borås,Västra Götaland,2026,2025,4.211645827703204,5.430463576158941,204,41,28,755,51.231625,1216.427665,high_coverage,provisional
14900122,Svensgärde-Sörmarken,Borås,Västra Götaland,2026,2025,18.13085470649735,8.571428571428571,357,96,44,1120,360.916955,1990.622951,high_coverage,provisional
14900123,Trandared Södra,Borås,Västra Götaland,2026,2025,13.879735582036936,12.158469945355192,269,89,21,732,165.105981,1189.54702,high_coverage,provisional
14900124,Trandared Västra,Borås,Västra Götaland,2026,2025,10.923783397801836,8.767123287671232,231,64,28,730,185.094964,1694.42177,high_coverage,provisional
14900125,Trandared Östra,Borås,Västra Götaland,2026,2025,17.62459303566313,13.122721749696233,285,108,47,823,177.329662,1006.148974,high_coverage,provisional
14900126,Äspered-Rångedala,Borås,Västra Götaland,2026,2025,2.745389494307123,2.8933092224231465,228,32,61,1106,45.092017,1642.463377,high_coverage,provisional
14900168,Hulta Västra,Borås,Västra Götaland,2026,2025,30.34163661889064,11.832460732984293,384,113,41,955,576.506837,1900.05188,high_coverage,provisional
14900169,Dalsjöfors Centrum,Borås,Västra Götaland,2026,2025,2.6610806218062106,2.8430160692212607,269,23,25,809,36.201515,1360.406547,high_coverage,provisional
14900227,Bergdalen-Liljeberget,Borås,Västra Götaland,2026,2025,13.776205670354093,5.9569074778200255,242,47,43,789,170.111818,1234.823449,high_coverage,provisional
14900228,Bergdalen Södra,Borås,Västra Götaland,2026,2025,6.410574010645852,3.1578947368421053,186,27,40,855,61.073602,952.700989,high_coverage,provisional
14900229,Bosnäs-Viared,Borås,Västra Götaland,2026,2025,5.31466026856242,3.7735849056603774,196,32,36,848,82.809442,1558.13237,high_coverage,provisional
14900230,Centrum,Borås,Västra Götaland,2026,2025,14.821529863261452,6.169296987087518,180,43,22,697,215.386777,1453.202058,high_coverage,provisional
14900231,Centrum Norra,Borås,Västra Götaland,2026,2025,13.806580233997234,9.004092769440655,175,66,28,733,136.555454,989.060663,high_coverage,provisional
14900232,Centrum Östra,Borås,Västra Götaland,2026,2025,9.127215152375568,7.450980392156863,152,57,20,765,74.308267,814.139535,high_coverage,provisional
14900234,Druvefors Västra,Borås,Västra Götaland,2026,2025,22.520030307009613,9.692671394799055,236,82,47,846,244.280317,1084.724637,high_coverage,provisional
14900235,Druvefors Östra,Borås,Västra Götaland,2026,2025,17.280350926763404,16.646562123039807,240,138,37,829,331.892397,1920.634589,high_coverage,provisional
14900236,Göta,Borås,Västra Götaland,2026,2025,18.936373551120138,18.552036199095024,213,123,30,663,189.438185,1000.393156,high_coverage,provisional
14900237,Göta-Kristineberg,Borås,Västra Götaland,2026,2025,25.9797304203722,18.37270341207349,275,140,35,762,574.036804,2209.55643,high_coverage,provisional
14900238,Göta-Regementet,Borås,Västra Götaland,2026,2025,10.026187261500748,9.763617677286742,270,95,39,973,129.959369,1296.199299,high_coverage,provisional
14900242,Kristineberg,Borås,Västra Götaland,2026,2025,28.248988904610545,25.37037037037037,197,137,18,540,155.261814,549.619013,high_coverage,provisional
14900243,Lugnet,Borås,Västra Götaland,2026,2025,8.727207696067719,7.110091743119266,267,62,50,872,99.569796,1140.912414,high_coverage,provisional
14900244,Norrmalm-Sagavallen,Borås,Västra Götaland,2026,2025,12.534098305031765,8.762886597938145,198,68,47,776,132.157868,1054.38672,high_coverage,provisional
14900245,Norrmalm-Hornsgatan,Borås,Västra Götaland,2026,2025,9.868338819465418,6.708074534161491,199,54,39,805,120.275953,1218.80648,high_coverage,provisional
14900246,Norrmalm-Nedre,Borås,Västra Götaland,2026,2025,9.246144806725454,6.612529002320185,250,57,34,862,100.682501,1088.913305,high_coverage,provisional
14900247,Norrmalm-Kype,Borås,Västra Götaland,2026,2025,11.033834888674765,12.125534950071327,213,85,29,701,204.466549,1853.086901,high_coverage,provisional
14900248,Rydboholm,Borås,Västra Götaland,2026,2025,10.017934009053782,5.465288035450517,198,37,26,677,134.041554,1338.015941,high_coverage,provisional
14900249,Salängen-Villastaden,Borås,Västra Götaland,2026,2025,15.783039408226337,7.088331515812432,210,65,43,917,233.654257,1480.413569,high_coverage,provisional
14900251,Svaneholm-Seglora,Borås,Västra Götaland,2026,2025,7.605559677074154,8.120133481646274,238,73,33,899,131.945772,1734.859466,high_coverage,provisional
14900252,Villastaden,Borås,Västra Götaland,2026,2025,8.265386434277334,7.4812967581047385,185,60,38,802,167.267459,2023.710087,high_coverage,provisional
14900253,Viskafors-Kinnarumma,Borås,Västra Götaland,2026,2025,4.634902787684171,4.271844660194175,317,44,24,1030,71.991592,1553.249233,high_coverage,provisional
14900254,Viskafors Centrum,Borås,Västra Götaland,2026,2025,8.662863571237247,5.214723926380368,321,51,38,978,142.061946,1639.895917,high_coverage,provisional
14900255,Östermalm,Borås,Västra Götaland,2026,2025,15.98420227659757,10.551558752997602,224,88,45,834,229.066796,1433.08244,high_coverage,provisional
14900256,Kristineberg-Dammsvedjan,Borås,Västra Götaland,2026,2025,10.291910288567726,7.248322147651007,226,54,30,745,115.932284,1126.440872,high_coverage,provisional
14900257,Hedvigsborg,Borås,Västra Götaland,2026,2025,9.019994906240582,8.152173913043478,188,60,45,736,78.310145,868.183916,high_coverage,provisional
14900258,Dammsvedjan-Gässlösa-Kråkered,Borås,Västra Götaland,2026,2025,10.774472409819476,7.936507936507937,221,65,65,819,272.988725,2533.66211,high_coverage,provisional
14900357,Borgstena-Tämta-Vänga,Borås,Västra Götaland,2026,2025,2.8312239654119415,3.4285714285714284,151,30,37,875,37.331899,1318.578094,high_coverage,provisional
14900358,Bredared,Borås,Västra Götaland,2026,2025,1.8386457632862447,2.89532293986637,189,26,44,898,22.011868,1197.178295,high_coverage,provisional
14900359,Byttorp,Borås,Västra Götaland,2026,2025,10.379419523476404,6.965648854961832,349,73,56,1048,143.48233,1382.373356,high_coverage,provisional
14900360,Ekås-Hestra,Borås,Västra Götaland,2026,2025,6.008384671357186,4.008438818565401,236,38,52,948,71.423755,1188.734725,high_coverage,provisional
14900361,Fristad-Kvarbo,Borås,Västra Götaland,2026,2025,3.4662348705492985,2.3640661938534278,215,20,40,846,61.880507,1785.236988,high_coverage,provisional
14900362,Fristad-Gingri,Borås,Västra Götaland,2026,2025,2.7961093683265,3.2181168057210967,203,27,40,839,36.647607,1310.66429,high_coverage,provisional
14900363,Fristad-Asklanda,Borås,Västra Götaland,2026,2025,4.902286923377681,2.33502538071066,230,23,50,985,92.772016,1892.423219,high_coverage,provisional
14900365,Frufällan-Tosseryd,Borås,Västra Götaland,2026,2025,11.618389759727261,5.107084019769357,250,62,53,1214,241.199126,2076.011659,high_coverage,provisional
14900366,Hestra-Byttorp,Borås,Västra Götaland,2026,2025,8.499174034755384,7.754279959718026,309,77,55,993,99.911223,1175.540383,high_coverage,provisional
14900367,Hestra Parkstad,Borås,Västra Götaland,2026,2025,6.896928510457294,3.5049288061336252,285,32,80,913,108.517332,1573.415352,high_coverage,provisional
14900369,Knalleland-Alideberg,Borås,Västra Götaland,2026,2025,21.222747401207943,16.004296455424274,312,149,46,931,442.047852,2082.896449,high_coverage,provisional
14900370,Lundaskog-Lyckebo,Borås,Västra Götaland,2026,2025,9.177068456251364,3.795966785290629,208,32,31,843,158.492459,1727.048891,high_coverage,provisional
14900371,Sjöbo-Almenäs,Borås,Västra Götaland,2026,2025,21.029667189597603,10.146699266503667,327,83,39,818,508.956204,2420.181924,high_coverage,provisional
14900372,Sjöbo-Långesten,Borås,Västra Götaland,2026,2025,17.826887671040918,14.723203769140165,285,125,30,849,148.579,833.454514,high_coverage,provisional
14900373,Sjöbo-Nolhaga,Borås,Västra Götaland,2026,2025,23.575938558136553,16.386554621848738,270,117,31,714,271.946527,1153.491838,high_coverage,provisional
14900374,Norrby Norra,Borås,Västra Götaland,2026,2025,55.07742854033157,33.333333333333336,397,276,32,828,1086.832984,1973.282001,high_coverage,provisional
14900375,Norrby Södra,Borås,Västra Götaland,2026,2025,50.77804106431598,29.175704989154013,478,269,40,922,1023.35531,2015.350117,high_coverage,provisional
14900377,Parkstaden-Byttorp,Borås,Västra Götaland,2026,2025,8.39528559012336,5.7640750670241285,183,43,21,746,118.266169,1408.721213,high_coverage,provisional
14900378,Sandared Centrum,Borås,Västra Götaland,2026,2025,3.6450657011786487,3.4319526627218937,237,29,25,845,41.183932,1129.854312,high_coverage,provisional
14900379,Sandared Västra,Borås,Västra Götaland,2026,2025,3.8256221512074364,3.6295369211514394,171,29,20,799,63.870913,1669.556231,high_coverage,provisional
14900380,Sandared Östra,Borås,Västra Götaland,2026,2025,3.5246600276412106,1.5757575757575757,174,13,30,825,39.988526,1134.535691,high_coverage,provisional
14900381,Sandhult-Hedared,Borås,Västra Götaland,2026,2025,2.812499935922089,4.48207171314741,238,45,36,1004,47.595257,1692.275843,high_coverage,provisional
14900382,Sjöbo-Ryda,Borås,Västra Götaland,2026,2025,24.166415597761684,12.236286919831224,269,87,35,711,315.435969,1305.265846,high_coverage,provisional
14900383,Sjöbo-Johannelund,Borås,Västra Götaland,2026,2025,24.14379632328151,14.410480349344978,263,99,19,687,370.12689,1533.010323,high_coverage,provisional
14900384,Sjömarken Norra,Borås,Västra Götaland,2026,2025,5.026960887672197,2.863202545068929,197,27,48,943,75.172695,1495.390489,high_coverage,provisional
14900385,Sjömarken Södra,Borås,Västra Götaland,2026,2025,7.486266782700298,4.021164021164021,218,38,35,945,96.286951,1286.181134,high_coverage,provisional
14900386,Sparsör,Borås,Västra Götaland,2026,2025,5.0209277668796695,2.7444253859348198,259,32,57,1166,96.128086,1914.548276,high_coverage,provisional
14900387,Tullen,Borås,Västra Götaland,2026,2025,12.889116812555924,11.52073732718894,252,100,46,868,108.816557,844.251461,high_coverage,provisional
14900388,Fristad Centrum,Borås,Västra Götaland,2026,2025,5.1292174446265655,7.780612244897959,254,61,33,784,24.442693,476.538444,high_coverage,provisional
14910101,Gunnarshill/Borgmästarhagen,Ulricehamn,Västra Götaland,2026,2025,15.89620983467912,6.488991888760139,272,56,50,863,220.766621,1388.80037,high_coverage,provisional
14910102,Villastaden/Bronäs/Ekhagen/Karlsnäs,Ulricehamn,Västra Götaland,2026,2025,9.153893075243968,3.9347408829174664,294,41,40,1042,140.968395,1539.982976,high_coverage,provisional
14910103,Centrum/Tingsholm N.,Ulricehamn,Västra Götaland,2026,2025,12.706653289197266,7.079646017699115,352,72,37,1017,191.356478,1505.95498,high_coverage,provisional
14910104,Skarpås/Furet/Hemryd/Tingsholm S.,Ulricehamn,Västra Götaland,2026,2025,7.0058215839464,6.942889137737962,257,62,42,893,89.170253,1272.802225,high_coverage,provisional
14910105,Fridhem/Paradiset/Centrum S.,Ulricehamn,Västra Götaland,2026,2025,5.55608150059335,3.758169934640523,308,46,46,1224,112.711973,2028.623464,high_coverage,provisional
14910106,Markuslyckan/Karlslätt/Härstorp,Ulricehamn,Västra Götaland,2026,2025,10.999694798315197,11.11111111111111,211,92,38,828,306.192042,2783.641252,high_coverage,provisional
14910107,Marbäck/Fredriksberg/Fållorna,Ulricehamn,Västra Götaland,2026,2025,7.549736939716105,3.421787709497207,445,49,58,1432,188.91338,2502.251158,high_coverage,provisional
14910108,Blidsberg/Dalum/Trädet,Ulricehamn,Västra Götaland,2026,2025,6.545574127835017,6.3268892794376095,257,72,32,1138,129.109922,1972.476661,high_coverage,provisional
14910109,Gällstad/Rånnaväg/Grönahög,Ulricehamn,Västra Götaland,2026,2025,5.191510985485584,5.693664795509222,270,71,55,1247,107.72674,2075.055611,high_coverage,provisional
14910110,Hökerum/Nitta,Ulricehamn,Västra Götaland,2026,2025,2.252901455892924,3.8354253835425385,299,55,66,1434,54.425039,2415.775393,high_coverage,provisional
14910111,Hössna/Liared,Ulricehamn,Västra Götaland,2026,2025,1.3135936692915933,3.10077519379845,139,28,30,903,18.832191,1433.638989,high_coverage,provisional
14910112,Timmele/Älmestad,Ulricehamn,Västra Götaland,2026,2025,3.1995119910253207,3.230890464933018,255,41,65,1269,62.908015,1966.175316,high_coverage,provisional
14910113,Tvärred/Vegby,Ulricehamn,Västra Götaland,2026,2025,2.9045629158830657,4.387417218543046,315,53,56,1208,59.921778,2063.022208,high_coverage,provisional
14920101,Åmål norra - Mo,Åmål,Västra Götaland,2026,2025,5.396307179433283,4.534606205250597,330,57,34,1257,114.586613,2123.426432,high_coverage,provisional
14920102,Åmål nordvästra,Åmål,Västra Götaland,2026,2025,9.045865130010824,10.206084396467125,321,104,38,1019,175.517675,1940.308334,high_coverage,provisional
14920103,Åmål sydvästra,Åmål,Västra Götaland,2026,2025,5.74123289799167,7.4324324324324325,313,77,37,1036,108.384354,1887.823677,high_coverage,provisional
14920104,Åmål södra,Åmål,Västra Götaland,2026,2025,6.973558069449346,7.142857142857143,260,65,40,910,120.799322,1732.248026,high_coverage,provisional
14920105,Åmål centrala,Åmål,Västra Götaland,2026,2025,23.09062109101957,16.084558823529413,399,175,42,1088,478.711908,2073.187664,high_coverage,provisional
14920607,Tösse - Fröskog - Ånimskog,Åmål,Västra Götaland,2026,2025,1.3534643111035143,5.736301369863014,269,67,80,1168,26.000129,1921.00588,high_coverage,provisional
14930101,Näset,Mariestad,Västra Götaland,2026,2025,6.067769794474557,7.947805456702254,246,67,29,843,76.999926,1268.998802,high_coverage,provisional
14930102,Madlyckan,Mariestad,Västra Götaland,2026,2025,6.330744298551622,4.278074866310161,305,40,29,935,97.999893,1547.999546,high_coverage,provisional
14930103,Ladukärr,Mariestad,Västra Götaland,2026,2025,3.4580618816148565,5.509355509355509,333,53,43,962,54.037772,1562.660642,high_coverage,provisional
14930104,Grangärdet,Mariestad,Västra Götaland,2026,2025,6.473257993720623,5.975609756097561,286,49,21,820,92.192384,1424.203764,high_coverage,provisional
14930105,Trädgården,Mariestad,Västra Götaland,2026,2025,6.601638795962987,5.0476190476190474,401,53,56,1050,115.000388,1741.997579,high_coverage,provisional
14930118,Högelid,Mariestad,Västra Götaland,2026,2025,3.0548974303641825,3.06044376434583,421,40,62,1307,60.623176,1984.45864,high_coverage,provisional
14930206,Marieholm,Mariestad,Västra Götaland,2026,2025,16.313179924054978,10.913140311804009,345,98,35,898,305.502717,1872.735533,high_coverage,provisional
14930207,Leksberg,Mariestad,Västra Götaland,2026,2025,3.6363698967893883,2.8792912513842746,301,26,58,903,67.822188,1865.106959,high_coverage,provisional
14930208,Leverstad,Mariestad,Västra Götaland,2026,2025,17.232766185389067,11.23076923076923,237,73,19,650,207.999548,1207.000349,high_coverage,provisional
14930216,Lockerud-Ekudden,Mariestad,Västra Götaland,2026,2025,6.195486265313357,6.516587677725118,251,55,36,844,102.348976,1651.992622,high_coverage,provisional
14930217,Bråten-Västra skogen-Marieäng,Mariestad,Västra Götaland,2026,2025,12.520075033701707,8.553326293558607,375,81,33,947,115.910052,925.793589,high_coverage,provisional
14930314,Ullervad,Mariestad,Västra Götaland,2026,2025,1.0977596912369378,2.8947368421052633,213,22,39,760,13.777332,1255.040799,high_coverage,provisional
14930315,Tidavad,Mariestad,Västra Götaland,2026,2025,1.025260542726507,3.5135135135135136,164,26,21,740,12.397383,1209.193418,high_coverage,provisional
14931011,Lugnås,Mariestad,Västra Götaland,2026,2025,1.5141975406858537,4.380341880341881,213,41,43,936,23.025466,1520.638185,high_coverage,provisional
14931409,Hassle-Torsö,Mariestad,Västra Götaland,2026,2025,1.2096474337819814,2.5316455696202533,286,30,45,1185,23.376948,1932.542272,high_coverage,provisional
14931813,Lyrestad-Sjötorp,Mariestad,Västra Götaland,2026,2025,1.9125558079984613,2.4598930481283423,243,23,24,935,28.001343,1464.079787,high_coverage,provisional
14940101,Gamla stadens centrum,Lidköping,Västra Götaland,2026,2025,13.735638162311583,8.776844070961719,334,94,41,1071,238.999912,1739.998602,high_coverage,provisional
14940102,Margretelund N,Lidköping,Västra Götaland,2026,2025,22.987185987696005,11.559432933478735,358,106,27,917,428.645219,1864.713755,high_coverage,provisional
14940103,Fredriksdal,Lidköping,Västra Götaland,2026,2025,18.67050955744797,9.73963355834137,366,101,45,1037,322.998663,1729.993828,high_coverage,provisional
14940104,Wennerberg,Lidköping,Västra Götaland,2026,2025,9.884501551677262,7.12041884816754,364,68,34,955,154.000746,1558.002143,high_coverage,provisional
14940105,Lidåker-Ljunghed,Lidköping,Västra Götaland,2026,2025,4.669274256126164,4.229074889867841,418,48,56,1135,84.000242,1798.99996,high_coverage,provisional
14940106,Margretelund S,Lidköping,Västra Götaland,2026,2025,15.258201135605132,11.425873465533522,415,121,40,1059,280.024562,1835.239682,high_coverage,provisional
14940107,Nya staden N,Lidköping,Västra Götaland,2026,2025,8.519485093239158,7.452339688041595,371,86,63,1154,159.596071,1873.306535,high_coverage,provisional
14940108,Nya staden S,Lidköping,Västra Götaland,2026,2025,9.036415444618884,7.090464547677262,370,87,72,1227,187.875007,2079.087755,high_coverage,provisional
14940109,Ågårdsområdet,Lidköping,Västra Götaland,2026,2025,4.35884907664354,5.492851768246802,392,73,66,1329,78.529228,1801.604658,high_coverage,provisional
14940110,Dalängen,Lidköping,Västra Götaland,2026,2025,11.157199642689339,5.0,443,60,68,1200,215.000097,1927.007707,high_coverage,provisional
14940111,Framnäs,Lidköping,Västra Götaland,2026,2025,10.727048326510689,10.85427135678392,396,108,32,995,179.999729,1677.998677,high_coverage,provisional
14940213,Järpås,Lidköping,Västra Götaland,2026,2025,1.691210703142863,4.30622009569378,197,36,16,836,22.00726,1301.272512,high_coverage,provisional
14940514,Råda,Lidköping,Västra Götaland,2026,2025,2.6918053766679195,3.443328550932568,386,48,67,1394,64.293929,2388.505854,high_coverage,provisional
14940622,Tun-Gillstad,Lidköping,Västra Götaland,2026,2025,2.2831035475265122,3.278688524590164,268,34,43,1037,35.000008,1533.001341,high_coverage,provisional
14940816,Sunnersberg,Lidköping,Västra Götaland,2026,2025,1.5812748235666052,4.002965159377316,324,54,86,1349,33.688545,2130.467424,high_coverage,provisional
14941117,Otterstad,Lidköping,Västra Götaland,2026,2025,1.6801853349830576,2.814569536423841,253,34,69,1208,28.999997,1725.999888,high_coverage,provisional
14941315,Stenhammar,Lidköping,Västra Götaland,2026,2025,2.1326220811045755,1.7964071856287425,427,27,69,1503,49.012868,2298.244421,high_coverage,provisional
14941325,Tofta-Ulriksdal,Lidköping,Västra Götaland,2026,2025,1.5943957294829505,3.1093279839518555,333,31,48,997,23.298719,1461.288347,high_coverage,provisional
14942020,Hovby-Majåker,Lidköping,Västra Götaland,2026,2025,2.721986813368784,2.9612756264236904,478,39,51,1317,54.121035,1988.291594,high_coverage,provisional
14942121,Saleby-Norra Härene,Lidköping,Västra Götaland,2026,2025,1.4336547835369196,4.199683042789223,248,53,43,1262,28.755114,2005.720926,high_coverage,provisional
14942424,Vinninga-Filsbäck,Lidköping,Västra Götaland,2026,2025,2.0292436999841037,3.6845983787767134,429,50,35,1357,42.288228,2083.940337,high_coverage,provisional
14942923,Örslösa,Lidköping,Västra Götaland,2026,2025,0.6313747088810266,3.1132075471698113,256,33,44,1060,9.872099,1563.587971,high_coverage,provisional
14950101,Marieberg,Skara,Västra Götaland,2026,2025,13.406657561159667,12.85140562248996,333,128,32,996,188.74286,1407.82935,high_coverage,provisional
14950102,Västermalm-Domprostegården,Skara,Västra Götaland,2026,2025,10.544088714832874,11.956521739130435,313,132,68,1104,161.852365,1535.005721,high_coverage,provisional
14950103,Centrum,Skara,Västra Götaland,2026,2025,18.03791576528007,12.085561497326204,318,113,32,935,323.781384,1795.004413,high_coverage,provisional
14950104,Skaraberg-Tveta,Skara,Västra Götaland,2026,2025,15.260677403638852,5.303678357570573,367,62,45,1169,340.696465,2232.51207,high_coverage,provisional
14950105,Gällkvist västra-Härlunda,Skara,Västra Götaland,2026,2025,12.699488366495228,7.919847328244275,298,83,29,1048,335.59385,2642.577719,high_coverage,provisional
14950106,Gällkvist östra-Skånings Åsaka,Skara,Västra Götaland,2026,2025,6.261306706202893,5.291576673866091,259,49,27,926,113.378206,1810.775471,high_coverage,provisional
14950107,Hindsbo-Händene,Skara,Västra Götaland,2026,2025,10.354359567130256,4.994450610432852,262,45,17,901,177.877052,1717.895258,high_coverage,provisional
14950514,Varnhem-Eggby,Skara,Västra Götaland,2026,2025,1.3931401434513302,5.26700804681785,334,72,127,1367,29.305531,2103.55944,high_coverage,provisional
14950813,Axvall,Skara,Västra Götaland,2026,2025,3.0907946394645944,3.213610586011342,255,34,43,1058,54.388461,1759.691838,high_coverage,provisional
14951609,Ardala,Skara,Västra Götaland,2026,2025,2.186773275388934,2.6515151515151514,189,28,34,1056,38.388239,1755.474124,high_coverage,provisional
14960101,Centrum västra,Skövde,Västra Götaland,2026,2025,7.339089836608023,7.076566125290023,268,61,39,862,73.498324,1001.463746,high_coverage,provisional
14960102,Kullen,Skövde,Västra Götaland,2026,2025,6.745806045065233,5.5912007332722276,290,61,55,1091,105.9702,1570.904934,high_coverage,provisional
14960103,Billingssluttningen,Skövde,Västra Götaland,2026,2025,6.118403085133009,4.705882352941177,331,56,71,1190,142.051827,2321.714098,high_coverage,provisional
14960104,Dälderna,Skövde,Västra Götaland,2026,2025,10.58592463066209,7.1733561058924,338,84,54,1171,185.503235,1752.357413,high_coverage,provisional
14960105,Centrum östra,Skövde,Västra Götaland,2026,2025,10.490024496191532,13.96574440052701,195,106,48,759,119.556353,1139.714717,high_coverage,provisional
14960106,Havstena,Skövde,Västra Götaland,2026,2025,16.391928295322273,12.654614652711704,377,133,46,1051,306.63313,1870.634891,high_coverage,provisional
14960107,Norrmalm,Skövde,Västra Götaland,2026,2025,10.372143402258764,7.872696817420436,334,94,60,1194,233.548536,2251.690195,high_coverage,provisional
14960108,Västra Fältet,Skövde,Västra Götaland,2026,2025,6.988405058060323,5.595854922279793,271,54,31,965,120.580178,1725.432012,high_coverage,provisional
14960109,Rosenhaga,Skövde,Västra Götaland,2026,2025,13.725495247513443,8.95813047711782,343,92,41,1027,252.002134,1836.014872,high_coverage,provisional
14960110,Lunden,Skövde,Västra Götaland,2026,2025,13.570325129946317,7.433808553971486,299,73,27,982,235.046209,1732.060262,high_coverage,provisional
14960111,Mariesjö,Skövde,Västra Götaland,2026,2025,15.732084409473005,8.695652173913043,281,88,43,1012,354.848782,2255.57385,high_coverage,provisional
14960112,Östermalm,Skövde,Västra Götaland,2026,2025,14.7349304133163,10.633946830265849,310,104,45,978,243.764547,1654.331172,high_coverage,provisional
14960113,Trädgårdsstaden,Skövde,Västra Götaland,2026,2025,10.080290388726976,3.9933444259567388,333,48,41,1202,283.303702,2810.471634,high_coverage,provisional
14960115,Källegården,Skövde,Västra Götaland,2026,2025,5.729172906129925,5.394524959742351,285,67,51,1242,113.480935,1980.755981,high_coverage,provisional
14960129,Ekängen,Skövde,Västra Götaland,2026,2025,7.319098909673008,2.9665071770334928,258,31,55,1045,157.01916,2145.334582,high_coverage,provisional
14960132,Aspö/Ulveket,Skövde,Västra Götaland,2026,2025,5.24910746551493,5.87792012057272,372,78,68,1327,115.227219,2195.177366,high_coverage,provisional
14960134,Högskolan/Trängen,Skövde,Västra Götaland,2026,2025,12.857137679190242,16.072980017376196,309,185,84,1151,174.452303,1356.851792,high_coverage,provisional
14960316,Våmb,Skövde,Västra Götaland,2026,2025,4.950513144708419,3.3447684391080617,345,39,44,1166,93.470072,1888.088553,high_coverage,provisional
14960331,Hentorp,Skövde,Västra Götaland,2026,2025,3.7318221181035534,3.6333608587943846,317,44,64,1211,73.57899,1971.663913,high_coverage,provisional
14960417,Södra Ryd,Skövde,Västra Götaland,2026,2025,29.407220499584763,6.109022556390977,408,65,31,1064,425.046528,1445.381511,high_coverage,provisional
14960418,Ryds Centrum,Skövde,Västra Götaland,2026,2025,42.72269991628505,14.285714285714286,419,138,41,966,1147.735108,2686.476066,high_coverage,provisional
14960419,Norra Ryd,Skövde,Västra Götaland,2026,2025,30.521446087759028,9.896432681242807,353,86,38,869,523.804243,1716.184225,high_coverage,provisional
14960521,Skultorps centrum,Skövde,Västra Götaland,2026,2025,8.669437960524906,6.057142857142857,247,53,31,875,133.656608,1541.69865,high_coverage,provisional
14960533,Skultorp nordväst,Skövde,Västra Götaland,2026,2025,5.529686980077468,1.478743068391867,312,16,33,1082,53.882764,974.427019,high_coverage,provisional
14960820,Skultorpsbygden,Skövde,Västra Götaland,2026,2025,4.206997172081056,2.6387625113739763,233,29,45,1099,110.788912,2633.443938,high_coverage,provisional
14961223,Värsås,Skövde,Västra Götaland,2026,2025,2.4964828796878678,2.785782901056676,201,29,37,1041,42.008826,1682.720372,high_coverage,provisional
14961322,Igelstorp,Skövde,Västra Götaland,2026,2025,4.044702772928681,3.501945525291829,240,36,14,1028,60.429453,1494.039399,high_coverage,provisional
14961625,Väring,Skövde,Västra Götaland,2026,2025,1.4163631609273186,2.7732463295269167,288,34,30,1226,25.229672,1781.299648,high_coverage,provisional
14961824,Frösve/Säter,Skövde,Västra Götaland,2026,2025,1.7725088743184094,2.5449101796407185,368,34,60,1336,40.133482,2264.21896,high_coverage,provisional
14962226,Berg,Skövde,Västra Götaland,2026,2025,1.4770371206418942,2.8518859245630175,230,31,79,1087,23.1232,1565.512449,high_coverage,provisional
14962427,Timmersdala,Skövde,Västra Götaland,2026,2025,0.8437895438988808,3.172737955346651,193,27,29,851,11.01704,1305.662067,high_coverage,provisional
14962628,Tidan,Skövde,Västra Götaland,2026,2025,7.2677046018607605,6.641000962463908,244,69,30,1039,125.650671,1728.890728,high_coverage,provisional
14970101,"Hjo södra, Grevbäck",Hjo,Västra Götaland,2026,2025,4.736784823523524,4.053000779423227,303,52,97,1283,88.183118,1861.666115,high_coverage,provisional
14970102,"Hjo västra, Mofalla, Långeruder m fl",Hjo,Västra Götaland,2026,2025,2.4808482007114954,3.709810387469085,301,45,58,1213,48.270646,1945.731544,high_coverage,provisional
14970103,"Hjo mellersta, Hammarsjorden",Hjo,Västra Götaland,2026,2025,8.396339894945516,6.9458631256384065,328,68,45,979,144.065899,1715.817854,high_coverage,provisional
14970104,"Hjo norra, Smedstorp, Sanna",Hjo,Västra Götaland,2026,2025,3.544264624193727,3.853211009174312,326,42,55,1090,63.230315,1784.017891,high_coverage,provisional
14970505,"Norra och Södra Fågelås, Gate",Hjo,Västra Götaland,2026,2025,2.5337087338189774,2.824858757062147,103,15,21,531,28.254285,1115.135478,high_coverage,provisional
14970706,"Korsberga, Blikstorp",Hjo,Västra Götaland,2026,2025,1.3348164597605483,2.5684931506849313,132,15,18,584,11.974728,897.106708,high_coverage,provisional
14980101,Tidaholms Innerstad,Tidaholm,Västra Götaland,2026,2025,11.146469269072828,6.970260223048327,430,75,41,1076,209.999752,1884.002431,high_coverage,provisional
14980102,Tidaholm Östra,Tidaholm,Västra Götaland,2026,2025,8.310092017690218,4.943820224719101,319,44,27,890,148.999608,1792.995886,high_coverage,provisional
14980103,Tidaholm Västra,Tidaholm,Västra Götaland,2026,2025,5.260007152861907,3.707317073170732,428,38,19,1025,87.873892,1670.60404,high_coverage,provisional
14980104,Tidaholm Norra,Tidaholm,Västra Götaland,2026,2025,5.260606566114647,3.0145530145530146,420,29,30,962,89.461116,1700.585567,high_coverage,provisional
14980110,Hökensås Norra,Tidaholm,Västra Götaland,2026,2025,1.0377430445020908,2.1867115222876365,347,26,55,1189,21.015761,2025.141109,high_coverage,provisional
14980207,Hökensås Södra/Västra,Tidaholm,Västra Götaland,2026,2025,1.116772817768949,3.664416586306654,228,38,29,1037,21.216445,1899.799553,high_coverage,provisional
14981512,Dimbo m.fl.,Tidaholm,Västra Götaland,2026,2025,1.6713091340243285,4.717853839037928,224,51,60,1081,29.448596,1762.007722,high_coverage,provisional
14990101,Centrum,Falköping,Västra Götaland,2026,2025,6.906757946550911,5.70446735395189,464,83,48,1455,144.343111,2089.882288,high_coverage,provisional
14990102,Kyrkerör,Falköping,Västra Götaland,2026,2025,13.722109205469057,9.036144578313253,377,105,40,1162,342.081607,2492.922931,high_coverage,provisional
14990103,Dotorp-Tåstorp,Falköping,Västra Götaland,2026,2025,27.461819338338422,12.79491833030853,472,141,41,1102,719.871966,2621.355698,high_coverage,provisional
14990104,Bestorp-Mösseberg,Falköping,Västra Götaland,2026,2025,3.6868211268082605,2.96943231441048,329,34,79,1145,64.765431,1756.674077,high_coverage,provisional
14990105,Fredriksberg,Falköping,Västra Götaland,2026,2025,21.657455592710363,10.608552631578947,454,129,45,1216,435.95282,2012.945695,high_coverage,provisional
14990106,Ranten-Grönelund,Falköping,Västra Götaland,2026,2025,27.924855873930316,14.86854034451496,412,164,42,1103,504.634923,1807.117377,high_coverage,provisional
14990107,Vilhelmsberg-Åttagård,Falköping,Västra Götaland,2026,2025,16.35093586226647,7.82851817334576,441,84,31,1073,338.117966,2067.881428,high_coverage,provisional
14990108,Södra Bestorp-Nedre Mösseberg,Falköping,Västra Götaland,2026,2025,4.1370033368711985,4.688700999231361,387,61,74,1301,87.000943,2102.994267,high_coverage,provisional
14990209,Bergsliden,Falköping,Västra Götaland,2026,2025,15.302332548529796,10.933660933660933,200,89,43,814,240.755744,1573.327094,high_coverage,provisional
14990310,Vilske,Falköping,Västra Götaland,2026,2025,2.971990672649655,4.1522491349480966,162,36,34,867,47.735878,1606.192053,high_coverage,provisional
14990512,Floby,Falköping,Västra Götaland,2026,2025,5.304289198157692,7.210401891252955,215,61,30,846,61.138312,1152.620261,high_coverage,provisional
14990711,Odensberg,Falköping,Västra Götaland,2026,2025,1.1748603214425544,5.443786982248521,148,46,51,845,15.846742,1348.819235,high_coverage,provisional
14991428,Åsarp-Kättilstorp,Falköping,Västra Götaland,2026,2025,1.678153455264796,3.339517625231911,204,36,34,1078,29.790616,1775.202137,high_coverage,provisional
14991513,Kinnarp-Slutarp,Falköping,Västra Götaland,2026,2025,3.031726864190713,2.287581699346405,186,21,16,918,46.615077,1537.575088,high_coverage,provisional
14992016,Vartofta,Falköping,Västra Götaland,2026,2025,1.6870518774156011,2.85451197053407,199,31,40,1086,28.691573,1700.692989,high_coverage,provisional
14993123,Stenstorpsbygden,Falköping,Västra Götaland,2026,2025,1.66500768634346,2.787068004459309,157,25,46,897,22.908061,1375.853168,high_coverage,provisional
14993422,Stenstorp,Falköping,Västra Götaland,2026,2025,8.117256070659502,7.213114754098361,317,88,58,1220,169.091336,2083.109545,high_coverage,provisional
14994125,Gudhem-Broddetorp,Falköping,Västra Götaland,2026,2025,1.6908838321557818,4.733218588640275,237,55,84,1162,28.630889,1693.249912,high_coverage,provisional
17150101,Vikstad,Kil,Värmland,2026,2025,1.5510846277779875,3.228410008071025,362,40,49,1239,30.831239,1987.721266,high_coverage,provisional
17150102,Tolita,Kil,Värmland,2026,2025,1.0111402445403175,1.9607843137254901,114,11,28,561,8.406381,831.376364,high_coverage,provisional
17150103,Dalliden,Kil,Värmland,2026,2025,3.9994531332342396,4.206642066420664,436,57,43,1355,85.10628,2127.947926,high_coverage,provisional
17150109,Stenåsen,Kil,Värmland,2026,2025,1.5404195708212443,2.3121387283236996,427,32,60,1384,33.653587,2184.702638,high_coverage,provisional
17150110,Sannerud,Kil,Värmland,2026,2025,11.067460037960133,5.458680818802123,482,72,31,1319,256.615818,2318.651408,high_coverage,provisional
17150205,Fagerås,Kil,Värmland,2026,2025,1.848255283543155,3.2442748091603053,124,17,11,524,16.322971,883.155652,high_coverage,provisional
17150206,Frykerud,Kil,Värmland,2026,2025,1.3633812568761325,3.7168141592920354,108,21,39,565,11.565963,848.329324,high_coverage,provisional
17150308,Boda,Kil,Värmland,2026,2025,1.363366972019022,6.285714285714286,125,33,28,525,11.434162,838.670896,high_coverage,provisional
17300101,Charlottenbergs tätort,Eda,Värmland,2026,2025,16.384412595341768,5.040871934604905,286,37,11,734,297.410966,1815.206766,high_coverage,provisional
17300102,Charlottenbergs omland,Eda,Värmland,2026,2025,7.309911037219547,2.6528258362168398,218,23,14,867,158.059659,2162.265152,high_coverage,provisional
17300105,Åmotfors,Eda,Värmland,2026,2025,9.097838861169368,6.419400855920114,246,45,15,701,154.529344,1698.528039,high_coverage,provisional
17300307,Koppom,Eda,Värmland,2026,2025,1.5343562207137367,2.244039270687237,178,16,26,713,22.999992,1498.999495,high_coverage,provisional
17300511,Köla-Skillingmark,Eda,Värmland,2026,2025,1.7040359259184772,2.337228714524207,133,14,10,599,19.000001,1115.000025,high_coverage,provisional
17370101,Torsby Norra,Torsby,Värmland,2026,2025,5.862341094356222,3.9068994181213634,423,47,23,1203,132.786685,2265.079477,high_coverage,provisional
17370102,Oleby,Torsby,Värmland,2026,2025,5.487677444589088,2.6881720430107525,194,20,16,744,70.951153,1292.9177,high_coverage,provisional
17370105,Svenneby,Torsby,Värmland,2026,2025,5.328136403712741,2.971311475409836,296,29,26,976,96.923063,1819.079987,high_coverage,provisional
17370106,Torsby Södra,Torsby,Värmland,2026,2025,5.954691698427287,4.282655246252677,310,40,30,934,95.729204,1607.626538,high_coverage,provisional
17370309,Vitsand,Torsby,Värmland,2026,2025,1.386377354490093,2.7848101265822787,93,11,14,395,10.609895,765.296329,high_coverage,provisional
17370512,Östmark,Torsby,Värmland,2026,2025,0.941619591007267,3.0141843971631204,142,17,18,564,10.0,1061.999994,high_coverage,provisional
17370617,Sysslebäck,Torsby,Värmland,2026,2025,1.1470281662880935,4.313725490196078,154,22,10,510,11.0,958.99999,high_coverage,provisional
17370822,Likenäs,Torsby,Värmland,2026,2025,2.2531477567955984,6.094182825484765,112,22,5,361,13.327495,591.505593,high_coverage,provisional
17370923,Stöllet,Torsby,Värmland,2026,2025,2.253147690857036,2.6894865525672373,102,11,10,409,20.672504,917.494405,high_coverage,provisional
17600103,Storfors Centrala,Storfors,Värmland,2026,2025,5.142351240245271,4.079861111111111,477,47,15,1152,101.056402,1965.178909,high_coverage,provisional
17600201,Bjurtjärn,Storfors,Värmland,2026,2025,2.0043336447929088,3.1486146095717884,196,25,24,794,22.466509,1120.896666,high_coverage,provisional
17600302,Lungsund,Storfors,Värmland,2026,2025,2.383920557856469,3.6363636363636362,96,14,12,385,16.487782,691.624641,high_coverage,provisional
17610101,Skoghall,Hammarö,Värmland,2026,2025,9.142949328189921,7.757805108798486,372,82,51,1057,167.387083,1830.777761,high_coverage,provisional
17610102,Haga,Hammarö,Värmland,2026,2025,3.95650863812928,4.208885424785659,474,54,52,1283,81.369565,2056.600211,high_coverage,provisional
17610103,Gunnarskär,Hammarö,Värmland,2026,2025,1.3192283327263656,2.270663033605813,382,25,48,1101,22.574426,1711.18414,high_coverage,provisional
17610104,Mörmon,Hammarö,Värmland,2026,2025,6.992226846187801,4.391217564870259,430,44,38,1002,120.953101,1729.822325,high_coverage,provisional
17610105,Klöverud,Hammarö,Värmland,2026,2025,2.8866113137238685,3.015484922575387,381,37,61,1227,57.1853,1981.052999,high_coverage,provisional
17610106,Hammar,Hammarö,Värmland,2026,2025,1.414980453776727,2.8105167724388034,364,31,70,1103,26.345146,1861.873493,high_coverage,provisional
17610107,Lövnäs,Hammarö,Värmland,2026,2025,2.3576248796971386,1.1755485893416928,328,15,68,1276,37.413005,1586.893883,high_coverage,provisional
17610108,Hallersrud,Hammarö,Värmland,2026,2025,1.6283266629539337,2.450980392156863,292,25,45,1020,33.361767,2048.837482,high_coverage,provisional
17610109,Östra Bärstad-Rud,Hammarö,Värmland,2026,2025,1.8084451672353683,3.022222222222222,221,34,61,1125,38.41061,2123.957679,high_coverage,provisional
17620203,Munkfors Sydvästra,Munkfors,Värmland,2026,2025,2.6827891845944296,6.76605504587156,258,59,35,872,46.910517,1748.572615,high_coverage,provisional
17620205,Munkfors Centrala,Munkfors,Värmland,2026,2025,4.5627366109123,5.274043433298862,415,51,24,967,86.098868,1887.000617,high_coverage,provisional
17630101,Forshaga öst,Forshaga,Värmland,2026,2025,3.4921458028090773,5.729166666666667,304,44,28,768,36.373807,1041.589013,high_coverage,provisional
17630102,Forshaga väst-Dyvelsten,Forshaga,Värmland,2026,2025,3.7107427681565865,7.506053268765133,284,62,32,826,61.405433,1654.801662,high_coverage,provisional
17630103,Grossbol,Forshaga,Värmland,2026,2025,10.159443727465343,4.2239685658153245,337,43,44,1018,210.352195,2070.508983,high_coverage,provisional
17630104,Skived öst,Forshaga,Värmland,2026,2025,2.072231733853008,3.2967032967032965,213,24,31,728,31.707589,1530.117915,high_coverage,provisional
17630105,Skived väst,Forshaga,Värmland,2026,2025,2.1292102425009363,2.6490066225165565,304,24,48,906,26.721193,1254.981423,high_coverage,provisional
17630212,Deje,Forshaga,Värmland,2026,2025,4.2222739826978035,4.565801253357207,392,51,36,1117,89.172331,2111.95037,high_coverage,provisional
17630315,Dejefors,Forshaga,Värmland,2026,2025,3.384376537908913,4.105571847507331,334,42,27,1023,60.258069,1780.477684,high_coverage,provisional
17640102,Grums Västra,Grums,Värmland,2026,2025,6.5474368854831635,6.377551020408164,346,50,9,784,89.157239,1361.71208,high_coverage,provisional
17640103,Grums Centrala,Grums,Värmland,2026,2025,5.431154857534854,5.152979066022544,221,32,13,621,75.180104,1384.237901,high_coverage,provisional
17640106,Grums Södra-Gamla Slottsbron,Grums,Värmland,2026,2025,6.4544715059058495,3.1417624521072796,527,41,19,1305,159.489755,2470.996345,high_coverage,provisional
17640107,Segmon-Slottsbron,Grums,Värmland,2026,2025,3.8772780683386747,5.675146771037182,306,58,26,1022,74.1719,1912.988924,high_coverage,provisional
17640108,Värmskog-Grums Norra,Grums,Värmland,2026,2025,1.0410834973300906,3.151862464183381,222,33,48,1047,18.001007,1729.064676,high_coverage,provisional
17650101,Årjäng N,Årjäng,Värmland,2026,2025,10.946654309448173,6.933019976498238,215,59,17,851,196.705694,1796.948076,high_coverage,provisional
17650102,Årjäng Ö,Årjäng,Värmland,2026,2025,10.564712962340122,3.7996545768566494,158,22,13,579,124.486882,1178.327158,high_coverage,provisional
17650203,Sillerud,Årjäng,Värmland,2026,2025,1.2857142697493376,1.7241379310344827,99,11,11,638,13.575659,1055.884602,high_coverage,provisional
17650307,Holmedal-Karlanda,Årjäng,Värmland,2026,2025,1.4502762550650923,2.5139664804469275,120,18,17,716,21.000001,1448.000057,high_coverage,provisional
17650509,Årjäng V,Årjäng,Värmland,2026,2025,6.383464415461729,3.3921302578018997,194,25,18,737,104.231764,1632.840057,high_coverage,provisional
17650711,Töcksfors,Årjäng,Värmland,2026,2025,6.41221380508129,2.462526766595289,157,23,13,934,167.999999,2619.999958,high_coverage,provisional
17660101,Klockaregården,Sunne,Värmland,2026,2025,9.283020885954965,5.228758169934641,221,48,24,918,159.539805,1718.619477,high_coverage,provisional
17660102,Åmberg,Sunne,Värmland,2026,2025,3.3412061700065143,2.6462395543175488,186,19,27,718,43.357304,1297.654254,high_coverage,provisional
17660103,Leran,Sunne,Värmland,2026,2025,8.646139061610477,6.914893617021277,258,65,28,940,128.148821,1482.15082,high_coverage,provisional
17660106,Södra Borgeby,Sunne,Värmland,2026,2025,2.3143139969587128,5.732484076433121,165,45,35,785,29.888862,1291.478254,high_coverage,provisional
17660109,Rottneros,Sunne,Värmland,2026,2025,4.257113101343735,3.281853281853282,127,17,7,518,43.185059,1014.421228,high_coverage,provisional
17660110,Stöpafors,Sunne,Värmland,2026,2025,0.8138351808321497,1.8108651911468814,100,9,13,497,6.041696,742.373412,high_coverage,provisional
17660119,Gräsmark,Sunne,Värmland,2026,2025,1.1035654097826606,3.816793893129771,154,25,30,655,12.307427,1115.242186,high_coverage,provisional
17660124,Brobyäng,Sunne,Värmland,2026,2025,8.208972518423423,4.073033707865169,246,29,15,712,110.123922,1341.506769,high_coverage,provisional
17660215,Västra Ämtervik,Sunne,Värmland,2026,2025,1.2332439749034303,1.8404907975460123,139,12,40,652,12.711064,1030.701488,high_coverage,provisional
17660317,Östra Ämtervik,Sunne,Värmland,2026,2025,1.428391920606904,2.932098765432099,118,19,31,648,14.69604,1028.852081,high_coverage,provisional
17660523,Lysvik,Sunne,Värmland,2026,2025,1.092896236717386,3.3205619412515963,192,26,29,783,14.000001,1281.000019,high_coverage,provisional
17800101,Tingvallastaden,Karlstad,Värmland,2026,2025,7.780089849122645,5.478180129990715,292,59,59,1077,153.764461,1976.384129,high_coverage,provisional
17800102,Viken,Karlstad,Värmland,2026,2025,5.719266527177658,5.274261603375527,358,50,45,948,53.57504,936.746692,high_coverage,provisional
17800103,Sommarro,Karlstad,Värmland,2026,2025,6.245290876631404,4.61361014994233,230,40,103,867,65.788268,1053.405987,high_coverage,provisional
17800104,Orrholmen söder,Karlstad,Värmland,2026,2025,18.6870939282061,12.582781456953642,393,114,54,906,281.435747,1506.043412,high_coverage,provisional
17800105,Kvarnberget,Karlstad,Värmland,2026,2025,12.047244537371444,10.414657666345226,360,108,74,1037,169.122693,1403.828838,high_coverage,provisional
17800106,Tullholmen öst,Karlstad,Värmland,2026,2025,7.708106636314539,3.8031319910514543,258,34,25,894,68.006858,882.277078,high_coverage,provisional
17800107,Inre hamn,Karlstad,Värmland,2026,2025,5.653736968682047,3.641732283464567,271,37,29,1016,123.840913,2190.425796,high_coverage,provisional
17800111,Tingvalla,Karlstad,Värmland,2026,2025,10.685973122467297,5.9523809523809526,285,60,53,1008,116.861477,1093.596958,high_coverage,provisional
17800112,Klara,Karlstad,Värmland,2026,2025,6.939353828118669,6.281833616298812,326,74,67,1178,128.921098,1857.825688,high_coverage,provisional
17800113,Råtorp-Älvåker,Karlstad,Värmland,2026,2025,2.152557694463836,2.5385312783318223,298,28,97,1103,30.149578,1400.639717,high_coverage,provisional
17800114,Haga öst,Karlstad,Värmland,2026,2025,4.72484449783434,6.820809248554913,271,59,40,865,50.8565,1076.363466,high_coverage,provisional
17800115,Herrhagen 1,Karlstad,Värmland,2026,2025,7.710124556902191,9.58904109589041,356,105,63,1095,132.999719,1725.000913,high_coverage,provisional
17800116,Herrhagen 2,Karlstad,Värmland,2026,2025,6.084339278806621,6.721311475409836,361,82,82,1220,101.000421,1660.006393,high_coverage,provisional
17800117,Herrhagen 3,Karlstad,Värmland,2026,2025,5.308312294179825,10.613598673300165,372,128,86,1206,98.999508,1864.990274,high_coverage,provisional
17800118,Tormestad-Lamberget,Karlstad,Värmland,2026,2025,5.134633551848956,9.23076923076923,277,84,81,910,59.06168,1150.260859,high_coverage,provisional
17800119,Råtorp söder,Karlstad,Värmland,2026,2025,3.7434608695443576,2.5641025641025643,302,26,82,1014,53.120376,1419.017798,high_coverage,provisional
17800120,Haga väst,Karlstad,Värmland,2026,2025,5.044132839261692,5.154639175257732,274,50,55,970,64.569913,1280.099376,high_coverage,provisional
17800123,Tullholmen väst,Karlstad,Värmland,2026,2025,6.859234000361032,3.752759381898455,236,34,29,906,87.299262,1272.726109,high_coverage,provisional
17800125,Orrholmen norr,Karlstad,Värmland,2026,2025,9.591342476310107,6.747891283973758,362,72,52,1067,122.126917,1273.303683,high_coverage,provisional
17800126,Marieberg,Karlstad,Värmland,2026,2025,7.082738416994458,7.207207207207207,275,64,67,888,128.751586,1817.822125,high_coverage,provisional
17800230,Sundsta,Karlstad,Värmland,2026,2025,4.311162302007106,4.506065857885615,297,52,56,1154,68.174143,1581.34021,high_coverage,provisional
17800231,Norrstrand centrum,Karlstad,Värmland,2026,2025,5.460994680586651,7.0974576271186445,336,67,56,944,48.450617,887.212309,high_coverage,provisional
17800232,Norrstrand norr,Karlstad,Värmland,2026,2025,5.470854787212962,4.317789291882556,382,50,80,1158,97.555178,1783.17981,high_coverage,provisional
17800233,Norrstrand-Sjöstad,Karlstad,Värmland,2026,2025,6.657112871642024,4.984740590030519,326,49,68,983,104.248973,1565.978751,high_coverage,provisional
17800234,Norrstrand söder,Karlstad,Värmland,2026,2025,4.894472236967958,5.756207674943567,342,51,35,886,90.409342,1847.172435,high_coverage,provisional
17800235,Kroppkärr,Karlstad,Värmland,2026,2025,3.622637810913877,4.015748031496063,393,51,98,1270,71.193265,1965.232759,high_coverage,provisional
17800236,Färjestad norr,Karlstad,Värmland,2026,2025,5.997972840587245,3.9711191335740073,340,44,62,1108,124.028265,2067.836389,high_coverage,provisional
17800238,Lorensberg,Karlstad,Värmland,2026,2025,4.188110350604453,3.4710743801652892,426,42,104,1210,87.216737,2082.484216,high_coverage,provisional
17800239,Rud norr,Karlstad,Värmland,2026,2025,24.850930725565334,20.0260078023407,306,154,47,769,364.998092,1468.750189,high_coverage,provisional
17800240,Rud söder,Karlstad,Värmland,2026,2025,15.151661669240113,15.994623655913978,286,119,22,744,320.363489,2114.378581,high_coverage,provisional
17800241,Kronoparken väst,Karlstad,Värmland,2026,2025,22.71809750359358,11.305361305361306,242,97,58,858,434.975853,1914.666723,high_coverage,provisional
17800242,Kronoparken söder,Karlstad,Värmland,2026,2025,36.882055873356215,30.501392757660167,293,219,28,718,657.842751,1783.63905,high_coverage,provisional
17800243,Stockfallet,Karlstad,Värmland,2026,2025,6.280019533522908,4.1478129713423835,425,55,96,1326,113.145478,1801.673982,high_coverage,provisional
17800244,Universitetet,Karlstad,Värmland,2026,2025,16.3070971665184,11.74698795180723,378,117,67,996,285.671016,1751.820162,high_coverage,provisional
17800245,Kronoparken öst,Karlstad,Värmland,2026,2025,31.695809408259283,23.383768913342504,324,170,42,727,270.03355,851.953476,high_coverage,provisional
17800246,Kronoparken centrum,Karlstad,Värmland,2026,2025,36.38750034573877,30.559345156889496,305,224,40,733,588.888853,1618.382267,high_coverage,provisional
17800247,Alster söder,Karlstad,Värmland,2026,2025,3.4838941219249437,4.463208685162847,254,37,45,829,45.095428,1294.397201,high_coverage,provisional
17800249,Färjestad söder,Karlstad,Värmland,2026,2025,6.29081283619022,5.960264900662252,338,63,50,1057,68.899035,1095.232632,high_coverage,provisional
17800250,Långtäppan-Rud,Karlstad,Värmland,2026,2025,21.86165505439577,10.683760683760683,360,100,65,936,259.389615,1186.50493,high_coverage,provisional
17800251,Kronoparken norr,Karlstad,Värmland,2026,2025,23.25854818552985,21.551724137931036,288,175,68,812,379.32141,1630.890316,high_coverage,provisional
17800350,Skattkärr,Karlstad,Värmland,2026,2025,2.7892815254545456,2.0348837209302326,316,21,40,1032,49.044838,1758.3323,high_coverage,provisional
17800351,Östra Fågelvik,Karlstad,Värmland,2026,2025,2.1306171624840213,3.0084235860409145,199,25,34,831,27.953788,1312.004263,high_coverage,provisional
17800456,Väse,Karlstad,Värmland,2026,2025,1.5196079021971718,3.4534534534534536,324,46,62,1332,30.989438,2039.304873,high_coverage,provisional
17800665,Molkom,Karlstad,Värmland,2026,2025,4.482505699303506,6.70147954743255,330,77,79,1149,74.851106,1669.849656,high_coverage,provisional
17800667,Nyed,Karlstad,Värmland,2026,2025,2.3930837943488297,5.799373040752351,303,74,64,1276,52.148894,2179.150355,high_coverage,provisional
17800775,Alster norr,Karlstad,Värmland,2026,2025,2.8030840983133625,3.073624017155111,371,43,85,1399,65.908924,2351.300271,high_coverage,provisional
17800880,Skåre,Karlstad,Värmland,2026,2025,4.0095435592002255,4.679144385026738,264,35,38,748,49.506353,1234.712936,high_coverage,provisional
17800881,Soldattorpet,Karlstad,Värmland,2026,2025,1.5018215193449096,2.6609442060085837,370,31,89,1165,32.308558,2151.291454,high_coverage,provisional
17800882,Grava,Karlstad,Värmland,2026,2025,1.9908749545586522,3.5294117647058822,217,39,45,1105,50.010268,2511.97434,high_coverage,provisional
17800883,Stodene,Karlstad,Värmland,2026,2025,3.0390153086836205,2.1418020679468244,468,29,65,1354,46.971262,1545.607943,high_coverage,provisional
17800990,Vålberg-Nor,Karlstad,Värmland,2026,2025,6.033586707544474,4.413145539906103,305,47,48,1065,135.716733,2249.35415,high_coverage,provisional
17800991,Vålberg,Karlstad,Värmland,2026,2025,7.025491217284837,5.684995340167754,376,61,13,1073,102.310708,1456.278356,high_coverage,provisional
17800992,Edsvalla,Karlstad,Värmland,2026,2025,2.1704474095282067,3.360215053763441,212,25,24,744,28.225495,1300.44593,high_coverage,provisional
17801106,Romstad-Strand,Karlstad,Värmland,2026,2025,4.251711809087457,5.139005897219882,325,61,73,1187,76.398668,1796.891968,high_coverage,provisional
17801107,Gruvlyckan,Karlstad,Värmland,2026,2025,28.617378093430034,21.28099173553719,396,206,36,968,557.142952,1946.869312,high_coverage,provisional
17801108,Våxnäs söder,Karlstad,Värmland,2026,2025,25.087626167261217,14.285714285714286,408,131,22,917,424.908224,1693.696411,high_coverage,provisional
17801109,Hagalund,Karlstad,Värmland,2026,2025,6.967954308891736,5.011746280344558,470,64,82,1277,146.041437,2095.901186,high_coverage,provisional
17801110,Våxnäs norr,Karlstad,Värmland,2026,2025,29.535612634838998,21.205357142857142,385,190,25,896,589.06727,1994.430511,high_coverage,provisional
17801119,Bergvik-Zakrisdal,Karlstad,Värmland,2026,2025,5.417642086573765,1.6260162601626016,183,12,52,738,106.041857,1957.343348,high_coverage,provisional
17801120,Hultsberg,Karlstad,Värmland,2026,2025,4.835434156564029,3.1345565749235473,471,41,50,1308,70.116718,1450.060444,high_coverage,provisional
17801121,Björkås-Dingelsundet,Karlstad,Värmland,2026,2025,4.579643725085605,3.8883349950149553,274,39,61,1003,53.236424,1162.457763,high_coverage,provisional
17810101,Innerstaden,Kristinehamn,Värmland,2026,2025,24.41009572992763,16.70235546038544,404,156,30,934,380.591852,1559.157556,high_coverage,provisional
17810102,Södermalm,Kristinehamn,Värmland,2026,2025,15.062382542549875,9.663503019844693,436,112,40,1159,319.484753,2121.077141,high_coverage,provisional
17810103,Enserud,Kristinehamn,Värmland,2026,2025,12.724941937206204,7.0198675496688745,295,53,23,755,142.142279,1117.036759,high_coverage,provisional
17810104,Fältet,Kristinehamn,Värmland,2026,2025,7.33958195014621,7.083825265643448,263,60,48,847,97.440928,1327.608693,high_coverage,provisional
17810105,Djurgården,Kristinehamn,Värmland,2026,2025,5.313695291821383,4.514889529298751,364,47,41,1041,68.312951,1285.601587,high_coverage,provisional
17810106,Kurlanda,Kristinehamn,Värmland,2026,2025,6.847110670622653,6.976744186046512,272,69,51,989,125.26957,1829.52454,high_coverage,provisional
17810107,Östra Vålösundet,Kristinehamn,Värmland,2026,2025,5.961811417113304,2.9411764705882355,298,29,40,986,108.411235,1818.42778,high_coverage,provisional
17810108,Stenstaliden,Kristinehamn,Värmland,2026,2025,6.6612343571533135,7.031888798037612,415,86,48,1223,109.145153,1638.512431,high_coverage,provisional
17810109,Strand,Kristinehamn,Värmland,2026,2025,4.8202311313015676,5.795574288724974,292,55,31,949,43.955568,911.897517,high_coverage,provisional
17810110,Ölme,Kristinehamn,Värmland,2026,2025,1.5915178335984126,3.1746031746031744,262,34,48,1071,26.766936,1681.84958,high_coverage,provisional
17810111,Kristinehamn norra,Kristinehamn,Värmland,2026,2025,4.880503736553006,5.136612021857924,287,47,21,915,84.56255,1732.660286,high_coverage,provisional
17810112,Kristinehamn nord-östra,Kristinehamn,Värmland,2026,2025,4.153201223458145,7.073643410852713,329,73,54,1032,67.266781,1619.636935,high_coverage,provisional
17810113,Kristinehamn östra,Kristinehamn,Värmland,2026,2025,5.817300493325739,5.363204344874406,517,79,59,1473,111.737024,1920.771054,high_coverage,provisional
17810114,Björneborg,Kristinehamn,Värmland,2026,2025,9.420166776581844,8.763693270735525,222,56,8,639,100.912422,1071.238168,high_coverage,provisional
17810115,Kristinehamn södra,Kristinehamn,Värmland,2026,2025,1.9013180612997975,3.5115722266560256,284,44,53,1253,37.000531,1946.046364,high_coverage,provisional
17820101,Filipstads norra,Filipstad,Värmland,2026,2025,6.514793250586258,4.953820319059614,355,59,30,1191,144.381478,2216.20967,high_coverage,provisional
17820102,Filipstads västra,Filipstad,Värmland,2026,2025,16.972410757052764,10.320284697508896,401,116,26,1124,345.564111,2036.034338,high_coverage,provisional
17820103,Filipstads södra,Filipstad,Värmland,2026,2025,7.121658071831281,6.116774791473587,354,66,17,1079,129.896601,1823.965707,high_coverage,provisional
17820104,Filipstads östra,Filipstad,Värmland,2026,2025,6.680463290949175,5.270972531551596,449,71,23,1347,145.887563,2183.794097,high_coverage,provisional
17820712,Lesjöfors,Filipstad,Värmland,2026,2025,2.881171878503611,6.24203821656051,302,49,24,785,39.270117,1362.991125,high_coverage,provisional
17830101,Hagfors Centrum,Hagfors,Värmland,2026,2025,8.62997119220161,7.124463519313305,546,83,18,1165,158.995091,1842.359464,high_coverage,provisional
17830105,Hagfors Östra,Hagfors,Värmland,2026,2025,8.618053392928253,5.967078189300412,429,58,26,972,139.506559,1618.771115,high_coverage,provisional
17830210,Ekshärad-Västanberg,Hagfors,Värmland,2026,2025,1.3314968717562126,3.4564021995286724,338,44,30,1273,29.000002,2178.00001,high_coverage,provisional
17830315,Hagfors Norra-Gustav Adolf,Hagfors,Värmland,2026,2025,4.283599749825568,4.985888993414863,447,53,19,1063,88.02002,2054.814295,high_coverage,provisional
17830418,Råda-Höje,Hagfors,Värmland,2026,2025,2.075731913324339,3.171247357293869,345,30,23,946,38.583094,1858.770574,high_coverage,provisional
17830522,Sunnemo-Uddeholm,Hagfors,Värmland,2026,2025,2.7635598873965317,4.099244875943905,318,38,31,927,48.895234,1769.284401,high_coverage,provisional
17840102,Haga,Arvika,Värmland,2026,2025,6.039048384460375,5.978898007033997,283,51,52,853,79.439135,1315.424715,high_coverage,provisional
17840103,Minneberg,Arvika,Värmland,2026,2025,10.424848613149045,11.811023622047244,239,90,46,762,131.283726,1259.334604,high_coverage,provisional
17840104,Solberga,Arvika,Värmland,2026,2025,8.32020112522603,6.712062256809339,417,69,45,1028,148.259153,1781.917898,high_coverage,provisional
17840105,Styckåsen,Arvika,Värmland,2026,2025,8.830673343002458,7.971014492753623,364,66,36,828,102.273136,1158.157844,high_coverage,provisional
17840106,Degerängen,Arvika,Värmland,2026,2025,12.271363215494718,7.48792270531401,293,62,52,828,192.514186,1568.808474,high_coverage,provisional
17840125,Rosendal,Arvika,Värmland,2026,2025,4.711163816566795,5.343511450381679,333,49,47,917,80.912552,1717.464201,high_coverage,provisional
17840207,Dottevik,Arvika,Värmland,2026,2025,13.797713061493427,10.173697270471465,252,82,71,806,205.253481,1487.590589,high_coverage,provisional
17840208,Solvik,Arvika,Värmland,2026,2025,5.412127781636637,3.141361256544503,289,30,72,955,104.475676,1930.399285,high_coverage,provisional
17840209,Agneteberg,Arvika,Värmland,2026,2025,9.596282833387436,7.415254237288136,333,70,38,944,173.484859,1807.83395,high_coverage,provisional
17840210,Jössefors,Arvika,Värmland,2026,2025,2.4873742395778833,3.580246913580247,229,29,34,810,37.800369,1519.689655,high_coverage,provisional
17840228,Taserud,Arvika,Värmland,2026,2025,3.252998419252559,2.6737967914438503,343,25,51,935,48.095518,1478.498044,high_coverage,provisional
17840311,Stavnäs-Högerud,Arvika,Värmland,2026,2025,0.8596102765918637,3.597122302158273,231,30,62,834,11.998226,1395.775077,high_coverage,provisional
17840514,Glava,Arvika,Värmland,2026,2025,1.6901002971439159,2.5906735751295336,189,15,24,579,16.981297,1004.750844,high_coverage,provisional
17840617,Gunnarskog-Bogen,Arvika,Värmland,2026,2025,1.4040521066603218,2.872531418312388,271,32,36,1114,26.46096,1884.613817,high_coverage,provisional
17840920,Älgå-Ny,Arvika,Värmland,2026,2025,1.3488737577130243,2.190580503833516,251,20,28,913,20.771834,1539.93907,high_coverage,provisional
17841123,Edane,Arvika,Värmland,2026,2025,1.7926393023411131,3.314917127071823,266,30,51,905,26.146677,1458.557612,high_coverage,provisional
17841124,Mangskog,Arvika,Värmland,2026,2025,1.7926703129003605,6.756756756756757,162,45,56,666,19.849249,1107.24481,high_coverage,provisional
17850101,Tegnér,Säffle,Värmland,2026,2025,4.5961473374255135,3.849114703618168,373,50,51,1299,100.10551,2178.030917,high_coverage,provisional
17850102,Tingvalla,Säffle,Värmland,2026,2025,11.016216846537187,5.9347181008902075,383,80,33,1348,256.859374,2331.647766,high_coverage,provisional
17850103,Trätälja,Säffle,Värmland,2026,2025,22.4240669088531,11.126373626373626,263,81,23,728,365.456045,1629.749173,high_coverage,provisional
17850105,Värmlandsnäs Södra,Säffle,Värmland,2026,2025,0.8890245822252877,2.10016155088853,82,13,22,619,8.487213,954.665728,high_coverage,provisional
17850206,Höglunda,Säffle,Värmland,2026,2025,8.52880022682832,4.158607350096712,327,43,24,1034,160.503711,1881.902574,high_coverage,provisional
17850308,Värmlandsnäs Norra,Säffle,Värmland,2026,2025,2.5775779333224405,2.5316455696202533,156,18,6,711,33.694849,1307.229107,high_coverage,provisional
17851018,Annelund,Säffle,Värmland,2026,2025,4.3839015484748245,4.553415061295972,341,52,21,1142,93.893297,2141.774763,high_coverage,provisional
17851120,Svaneholm,Säffle,Värmland,2026,2025,1.706827321232722,2.684563758389262,129,16,23,596,17.0,995.999993,high_coverage,provisional
17851223,Nysäter,Säffle,Värmland,2026,2025,1.4992503905468557,3.3766233766233764,127,26,25,770,20.0,1333.999986,high_coverage,provisional
18140100,Lanna,Lekeberg,Örebro,2026,2025,2.4649568073056414,1.905829596412556,196,17,38,892,32.783019,1329.963223,high_coverage,provisional
18140200,Hidinge,Lekeberg,Örebro,2026,2025,1.9150488054203725,3.252032520325203,165,24,37,738,25.268199,1319.454571,high_coverage,provisional
18140301,Fjugesta Västra,Lekeberg,Örebro,2026,2025,4.306659117577163,4.016913319238901,248,38,26,946,69.431566,1612.190891,high_coverage,provisional
18140302,Fjugesta Östra,Lekeberg,Örebro,2026,2025,6.658390263374688,4.513888888888889,214,39,23,864,101.499891,1524.390836,high_coverage,provisional
18140400,Mullhyttan,Lekeberg,Örebro,2026,2025,2.8628359382754267,2.94811320754717,177,25,46,848,41.451357,1447.912416,high_coverage,provisional
18140500,Kräcklinge m.fl.,Lekeberg,Örebro,2026,2025,1.0678263300256488,3.4129692832764507,143,30,40,879,14.671417,1373.951605,high_coverage,provisional
18600101,Laxå Centrala,Laxå,Örebro,2026,2025,14.188899153031702,7.530454042081949,291,68,7,903,226.047725,1593.130817,high_coverage,provisional
18600103,Laxå-Kanalområdet,Laxå,Örebro,2026,2025,10.995754943565,4.166666666666667,331,46,33,1104,218.118039,1983.656785,high_coverage,provisional
18600205,Finnerödja,Laxå,Örebro,2026,2025,2.94334061154916,2.912621359223301,199,24,38,824,39.9996,1358.986447,high_coverage,provisional
18600407,Skagershult,Laxå,Örebro,2026,2025,3.440621589510417,6.461538461538462,95,21,14,325,15.834455,460.220765,high_coverage,provisional
18610111,Hässleberg,Hallsberg,Örebro,2026,2025,28.554557736854594,11.742892459826948,387,95,20,809,612.424706,2144.752903,high_coverage,provisional
18610113,Kårstahult,Hallsberg,Örebro,2026,2025,12.833636820367552,6.256410256410256,360,61,34,975,169.543814,1321.089387,high_coverage,provisional
18610114,Vingen,Hallsberg,Örebro,2026,2025,15.62313162249217,5.440158259149357,383,55,32,1011,279.721046,1790.428787,high_coverage,provisional
18610115,Vadsbron,Hallsberg,Örebro,2026,2025,6.563444042585049,4.645849200304646,422,61,48,1313,130.366371,1986.249447,high_coverage,provisional
18610116,Långängen,Hallsberg,Örebro,2026,2025,4.80709419379874,4.281345565749236,393,42,47,981,76.000021,1580.997125,high_coverage,provisional
18610221,Vretstorp,Hallsberg,Örebro,2026,2025,4.156170853345898,3.4482758620689653,233,34,29,986,65.999987,1587.999852,high_coverage,provisional
18610231,Östansjö,Hallsberg,Örebro,2026,2025,2.1848674939981385,3.3854166666666665,205,26,34,768,25.895974,1185.242312,high_coverage,provisional
18610441,Sköllersta,Hallsberg,Örebro,2026,2025,3.069743132510528,4.559915164369035,243,43,50,943,45.080997,1468.559259,high_coverage,provisional
18610451,Pålsboda,Hallsberg,Örebro,2026,2025,7.9380758699600795,4.433887569279493,372,56,27,1263,168.327476,2120.507271,high_coverage,provisional
18610671,Sottern,Hallsberg,Örebro,2026,2025,3.177042472787642,6.370656370656371,148,33,24,518,28.587096,899.802135,high_coverage,provisional
18620101,Jannelund,Degerfors,Örebro,2026,2025,15.550994538287256,10.867293625914316,408,104,24,957,252.535239,1623.916968,high_coverage,provisional
18620102,Bossåsen,Degerfors,Örebro,2026,2025,6.205554518069701,4.949381327334083,282,44,23,889,75.148213,1210.983044,high_coverage,provisional
18620103,Bruket,Degerfors,Örebro,2026,2025,7.345110183593946,9.35412026726058,300,84,28,898,101.776838,1385.640725,high_coverage,provisional
18620105,Stora Valla,Degerfors,Örebro,2026,2025,12.391035092368893,9.980039920159681,390,100,22,1002,198.999962,1605.999503,high_coverage,provisional
18620108,Strömtorp,Degerfors,Örebro,2026,2025,4.407525263259447,3.898170246618934,427,49,24,1257,88.512777,2008.219391,high_coverage,provisional
18620210,Åtorp,Degerfors,Örebro,2026,2025,1.153838173515589,3.7398373983739837,150,23,21,615,9.873505,855.709685,high_coverage,provisional
18620211,Svartå,Degerfors,Örebro,2026,2025,2.3720349630585686,5.46875,122,21,13,384,13.153824,554.537526,high_coverage,provisional
18630101,Gillershöjden,Hällefors,Örebro,2026,2025,7.24565498923164,7.040913415794481,356,74,27,1051,129.062968,1781.246391,high_coverage,provisional
18630102,Centrum,Hällefors,Örebro,2026,2025,15.771454931774763,8.323831242873432,391,73,19,877,242.266606,1536.108159,high_coverage,provisional
18630104,Hjulsjö-Kronhagen,Hällefors,Örebro,2026,2025,5.468367799671176,6.431273644388399,276,51,25,793,78.670427,1438.645495,high_coverage,provisional
18630208,Grythyttan,Hällefors,Örebro,2026,2025,1.919258767625544,4.153686396677051,266,40,52,963,28.999999,1510.999949,high_coverage,provisional
18640101,Hörken-Ställdalen,Ljusnarsberg,Örebro,2026,2025,3.585147305852011,3.9861351819757367,140,23,10,577,39.860658,1111.827621,high_coverage,provisional
18640103,Bångbro-Kyrkbacksskolan,Ljusnarsberg,Örebro,2026,2025,4.532633376004969,4.927536231884058,291,51,31,1035,81.130674,1789.923589,high_coverage,provisional
18640105,"Tingshuset, Kopparberg",Ljusnarsberg,Örebro,2026,2025,10.26010899930775,7.575757575757576,251,55,14,726,141.999662,1383.997597,high_coverage,provisional
18800101,Örnsro,Örebro,Örebro,2026,2025,16.229134069855576,13.284804367606915,394,146,68,1099,263.705042,1624.886706,high_coverage,provisional
18800102,Näbbtorget,Örebro,Örebro,2026,2025,21.292336136470183,11.143131604226705,389,116,71,1041,329.866598,1549.226895,high_coverage,provisional
18800103,Våghustorget,Örebro,Örebro,2026,2025,10.728271139016755,6.642512077294686,281,55,41,828,98.69233,919.927626,high_coverage,provisional
18800104,Oskarsparken,Örebro,Örebro,2026,2025,5.613340956967087,4.069175991861648,302,40,51,983,73.187424,1303.812196,high_coverage,provisional
18800105,Wadköping,Örebro,Örebro,2026,2025,5.2388806593014285,4.792332268370607,258,45,70,939,53.724631,1025.498279,high_coverage,provisional
18800106,Sveaparken,Örebro,Örebro,2026,2025,8.8902579900758,5.922330097087379,281,61,68,1030,155.192187,1745.643233,high_coverage,provisional
18800107,Stadsparken,Örebro,Örebro,2026,2025,5.311728070742735,7.192118226600985,308,73,91,1015,79.432256,1495.412697,high_coverage,provisional
18800108,Krämartorget,Örebro,Örebro,2026,2025,14.782157815499481,11.277330264672036,299,98,39,869,125.019908,845.748703,high_coverage,provisional
18800109,Eklunda,Örebro,Örebro,2026,2025,7.26615609648634,3.145853193517636,257,33,75,1049,137.758085,1895.886672,high_coverage,provisional
18800110,Södermalm,Örebro,Örebro,2026,2025,13.57817243930023,15.876089060987415,311,164,56,1033,236.863258,1744.441375,high_coverage,provisional
18800111,Eyra,Örebro,Örebro,2026,2025,6.490047060395275,5.0682261208577,270,52,59,1026,73.36658,1130.447581,high_coverage,provisional
18800112,Gustavsvik,Örebro,Örebro,2026,2025,6.823049934020708,6.625766871165644,204,54,23,815,79.137526,1159.855589,high_coverage,provisional
18800113,Ladugårdsängen västra,Örebro,Örebro,2026,2025,8.730456834392182,9.615384615384615,272,85,87,884,150.022888,1718.385313,high_coverage,provisional
18800114,Ladugårdsängen östra,Örebro,Örebro,2026,2025,8.490403953155344,8.665906499429875,276,76,55,877,79.971849,941.908647,high_coverage,provisional
18800115,Olivplan,Örebro,Örebro,2026,2025,11.28671193890019,8.753861997940268,274,85,54,971,167.591949,1484.860692,high_coverage,provisional
18800116,Sörbyängen,Örebro,Örebro,2026,2025,7.675078099290002,8.350951374207188,297,79,79,946,80.915443,1054.262145,high_coverage,provisional
18800216,Bettorp,Örebro,Örebro,2026,2025,8.358454700997829,5.022421524663677,364,56,64,1115,137.935137,1650.246869,high_coverage,provisional
18800217,Olaus Petri,Örebro,Örebro,2026,2025,9.586619569190587,12.453760789149198,322,101,39,811,77.442461,807.818235,high_coverage,provisional
18800218,Åkullen,Örebro,Örebro,2026,2025,10.735447593343721,11.682743837084674,319,109,43,933,138.856685,1293.44104,high_coverage,provisional
18800219,Längbrotorg,Örebro,Örebro,2026,2025,9.887172640527936,12.624584717607974,274,114,101,903,132.450045,1339.614972,high_coverage,provisional
18800220,Hagaby-Ringstorp,Örebro,Örebro,2026,2025,11.346931165693771,4.117647058823529,302,42,58,1020,199.919437,1761.881112,high_coverage,provisional
18800221,Norrby,Örebro,Örebro,2026,2025,13.11650783991054,17.90341578327444,310,152,44,849,283.373599,2160.434793,high_coverage,provisional
18800222,Bromsplan,Örebro,Örebro,2026,2025,11.87339613268755,14.316469321851454,268,133,72,929,108.720752,915.666847,high_coverage,provisional
18800223,Svampen,Örebro,Örebro,2026,2025,12.812943573324972,10.098302055406613,360,113,72,1119,179.201171,1398.594866,high_coverage,provisional
18800224,Rynningeåsen,Örebro,Örebro,2026,2025,10.04380188609548,5.549510337323177,294,51,78,919,136.831438,1362.347043,high_coverage,provisional
18800225,Rynninge,Örebro,Örebro,2026,2025,6.709032454287863,2.7728085867620753,336,31,101,1118,124.212295,1851.418902,high_coverage,provisional
18800226,Tegnér,Örebro,Örebro,2026,2025,11.36223280894577,10.701956271576524,251,93,70,869,154.861011,1362.945238,high_coverage,provisional
18800227,Sofia,Örebro,Örebro,2026,2025,9.416395600033487,7.709251101321586,266,70,59,908,157.779706,1675.584934,high_coverage,provisional
18800228,Nobel,Örebro,Örebro,2026,2025,15.573842267641504,13.997879109225876,316,132,51,943,214.77176,1379.054419,high_coverage,provisional
18800229,Malmplan,Örebro,Örebro,2026,2025,12.05019603964708,12.189859762675297,315,113,53,927,155.938632,1294.075478,high_coverage,provisional
18800230,Vasastan,Örebro,Örebro,2026,2025,7.960347090269575,9.439252336448599,326,101,78,1070,107.100315,1345.422678,high_coverage,provisional
18800231,Järntorget,Örebro,Örebro,2026,2025,9.121063721623694,11.68958742632613,325,119,63,1018,79.634993,873.088879,high_coverage,provisional
18800232,Universitetssjukhuset,Örebro,Örebro,2026,2025,11.73819872991958,11.833171677982541,291,122,70,1031,175.800096,1497.67524,high_coverage,provisional
18800233,Slottet,Örebro,Örebro,2026,2025,8.26320707853619,9.333333333333334,288,98,66,1050,191.418328,2316.513748,high_coverage,provisional
18800234,Centrum,Örebro,Örebro,2026,2025,6.9930726860902706,6.832298136645963,253,66,58,966,62.203667,889.504082,high_coverage,provisional
18800235,Centralstationen,Örebro,Örebro,2026,2025,10.581509512954687,9.632446134347274,258,76,57,789,129.246819,1221.440276,high_coverage,provisional
18800339,Heden,Örebro,Örebro,2026,2025,18.05147636407042,7.837837837837838,208,58,27,740,173.789854,962.74593,high_coverage,provisional
18800340,Mellringe,Örebro,Örebro,2026,2025,13.991216315152169,8.236434108527131,260,85,45,1032,212.505657,1518.850486,high_coverage,provisional
18800341,Björkhaga,Örebro,Örebro,2026,2025,4.842147596873539,6.775300171526586,428,79,75,1166,63.449099,1310.350371,high_coverage,provisional
18800342,Varberga västra,Örebro,Örebro,2026,2025,37.68697422330506,31.448275862068964,255,228,24,725,931.602164,2471.947359,high_coverage,provisional
18800343,Varberga östra,Örebro,Örebro,2026,2025,54.31186240207027,30.926216640502354,253,197,15,637,1030.755727,1897.846403,high_coverage,provisional
18800344,Karlslund,Örebro,Örebro,2026,2025,9.689775639158555,4.9603174603174605,351,50,63,1008,189.161021,1952.17132,high_coverage,provisional
18800345,Oxhagen,Örebro,Örebro,2026,2025,46.02752452909874,31.50984682713348,439,288,25,914,871.021047,1892.391685,high_coverage,provisional
18800346,Solhaga,Örebro,Örebro,2026,2025,7.55452148672206,7.760532150776053,407,70,40,902,55.624689,736.309892,high_coverage,provisional
18800347,Västhaga,Örebro,Örebro,2026,2025,13.130977570582568,11.92468619246862,399,114,29,956,194.739434,1483.053588,high_coverage,provisional
18800348,Rosta västra,Örebro,Örebro,2026,2025,11.795318394096526,13.856068743286789,302,129,64,931,170.82119,1448.211776,high_coverage,provisional
18800349,Rosta östra,Örebro,Örebro,2026,2025,9.416353289988145,9.401709401709402,421,99,63,1053,134.506872,1428.439098,high_coverage,provisional
18800350,Hagastrand,Örebro,Örebro,2026,2025,9.487007002188152,8.26901874310915,275,75,72,907,121.074897,1276.218063,high_coverage,provisional
18800479,Skebäck,Örebro,Örebro,2026,2025,5.319453200253265,5.649717514124294,360,70,87,1239,110.581179,2078.807254,high_coverage,provisional
18800480,Sörby norra,Örebro,Örebro,2026,2025,6.830273974895814,5.475504322766571,300,57,82,1041,79.481102,1163.659061,high_coverage,provisional
18800481,Sörby södra,Örebro,Örebro,2026,2025,7.504592195787868,5.326460481099656,340,62,96,1164,119.895416,1597.627331,high_coverage,provisional
18800482,Tybble,Örebro,Örebro,2026,2025,17.126320443835972,13.385826771653543,275,102,35,762,162.489261,948.769244,high_coverage,provisional
18800483,Ekeby Almby,Örebro,Örebro,2026,2025,5.0843752406391856,2.34023402340234,237,26,60,1111,76.850093,1511.495304,high_coverage,provisional
18800484,Almby,Örebro,Örebro,2026,2025,10.05740363481529,4.945515507124895,359,59,97,1193,155.098839,1542.135969,high_coverage,provisional
18800485,Brickeberg,Örebro,Örebro,2026,2025,16.664270906198098,10.499490316004078,274,103,98,981,245.790111,1474.952684,high_coverage,provisional
18800486,Brickebacken norra,Örebro,Örebro,2026,2025,35.188249277641674,26.812585499316004,264,196,36,731,554.119516,1574.728858,high_coverage,provisional
18800487,Brickebacken södra,Örebro,Örebro,2026,2025,27.648930903342016,23.135964912280702,381,211,26,912,491.646778,1778.17645,high_coverage,provisional
18800488,Grönpepparparken,Örebro,Örebro,2026,2025,9.393043955498602,8.0,282,78,70,975,139.133668,1481.24153,high_coverage,provisional
18800489,Näsby,Örebro,Örebro,2026,2025,5.244928571566028,4.5212765957446805,311,51,115,1128,71.325848,1359.901227,high_coverage,provisional
18800490,Tybblelund,Örebro,Örebro,2026,2025,5.722378082373746,10.335448776065277,289,114,103,1103,74.919679,1309.240283,high_coverage,provisional
18800491,Universitetet,Örebro,Örebro,2026,2025,12.719159268942995,15.67357512953368,240,121,85,772,168.58003,1325.402304,high_coverage,provisional
18800492,Ormesta,Örebro,Örebro,2026,2025,5.200999051069525,3.234501347708895,171,24,66,742,120.831513,2323.23659,high_coverage,provisional
18800493,Norra Ormesta,Örebro,Örebro,2026,2025,4.614964509052271,6.415094339622642,216,51,72,795,37.896507,821.16573,high_coverage,provisional
18800494,Tybblekullen,Örebro,Örebro,2026,2025,12.140025810754096,14.344600164880461,388,174,71,1213,331.054899,2726.970306,high_coverage,provisional
18800501,Marieberg,Örebro,Örebro,2026,2025,3.9024845585110626,3.209109730848861,233,31,34,966,77.176802,1977.632476,high_coverage,provisional
18800502,Mosås,Örebro,Örebro,2026,2025,5.8503012832955665,4.824561403508772,278,55,52,1140,112.721148,1926.758,high_coverage,provisional
18800503,Täby,Örebro,Örebro,2026,2025,2.2078696967819473,2.2598870056497176,135,16,41,708,24.125833,1092.719966,high_coverage,provisional
18800701,Vintrosa,Örebro,Örebro,2026,2025,2.1840768304160534,4.162633107454018,269,43,76,1033,30.364272,1390.256587,high_coverage,provisional
18800801,Garphyttan,Örebro,Örebro,2026,2025,4.139693878429995,6.099815157116451,336,66,82,1082,63.70091,1538.783105,high_coverage,provisional
18800802,Latorp,Örebro,Örebro,2026,2025,2.0565580474528686,4.847908745247148,283,51,102,1052,37.209785,1809.323352,high_coverage,provisional
18801001,Kil,Örebro,Örebro,2026,2025,2.2083602049809072,4.824120603015075,189,48,74,995,30.259542,1370.226738,high_coverage,provisional
18801101,Ervalla,Örebro,Örebro,2026,2025,2.236900494412926,4.300091491308326,218,47,53,1093,35.517495,1587.799506,high_coverage,provisional
18801201,Axberg,Örebro,Örebro,2026,2025,3.7045666382001294,4.595185995623632,226,42,61,914,84.353539,2277.015026,high_coverage,provisional
18801301,Hovsta västra,Örebro,Örebro,2026,2025,4.226689632037552,3.933136676499508,308,40,83,1017,67.150661,1588.729404,high_coverage,provisional
18801302,Lillån västra,Örebro,Örebro,2026,2025,7.740523797958141,6.236559139784946,263,58,50,930,131.195199,1694.913709,high_coverage,provisional
18801303,Lillån östra,Örebro,Örebro,2026,2025,6.920388835940937,3.2287822878228782,312,35,76,1084,125.347896,1811.284004,high_coverage,provisional
18801304,Hovsta östra,Örebro,Örebro,2026,2025,5.694671037624155,4.870466321243524,336,47,50,965,32.222884,565.842764,high_coverage,provisional
18801401,Hampetorp,Örebro,Örebro,2026,2025,2.0206958751397734,4.149377593360996,169,30,35,723,19.310865,955.6542,high_coverage,provisional
18801501,Kilsmo-Brevens Bruk,Örebro,Örebro,2026,2025,2.3377976185032403,7.28643216080402,93,29,22,398,12.653244,541.246338,high_coverage,provisional
18801502,Asker,Örebro,Örebro,2026,2025,1.8389346068705543,3.8412291933418694,131,30,32,781,24.736892,1345.175185,high_coverage,provisional
18801503,Odensbacken,Örebro,Örebro,2026,2025,3.097604523262094,3.28879753340185,272,32,35,973,37.301659,1204.209857,high_coverage,provisional
18801601,Stora Mellösa västra,Örebro,Örebro,2026,2025,2.1907100566191717,4.186602870813397,202,35,43,836,26.963369,1230.805004,high_coverage,provisional
18801602,Stora Mellösa östra,Örebro,Örebro,2026,2025,2.1903873451628364,4.146730462519936,158,26,32,627,17.871902,815.924272,high_coverage,provisional
18801701,Norrbyås,Örebro,Örebro,2026,2025,2.803797173459727,3.6684782608695654,167,27,58,736,27.638787,985.76271,high_coverage,provisional
18801801,Gällersta,Örebro,Örebro,2026,2025,4.880369147966906,3.7521815008726005,255,43,59,1146,93.433649,1914.479134,high_coverage,provisional
18802601,Rinkaby,Örebro,Örebro,2026,2025,1.9132133384381969,3.1537450722733245,168,24,65,761,22.061044,1153.088553,high_coverage,provisional
18802701,Glanshammar,Örebro,Örebro,2026,2025,2.4433689229211524,3.0991735537190084,229,30,48,968,35.219723,1441.441064,high_coverage,provisional
18802901,Lillkyrka,Örebro,Örebro,2026,2025,1.4612824878346478,2.9171528588098017,209,25,42,857,17.594722,1204.060279,high_coverage,provisional
18803060,Lundby norra,Örebro,Örebro,2026,2025,17.374743045942264,12.91005291005291,365,122,43,945,248.230748,1428.687304,high_coverage,provisional
18803061,Lundby södra,Örebro,Örebro,2026,2025,18.66453773862593,8.983451536643026,283,76,47,846,243.665579,1305.500208,high_coverage,provisional
18803062,Vivalla västra,Örebro,Örebro,2026,2025,54.66221154019363,45.45454545454545,381,390,10,858,1441.342991,2636.817923,high_coverage,provisional
18803063,Vivalla norra,Örebro,Örebro,2026,2025,51.580766548385526,38.71706758304696,405,338,16,873,1192.821348,2312.531255,high_coverage,provisional
18803064,Vivalla östra,Örebro,Örebro,2026,2025,51.71119631998767,46.07104413347686,395,428,21,929,1052.207691,2034.777313,high_coverage,provisional
18803066,Nyponlunden,Örebro,Örebro,2026,2025,16.589378187136973,6.265060240963855,245,52,28,830,269.352173,1623.642369,high_coverage,provisional
18803067,Nya Hjärsta,Örebro,Örebro,2026,2025,13.806976253844928,7.818532818532819,344,81,68,1036,202.076808,1463.584816,high_coverage,provisional
18803068,Baronbackarna,Örebro,Örebro,2026,2025,40.129187977271464,30.175077239958807,403,293,36,971,880.1509,2193.293571,high_coverage,provisional
18803070,Gamla Hjärsta,Örebro,Örebro,2026,2025,8.453463638828863,7.774227902023429,272,73,84,939,121.743928,1440.166223,high_coverage,provisional
18803071,Mikael,Örebro,Örebro,2026,2025,7.926087252399721,8.474576271186441,271,80,64,944,111.080866,1401.459036,high_coverage,provisional
18803072,Karla,Örebro,Örebro,2026,2025,18.309601479806,11.299435028248588,287,100,81,885,332.424303,1815.573667,high_coverage,provisional
18803073,Trängen,Örebro,Örebro,2026,2025,23.28398675009899,15.517241379310345,364,135,41,870,349.207372,1499.774827,high_coverage,provisional
18803074,Markbacken,Örebro,Örebro,2026,2025,37.7003548875633,28.519417475728154,364,235,32,824,551.705761,1463.396731,high_coverage,provisional
18803189,Brunnsgärdet,Örebro,Örebro,2026,2025,5.118122397716893,4.166666666666667,292,39,38,936,70.980556,1386.847568,high_coverage,provisional
18803190,Nasta,Örebro,Örebro,2026,2025,5.398784479377143,3.094606542882405,304,35,67,1131,95.08201,1761.174397,high_coverage,provisional
18803191,Lindhult norra,Örebro,Örebro,2026,2025,4.748091587761683,2.8753993610223643,280,27,33,939,75.278514,1585.447808,high_coverage,provisional
18803192,Adolfsberg västra,Örebro,Örebro,2026,2025,4.211478198251807,2.393162393162393,302,28,46,1170,59.595956,1415.084044,high_coverage,provisional
18803193,Adolfsberg östra,Örebro,Örebro,2026,2025,3.2659844508874896,2.6666666666666665,335,30,70,1125,42.662728,1306.274682,high_coverage,provisional
18803194,Ladugårdsängen södra,Örebro,Örebro,2026,2025,10.457064595184816,10.128388017118402,174,71,31,701,207.543049,1984.716142,high_coverage,provisional
18803195,Ladugårdsängen Hagen,Örebro,Örebro,2026,2025,10.235668112503237,5.299539170506913,230,46,40,868,50.767809,495.989206,high_coverage,provisional
18803196,Lindhult södra,Örebro,Örebro,2026,2025,4.599489662786335,3.6669970267591676,259,37,35,1009,58.924296,1281.105086,high_coverage,provisional
18810102,Hällabrottet,Kumla,Örebro,2026,2025,2.7122642340824403,3.5714285714285716,393,49,38,1372,55.051702,2029.732255,high_coverage,provisional
18810104,Åbytorp-Hardemo,Kumla,Örebro,2026,2025,2.2598281296017175,2.4977698483496877,233,28,38,1121,42.145409,1864.982936,high_coverage,provisional
18810105,Skogstorp,Kumla,Örebro,2026,2025,4.674590816541791,4.73186119873817,330,60,49,1268,100.325444,2146.186649,high_coverage,provisional
18810106,Malmen,Kumla,Örebro,2026,2025,15.615864075502468,12.057416267942584,402,126,30,1045,270.668472,1733.291675,high_coverage,provisional
18810107,Fylsta,Kumla,Örebro,2026,2025,20.376903818922486,9.877622377622378,435,113,33,1144,272.87953,1339.160907,high_coverage,provisional
18810108,Stadshuset,Kumla,Örebro,2026,2025,11.656836808418186,8.032786885245901,437,98,30,1220,192.538501,1651.721682,high_coverage,provisional
18810109,Åsen,Kumla,Örebro,2026,2025,6.877590162859986,5.288796102992345,445,76,40,1437,151.975411,2209.718919,high_coverage,provisional
18810112,Haga,Kumla,Örebro,2026,2025,6.933818011970129,5.830670926517572,353,73,70,1252,135.682979,1956.82925,high_coverage,provisional
18810114,Kumlaby,Kumla,Örebro,2026,2025,9.561228177467077,5.897009966777409,350,71,31,1204,206.919847,2164.155516,high_coverage,provisional
18810115,Sörby,Kumla,Örebro,2026,2025,4.854654760612815,3.653693407466243,282,46,32,1259,94.675218,1950.194662,high_coverage,provisional
18810116,Vialund,Kumla,Örebro,2026,2025,16.310224341869976,7.619047619047619,309,80,31,1050,411.294503,2521.697399,high_coverage,provisional
18810310,Ekeby-Kvarntorp,Kumla,Örebro,2026,2025,1.6392321225325623,2.912621359223301,148,21,27,721,17.895493,1091.699751,high_coverage,provisional
18820101,Sjöängen,Askersund,Örebro,2026,2025,8.303682025601617,4.424778761061947,429,55,51,1243,156.669707,1886.749836,high_coverage,provisional
18820102,Närlunda,Askersund,Örebro,2026,2025,8.049784340811803,4.918032786885246,399,60,36,1220,108.089851,1342.767041,high_coverage,provisional
18820103,Klockarbacken-Olshammar,Askersund,Örebro,2026,2025,5.461691034798874,3.9814814814814814,250,43,38,1080,121.912166,2232.132232,high_coverage,provisional
18820304,Åsbro,Askersund,Örebro,2026,2025,3.335035612707917,4.037558685446009,313,43,35,1065,56.7375,1701.256196,high_coverage,provisional
18820306,Rönneshytta-Mariedamm,Askersund,Örebro,2026,2025,2.2077796925566844,3.0054644808743167,174,22,35,732,25.338283,1147.681677,high_coverage,provisional
18820408,Snavlunda,Askersund,Örebro,2026,2025,0.9487775461647144,3.7162162162162162,147,22,41,592,7.044722,742.505135,high_coverage,provisional
18820511,Hammar,Askersund,Örebro,2026,2025,2.1857383357888285,2.056555269922879,169,16,26,778,23.570119,1078.359592,high_coverage,provisional
18820513,Åmmeberg-Zinkgruvan,Askersund,Örebro,2026,2025,1.4891759889398837,2.5,234,20,22,800,18.637835,1251.553553,high_coverage,provisional
18830101,Aggerud,Karlskoga,Örebro,2026,2025,5.716912541794635,5.172413793103448,350,63,49,1218,86.747074,1517.376265,high_coverage,provisional
18830102,Stråningstorp,Karlskoga,Örebro,2026,2025,9.322128487060596,6.481481481481482,460,77,24,1188,174.874581,1875.908289,high_coverage,provisional
18830103,Landa,Karlskoga,Örebro,2026,2025,30.679054997663346,18.12227074235808,352,166,17,916,630.478019,2055.0764,high_coverage,provisional
18830104,Skranta,Karlskoga,Örebro,2026,2025,17.064026248798243,9.024390243902438,379,111,52,1230,360.953612,2115.289831,high_coverage,provisional
18830105,Häsängen,Karlskoga,Örebro,2026,2025,10.087031012582313,3.6666666666666665,324,44,24,1200,304.185479,3015.609634,high_coverage,provisional
18830106,Ekeby,Karlskoga,Örebro,2026,2025,10.795139798664016,9.099181073703367,365,100,23,1099,128.157638,1187.179049,high_coverage,provisional
18830107,Karlberg,Karlskoga,Örebro,2026,2025,6.175919610459096,6.294964028776978,329,70,20,1112,87.019593,1409.014341,high_coverage,provisional
18830108,Rävåsen,Karlskoga,Örebro,2026,2025,5.387704563678336,4.444444444444445,399,50,30,1125,62.396499,1158.127701,high_coverage,provisional
18830109,Sandmo,Karlskoga,Örebro,2026,2025,13.38988406496273,5.3064958828911255,431,58,41,1093,245.644912,1834.555929,high_coverage,provisional
18830110,Karls-Åby,Karlskoga,Örebro,2026,2025,4.702809527991814,3.7751677852348995,373,45,41,1192,64.378424,1368.935391,high_coverage,provisional
18830111,Bohult,Karlskoga,Örebro,2026,2025,5.837112841953968,6.764960971379011,404,78,26,1153,111.283233,1906.477329,high_coverage,provisional
18830112,Bregården,Karlskoga,Örebro,2026,2025,7.36785352352977,6.2046736502820306,391,77,47,1241,162.33236,2203.251727,high_coverage,provisional
18830113,Bofors,Karlskoga,Örebro,2026,2025,5.189016512492985,5.8053965658217495,463,71,35,1223,71.418508,1376.339964,high_coverage,provisional
18830114,Sandviken,Karlskoga,Örebro,2026,2025,11.118683432658568,10.957551826258637,356,111,44,1013,173.165472,1557.427847,high_coverage,provisional
18830115,Österleden,Karlskoga,Örebro,2026,2025,5.67085362850002,6.005004170141785,364,72,36,1199,136.829293,2412.851785,high_coverage,provisional
18830116,Bråten,Karlskoga,Örebro,2026,2025,2.718976847866999,3.048780487804878,376,35,28,1148,40.84346,1502.162846,high_coverage,provisional
18830117,Granbergsdal,Karlskoga,Örebro,2026,2025,2.0406661078004413,2.808988764044944,234,30,32,1068,33.291219,1631.389813,high_coverage,provisional
18840306,Järnboås-Klacka-Lerberg,Nora,Örebro,2026,2025,1.8575851568597594,4.761904761904762,73,21,27,441,11.147408,600.102125,high_coverage,provisional
18840401,Hagby-Esstorp,Nora,Örebro,2026,2025,9.42659603525794,5.257142857142857,320,46,23,875,192.779293,2045.057328,high_coverage,provisional
18840403,Karlsäng-Pershyttan,Nora,Örebro,2026,2025,10.015056589011989,6.985769728331177,244,54,35,773,158.197182,1579.593491,high_coverage,provisional
18840404,Gyttorp-Viker,Nora,Örebro,2026,2025,4.337539514827545,5.75,205,46,52,800,59.060979,1361.623999,high_coverage,provisional
18840405,Hitorp-Alntorp,Nora,Örebro,2026,2025,4.016344434648747,6.2,272,62,76,1000,56.949994,1417.955928,high_coverage,provisional
18840407,Ås-Ringshyttan,Nora,Örebro,2026,2025,5.040602244453997,2.735042735042735,175,16,22,585,42.451989,842.200732,high_coverage,provisional
18840409,Dalsta-Born,Nora,Örebro,2026,2025,6.4942958324671025,3.5995500562429696,262,32,76,889,99.976987,1539.458466,high_coverage,provisional
18840410,Torget-Gunnarsberg,Nora,Örebro,2026,2025,7.979942926129876,8.079625292740047,281,69,49,854,97.436284,1221.014798,high_coverage,provisional
18850203,Gusselby,Lindesberg,Örebro,2026,2025,1.5624531409958007,4.146341463414634,72,17,21,410,10.651753,681.732637,high_coverage,provisional
18850204,Lindesbergs Norra,Lindesberg,Örebro,2026,2025,13.310712903705738,9.411764705882353,306,96,39,1020,236.358975,1775.704853,high_coverage,provisional
18850206,Linde,Lindesberg,Örebro,2026,2025,13.147779522967879,3.161222339304531,171,30,47,949,281.012906,2137.34118,high_coverage,provisional
18850207,Lindesbergs Mellersta,Lindesberg,Örebro,2026,2025,9.767452538430943,7.446808510638298,403,98,42,1316,205.044109,2099.258821,high_coverage,provisional
18850209,Vedevåg,Lindesberg,Örebro,2026,2025,4.612978730687712,3.5603715170278636,144,23,21,646,44.395153,962.396655,high_coverage,provisional
18850210,Lindesbergs Västra,Lindesberg,Örebro,2026,2025,6.8496658775565535,4.323899371069182,394,55,42,1272,141.423635,2064.679322,high_coverage,provisional
18850212,Lindesbergs Sydöstra,Lindesberg,Örebro,2026,2025,9.798001258433871,6.214039125431531,267,54,26,869,132.608765,1353.426699,high_coverage,provisional
18850216,Lindesbergs Nordöstra,Lindesberg,Örebro,2026,2025,34.609826575099035,13.710554951033732,432,126,30,919,438.166023,1266.016234,high_coverage,provisional
18850302,Guldsmedshyttan,Lindesberg,Örebro,2026,2025,3.702296944805499,6.968641114982578,208,60,34,861,52.092523,1407.032547,high_coverage,provisional
18850305,Storå,Lindesberg,Örebro,2026,2025,3.3799270369164587,3.748910200523104,252,43,41,1147,65.907478,1949.967478,high_coverage,provisional
18850413,Frövi Västra,Lindesberg,Örebro,2026,2025,8.508093820601582,3.9768019884009944,436,48,23,1207,157.464335,1850.759269,high_coverage,provisional
18850414,Frövi Östra,Lindesberg,Örebro,2026,2025,3.6213648895855353,4.801477377654663,294,52,49,1083,59.225036,1635.434092,high_coverage,provisional
18850518,Fellingsbro Västra,Lindesberg,Örebro,2026,2025,5.78092492450393,4.190751445086705,172,29,35,692,57.110165,987.907052,high_coverage,provisional
18850519,Fellingsbro Östra,Lindesberg,Örebro,2026,2025,6.01534886782385,6.708074534161491,187,54,36,805,87.889836,1461.092913,high_coverage,provisional
18850522,Rockhammar,Lindesberg,Örebro,2026,2025,2.161263503952255,4.791666666666667,93,23,31,480,15.940413,737.550649,high_coverage,provisional
18850728,Ramshyttan,Lindesberg,Örebro,2026,2025,1.5071592192698713,2.947845804988662,91,13,38,441,9.733842,645.840325,high_coverage,provisional
19040201,Skinnskatteberg Södra,Skinnskatteberg,Västmanland,2026,2025,3.4599157293764753,4.010695187165775,309,45,41,1122,82.281303,2378.130262,high_coverage,provisional
19040202,Skinnskatteberg Norra,Skinnskatteberg,Västmanland,2026,2025,6.41074776466795,6.959152798789712,449,92,34,1322,118.718697,1851.869725,high_coverage,provisional
19070101,Bruket och Landsbygd,Surahammar,Västmanland,2026,2025,5.418622164781163,5.342741935483871,244,53,38,992,113.988953,2103.65199,high_coverage,provisional
19070103,Stavtorpet,Surahammar,Västmanland,2026,2025,3.6399512226617787,3.4146341463414633,324,35,15,1025,51.768274,1422.224388,high_coverage,provisional
19070104,Skogslund,Surahammar,Västmanland,2026,2025,7.125720553106934,6.1742006615215,272,56,33,907,105.342441,1478.340895,high_coverage,provisional
19070105,Dalskogen,Surahammar,Västmanland,2026,2025,10.801419145221178,7.380073800738008,376,80,17,1084,190.562016,1764.231287,high_coverage,provisional
19070207,Ramnäs,Surahammar,Västmanland,2026,2025,5.9922354447984105,4.040404040404041,283,36,34,891,92.492215,1543.534393,high_coverage,provisional
19070208,Virsbo,Surahammar,Västmanland,2026,2025,5.136688463187774,4.073587385019711,225,31,13,761,72.848941,1418.208278,high_coverage,provisional
19600101,Runna - Granhammar,Kungsör,Västmanland,2026,2025,12.208403304231076,11.15736885928393,356,134,28,1201,251.694399,2061.64879,high_coverage,provisional
19600102,Centrum,Kungsör,Västmanland,2026,2025,20.48023456231683,10.420650095602294,348,109,32,1046,396.623765,1936.617297,high_coverage,provisional
19600103,Haga - Skillinge,Kungsör,Västmanland,2026,2025,5.97118755721446,4.8169556840077075,287,50,36,1038,83.207481,1393.482958,high_coverage,provisional
19600104,Torpa - Malmberga,Kungsör,Västmanland,2026,2025,8.09297813480866,4.314720812182741,189,34,18,788,115.364081,1425.483661,high_coverage,provisional
19600506,Valskog - Kungs-Barkarö,Kungsör,Västmanland,2026,2025,3.69348514659979,3.5714285714285716,193,31,29,868,64.110253,1735.765827,high_coverage,provisional
19610103,Nibble,Hallstahammar,Västmanland,2026,2025,11.754740535062218,14.218009478672986,320,150,24,1055,159.378194,1355.863139,high_coverage,provisional
19610104,Fredhem,Hallstahammar,Västmanland,2026,2025,5.695692321397035,6.351931330472103,407,74,24,1165,98.616257,1731.418262,high_coverage,provisional
19610105,Barnängen,Hallstahammar,Västmanland,2026,2025,7.612539610316585,10.186335403726709,301,82,13,805,76.560641,1005.717473,high_coverage,provisional
19610106,Eldsboda,Hallstahammar,Västmanland,2026,2025,7.301985252949425,4.693486590038314,324,49,38,1044,160.902137,2203.539605,high_coverage,provisional
19610107,Tuna,Hallstahammar,Västmanland,2026,2025,16.79465266456379,8.31758034026465,377,88,26,1058,490.237515,2919.009549,high_coverage,provisional
19610108,Näs,Hallstahammar,Västmanland,2026,2025,3.0534138495655254,5.048543689320389,319,52,38,1030,44.695677,1463.793616,high_coverage,provisional
19610109,Lövboås,Hallstahammar,Västmanland,2026,2025,19.30790869333346,11.604095563139932,380,102,15,879,341.997725,1771.283107,high_coverage,provisional
19610310,Tunbo,Hallstahammar,Västmanland,2026,2025,3.4026390083653144,4.7082906857727735,239,46,37,977,49.311373,1449.209654,high_coverage,provisional
19610311,Kolbäcks Centrum,Hallstahammar,Västmanland,2026,2025,3.369060354828872,4.99359795134443,252,39,28,781,44.934929,1333.752568,high_coverage,provisional
19610312,Strömsholm,Hallstahammar,Västmanland,2026,2025,1.9968840835197934,3.6016949152542375,218,34,40,944,27.365569,1370.413497,high_coverage,provisional
19620101,Kärrgruvan,Norberg,Västmanland,2026,2025,3.815316487580025,6.578947368421052,214,45,25,684,42.622778,1117.14921,high_coverage,provisional
19620103,Skallberget,Norberg,Västmanland,2026,2025,4.504551880390418,6.6115702479338845,447,88,43,1331,93.451027,2074.59098,high_coverage,provisional
19620104,Björkängen,Norberg,Västmanland,2026,2025,11.934273342757786,7.039106145251397,331,63,32,895,202.141567,1693.790323,high_coverage,provisional
19620205,Karbenning,Norberg,Västmanland,2026,2025,2.102529810295052,3.8585209003215435,73,12,16,311,9.805214,466.35315,high_coverage,provisional
19800101,101 Centrum,Västerås,Västmanland,2026,2025,15.858785292618736,9.794776119402986,279,105,55,1072,247.710371,1561.97569,high_coverage,provisional
19800102,102 Kyrkbacken,Västerås,Västmanland,2026,2025,10.062551707563852,5.960854092526691,258,67,55,1124,144.049193,1431.537419,high_coverage,provisional
19800103,103 Herrgärdet,Västerås,Västmanland,2026,2025,11.492207293176493,7.378472222222222,353,85,70,1152,197.863341,1721.717473,high_coverage,provisional
19800104,104 Kopparlunden,Västerås,Västmanland,2026,2025,26.77439150369264,13.84928716904277,303,136,40,982,458.902721,1713.961346,high_coverage,provisional
19800105,105 Östermalm,Västerås,Västmanland,2026,2025,18.745919934828414,6.448412698412699,271,65,64,1008,287.928481,1535.952794,high_coverage,provisional
19800106,106 Östra Hamnen/Slottsträdgården,Västerås,Västmanland,2026,2025,9.284620657727205,1.1428571428571428,165,10,50,875,43.595983,469.550503,high_coverage,provisional
19800107,107 Lillåudden,Västerås,Västmanland,2026,2025,12.939114645613044,5.757832345469941,278,68,50,1181,71.865692,555.414292,high_coverage,provisional
19800108,108 Norrmalm/Blåsbo,Västerås,Västmanland,2026,2025,3.7290846860845783,4.064272211720227,231,43,56,1058,57.024567,1529.184017,high_coverage,provisional
19800109,109 Aroslund/Iggebygärdet,Västerås,Västmanland,2026,2025,11.794438290470078,5.704407951598963,306,66,56,1157,212.955171,1805.555854,high_coverage,provisional
19800110,110 Kristiansborg/Karlsdal,Västerås,Västmanland,2026,2025,14.71662081530744,9.421641791044776,262,101,48,1072,255.065126,1733.177264,high_coverage,provisional
19800111,111 Annedal/Stallhagen,Västerås,Västmanland,2026,2025,6.441459205854958,1.8623481781376519,248,23,63,1235,110.797612,1720.070072,high_coverage,provisional
19800112,112 Oxbacken C/Västermalm,Västerås,Västmanland,2026,2025,11.067996910500113,6.871794871794871,287,67,50,975,91.048545,822.628934,high_coverage,provisional
19800113,113 Pettersberg Ö,Västerås,Västmanland,2026,2025,23.80036861016974,6.009615384615385,265,50,63,832,407.811745,1713.468189,high_coverage,provisional
19800114,114 Pettersberg V,Västerås,Västmanland,2026,2025,56.06334120397512,31.08348134991119,298,175,13,563,962.395399,1716.621554,high_coverage,provisional
19800115,115 Jakobsberg,Västerås,Västmanland,2026,2025,7.343023284177725,4.485488126649076,246,51,90,1137,166.305054,2264.803577,high_coverage,provisional
19800116,116 Hammarby Stadshage,Västerås,Västmanland,2026,2025,30.348622989177617,14.405010438413361,315,138,53,958,596.740383,1966.284873,high_coverage,provisional
19800117,117 Vetterslund,Västerås,Västmanland,2026,2025,28.495382558447677,13.824884792626728,324,120,48,868,549.189064,1927.291423,high_coverage,provisional
19800118,118 Pettersberg S,Västerås,Västmanland,2026,2025,27.38776601982401,13.452188006482983,226,83,31,617,210.607319,768.983198,high_coverage,provisional
19800119,119 Mälarporten/Ängsgärdet,Västerås,Västmanland,2026,2025,16.702851778222517,6.17816091954023,217,43,24,696,478.491569,2864.72978,high_coverage,provisional
19800201,201 Hammarby Ö,Västerås,Västmanland,2026,2025,24.259194926148293,11.234817813765183,329,111,45,988,449.339244,1852.243017,high_coverage,provisional
19800202,202 Hammarby V,Västerås,Västmanland,2026,2025,38.399350522519576,23.715846994535518,387,217,32,915,672.126752,1750.359688,high_coverage,provisional
19800203,203 Bäckby Ö,Västerås,Västmanland,2026,2025,47.52901744100804,28.199791883454736,460,271,11,961,1041.863978,2192.058734,high_coverage,provisional
19800204,204 Bäckby N/Hälleborg,Västerås,Västmanland,2026,2025,47.02751395700932,28.891509433962263,405,245,16,848,952.550723,2025.517921,high_coverage,provisional
19800205,205 Bäckby V,Västerås,Västmanland,2026,2025,31.872875405825248,13.043478260869565,362,129,29,989,600.988784,1885.58069,high_coverage,provisional
19800206,206 Bäckby C,Västerås,Västmanland,2026,2025,32.14038113662364,13.9618138424821,403,117,9,838,386.575101,1202.770743,high_coverage,provisional
19800207,207 Bäckby S,Västerås,Västmanland,2026,2025,34.88831296223061,15.148514851485148,387,153,23,1010,757.136455,2170.17216,high_coverage,provisional
19800208,208 Skälby V,Västerås,Västmanland,2026,2025,18.57288855567974,7.070707070707071,362,77,28,1089,372.4982,2005.601869,high_coverage,provisional
19800209,209 Skälby Ö,Västerås,Västmanland,2026,2025,21.52665867726183,12.352941176470589,381,126,14,1020,373.062242,1733.024375,high_coverage,provisional
19800210,210 Stohagen/Spantgatan,Västerås,Västmanland,2026,2025,17.00376649002508,8.8659793814433,260,86,61,970,240.310198,1413.276277,high_coverage,provisional
19800211,211 Enhagen-Ekbacken/Örtagården,Västerås,Västmanland,2026,2025,5.939561043736889,1.9087136929460582,250,23,40,1205,81.250799,1367.959659,high_coverage,provisional
19800212,212 Barkarö/Tidö-Lindö,Västerås,Västmanland,2026,2025,4.271428258908032,2.091633466135458,182,21,29,1004,107.949227,2527.239613,high_coverage,provisional
19800213,213 Barkarö tätort,Västerås,Västmanland,2026,2025,5.265469106391841,2.375102375102375,241,29,52,1221,86.085036,1634.897751,high_coverage,provisional
19800214,214 Dingtuna-Lillhärad landsbygd,Västerås,Västmanland,2026,2025,6.685141680088434,2.9958677685950414,166,29,33,968,149.270632,2232.87163,high_coverage,provisional
19800215,215 Dingtuna tätort,Västerås,Västmanland,2026,2025,5.908806826210005,3.526448362720403,185,28,22,794,60.626544,1026.036995,high_coverage,provisional
19800216,216 Kvicksund/Rytterne,Västerås,Västmanland,2026,2025,2.6216444981996205,2.5197984161267097,249,35,66,1389,51.789777,1975.469101,high_coverage,provisional
19800301,301 Skallberget S,Västerås,Västmanland,2026,2025,33.472305300375545,22.48995983935743,301,168,26,747,486.393217,1453.121357,high_coverage,provisional
19800302,302 Skallberget N,Västerås,Västmanland,2026,2025,29.906879969323395,12.955465587044534,260,96,51,741,366.649781,1225.971353,high_coverage,provisional
19800303,303 Nordanby,Västerås,Västmanland,2026,2025,26.60960931739924,8.803986710963455,219,53,33,602,436.977537,1642.179454,high_coverage,provisional
19800304,304 Gryta NÖ,Västerås,Västmanland,2026,2025,7.434956583733146,4.769736842105263,432,58,51,1216,140.025114,1883.334656,high_coverage,provisional
19800305,305 Gryta NV,Västerås,Västmanland,2026,2025,9.99973932231254,4.854368932038835,426,55,43,1133,186.616401,1866.212658,high_coverage,provisional
19800306,306 Önsta,Västerås,Västmanland,2026,2025,16.02585760470648,6.232558139534884,332,67,33,1075,291.251167,1817.382721,high_coverage,provisional
19800307,307 Gryta SÖ,Västerås,Västmanland,2026,2025,21.388060780789555,9.864253393665159,391,109,48,1105,429.977131,2010.360525,high_coverage,provisional
19800308,308 Gryta SV,Västerås,Västmanland,2026,2025,16.330596847573386,7.911111111111111,404,89,50,1125,330.956291,2026.602543,high_coverage,provisional
19800309,309 Tunby/Vega,Västerås,Västmanland,2026,2025,13.862526543171132,8.56911883589329,365,106,46,1237,270.846447,1953.80291,high_coverage,provisional
19800310,310 Rönnby S,Västerås,Västmanland,2026,2025,4.782256907789239,2.441008950366151,346,30,61,1229,95.133929,1989.310295,high_coverage,provisional
19800311,311 Rönnby N,Västerås,Västmanland,2026,2025,6.128962905438659,3.6363636363636362,352,42,61,1155,104.757866,1709.226628,high_coverage,provisional
19800312,312 Fredriksberg,Västerås,Västmanland,2026,2025,44.53787644423284,22.903885480572598,433,224,23,978,923.39845,2073.288005,high_coverage,provisional
19800313,313 Råby S,Västerås,Västmanland,2026,2025,37.24811392013718,18.12004530011325,373,160,29,883,719.466229,1931.550764,high_coverage,provisional
19800314,314 Råby N,Västerås,Västmanland,2026,2025,39.264536149847444,21.5962441314554,411,184,19,852,543.68192,1384.664059,high_coverage,provisional
19800315,315 Råby Ö,Västerås,Västmanland,2026,2025,32.932432197507126,14.905933429811867,297,103,19,691,452.278208,1373.351975,high_coverage,provisional
19800316,316 Vallby S,Västerås,Västmanland,2026,2025,45.84925423632849,22.716346153846153,376,189,18,832,1109.324272,2419.503415,high_coverage,provisional
19800317,317 Eriksborg/Hagaberg,Västerås,Västmanland,2026,2025,21.043297870226873,8.27966881324747,351,90,24,1087,337.170558,1602.270519,high_coverage,provisional
19800318,318 Brottberga/Vallby N,Västerås,Västmanland,2026,2025,13.920137968211515,5.4323725055432375,208,49,31,902,158.964245,1141.9732,high_coverage,provisional
19800319,319 Vallby C/Bjärby/Skerike,Västerås,Västmanland,2026,2025,23.08891164382572,4.429530201342282,149,33,38,745,520.879491,2255.972473,high_coverage,provisional
19800320,320 Skultuna landsbygd,Västerås,Västmanland,2026,2025,5.257076247288904,4.146730462519936,121,26,44,627,79.90584,1519.967302,high_coverage,provisional
19800321,321 Skultuna Ö,Västerås,Västmanland,2026,2025,13.609914246599194,7.159353348729792,312,62,27,866,223.382321,1641.320562,high_coverage,provisional
19800322,322 Haraker Romfartuna,Västerås,Västmanland,2026,2025,2.6339552167480096,4.27263479145473,205,42,50,983,37.566448,1426.237157,high_coverage,provisional
19800323,323 Vallby C,Västerås,Västmanland,2026,2025,49.17346038415581,30.678466076696164,273,208,23,678,531.051666,1079.955858,high_coverage,provisional
19800324,324 Skultuna V,Västerås,Västmanland,2026,2025,10.15800451722824,5.089408528198074,255,37,31,727,101.547838,999.682938,high_coverage,provisional
19800401,401 Emaus,Västerås,Västmanland,2026,2025,17.390589781083325,7.7134986225895315,236,56,32,726,205.063556,1179.163896,high_coverage,provisional
19800402,402 Bergslagsparken,Västerås,Västmanland,2026,2025,17.393506619556398,8.072289156626505,219,67,48,830,222.932957,1281.7022,high_coverage,provisional
19800403,403 Gideonsberg,Västerås,Västmanland,2026,2025,18.706391258929063,12.217659137577002,322,119,43,974,329.949935,1763.835314,high_coverage,provisional
19800404,404 Skälängen,Västerås,Västmanland,2026,2025,15.016909621047066,10.366492146596858,311,99,39,955,251.022017,1671.59571,high_coverage,provisional
19800405,405 Nordanby gärde,Västerås,Västmanland,2026,2025,16.090509555642264,8.7426326129666,345,89,45,1018,261.878494,1627.533877,high_coverage,provisional
19800406,406 Sandgärdet,Västerås,Västmanland,2026,2025,12.19816127080759,5.918367346938775,308,58,34,980,196.041142,1607.136827,high_coverage,provisional
19800407,407 Haga,Västerås,Västmanland,2026,2025,14.214575536016554,8.548707753479125,310,86,45,1006,225.89906,1589.207215,high_coverage,provisional
19800408,408 Skjutbanegatan,Västerås,Västmanland,2026,2025,17.107177631695087,9.433962264150944,305,90,20,954,270.768276,1582.775849,high_coverage,provisional
19800409,409 Hemdal,Västerås,Västmanland,2026,2025,11.781287704457817,8.003518029903255,310,91,50,1137,210.11987,1783.505125,high_coverage,provisional
19800410,410 Malmaberg S,Västerås,Västmanland,2026,2025,18.113759198306717,9.966216216216216,394,118,53,1184,365.004619,2015.068297,high_coverage,provisional
19800411,411 Malmaberg N,Västerås,Västmanland,2026,2025,14.125090247995367,7.121951219512195,354,73,54,1025,236.151517,1671.858465,high_coverage,provisional
19800412,412 Klockartorp,Västerås,Västmanland,2026,2025,7.840283790307174,4.903677758318739,395,56,51,1142,139.020284,1773.153724,high_coverage,provisional
19800413,413 Skiljebo S,Västerås,Västmanland,2026,2025,7.273970854134083,4.8517520215633425,262,54,75,1113,109.354415,1503.366142,high_coverage,provisional
19800414,414 Skiljebo N,Västerås,Västmanland,2026,2025,24.476502149410106,12.464589235127479,412,132,32,1059,446.654948,1824.831609,high_coverage,provisional
19800415,415 Odensviplatsen,Västerås,Västmanland,2026,2025,17.97304244517391,9.292929292929292,373,92,31,990,290.235173,1614.836074,high_coverage,provisional
19800416,416 Brandthovda,Västerås,Västmanland,2026,2025,10.778422276682324,4.761904761904762,249,42,37,882,167.183843,1551.097542,high_coverage,provisional
19800417,417 Bjurhovda SV,Västerås,Västmanland,2026,2025,25.29534732589768,14.583333333333334,310,119,24,816,381.05529,1506.424423,high_coverage,provisional
19800418,418 Bjurhovda SO,Västerås,Västmanland,2026,2025,22.484517604198395,10.625737898465172,298,90,20,847,201.42905,895.856667,high_coverage,provisional
19800419,419 Bjurhovda N/Badelunda,Västerås,Västmanland,2026,2025,6.880033562077487,3.616484440706476,332,43,49,1189,173.608171,2523.362269,high_coverage,provisional
19800420,420 Hökåsen/Tillberga landsbygd,Västerås,Västmanland,2026,2025,2.973645534213764,1.995798319327731,190,19,32,952,83.788727,2817.710653,high_coverage,provisional
19800421,421 Hökåsen tätort,Västerås,Västmanland,2026,2025,5.8097561652708025,2.6208026208026207,310,32,23,1221,111.159788,1913.329662,high_coverage,provisional
19800422,422 Tillberga tätort,Västerås,Västmanland,2026,2025,3.473491765642312,2.9623698959167335,362,37,34,1249,43.070201,1239.968421,high_coverage,provisional
19800423,423 Tortuna/Sevalla,Västerås,Västmanland,2026,2025,1.965168276012216,2.668539325842697,129,19,29,712,20.985241,1067.859748,high_coverage,provisional
19800501,501 Viksäng V/Ängsgärdet,Västerås,Västmanland,2026,2025,27.813542581376034,19.82323232323232,311,157,27,792,310.721883,1117.160398,high_coverage,provisional
19800502,502 Viksäng/Stenhagen,Västerås,Västmanland,2026,2025,12.327259660674661,7.671232876712328,376,84,48,1095,204.991626,1662.913183,high_coverage,provisional
19800503,503 Viksäng Ö,Västerås,Västmanland,2026,2025,21.23154277485803,7.074973600844773,304,67,61,947,432.875747,2038.833219,high_coverage,provisional
19800504,504 Talltorp/Lillhamra,Västerås,Västmanland,2026,2025,6.0569766420830735,3.824626865671642,253,41,51,1072,123.346103,2036.430224,high_coverage,provisional
19800505,505 Notudden,Västerås,Västmanland,2026,2025,18.237860376551193,5.482456140350878,227,50,59,912,141.079668,773.553833,high_coverage,provisional
19800506,506 Mälarparken,Västerås,Västmanland,2026,2025,10.299947505321791,5.269607843137255,233,43,30,816,134.353382,1304.408415,high_coverage,provisional
19800507,507 Framnäs/Öster Mälarstrand,Västerås,Västmanland,2026,2025,5.681714677901238,2.038735983690112,209,20,51,981,59.660113,1050.037117,high_coverage,provisional
19800508,508 Berghamra/Hamre,Västerås,Västmanland,2026,2025,11.0731266007765,2.154398563734291,236,24,60,1114,480.215202,4336.7625,high_coverage,provisional
19800509,509 Gäddeholm,Västerås,Västmanland,2026,2025,2.629733493687647,1.3054830287206267,165,10,34,766,31.278823,1189.429388,high_coverage,provisional
19800510,510 Irsta S,Västerås,Västmanland,2026,2025,2.8915498971104374,2.1333333333333333,174,16,26,750,21.187192,732.727871,high_coverage,provisional
19800511,511 Irsta N,Västerås,Västmanland,2026,2025,2.566079712248565,3.3057851239669422,222,28,28,847,22.005905,857.569034,high_coverage,provisional
19800512,512 Björksta/Kungsåra/Ängsö,Västerås,Västmanland,2026,2025,1.5605710038193539,3.9959016393442623,202,39,43,976,24.99721,1601.798953,high_coverage,provisional
19800513,513 Öster Mälarstrand V,Västerås,Västmanland,2026,2025,25.457004302011892,8.203991130820398,110,37,32,451,186.229129,731.54377,high_coverage,provisional
19800514,514 Kärrbolandet,Västerås,Västmanland,2026,2025,2.6718144693607395,2.2878932316491896,198,24,34,1049,75.687426,2832.809945,high_coverage,provisional
19800515,515 Öster Mälarstrand Ö,Västerås,Västmanland,2026,2025,19.20888794686177,4.66321243523316,208,36,43,772,147.513125,767.942035,high_coverage,provisional
19800516,516 Förseglet,Västerås,Västmanland,2026,2025,21.964231517689655,10.280373831775702,109,44,22,428,211.431309,962.616465,high_coverage,provisional
19810101,Centrum,Sala,Västmanland,2026,2025,7.858878733027436,7.933884297520661,367,96,51,1210,114.875213,1461.725227,high_coverage,provisional
19810102,Åkra,Sala,Västmanland,2026,2025,33.318942163385984,17.51751751751752,441,175,28,999,739.786308,2220.317513,high_coverage,provisional
19810103,"Jakobsberg, Bryggeriet, Turbo m.fl",Sala,Västmanland,2026,2025,19.574518648633756,10.669456066945607,377,102,27,956,321.999257,1644.991955,high_coverage,provisional
19810104,Kungsängen-Valla-Vasastaden,Sala,Västmanland,2026,2025,7.558981915963485,5.800865800865801,383,67,46,1155,122.002215,1614.003266,high_coverage,provisional
19810105,Sala Norra,Sala,Västmanland,2026,2025,5.259589098689512,4.775022956841139,354,52,34,1089,60.813853,1156.247225,high_coverage,provisional
19810106,Sala Östra,Sala,Västmanland,2026,2025,6.005949488254083,4.041272570937231,281,47,48,1163,148.891956,2479.074396,high_coverage,provisional
19810107,Sala Södra,Sala,Västmanland,2026,2025,7.629484603302974,5.801526717557252,396,76,32,1310,174.84637,2291.719285,high_coverage,provisional
19810108,"Dalhem, Gärdesta, Hagaberg m.fl.",Sala,Västmanland,2026,2025,9.02262044022798,6.564551422319475,454,90,66,1371,200.146669,2218.276501,high_coverage,provisional
19810210,Västerfärnebo - Västerbykil,Sala,Västmanland,2026,2025,2.327837012018369,3.465765004226543,262,41,46,1183,47.979429,2061.116339,high_coverage,provisional
19810312,Kila - Fläckebo,Sala,Västmanland,2026,2025,1.6997593222025456,3.44311377245509,292,46,60,1336,30.533255,1796.328139,high_coverage,provisional
19810514,Kumla-Ransta-Tärna,Sala,Västmanland,2026,2025,1.9867812526013142,2.2672064777327936,299,28,28,1235,35.743757,1799.078633,high_coverage,provisional
19810818,Möklinta,Sala,Västmanland,2026,2025,1.1538615344364749,3.5130718954248366,209,43,47,1224,21.378859,1852.809749,high_coverage,provisional
19820101,Kolarbyn,Fagersta,Västmanland,2026,2025,35.80500310179118,17.894736842105264,329,136,15,760,615.041965,1717.754257,high_coverage,provisional
19820102,Centrum,Fagersta,Västmanland,2026,2025,24.6577599570874,13.980409617097061,418,157,24,1123,574.504841,2329.914972,high_coverage,provisional
19820103,Risbron,Fagersta,Västmanland,2026,2025,20.12718922799047,11.69940222032451,417,137,34,1171,442.999671,2201.001173,high_coverage,provisional
19820104,Västanfors,Fagersta,Västmanland,2026,2025,4.383983929516069,4.801920768307323,262,40,27,833,46.995329,1071.977675,high_coverage,provisional
19820106,Per Ols,Fagersta,Västmanland,2026,2025,12.345119617413788,7.990690457719162,417,103,36,1289,268.999486,2178.994569,high_coverage,provisional
19820108,Meling,Fagersta,Västmanland,2026,2025,7.293205781515298,5.47945205479452,350,60,25,1095,145.893904,2000.40844,high_coverage,provisional
19820207,Åvestbo-Västervåla,Fagersta,Västmanland,2026,2025,2.3654693758417147,3.6405005688282137,197,32,44,879,33.564805,1418.94904,high_coverage,provisional
19830101,Byjorden-Odensvi,Köping,Västmanland,2026,2025,11.267272573821723,8.695652173913043,340,92,25,1058,256.521929,2276.699417,high_coverage,provisional
19830102,Karlsdal,Köping,Västmanland,2026,2025,15.432090198378889,10.851063829787234,292,102,25,940,299.999285,1943.996446,high_coverage,provisional
19830103,Tunadal,Köping,Västmanland,2026,2025,15.005663867587321,10.379241516966069,390,104,16,1002,264.998695,1765.991144,high_coverage,provisional
19830104,Karlberg,Köping,Västmanland,2026,2025,9.775334332312198,8.752735229759299,245,80,26,914,166.610318,1704.395086,high_coverage,provisional
19830105,Skogsborg,Köping,Västmanland,2026,2025,19.459530475903183,11.11111111111111,298,91,15,819,333.154152,1712.035922,high_coverage,provisional
19830106,Nyckelberget,Köping,Västmanland,2026,2025,17.139803710548183,9.75609756097561,292,88,21,902,319.99992,1866.998744,high_coverage,provisional
19830107,Elund-Ållesta,Köping,Västmanland,2026,2025,4.663706046573058,2.8287461773700304,373,37,37,1308,98.072854,2102.895273,high_coverage,provisional
19830108,Östanås,Köping,Västmanland,2026,2025,9.656322574500221,7.536231884057971,354,78,37,1035,177.000356,1832.999619,high_coverage,provisional
19830109,Ullvi,Köping,Västmanland,2026,2025,10.84852850521157,5.491990846681922,335,48,14,874,170.09697,1567.926654,high_coverage,provisional
19830110,Nygård-Skogsbrynet,Köping,Västmanland,2026,2025,38.24994169027219,25.0,296,148,12,592,611.998644,1599.998894,high_coverage,provisional
19830111,Hästhagen-Skogshöjden-Himmeta-Bro,Köping,Västmanland,2026,2025,5.013936188897437,4.31924882629108,316,46,25,1065,102.183739,2037.994405,high_coverage,provisional
19830422,Kolsva Ö,Köping,Västmanland,2026,2025,3.241488471433589,4.701834862385321,227,41,25,872,49.177171,1517.116949,high_coverage,provisional
19830423,Kolsva V,Köping,Västmanland,2026,2025,2.4576996024166156,4.23963133640553,339,46,27,1085,44.257577,1800.772436,high_coverage,provisional
19830625,Munktorp,Köping,Västmanland,2026,2025,1.4861995718687433,2.8448275862068964,237,33,49,1160,27.92555,1878.990583,high_coverage,provisional
19840101,Ladubacksgärdena-N Skogen,Arboga,Västmanland,2026,2025,4.428368074185769,4.147465437788019,361,45,25,1085,62.904927,1420.499063,high_coverage,provisional
19840102,Prästgärdet,Arboga,Västmanland,2026,2025,7.119855360309686,5.1063829787234045,339,48,36,940,103.277858,1450.561181,high_coverage,provisional
19840103,Sturestaden-Nästkvarn,Arboga,Västmanland,2026,2025,9.451106388938975,7.574468085106383,406,89,58,1175,180.537127,1910.222143,high_coverage,provisional
19840104,Ringsborg-Strömsborg,Arboga,Västmanland,2026,2025,15.178166156850049,9.532062391681109,413,110,33,1154,299.793845,1975.165128,high_coverage,provisional
19840106,Herrängen-Ekbacken-Södra Landsförsam,Arboga,Västmanland,2026,2025,7.267636064751389,6.361323155216285,332,75,57,1179,180.389501,2482.093206,high_coverage,provisional
19840107,Brattberget-Strömsnäs,Arboga,Västmanland,2026,2025,9.342884925897295,6.314948041566747,405,79,44,1251,151.129488,1617.589098,high_coverage,provisional
19840208,Norra Landsförsam-Vasastaden-Medåker,Arboga,Västmanland,2026,2025,11.18739361682844,6.739130434782608,239,62,26,920,176.634982,1578.875188,high_coverage,provisional
19840309,Götlunda,Arboga,Västmanland,2026,2025,1.7624015315510893,2.4557956777996073,254,25,53,1018,26.316372,1493.210913,high_coverage,provisional
20210101,Vansbro,Vansbro,Dalarna,2026,2025,10.1407534424881,7.216494845360825,372,98,21,1358,277.202607,2733.550407,high_coverage,provisional
20210103,Järna,Vansbro,Dalarna,2026,2025,1.8893615454078312,3.5960214231063503,292,47,40,1307,42.427728,2245.611916,high_coverage,provisional
20210301,Nås,Vansbro,Dalarna,2026,2025,1.6000000206887506,5.420560747663552,156,29,12,535,13.611262,850.703864,high_coverage,provisional
20210401,Äppelbo,Vansbro,Dalarna,2026,2025,1.0721944211333425,3.4782608695652173,143,20,11,575,9.758404,910.133816,high_coverage,provisional
20230203,Malung södra,Malung-Sälen,Dalarna,2026,2025,3.5425071776570576,4.513399153737659,446,64,35,1418,80.606895,2275.419384,high_coverage,provisional
20230205,Malung västra,Malung-Sälen,Dalarna,2026,2025,4.563205456084113,2.2035676810073452,214,21,24,953,68.433645,1499.683625,high_coverage,provisional
20230206,Malung norra,Malung-Sälen,Dalarna,2026,2025,12.619972570764538,5.465191932335719,475,84,34,1537,338.959459,2685.896955,high_coverage,provisional
20230301,Lima,Malung-Sälen,Dalarna,2026,2025,2.060528030204714,1.5337423312883436,165,15,20,978,32.0,1552.999985,high_coverage,provisional
20230502,Transtrand,Malung-Sälen,Dalarna,2026,2025,2.7598895967988324,1.600609756097561,273,21,26,1312,60.0,2174.000006,high_coverage,provisional
20260105,Mockfjärd,Gagnef,Dalarna,2026,2025,3.91847853823371,4.063860667634253,351,56,33,1378,87.527143,2233.702243,high_coverage,provisional
20260201,Gagnef,Gagnef,Dalarna,2026,2025,2.112187618033034,3.022875816993464,321,37,72,1224,39.868127,1887.52773,high_coverage,provisional
20260202,Djurås,Gagnef,Dalarna,2026,2025,2.492228814943934,4.358353510895884,322,54,63,1239,49.986374,2005.689594,high_coverage,provisional
20260203,Bäsna,Gagnef,Dalarna,2026,2025,1.302481736368768,4.325032765399738,210,33,37,763,17.035832,1307.951699,high_coverage,provisional
20260204,Djurmo,Gagnef,Dalarna,2026,2025,1.3313681875633898,4.036458333333333,196,31,47,768,15.665114,1176.617719,high_coverage,provisional
20260301,Floda,Gagnef,Dalarna,2026,2025,3.5924617070127725,4.87012987012987,142,30,52,616,34.76741,967.787908,high_coverage,provisional
20260302,Björbo,Gagnef,Dalarna,2026,2025,3.5924617659642517,1.6427104722792607,128,8,9,487,26.23259,730.212086,high_coverage,provisional
20290102,Edshult - Åkerö - Övermo mfl,Leksand,Dalarna,2026,2025,2.9688112488676586,4.457225017972681,354,62,89,1391,62.240991,2096.495391,high_coverage,provisional
20290103,Häradsbygden - Heden - Djura mfl,Leksand,Dalarna,2026,2025,0.8212138955075375,3.3185840707964602,375,45,83,1356,16.843723,2051.076229,high_coverage,provisional
20290104,Leksandsnoret,Leksand,Dalarna,2026,2025,10.71426358107166,8.671586715867159,345,94,44,1084,167.353642,1561.970552,high_coverage,provisional
20290106,Leksand Ö,Leksand,Dalarna,2026,2025,7.093819276482924,3.260869565217391,315,33,67,1012,113.102652,1594.383048,high_coverage,provisional
20290108,Tällberg mfl,Leksand,Dalarna,2026,2025,2.6896605330158194,3.59375,299,46,73,1280,50.182211,1865.745152,high_coverage,provisional
20290110,Leksand V,Leksand,Dalarna,2026,2025,7.270881175402453,4.856230031948882,431,76,68,1565,173.76139,2389.825742,high_coverage,provisional
20290301,Insjön Ö,Leksand,Dalarna,2026,2025,4.831273567400207,5.120481927710843,243,51,42,996,74.378571,1539.523067,high_coverage,provisional
20290311,Insjön V - Ål-Kilen,Leksand,Dalarna,2026,2025,8.34984607123859,5.7640750670241285,176,43,23,746,99.887919,1196.284556,high_coverage,provisional
20290401,Siljansnäs,Leksand,Dalarna,2026,2025,2.44198077043877,3.4401876465989054,339,44,76,1279,44.275648,1813.103876,high_coverage,provisional
20310101,Rättvik C,Rättvik,Dalarna,2026,2025,4.474212091640348,3.6474164133738602,399,48,61,1316,84.06802,1878.945796,high_coverage,provisional
20310102,Rättvik S,Rättvik,Dalarna,2026,2025,1.314340185087411,2.849905003166561,367,45,91,1579,30.339719,2308.36121,high_coverage,provisional
20310104,Vikarbyn,Rättvik,Dalarna,2026,2025,1.3661770398966153,3.3201581027667983,379,42,66,1265,24.627131,1802.631012,high_coverage,provisional
20310105,Boda-Gärdsjö,Rättvik,Dalarna,2026,2025,1.3759761980697325,2.845528455284553,285,35,49,1230,26.379214,1917.127203,high_coverage,provisional
20310106,Rättvik V,Rättvik,Dalarna,2026,2025,5.312739390688344,3.7531276063386154,349,45,50,1199,106.572879,2005.987329,high_coverage,provisional
20310401,Ore,Rättvik,Dalarna,2026,2025,2.251407142127995,3.392330383480826,168,23,18,678,24.0,1065.999994,high_coverage,provisional
20340201,Orsa Mellersta,Orsa,Dalarna,2026,2025,9.8810671886057,8.501118568232663,273,76,24,894,164.155233,1661.310766,high_coverage,provisional
20340202,Skattungbyn-Kallmora,Orsa,Dalarna,2026,2025,2.124430957744435,11.985018726591761,87,64,63,534,16.574343,780.178002,high_coverage,provisional
20340203,Orsa Södra,Orsa,Dalarna,2026,2025,2.271185869757294,2.0146520146520146,231,22,45,1092,38.777818,1707.381968,high_coverage,provisional
20340204,Orsa Västra,Orsa,Dalarna,2026,2025,2.392335908539517,3.5143769968051117,143,22,27,626,23.226158,970.85689,high_coverage,provisional
20340206,Orsa Östra,Orsa,Dalarna,2026,2025,11.304397069813012,7.515030060120241,323,75,28,998,202.266445,1789.272296,high_coverage,provisional
20390206,Kyrkbyn,Älvdalen,Dalarna,2026,2025,7.3163839852385975,4.492512479201331,346,54,31,1202,151.251658,2067.300709,high_coverage,provisional
20390209,Rot,Älvdalen,Dalarna,2026,2025,1.9293941536455494,2.3480662983425415,174,17,15,724,22.658412,1174.379634,high_coverage,provisional
20390210,Väster-Myckeläng,Älvdalen,Dalarna,2026,2025,4.118866523829273,2.4955436720142603,123,14,12,561,37.435405,908.876381,high_coverage,provisional
20390211,Åsen,Älvdalen,Dalarna,2026,2025,1.3641133688436078,0.7957559681697612,81,3,7,377,8.654525,634.443236,high_coverage,provisional
20390401,Särna,Älvdalen,Dalarna,2026,2025,2.885682574916759,2.964426877470356,117,15,5,506,26.0,901.0,high_coverage,provisional
20390501,Idre,Älvdalen,Dalarna,2026,2025,0.7874015768698205,4.225352112676056,169,27,30,639,9.0,1142.999997,high_coverage,provisional
20610101,Morgårdshammar-Gubbo,Smedjebacken,Dalarna,2026,2025,2.655595010292318,5.093378607809847,443,60,52,1178,48.702604,1833.962024,high_coverage,provisional
20610103,Hagge-Harnäs m.fl.,Smedjebacken,Dalarna,2026,2025,2.6098946424359672,2.7804410354745923,297,29,33,1043,41.803324,1601.72458,high_coverage,provisional
20610105,Smedjebacken N,Smedjebacken,Dalarna,2026,2025,6.392734275696793,5.550500454959054,411,61,29,1099,113.93475,1782.253807,high_coverage,provisional
20610106,Smedjebacken S,Smedjebacken,Dalarna,2026,2025,5.484407424866422,4.104903078677309,324,36,23,877,82.582323,1505.765648,high_coverage,provisional
20610108,Smedjebacken C,Smedjebacken,Dalarna,2026,2025,8.044279359973062,7.7012835472578764,407,66,13,857,108.999686,1354.996279,high_coverage,provisional
20610201,Söderbärke-Malingsbo,Smedjebacken,Dalarna,2026,2025,1.5102504783792157,3.1318281136198105,367,43,47,1373,31.528251,2087.617349,high_coverage,provisional
20610205,Sörbo-Vad,Smedjebacken,Dalarna,2026,2025,1.2613047561051631,2.985074626865672,94,12,5,402,7.471749,592.382528,high_coverage,provisional
20620103,Färnäs-Nusnäs-Garsås,Mora,Dalarna,2026,2025,1.2891367377419947,2.936630602782071,298,38,54,1294,26.053368,2020.99337,high_coverage,provisional
20620107,Noret Norra-Bergkarlås,Mora,Dalarna,2026,2025,7.583658512584021,5.7534246575342465,312,63,42,1095,152.764401,2014.389239,high_coverage,provisional
20620110,Stranden,Mora,Dalarna,2026,2025,6.782875181356662,6.354515050167224,364,76,72,1196,76.621795,1129.635928,high_coverage,provisional
20620111,Vika-Venjan-Selbäck,Mora,Dalarna,2026,2025,1.509547212190948,4.563233376792699,169,35,25,767,17.393838,1152.255316,high_coverage,provisional
20620114,Morkarlby,Mora,Dalarna,2026,2025,4.245792113911441,2.834008097165992,374,35,62,1235,99.388723,2340.875868,high_coverage,provisional
20620115,Noret Södra,Mora,Dalarna,2026,2025,9.844174329468395,5.4005400540054005,338,60,55,1111,158.058798,1605.607466,high_coverage,provisional
20620116,Öna-Kråkberg,Mora,Dalarna,2026,2025,2.937525362153882,3.1733746130030958,329,41,54,1292,54.116572,1842.250375,high_coverage,provisional
20620117,Utmeland-Hånåkni,Mora,Dalarna,2026,2025,3.43469852285249,4.352441613588111,313,41,34,942,54.434956,1584.853973,high_coverage,provisional
20620118,Klockarhagen,Mora,Dalarna,2026,2025,10.412850266683886,5.318138651471985,324,56,29,1053,187.235278,1798.117453,high_coverage,provisional
20620201,Våmhus-Bonäs,Mora,Dalarna,2026,2025,0.7987094467659142,1.6304347826086956,246,18,24,1104,13.655587,1709.706459,high_coverage,provisional
20620202,Östnor-Hemus-Långlet-Oxberg,Mora,Dalarna,2026,2025,1.9723084070849493,2.991944764096663,224,26,24,869,29.004834,1470.603375,high_coverage,provisional
20620301,Sollerö-Isunda,Mora,Dalarna,2026,2025,1.2108906541196824,12.136752136752136,228,142,40,1170,21.271853,1756.711304,high_coverage,provisional
20800101,Källviken och V Främby,Falun,Dalarna,2026,2025,5.264491771775636,4.680038204393505,286,49,77,1047,83.643257,1588.819218,high_coverage,provisional
20800102,Kvarnberget och Ö Främby,Falun,Dalarna,2026,2025,12.805340641472931,9.750390015600624,446,125,114,1282,263.810584,2060.160611,high_coverage,provisional
20800103,Elsborg,Falun,Dalarna,2026,2025,20.05000107646566,9.854771784232366,344,95,90,964,320.00003,1596.010039,high_coverage,provisional
20800104,Hyttgården,Falun,Dalarna,2026,2025,4.076747315035501,3.7186742118027487,377,46,75,1237,67.999507,1667.984345,high_coverage,provisional
20800105,Kämparvet,Falun,Dalarna,2026,2025,8.687093756394683,6.879361914257228,315,69,89,1003,121.019937,1393.10039,high_coverage,provisional
20800106,Nedre Norslund,Falun,Dalarna,2026,2025,21.40880752107138,14.750290360046458,326,127,45,861,361.58868,1688.971605,high_coverage,provisional
20800107,Övre Norslund,Falun,Dalarna,2026,2025,7.115584603496262,8.27178729689808,447,112,130,1354,138.764406,1950.147651,high_coverage,provisional
20800109,Hälsingberg,Falun,Dalarna,2026,2025,8.68548905690131,7.397260273972603,338,81,86,1095,171.517456,1974.75876,high_coverage,provisional
20800110,Gruvriset,Falun,Dalarna,2026,2025,3.4476500102362144,4.458109146810146,380,58,82,1301,82.213076,2384.612004,high_coverage,provisional
20800111,Kristine,Falun,Dalarna,2026,2025,4.709148014964924,7.52157829839704,236,61,63,811,51.000562,1083.010384,high_coverage,provisional
20800112,Pilbo-Samuelsdal,Falun,Dalarna,2026,2025,2.913706812360212,3.9922103213242455,306,41,75,1027,44.401126,1523.870755,high_coverage,provisional
20800210,Grycksbo,Falun,Dalarna,2026,2025,3.8531964480254417,5.651105651105651,390,69,44,1221,74.430082,1931.645142,high_coverage,provisional
20800301,Gruvan,Falun,Dalarna,2026,2025,2.6597333496404474,3.5494880546075085,445,52,137,1465,51.288168,1928.31992,high_coverage,provisional
20800303,Herrhagen,Falun,Dalarna,2026,2025,21.44420245346046,15.045135406218655,361,150,49,997,385.906542,1799.584493,high_coverage,provisional
20800304,Ångbryggeriet,Falun,Dalarna,2026,2025,4.707926650042144,6.435643564356436,237,52,68,808,54.000123,1147.00434,high_coverage,provisional
20800306,Bojsenburg,Falun,Dalarna,2026,2025,19.81003980800768,17.24825523429711,344,173,65,1003,376.316834,1899.626844,high_coverage,provisional
20800307,Kyrkbacken,Falun,Dalarna,2026,2025,3.840781791078737,5.268389662027833,256,53,160,1006,54.963545,1431.050968,high_coverage,provisional
20800308,Lugnet,Falun,Dalarna,2026,2025,3.6527984965825757,4.766734279918864,277,47,149,986,52.533874,1438.181549,high_coverage,provisional
20800309,Slätta,Falun,Dalarna,2026,2025,4.255304616465969,5.722070844686648,294,42,100,734,49.983901,1174.625685,high_coverage,provisional
20800311,Östanfors,Falun,Dalarna,2026,2025,4.529287974424795,7.064555420219245,245,58,100,821,52.012193,1148.352529,high_coverage,provisional
20800401,Aspeboda,Falun,Dalarna,2026,2025,1.3199394359777745,3.6896877956480605,228,39,71,1057,19.38157,1468.368129,high_coverage,provisional
20800501,Vika,Falun,Dalarna,2026,2025,1.6164993989988765,3.389830508474576,265,42,85,1239,28.962034,1791.651393,high_coverage,provisional
20800601,Hosjö Näs,Falun,Dalarna,2026,2025,4.284460632672918,3.9082412914188613,359,46,85,1177,80.217409,1872.287223,high_coverage,provisional
20800602,Hosjö Sandviken,Falun,Dalarna,2026,2025,5.021074626752986,4.927536231884058,306,51,60,1035,70.122461,1396.562812,high_coverage,provisional
20800701,Sundbornsbyn,Falun,Dalarna,2026,2025,2.023965192733438,3.896103896103896,263,42,64,1078,29.24335,1444.854393,high_coverage,provisional
20800702,Danholn och Karlsbyheden,Falun,Dalarna,2026,2025,1.535828422992485,3.956043956043956,254,36,53,910,21.248528,1383.522253,high_coverage,provisional
20800801,Linghed,Falun,Dalarna,2026,2025,1.513374701478436,3.9249146757679183,102,23,19,586,13.374991,883.785819,high_coverage,provisional
20800802,Boda och Toftbyn,Falun,Dalarna,2026,2025,2.015049392419991,3.4870641169853767,212,31,44,889,28.881052,1433.267696,high_coverage,provisional
20800803,Borgärdet och Lumsheden,Falun,Dalarna,2026,2025,3.1229927028893103,3.996447602131439,276,45,57,1126,58.034463,1858.296465,high_coverage,provisional
20800935,Haraldsbo,Falun,Dalarna,2026,2025,6.206515760431424,6.207674943566591,273,55,55,886,82.564419,1330.286141,high_coverage,provisional
20800980,Hälsinggården,Falun,Dalarna,2026,2025,6.166587377316844,3.4869240348692405,266,28,53,803,70.801232,1148.142849,high_coverage,provisional
20801001,Enviken,Falun,Dalarna,2026,2025,1.4211544755912906,3.537284894837476,200,37,32,1046,22.759315,1601.466652,high_coverage,provisional
20801060,Britsarvet,Falun,Dalarna,2026,2025,3.379638968971924,5.450733752620545,315,52,99,954,41.454691,1226.601166,high_coverage,provisional
20801101,Bjursås Ö och Sågmyra,Falun,Dalarna,2026,2025,2.0652008186373023,3.639120545868082,376,48,92,1319,42.295101,2047.989746,high_coverage,provisional
20801102,Bjursås V,Falun,Dalarna,2026,2025,1.7588838433168907,3.760848601735776,263,39,38,1037,27.602166,1569.300105,high_coverage,provisional
20801138,Karlberg,Falun,Dalarna,2026,2025,5.0686580095678435,8.893709327548807,254,82,108,922,45.889288,905.353802,high_coverage,provisional
20801140,Stenslund,Falun,Dalarna,2026,2025,2.4248264689320536,2.7598896044158234,343,30,125,1087,39.446135,1626.761152,high_coverage,provisional
20801154,Varpan,Falun,Dalarna,2026,2025,5.243415025489938,2.9893924783027965,265,31,89,1037,116.231613,2216.71587,high_coverage,provisional
20810101,Bergslagsbyn,Borlänge,Dalarna,2026,2025,13.473592239877178,5.218012866333095,486,73,51,1399,302.638511,2246.160531,high_coverage,provisional
20810103,Bullermyren,Borlänge,Dalarna,2026,2025,37.43885560023054,18.444165621079048,361,147,40,797,614.314768,1640.848146,high_coverage,provisional
20810105,Hagalund N,Borlänge,Dalarna,2026,2025,27.54288583396628,14.991334488734836,414,173,38,1154,572.132614,2077.242804,high_coverage,provisional
20810107,Hagalund V,Borlänge,Dalarna,2026,2025,11.127507240270132,10.615384615384615,455,138,47,1300,234.42981,2106.759447,high_coverage,provisional
20810109,Hagalund Ö - Ringen,Borlänge,Dalarna,2026,2025,15.621430734912625,10.893512851897185,313,89,37,817,221.357238,1417.010015,high_coverage,provisional
20810111,Jakobsgårdarna,Borlänge,Dalarna,2026,2025,28.817086160214625,14.964788732394366,486,170,70,1136,604.480286,2097.645413,high_coverage,provisional
20810113,Kvarnsveden V,Borlänge,Dalarna,2026,2025,3.0924020364247333,4.263877715205149,418,53,59,1243,59.952413,1938.700476,high_coverage,provisional
20810114,Kvarnsveden Södra,Borlänge,Dalarna,2026,2025,4.62660886408004,2.997601918465228,328,25,35,834,70.897703,1532.390247,high_coverage,provisional
20810115,Kvarnsveden Ö,Borlänge,Dalarna,2026,2025,4.1900895535252065,5.0163576881134135,306,46,35,917,62.585304,1493.650749,high_coverage,provisional
20810117,Mats Knuts - Nygårdarna,Borlänge,Dalarna,2026,2025,4.732956842667503,6.813020439061317,389,90,69,1321,96.875607,2046.830559,high_coverage,provisional
20810119,Norr Amsberg,Borlänge,Dalarna,2026,2025,7.358667785327874,6.42023346303502,255,66,42,1028,103.775176,1410.244069,high_coverage,provisional
20810121,Skräddarbacken,Borlänge,Dalarna,2026,2025,7.046703672980618,5.850091407678245,348,64,48,1094,143.79212,2040.558631,high_coverage,provisional
20810123,Tjärna Ängar - Paradiset,Borlänge,Dalarna,2026,2025,36.55052638628308,13.559322033898304,462,144,62,1062,891.973779,2440.38559,high_coverage,provisional
20810124,Tjärna Allé,Borlänge,Dalarna,2026,2025,49.65362976808289,29.354445797807553,423,241,87,821,773.99581,1558.789989,high_coverage,provisional
20810125,Tjärna Ängar - Övre Tjärna,Borlänge,Dalarna,2026,2025,24.727034885267052,9.532538955087077,494,104,58,1091,494.526698,1999.943383,high_coverage,provisional
20810201,Centrum - Norra,Borlänge,Dalarna,2026,2025,13.56314252299455,8.70870870870871,320,87,49,999,188.264365,1388.058591,high_coverage,provisional
20810202,Centrum - Mjälga,Borlänge,Dalarna,2026,2025,11.029479513995703,8.02139037433155,304,75,32,935,135.848126,1231.68211,high_coverage,provisional
20810203,Domnarvet V,Borlänge,Dalarna,2026,2025,6.770449819511885,4.761904761904762,400,60,72,1260,146.286814,2160.666099,high_coverage,provisional
20810205,Domnarvet Ö,Borlänge,Dalarna,2026,2025,2.9609857139504854,6.259904912836767,426,79,60,1262,50.722637,1713.032142,high_coverage,provisional
20810207,Färjegårdarna - Årby - Hytting,Borlänge,Dalarna,2026,2025,4.659967996785314,3.961136023916293,437,53,50,1338,98.109935,2105.377871,high_coverage,provisional
20810209,Gylletäppan,Borlänge,Dalarna,2026,2025,7.252706933926783,4.097714736012608,427,52,33,1269,125.390548,1728.879288,high_coverage,provisional
20810211,Gylle-Åselby-Buskåker,Borlänge,Dalarna,2026,2025,4.644643055436233,4.081632653061225,400,60,48,1470,98.260688,2115.570278,high_coverage,provisional
20810213,Hushagen - Forssa,Borlänge,Dalarna,2026,2025,4.885293313344185,5.077452667814113,416,59,63,1162,82.397562,1686.645135,high_coverage,provisional
20810215,Kyrkbygden - Söder Tuna,Borlänge,Dalarna,2026,2025,3.938991592461973,3.377902885292048,311,48,49,1421,87.831085,2229.786049,high_coverage,provisional
20810217,Ornäs,Borlänge,Dalarna,2026,2025,1.4890015143278863,3.215169002473207,313,39,60,1213,26.394025,1772.598936,high_coverage,provisional
20810219,Torsång,Borlänge,Dalarna,2026,2025,1.6037987710606456,2.1172638436482085,254,26,63,1228,27.596634,1720.704274,high_coverage,provisional
20810221,Väster Tuna - Idkerberget,Borlänge,Dalarna,2026,2025,1.943367503749504,2.837489251934652,228,33,41,1163,30.057639,1546.67807,high_coverage,provisional
20810223,Östermalm,Borlänge,Dalarna,2026,2025,16.550007212582184,9.743589743589743,360,114,54,1170,315.075275,1903.777267,high_coverage,provisional
20820101,Säter S,Säter,Dalarna,2026,2025,9.117617627217038,6.496985934360349,566,97,68,1493,188.245721,2064.637153,high_coverage,provisional
20820102,Säter N,Säter,Dalarna,2026,2025,9.445187900339734,5.929203539823009,406,67,44,1130,150.16954,1589.905268,high_coverage,provisional
20820103,Säter omland,Säter,Dalarna,2026,2025,3.510167758731636,4.270833333333333,279,41,45,960,71.755314,2044.213238,high_coverage,provisional
20820207,Stora Skedvi,Säter,Dalarna,2026,2025,1.9064911013929113,2.6578073089700998,285,40,60,1505,41.999997,2202.999897,high_coverage,provisional
20820304,Gustafs N,Säter,Dalarna,2026,2025,1.3386224646280036,3.2233883058470765,306,43,41,1334,27.000024,2017.000664,high_coverage,provisional
20820406,Gustafs S,Säter,Dalarna,2026,2025,2.510357674325515,3.7780401416765055,231,32,29,847,32.784368,1305.96402,high_coverage,provisional
20830101,Hedemora SV,Hedemora,Dalarna,2026,2025,12.324283830471888,7.902511078286558,400,107,59,1354,306.309842,2485.416972,high_coverage,provisional
20830102,Hedemora NÖ,Hedemora,Dalarna,2026,2025,9.620650969639629,6.741573033707865,374,84,46,1246,236.514092,2458.400089,high_coverage,provisional
20830103,Hedemora NV,Hedemora,Dalarna,2026,2025,8.59078308181674,4.578155657292348,430,70,61,1529,215.492549,2508.41567,high_coverage,provisional
20830104,Hedemora SÖ,Hedemora,Dalarna,2026,2025,8.577438534135522,6.149545772187282,389,88,58,1431,203.296382,2370.129278,high_coverage,provisional
20830105,Vikmanshyttan,Hedemora,Dalarna,2026,2025,1.4201824299422667,3.7162162162162162,246,33,28,888,20.21949,1423.724838,high_coverage,provisional
20830307,Husby,Hedemora,Dalarna,2026,2025,2.4490804044646692,5.514157973174367,319,74,100,1342,52.178432,2130.531603,high_coverage,provisional
20830308,Långshyttan,Hedemora,Dalarna,2026,2025,3.343913020006762,4.178814382896015,381,43,26,1029,54.991625,1644.529169,high_coverage,provisional
20840101,Avesta norra-Högbo,Avesta,Dalarna,2026,2025,10.359628798234398,7.917498336660013,525,119,38,1503,217.449338,2099.007042,high_coverage,provisional
20840102,Avesta centrum,Avesta,Dalarna,2026,2025,18.756467870166624,9.27920463960232,477,112,22,1207,408.608053,2178.491472,high_coverage,provisional
20840103,Avesta västra,Avesta,Dalarna,2026,2025,16.851905556166415,8.53008377760853,450,112,41,1313,364.340446,2162.013339,high_coverage,provisional
20840104,Avesta södra,Avesta,Dalarna,2026,2025,20.98690615149648,9.967320261437909,484,122,31,1224,436.128022,2078.095832,high_coverage,provisional
20840301,Horndal,Avesta,Dalarna,2026,2025,6.863656863361172,4.4529262086514,246,35,21,786,88.287749,1286.307733,high_coverage,provisional
20840302,By,Avesta,Dalarna,2026,2025,1.8067174192666353,4.632152588555858,157,34,43,734,18.728018,1036.577043,high_coverage,provisional
20840401,Folkärna,Avesta,Dalarna,2026,2025,6.092292924340778,3.755868544600939,251,40,37,1065,118.49813,1945.049778,high_coverage,provisional
20840402,Fors,Avesta,Dalarna,2026,2025,1.6331191164478365,2.5374855824682814,226,22,30,867,19.948853,1221.518553,high_coverage,provisional
20840403,Krylbo,Avesta,Dalarna,2026,2025,23.099062095906493,11.253430924062213,422,123,18,1093,436.515373,1889.753667,high_coverage,provisional
20840404,Karlbo,Avesta,Dalarna,2026,2025,5.100703582665936,3.829160530191458,383,52,35,1358,100.263744,1965.684584,high_coverage,provisional
20840601,Skogsbo - Rutbo-Grytnäs,Avesta,Dalarna,2026,2025,3.1141617334321046,2.303523035230352,435,34,35,1476,97.376353,3126.888111,high_coverage,provisional
20840602,Skogsbo - Grytnäs gärde,Avesta,Dalarna,2026,2025,3.3453026366494782,3.7142857142857144,469,52,18,1400,45.840478,1370.293901,high_coverage,provisional
20850101,Ludvika Ulrika,Ludvika,Dalarna,2026,2025,20.66845985044338,8.715596330275229,460,114,41,1308,465.419153,2251.832775,high_coverage,provisional
20850102,Marnäs,Ludvika,Dalarna,2026,2025,22.65560615464192,8.80503144654088,461,112,42,1272,460.875985,2034.269054,high_coverage,provisional
20850103,Magneten,Ludvika,Dalarna,2026,2025,26.850630042717942,10.12987012987013,254,78,16,770,363.252524,1352.864061,high_coverage,provisional
20850104,Högberget,Ludvika,Dalarna,2026,2025,23.310606060399405,9.976798143851509,265,86,50,862,376.001328,1613.005372,high_coverage,provisional
20850105,Sörvik-Håksberg,Ludvika,Dalarna,2026,2025,7.256500555365545,4.319654427645788,388,60,51,1389,148.20166,2042.329617,high_coverage,provisional
20850108,Blötberget-Gonäs,Ludvika,Dalarna,2026,2025,2.1291989232431314,4.710632570659489,191,35,25,743,24.049055,1129.488407,high_coverage,provisional
20850110,Lorentsberga,Ludvika,Dalarna,2026,2025,11.89957151841883,4.055299539170507,373,44,51,1085,205.70403,1728.667538,high_coverage,provisional
20850111,Näset,Ludvika,Dalarna,2026,2025,36.09312334967326,16.636197440585008,424,182,35,1094,970.976742,2690.198719,high_coverage,provisional
20850113,Ludvika gård,Ludvika,Dalarna,2026,2025,26.755393274852935,9.381044487427467,372,97,33,1034,568.531876,2124.924385,high_coverage,provisional
20850114,Knutsbo,Ludvika,Dalarna,2026,2025,10.295683613617443,4.481546572934974,368,51,33,1138,194.001708,1884.301376,high_coverage,provisional
20850203,Björkås-Stallbacken,Ludvika,Dalarna,2026,2025,3.4117422963351904,6.234203875315923,350,74,19,1187,62.940426,1844.817707,high_coverage,provisional
20850204,Öraberget,Ludvika,Dalarna,2026,2025,5.171507226171099,6.209850107066381,285,58,23,934,83.487656,1614.377634,high_coverage,provisional
20850307,Kyrkbyn-Nyhammar,Ludvika,Dalarna,2026,2025,3.230308857261371,4.921077065923862,353,53,37,1077,57.897448,1792.319266,high_coverage,provisional
20850311,Sunnansjö-Saxdalen,Ludvika,Dalarna,2026,2025,2.5778000462275092,4.7579983593109105,287,58,47,1219,51.675659,2004.641868,high_coverage,provisional
20850401,Fredriksberg,Ludvika,Dalarna,2026,2025,3.851640480585103,6.038647342995169,206,25,9,414,27.0,701.000006,high_coverage,provisional
21010201,Ockelbo Södra,Ockelbo,Gävleborg,2026,2025,8.582930044766712,4.559043348281016,483,61,47,1338,193.065517,2249.412683,high_coverage,provisional
21010203,Ockelbo Byar,Ockelbo,Gävleborg,2026,2025,2.00090990729219,3.794266441821248,281,45,68,1186,37.146653,1856.488034,high_coverage,provisional
21010205,Ockelbo Norra,Ockelbo,Gävleborg,2026,2025,11.574473144524744,4.4493882091212456,281,40,31,899,185.789168,1605.163066,high_coverage,provisional
21040102,Hofors Norra,Hofors,Gävleborg,2026,2025,8.965957822416613,6.708407871198569,384,75,30,1118,269.476754,3005.554558,high_coverage,provisional
21040103,Hofors Södra,Hofors,Gävleborg,2026,2025,3.2075542966960824,6.936936936936937,349,77,24,1110,47.072449,1467.549561,high_coverage,provisional
21040104,Hofors Centrum,Hofors,Gävleborg,2026,2025,9.633675275077998,13.228035538005923,335,134,17,1013,167.772667,1741.522962,high_coverage,provisional
21040105,Hofors Västra,Hofors,Gävleborg,2026,2025,11.749588384905188,13.936781609195402,266,97,19,696,77.556143,660.075404,high_coverage,provisional
21040201,Torsåker,Hofors,Gävleborg,2026,2025,1.0220593220621619,4.279600570613409,339,60,38,1402,23.122053,2262.300485,high_coverage,provisional
21210105,Ovanåker N,Ovanåker,Gävleborg,2026,2025,2.3721929610573955,3.6535859269282813,333,54,40,1478,61.726631,2602.091483,high_coverage,provisional
21210106,Edsbyn,Ovanåker,Gävleborg,2026,2025,6.815877265561121,4.181184668989547,526,60,29,1435,136.064518,1996.287678,high_coverage,provisional
21210201,Ovanåker V,Ovanåker,Gävleborg,2026,2025,6.194400931542643,4.321404456448346,459,64,34,1481,141.208853,2279.620815,high_coverage,provisional
21210301,Alfta S,Ovanåker,Gävleborg,2026,2025,1.988269829553073,3.5789473684210527,371,51,39,1425,42.435045,2134.269925,high_coverage,provisional
21210303,Alfta N,Ovanåker,Gävleborg,2026,2025,9.54833801747531,4.874651810584958,421,70,48,1436,216.570154,2268.145028,high_coverage,provisional
21320201,Harmånger-Ilsbo,Nordanstig,Gävleborg,2026,2025,4.692387653164521,4.003481288076588,294,46,37,1149,89.999995,1917.999996,high_coverage,provisional
21320301,Jättendal-Stocka-Strömsbruk,Nordanstig,Gävleborg,2026,2025,2.6595744567677677,5.314009661835748,331,55,43,1035,44.999998,1691.999932,high_coverage,provisional
21320401,Gnarp,Nordanstig,Gävleborg,2026,2025,3.1293140883524897,4.772902232486528,412,62,48,1299,68.000007,2173.000379,high_coverage,provisional
21320501,Bergsjö,Nordanstig,Gävleborg,2026,2025,6.255507287469128,5.229226361031519,415,73,56,1396,142.000029,2270.000217,high_coverage,provisional
21320601,Hassela-Älgered,Nordanstig,Gävleborg,2026,2025,4.058440954023358,6.76392572944297,250,51,28,754,49.999968,1231.999395,high_coverage,provisional
21610101,Ljusdal CV,Ljusdal,Gävleborg,2026,2025,3.364425068252261,3.965107057890563,369,50,33,1261,49.991445,1485.883739,high_coverage,provisional
21610102,Tallåsen-Ramsjö,Ljusdal,Gävleborg,2026,2025,1.5535698445059745,3.6336109008327027,315,48,44,1321,30.81722,1983.639172,high_coverage,provisional
21610104,Ljusdal CÖ,Ljusdal,Gävleborg,2026,2025,26.659651650325593,8.411214953271028,311,72,31,856,452.252289,1696.392342,high_coverage,provisional
21610105,Ljusdal CS,Ljusdal,Gävleborg,2026,2025,4.560655310885453,5.081081081081081,278,47,20,925,93.184484,2043.225757,high_coverage,provisional
21610106,Ljusdal CN,Ljusdal,Gävleborg,2026,2025,6.335173912472021,5.130597014925373,335,55,46,1072,107.317408,1693.993085,high_coverage,provisional
21610107,Ljusdal C,Ljusdal,Gävleborg,2026,2025,11.289181011304919,5.336426914153132,320,46,32,862,162.200523,1436.778477,high_coverage,provisional
21610301,Korskrogen-Los,Ljusdal,Gävleborg,2026,2025,2.3866074359995957,4.011461318051576,273,42,45,1047,42.012403,1760.339902,high_coverage,provisional
21610401,Färila,Ljusdal,Gävleborg,2026,2025,3.2776335075096736,3.9640987284966345,338,53,51,1337,68.212227,2081.142594,high_coverage,provisional
21610701,Järvsö Ö,Ljusdal,Gävleborg,2026,2025,2.091160676358452,3.650586701434159,187,28,83,767,24.929632,1192.143305,high_coverage,provisional
21610702,Järvsö V,Ljusdal,Gävleborg,2026,2025,2.296194711374326,4.220499569336779,296,49,75,1161,44.477159,1936.994227,high_coverage,provisional
21610703,Järvsö N,Ljusdal,Gävleborg,2026,2025,2.0145351523168222,4.705882352941177,234,40,62,850,21.605722,1072.491685,high_coverage,provisional
21800101,Väster N,Gävle,Gävleborg,2026,2025,6.997332540144923,6.1238691718858735,414,88,99,1437,127.000677,1814.987015,high_coverage,provisional
21800102,Villastaden,Gävle,Gävleborg,2026,2025,8.648867566347981,5.387453874538745,313,73,81,1355,221.681107,2563.122921,high_coverage,provisional
21800103,Väster S,Gävle,Gävleborg,2026,2025,10.71434715264651,9.037900874635568,291,93,58,1029,159.026649,1484.240213,high_coverage,provisional
21800105,Norr,Gävle,Gävleborg,2026,2025,9.900229762590298,8.290155440414507,281,80,55,965,136.639814,1380.16811,high_coverage,provisional
21800106,Öster-Alderholmen,Gävle,Gävleborg,2026,2025,28.366980888949172,20.313942751615883,451,220,38,1083,748.672962,2639.240901,high_coverage,provisional
21800107,Söder V,Gävle,Gävleborg,2026,2025,11.31496510843087,7.0462633451957295,470,99,57,1405,204.093447,1803.747913,high_coverage,provisional
21800108,Stigslund,Gävle,Gävleborg,2026,2025,5.2079780213192794,3.986254295532646,471,58,65,1455,111.939312,2149.381421,high_coverage,provisional
21800109,Strömsbro,Gävle,Gävleborg,2026,2025,2.5168442417053023,2.9696132596685083,389,43,82,1448,48.053034,1909.257363,high_coverage,provisional
21800110,Norrlandet-Utvalnäs,Gävle,Gävleborg,2026,2025,2.2664761796316233,1.7857142857142858,283,24,71,1344,44.104226,1945.93821,high_coverage,provisional
21800111,Vallbacken,Gävle,Gävleborg,2026,2025,8.402687265642228,7.958477508650519,435,115,90,1445,171.993266,2046.884057,high_coverage,provisional
21800112,Lindbacka,Gävle,Gävleborg,2026,2025,3.501956057167782,2.6123301985370952,204,25,23,957,59.990272,1713.050393,high_coverage,provisional
21800113,Nordost,Gävle,Gävleborg,2026,2025,43.058897102738236,22.67839687194526,477,232,31,1023,890.009116,2066.95753,high_coverage,provisional
21800114,Gävle Strand,Gävle,Gävleborg,2026,2025,22.035226784853695,6.893542757417103,310,79,49,1146,350.264276,1589.565106,high_coverage,provisional
21800201,Söder Ö,Gävle,Gävleborg,2026,2025,13.210577139513479,6.564885496183206,415,86,70,1310,286.778675,2170.82624,high_coverage,provisional
21800202,Brynäs V,Gävle,Gävleborg,2026,2025,18.531133453810853,17.624148003894838,355,181,65,1027,256.054021,1381.750456,high_coverage,provisional
21800203,Brynäs C,Gävle,Gävleborg,2026,2025,14.182164917900494,12.631578947368421,501,168,86,1330,280.974791,1981.184062,high_coverage,provisional
21800204,Brynäs Ö,Gävle,Gävleborg,2026,2025,23.59983524643746,15.391380826737027,433,175,43,1137,441.648152,1871.403539,high_coverage,provisional
21800206,Brynäs S,Gävle,Gävleborg,2026,2025,18.06806724732878,14.76725521669342,431,184,48,1246,360.956514,1997.759412,high_coverage,provisional
21800208,Hemsta,Gävle,Gävleborg,2026,2025,10.495819335729227,9.530685920577618,476,132,59,1385,189.983071,1810.083281,high_coverage,provisional
21800213,Furuvik-Ytterharnäs,Gävle,Gävleborg,2026,2025,2.7576188730735076,3.7273695420660276,251,35,45,939,41.531717,1506.071684,high_coverage,provisional
21800214,Hemlingby,Gävle,Gävleborg,2026,2025,4.525258315421552,2.6920031670625493,302,34,61,1263,95.631648,2113.285946,high_coverage,provisional
21800301,Bergby-Axmar,Gävle,Gävleborg,2026,2025,2.706471301538272,4.055220017256255,330,47,43,1159,45.465631,1679.885945,high_coverage,provisional
21800302,Norrsundet-Hamrångefjärden,Gävle,Gävleborg,2026,2025,4.221024447559037,5.724838411819022,368,62,42,1083,69.112219,1637.332829,high_coverage,provisional
21800401,Hedesunda N,Gävle,Gävleborg,2026,2025,2.585706245392981,3.515151515151515,168,29,20,825,30.115153,1164.678047,high_coverage,provisional
21800402,Hedesunda S,Gävle,Gävleborg,2026,2025,2.36813353147482,2.536997885835095,204,24,29,946,35.884846,1515.321899,high_coverage,provisional
21800501,Hille,Gävle,Gävleborg,2026,2025,2.2068510799998444,2.2304832713754648,393,30,60,1345,42.981683,1947.647641,high_coverage,provisional
21800502,Åbyggeby,Gävle,Gävleborg,2026,2025,3.2672529412994256,2.5605536332179932,313,37,76,1445,81.34069,2489.574314,high_coverage,provisional
21800503,Björke-Trödje,Gävle,Gävleborg,2026,2025,1.9785390396843472,2.9335071707953064,339,45,55,1534,41.052352,2074.882081,high_coverage,provisional
21800604,Valbo C,Gävle,Gävleborg,2026,2025,4.5402430773292,4.596834966088922,425,61,30,1327,89.775735,1977.333228,high_coverage,provisional
21800605,Valbo N,Gävle,Gävleborg,2026,2025,6.284215059912059,5.015923566878981,407,63,47,1256,112.252674,1786.264043,high_coverage,provisional
21800607,Valbo V,Gävle,Gävleborg,2026,2025,1.8169990505269662,3.3035099793530627,403,48,49,1453,38.779497,2134.260719,high_coverage,provisional
21800608,Forsbacka,Gävle,Gävleborg,2026,2025,3.5026566100918624,4.704944178628389,403,59,40,1254,66.275243,1892.142176,high_coverage,provisional
21800609,Hagaström C,Gävle,Gävleborg,2026,2025,2.7345659051284077,3.8805970149253732,503,65,122,1675,48.102501,1759.054368,high_coverage,provisional
21800701,Södertull,Gävle,Gävleborg,2026,2025,9.502255097206586,9.894566098945662,370,122,87,1233,183.043025,1926.311419,high_coverage,provisional
21800702,Olsbacka,Gävle,Gävleborg,2026,2025,5.388545997550498,6.4,376,88,101,1375,94.537837,1754.42201,high_coverage,provisional
21800703,Sörby,Gävle,Gävleborg,2026,2025,17.629907833938322,12.304554724677091,531,181,88,1471,423.996073,2404.98179,high_coverage,provisional
21800704,Fridhem,Gävle,Gävleborg,2026,2025,3.925044990982401,3.245614035087719,328,37,79,1140,66.999814,1706.982064,high_coverage,provisional
21800705,Andersberg C,Gävle,Gävleborg,2026,2025,54.351117850466515,30.37716615698267,503,298,23,981,1398.993227,2573.991635,high_coverage,provisional
21800706,Andersberg N,Gävle,Gävleborg,2026,2025,17.782098629552802,11.649782923299567,536,161,87,1382,377.914453,2125.25226,high_coverage,provisional
21800707,Andersberg S-Sälgsjön-Hästbo,Gävle,Gävleborg,2026,2025,8.08516780373831,7.09855272226051,435,103,34,1451,185.843353,2298.571378,high_coverage,provisional
21800801,Sätra C,Gävle,Gävleborg,2026,2025,23.426367974376245,14.794520547945206,457,162,53,1095,444.710585,1898.333474,high_coverage,provisional
21800802,Sätra NO,Gävle,Gävleborg,2026,2025,28.602630469411906,18.099547511312217,546,240,47,1326,575.879456,2013.379352,high_coverage,provisional
21800804,Sätra Ö-Gavlehov,Gävle,Gävleborg,2026,2025,43.33173188500255,19.433719433719435,314,151,34,777,1083.197469,2499.77885,high_coverage,provisional
21800805,Sätra V,Gävle,Gävleborg,2026,2025,16.596078796052705,12.635658914728682,453,163,53,1290,387.183496,2332.981789,high_coverage,provisional
21800806,Sätra NV,Gävle,Gävleborg,2026,2025,18.385692060973227,9.402332361516034,536,129,59,1372,354.811887,1929.826116,high_coverage,provisional
21800901,Bomhus V,Gävle,Gävleborg,2026,2025,12.885942584100864,10.135746606334841,344,112,54,1105,266.624607,2069.112176,high_coverage,provisional
21800902,Bomhus N,Gävle,Gävleborg,2026,2025,5.486533081388219,5.5153707052441225,316,61,34,1106,100.784657,1836.946128,high_coverage,provisional
21800903,Bomhus Ö,Gävle,Gävleborg,2026,2025,3.3763749080430814,3.014318010550113,408,40,45,1327,65.146925,1929.493222,high_coverage,provisional
21800904,Bomhus C,Gävle,Gävleborg,2026,2025,6.66664347673612,5.62685093780849,346,57,41,1013,107.000092,1605.006963,high_coverage,provisional
21800906,Bomhus SV,Gävle,Gävleborg,2026,2025,9.184665364810494,4.8979591836734695,434,60,40,1225,177.999149,1938.003639,high_coverage,provisional
21800907,Bomhus SO,Gävle,Gävleborg,2026,2025,6.216551699116961,6.255506607929515,418,71,38,1135,110.789771,1782.174047,high_coverage,provisional
21801002,Norrtull-Lexe,Gävle,Gävleborg,2026,2025,7.0099086649051365,5.813953488372093,404,75,80,1290,157.406098,2245.480013,high_coverage,provisional
21801003,Valbo Ö-Hagaström N,Gävle,Gävleborg,2026,2025,2.9279377020001145,2.9886431560071727,447,50,84,1673,94.973204,3243.68937,high_coverage,provisional
21810101,Sandviken Norra,Sandviken,Gävleborg,2026,2025,4.2312486425814395,3.6627906976744184,560,63,65,1720,104.933664,2479.969221,high_coverage,provisional
21810102,Jäderfors-Norrsätra,Sandviken,Gävleborg,2026,2025,29.873204138959327,12.611717974180735,387,127,25,1007,615.965077,2061.931737,high_coverage,provisional
21810103,Murgården,Sandviken,Gävleborg,2026,2025,46.38479363544669,21.69042769857434,438,213,27,982,958.029632,2065.395913,high_coverage,provisional
21810104,Sandbacka,Sandviken,Gävleborg,2026,2025,10.278237436419902,5.071521456436931,496,78,46,1538,227.814762,2216.476934,high_coverage,provisional
21810105,Barrsätra,Sandviken,Gävleborg,2026,2025,13.65281374700706,8.52017937219731,401,95,45,1115,241.153056,1766.324953,high_coverage,provisional
21810106,Sandviken Centrum,Sandviken,Gävleborg,2026,2025,17.52026862589424,10.207214121258634,479,133,41,1303,403.712292,2304.258574,high_coverage,provisional
21810109,Jernvallen Norra,Sandviken,Gävleborg,2026,2025,7.848441359118418,5.503875968992248,489,71,49,1290,147.001293,1872.999826,high_coverage,provisional
21810110,Jernvallen Södra,Sandviken,Gävleborg,2026,2025,10.526977847028823,6.040268456375839,458,90,68,1490,258.652592,2457.045087,high_coverage,provisional
21810113,Björksätra,Sandviken,Gävleborg,2026,2025,33.40680842422591,13.190184049079754,444,129,26,978,711.405081,2129.52124,high_coverage,provisional
21810115,Vallhov,Sandviken,Gävleborg,2026,2025,14.831829122545631,8.512160228898427,514,119,35,1398,336.033885,2265.626729,high_coverage,provisional
21810202,Kungsgården-Åshammar,Sandviken,Gävleborg,2026,2025,2.9975637930542507,3.738910012674271,400,59,40,1578,80.113386,2672.616549,high_coverage,provisional
21810204,Säljan,Sandviken,Gävleborg,2026,2025,5.176300972699921,4.490057729313663,481,70,70,1559,118.427342,2287.875891,high_coverage,provisional
21810205,Storvik Norra,Sandviken,Gävleborg,2026,2025,2.9445424587308007,5.841325196163906,323,67,56,1147,49.07251,1666.558071,high_coverage,provisional
21810206,Gästrike-Hammarby-Storvik Södra,Sandviken,Gävleborg,2026,2025,3.057342603699994,5.69620253164557,350,72,43,1264,61.814041,2021.822511,high_coverage,provisional
21810301,Järbo,Sandviken,Gävleborg,2026,2025,2.5107854618692835,3.412553321145643,420,56,42,1641,64.45281,2567.037725,high_coverage,provisional
21810401,Årsunda,Sandviken,Gävleborg,2026,2025,2.1071643375582982,2.948557089084065,456,47,35,1594,47.315582,2245.462357,high_coverage,provisional
21810501,Österfärnebo,Sandviken,Gävleborg,2026,2025,2.8789160549352664,2.9887920298879203,187,24,26,803,33.999495,1180.982507,high_coverage,provisional
21810601,Stadsparken,Sandviken,Gävleborg,2026,2025,15.17260704874739,7.7211394302848575,603,103,38,1334,268.101619,1767.010891,high_coverage,provisional
21820101,Söderhamn Centrum-Väster,Söderhamn,Gävleborg,2026,2025,16.666662789184453,9.623430962343097,480,115,34,1195,332.403482,1994.421356,high_coverage,provisional
21820102,Söderhamn Norrtull-Granskär,Söderhamn,Gävleborg,2026,2025,19.89245835157381,9.770540340488527,536,132,39,1351,459.525725,2310.049954,high_coverage,provisional
21820103,Söderhamn Norrberget-Hägnan m fl,Söderhamn,Gävleborg,2026,2025,22.491438301746808,10.865561694290976,484,118,26,1086,500.503891,2225.308512,high_coverage,provisional
21820105,Söderhamn Klossdammen-Stormyran m fl,Söderhamn,Gävleborg,2026,2025,3.076080436001079,4.97737556561086,405,55,45,1105,47.040982,1529.250713,high_coverage,provisional
21820106,Söderhamn Öster-Broberg-Färssjön,Söderhamn,Gävleborg,2026,2025,3.3724920947113466,4.5595854922279795,279,44,41,965,52.003785,1541.998722,high_coverage,provisional
21820107,Stugsund,Söderhamn,Gävleborg,2026,2025,5.575088725877483,4.387990762124711,327,38,21,866,75.029333,1345.796214,high_coverage,provisional
21820201,Sandarne,Söderhamn,Gävleborg,2026,2025,4.140568894271945,4.821150855365475,464,62,37,1286,75.21992,1816.656646,high_coverage,provisional
21820401,Ljusne,Söderhamn,Gävleborg,2026,2025,6.157941372425344,5.680868838763575,516,68,26,1197,128.710912,2090.161374,high_coverage,provisional
21820501,Söderala,Söderhamn,Gävleborg,2026,2025,4.051256057056073,3.7374658158614404,309,41,39,1097,72.501462,1789.604532,high_coverage,provisional
21820502,Marma-Mo,Söderhamn,Gävleborg,2026,2025,2.7064479501987098,5.734767025089606,328,64,47,1116,48.38674,1787.831907,high_coverage,provisional
21820503,Bergvik – Skog,Söderhamn,Gävleborg,2026,2025,2.8820256757913603,5.1317614424410545,405,74,53,1442,64.401394,2234.587795,high_coverage,provisional
21820901,Vågbro,Söderhamn,Gävleborg,2026,2025,2.6558587133503275,3.3011272141706924,338,41,53,1242,49.658485,1869.771338,high_coverage,provisional
21820902,Norrala-Trönö,Söderhamn,Gävleborg,2026,2025,1.259542006976711,4.561101549053356,342,53,41,1162,20.596508,1635.237879,high_coverage,provisional
21830301,Bollnäs Centrum,Bollnäs,Gävleborg,2026,2025,6.054576781294017,5.665236051502146,439,66,43,1165,103.632334,1711.6363,high_coverage,provisional
21830302,Bollnäs-Sävsberg,Bollnäs,Gävleborg,2026,2025,8.651550676327139,6.966490299823633,343,79,41,1134,154.482167,1785.600903,high_coverage,provisional
21830303,Bollnäs-Granberg,Bollnäs,Gävleborg,2026,2025,4.284196825564515,4.797047970479705,252,39,39,813,44.848259,1046.830032,high_coverage,provisional
21830304,Bollnäs-Gärdet,Bollnäs,Gävleborg,2026,2025,28.277098504663158,15.402843601895734,535,195,50,1266,730.295969,2582.641104,high_coverage,provisional
21830306,Bollnäs-Hamre,Bollnäs,Gävleborg,2026,2025,22.432301057603347,10.542168674698795,377,105,33,996,383.581483,1709.951565,high_coverage,provisional
21830307,Bollnäs-Björktjära,Bollnäs,Gävleborg,2026,2025,7.647922988368204,5.04885993485342,389,62,56,1228,175.688134,2297.200616,high_coverage,provisional
21830308,Bollnäs-Lottefors,Bollnäs,Gävleborg,2026,2025,1.800049733056609,3.584672435105068,206,29,33,809,20.920555,1162.220944,high_coverage,provisional
21830309,Bollnäs-Ren,Bollnäs,Gävleborg,2026,2025,6.391817320080028,6.2302006335797255,364,59,38,947,83.643011,1308.595143,high_coverage,provisional
21830310,Bollnäs-Söräng,Bollnäs,Gävleborg,2026,2025,1.3816961294282726,5.230769230769231,151,34,38,650,13.436202,972.442617,high_coverage,provisional
21830311,Bollnäs-Hå,Bollnäs,Gävleborg,2026,2025,1.4250755475698345,3.2934131736526946,215,22,22,668,13.356514,937.249539,high_coverage,provisional
21830312,Bollnäs-Kilberg,Bollnäs,Gävleborg,2026,2025,5.26526541283258,5.82437275985663,398,65,42,1116,102.112465,1939.36026,high_coverage,provisional
21830401,Rengsjö,Bollnäs,Gävleborg,2026,2025,1.3578275042360344,2.746566791510612,199,22,33,801,17.0,1251.999974,high_coverage,provisional
21830501,Hanebo-Segersta,Bollnäs,Gävleborg,2026,2025,1.8425967133534236,4.0604343720491025,275,43,47,1059,28.864627,1566.518967,high_coverage,provisional
21830602,Hanebo Centrum,Bollnäs,Gävleborg,2026,2025,3.2841631392325024,5.887939221272554,333,62,35,1053,56.152743,1709.803704,high_coverage,provisional
21830902,Arbrå Centrum,Bollnäs,Gävleborg,2026,2025,3.49709374120003,4.910714285714286,209,33,26,672,43.710838,1249.918968,high_coverage,provisional
21830903,Arbrå-Undersvik,Bollnäs,Gävleborg,2026,2025,1.6009497406385267,3.5639412997903563,256,34,57,954,21.896212,1367.701399,high_coverage,provisional
21830904,Arbrå-Flästa,Bollnäs,Gävleborg,2026,2025,2.440340223894268,4.878048780487805,266,44,34,902,34.392629,1409.337463,high_coverage,provisional
21840101,Öster,Hudiksvall,Gävleborg,2026,2025,4.891359542250847,7.797427652733119,412,97,74,1244,46.338908,947.36254,high_coverage,provisional
21840103,Kålhagen,Hudiksvall,Gävleborg,2026,2025,5.003526444221331,5.842506350550381,405,69,85,1181,146.417503,2926.286183,high_coverage,provisional
21840104,Sandvalla-Kristineberg,Hudiksvall,Gävleborg,2026,2025,5.231418247519378,6.994619523443505,512,91,52,1301,78.900772,1508.209978,high_coverage,provisional
21840105,Väster,Hudiksvall,Gävleborg,2026,2025,6.2112960528779615,6.359832635983263,420,76,80,1195,120.518259,1940.307755,high_coverage,provisional
21840106,Centrum,Hudiksvall,Gävleborg,2026,2025,5.464345070804054,5.338078291814947,364,60,77,1124,60.435306,1105.993586,high_coverage,provisional
21840107,Fridhem-Åvik,Hudiksvall,Gävleborg,2026,2025,6.018485185423551,5.685358255451713,405,73,91,1284,101.515853,1686.734284,high_coverage,provisional
21840201,Idenor-Saltvik,Hudiksvall,Gävleborg,2026,2025,6.2669236312237695,3.278688524590164,433,44,50,1342,141.746018,2261.811797,high_coverage,provisional
21840302,Björkberg-Maln-Lingarö,Hudiksvall,Gävleborg,2026,2025,12.731039898913403,7.324364723467863,412,98,76,1338,294.590036,2313.951086,high_coverage,provisional
21840303,Håsta,Hudiksvall,Gävleborg,2026,2025,22.33187524195534,13.48314606741573,558,168,56,1246,490.02825,2194.299604,high_coverage,provisional
21840401,Rogsta-Malsta,Hudiksvall,Gävleborg,2026,2025,1.388475944452795,3.2323232323232323,244,32,30,990,19.638912,1414.4222,high_coverage,provisional
21840501,Njutånger,Hudiksvall,Gävleborg,2026,2025,1.2923510527927722,3.965303593556382,228,32,40,807,15.678541,1213.179729,high_coverage,provisional
21840503,Iggesund  Norra,Hudiksvall,Gävleborg,2026,2025,11.005066938103068,7.061900610287707,474,81,30,1147,181.506547,1649.2998,high_coverage,provisional
21840504,Iggesund Södra,Hudiksvall,Gävleborg,2026,2025,10.647936201220025,9.154929577464788,350,78,21,852,184.833028,1735.857771,high_coverage,provisional
21840701,Enånger,Hudiksvall,Gävleborg,2026,2025,1.9369120133323545,3.5160289555325748,317,34,30,967,27.049289,1396.516146,high_coverage,provisional
21840803,Bobygden-Kalvstigen-Långbacka,Hudiksvall,Gävleborg,2026,2025,2.6426977706215244,4.008908685968819,247,36,35,898,39.96295,1512.202812,high_coverage,provisional
21840804,Ava-Gåsbacka-Myra,Hudiksvall,Gävleborg,2026,2025,4.178119347198928,7.373737373737374,308,73,70,990,71.789724,1718.230573,high_coverage,provisional
21840805,Stömne-Smedsbo-Överälve,Hudiksvall,Gävleborg,2026,2025,3.7033314104006942,8.537886872998932,269,80,80,937,45.715437,1234.440884,high_coverage,provisional
21840901,Bjuråker-Norrbo,Hudiksvall,Gävleborg,2026,2025,1.8456638739986966,5.456026058631922,322,67,59,1228,35.581519,1927.843932,high_coverage,provisional
21840902,Svågadalen,Hudiksvall,Gävleborg,2026,2025,1.8479629338323638,4.615384615384615,73,12,9,260,8.072968,436.85768,high_coverage,provisional
21841101,Näsviken,Hudiksvall,Gävleborg,2026,2025,2.567927383554978,5.865102639296188,262,60,59,1023,41.118594,1601.236634,high_coverage,provisional
21841102,Forsa,Hudiksvall,Gävleborg,2026,2025,2.7505046406479936,4.972375690607735,489,72,97,1448,63.727741,2316.947227,high_coverage,provisional
21841201,Hög-Sanna,Hudiksvall,Gävleborg,2026,2025,3.8957300435535234,3.508771929824561,337,42,50,1197,89.831872,2305.905979,high_coverage,provisional
22600201,Ånge,Ånge,Västernorrland,2026,2025,3.7626051633512896,3.8461538461538463,307,31,24,806,51.362253,1365.07156,high_coverage,provisional
22600202,Ånge centrum,Ånge,Västernorrland,2026,2025,6.870905913359509,7.057546145494028,394,65,24,921,109.508609,1593.801609,high_coverage,provisional
22600205,Borgsjö-Erikslund-Hallsta,Ånge,Västernorrland,2026,2025,1.5728474063574462,4.193138500635324,221,33,27,787,20.009976,1272.213434,high_coverage,provisional
22600306,Alby-Östavall-Överturingen,Ånge,Västernorrland,2026,2025,1.7041995885636685,5.152671755725191,175,27,5,524,15.496823,909.33146,high_coverage,provisional
22600409,Ljungaverk,Ånge,Västernorrland,2026,2025,3.1288216280432413,5.793991416309013,152,27,7,466,27.147646,867.663588,high_coverage,provisional
22600410,Fränsta,Ånge,Västernorrland,2026,2025,3.4792038047587894,6.017191977077364,349,63,24,1047,61.474693,1766.918423,high_coverage,provisional
22600412,Torpshammar-Naggen-Munkbysjön,Ånge,Västernorrland,2026,2025,1.30932916014546,4.2062415196743554,191,31,14,737,15.989993,1221.235537,high_coverage,provisional
22620106,Bergeforsen,Timrå,Västernorrland,2026,2025,2.136296502409069,2.536510376633359,427,33,37,1301,42.101247,1970.758598,high_coverage,provisional
22620107,Sörberge,Timrå,Västernorrland,2026,2025,3.2707612025724218,4.5608108108108105,387,54,33,1184,64.538518,1973.195657,high_coverage,provisional
22620109,Centrum,Timrå,Västernorrland,2026,2025,8.565370436018439,6.96608615948671,534,76,24,1091,43.277523,505.261545,high_coverage,provisional
22620110,Böle,Timrå,Västernorrland,2026,2025,11.599539381551592,3.8430744595676543,467,48,41,1249,196.626126,1695.120121,high_coverage,provisional
22620114,Nyvivsta,Timrå,Västernorrland,2026,2025,9.132209139775092,10.03584229390681,354,84,23,837,204.654012,2241.013197,high_coverage,provisional
22620116,Vivsta,Timrå,Västernorrland,2026,2025,12.21830545436678,6.790123456790123,476,77,27,1134,277.077285,2267.722689,high_coverage,provisional
22620117,Timrådalen,Timrå,Västernorrland,2026,2025,4.99198147006195,4.203718674211803,432,52,19,1237,99.013312,1983.447106,high_coverage,provisional
22620205,Ljustorp,Timrå,Västernorrland,2026,2025,2.3605149047228617,3.9451114922813035,145,23,20,583,21.999997,931.999919,high_coverage,provisional
22620302,Söråker,Timrå,Västernorrland,2026,2025,2.7525276355474477,5.57593543653705,451,76,49,1363,61.17867,2222.635995,high_coverage,provisional
22620303,Ala,Timrå,Västernorrland,2026,2025,2.2905461531101134,4.219409282700422,198,30,20,711,22.620769,987.570976,high_coverage,provisional
22620401,Tynderö,Timrå,Västernorrland,2026,2025,1.7383641254202966,5.137614678899083,173,28,16,545,11.912564,685.274381,high_coverage,provisional
22800101,Centrum,Härnösand,Västernorrland,2026,2025,11.654157692146674,8.536585365853659,419,105,160,1230,207.540484,1780.827834,high_coverage,provisional
22800102,Norrstaden,Härnösand,Västernorrland,2026,2025,16.65358595509996,11.038011695906432,497,151,121,1368,268.367657,1611.470693,high_coverage,provisional
22800103,Norra Brännan,Härnösand,Västernorrland,2026,2025,10.224599583187436,8.398950131233596,407,96,163,1143,268.321073,2624.269741,high_coverage,provisional
22800104,Hovsjorden,Härnösand,Västernorrland,2026,2025,5.128807101831842,5.1305130513051305,425,57,142,1111,75.413021,1470.381309,high_coverage,provisional
22800105,Geresta-Gånsvik,Härnösand,Västernorrland,2026,2025,6.586363804907399,6.8769716088328074,569,109,143,1585,141.810738,2153.096036,high_coverage,provisional
22800106,Rotudden-Gådeå,Härnösand,Västernorrland,2026,2025,20.495495245097608,10.52093973442288,416,103,53,979,327.959893,1600.155981,high_coverage,provisional
22800107,Änget-Murberget,Härnösand,Västernorrland,2026,2025,19.431296031718567,9.042076991942704,481,101,65,1117,393.593028,2025.562409,high_coverage,provisional
22800108,Hälletorp-Framnäs,Härnösand,Västernorrland,2026,2025,14.211065648362615,9.278350515463918,365,90,50,970,243.377624,1712.592356,high_coverage,provisional
22800109,Kullen-Haga,Härnösand,Västernorrland,2026,2025,10.324016577452715,6.245614035087719,456,89,104,1425,225.959118,2188.674498,high_coverage,provisional
22800226,Högsjö,Härnösand,Västernorrland,2026,2025,2.4060150729832093,6.968215158924205,270,57,30,818,32.000001,1330.000022,high_coverage,provisional
22800323,Häggdånger,Härnösand,Västernorrland,2026,2025,1.805728575742445,6.020942408376963,99,23,38,382,8.8296,488.977143,high_coverage,provisional
22800424,Stigsjö-Viksjö,Härnösand,Västernorrland,2026,2025,1.7871018189787413,3.936039360393604,206,32,66,813,23.000001,1287.000033,high_coverage,provisional
22800620,Bondsjö-Säbrå,Härnösand,Västernorrland,2026,2025,5.823033321216916,3.890362511052166,393,44,84,1131,104.063193,1787.095956,high_coverage,provisional
22800622,Älandsbro,Härnösand,Västernorrland,2026,2025,3.918317039878113,4.114621601763409,369,56,77,1361,89.764569,2290.896017,high_coverage,provisional
22810106,Inre hamnen,Sundsvall,Västernorrland,2026,2025,6.733473619078358,6.772207563764292,355,77,58,1137,126.998857,1886.082343,high_coverage,provisional
22810107,Södermalm Ö,Sundsvall,Västernorrland,2026,2025,5.6140174712500555,6.534325889164599,353,79,82,1209,48.636168,866.334461,high_coverage,provisional
22810108,Södermalm N,Sundsvall,Västernorrland,2026,2025,8.948413532585413,7.564422277639236,374,91,49,1203,131.78392,1472.707084,high_coverage,provisional
22810109,Södermalm V,Sundsvall,Västernorrland,2026,2025,6.039551035541136,6.634692246203038,388,83,102,1251,118.351199,1959.602598,high_coverage,provisional
22810110,Stenstaden,Sundsvall,Västernorrland,2026,2025,10.799853744096936,8.3015993907083,367,109,71,1313,205.045833,1898.598239,high_coverage,provisional
22810111,Norrliden,Sundsvall,Västernorrland,2026,2025,4.7986188443685185,5.296745373324825,489,83,73,1567,77.019709,1605.039106,high_coverage,provisional
22810112,Norrmalm,Sundsvall,Västernorrland,2026,2025,7.026231131103362,7.326892109500805,377,91,83,1242,130.246024,1853.711066,high_coverage,provisional
22810113,Västermalm N,Sundsvall,Västernorrland,2026,2025,15.061476512420997,10.742609949531362,428,149,79,1387,282.258466,1874.042467,high_coverage,provisional
22810114,Västermalm S,Sundsvall,Västernorrland,2026,2025,11.26146467153847,9.93091537132988,387,115,64,1158,217.804219,1934.06653,high_coverage,provisional
22810115,Sallyhill,Sundsvall,Västernorrland,2026,2025,15.512957372078924,8.925476603119584,411,103,104,1154,284.195336,1831.98683,high_coverage,provisional
22810116,Nacksta Ö,Sundsvall,Västernorrland,2026,2025,31.148347741348573,22.25841476655809,415,205,40,921,205.547026,659.897044,high_coverage,provisional
22810118,Nacksta V,Sundsvall,Västernorrland,2026,2025,28.568765957609997,13.880445795339412,456,137,41,987,540.687247,1892.581737,high_coverage,provisional
22810119,Sidsjö-Böle,Sundsvall,Västernorrland,2026,2025,14.020250974460113,5.443698732289336,395,73,106,1341,457.992115,3266.647051,high_coverage,provisional
22810201,Kubikenborg,Sundsvall,Västernorrland,2026,2025,9.90701357466265,6.634615384615385,410,69,42,1040,200.097703,2019.758038,high_coverage,provisional
22810203,Skönsmon,Sundsvall,Västernorrland,2026,2025,6.632119507714154,6.966490299823633,413,79,49,1134,106.278623,1602.483533,high_coverage,provisional
22810204,Östermalm,Sundsvall,Västernorrland,2026,2025,4.732340242820384,4.941373534338358,394,59,104,1194,143.858936,3039.911093,high_coverage,provisional
22810330,Haga N,Sundsvall,Västernorrland,2026,2025,7.507026171779044,8.170844939647168,410,88,46,1077,110.427354,1470.986666,high_coverage,provisional
22810331,Haga S,Sundsvall,Västernorrland,2026,2025,9.766103530625735,3.9382239382239383,420,51,69,1295,167.258772,1712.645903,high_coverage,provisional
22810333,Heffners,Sundsvall,Västernorrland,2026,2025,35.18343171877602,23.26574172892209,382,218,38,937,741.732553,2108.187055,high_coverage,provisional
22810334,Skönsberg,Sundsvall,Västernorrland,2026,2025,11.887678345439646,9.79431929480901,410,100,44,1021,213.102148,1792.630502,high_coverage,provisional
22810335,Korsta,Sundsvall,Västernorrland,2026,2025,10.849113376511925,8.118433619866284,341,85,38,1047,163.662163,1508.530304,high_coverage,provisional
22810336,Bydalen,Sundsvall,Västernorrland,2026,2025,6.3634259825789385,3.3936651583710407,395,45,63,1326,102.06816,1603.981256,high_coverage,provisional
22810337,Bosvedjan,Sundsvall,Västernorrland,2026,2025,7.547532231028971,5.2,545,78,90,1500,163.86911,2171.161447,high_coverage,provisional
22810338,Bosvedjan C,Sundsvall,Västernorrland,2026,2025,9.324848519217008,7.506053268765133,563,93,44,1239,124.330081,1333.320115,high_coverage,provisional
22810339,Ljustadalen-Johannedal,Sundsvall,Västernorrland,2026,2025,14.166216519374428,8.71743486973948,363,87,26,998,295.461723,2085.678435,high_coverage,provisional
22810340,Birsta,Sundsvall,Västernorrland,2026,2025,9.477202241624502,7.593688362919132,401,77,19,1014,265.231031,2798.621621,high_coverage,provisional
22810341,Finsta,Sundsvall,Västernorrland,2026,2025,12.24868142308228,10.119695321001089,315,93,23,919,193.93657,1583.326101,high_coverage,provisional
22810420,Alnö S,Sundsvall,Västernorrland,2026,2025,2.2432335061906064,2.571860816944024,402,34,69,1322,39.553955,1763.25625,high_coverage,provisional
22810421,Alnö-Vi S,Sundsvall,Västernorrland,2026,2025,2.7680899349502677,4.875804967801288,426,53,34,1087,32.133605,1160.858417,high_coverage,provisional
22810422,Alnö-Vi N,Sundsvall,Västernorrland,2026,2025,6.261299122491478,4.204451772464963,431,51,58,1213,110.858503,1770.535169,high_coverage,provisional
22810423,Alnö N,Sundsvall,Västernorrland,2026,2025,2.830532274064735,3.5747021081576533,329,39,48,1091,72.139264,2548.611251,high_coverage,provisional
22810424,Alnö Ö,Sundsvall,Västernorrland,2026,2025,2.250107149381537,3.666361136571952,333,40,62,1091,31.194036,1386.33558,high_coverage,provisional
22810545,Sättna,Sundsvall,Västernorrland,2026,2025,1.6090909232595787,4.878048780487805,264,52,47,1066,27.235391,1692.594906,high_coverage,provisional
22810624,Granloholm Ö,Sundsvall,Västernorrland,2026,2025,8.496779158160958,7.653490328006728,462,91,90,1189,146.638751,1725.815727,high_coverage,provisional
22810625,Bergsåker V,Sundsvall,Västernorrland,2026,2025,2.0307106942019635,3.986981285598047,379,49,35,1229,42.046924,2070.552153,high_coverage,provisional
22810626,Bergsåker Ö,Sundsvall,Västernorrland,2026,2025,7.491627169055261,4.804804804804805,485,64,75,1332,140.440245,1874.629394,high_coverage,provisional
22810627,Granlo S,Sundsvall,Västernorrland,2026,2025,3.4598834151193394,3.9662447257383966,450,47,41,1185,37.643119,1087.988076,high_coverage,provisional
22810628,Granlo N,Sundsvall,Västernorrland,2026,2025,3.70381787233395,4.405737704918033,345,43,81,976,49.882029,1346.773268,high_coverage,provisional
22810646,Granloholm mellersta,Sundsvall,Västernorrland,2026,2025,8.31615195532441,10.873983739837398,409,107,55,984,94.963879,1141.920921,high_coverage,provisional
22810647,Granloholm V,Sundsvall,Västernorrland,2026,2025,6.1829789975708636,7.360157016683022,420,75,66,1019,159.188611,2574.626423,high_coverage,provisional
22810701,Stöde N,Sundsvall,Västernorrland,2026,2025,2.674328263565156,6.61231884057971,336,73,44,1104,42.257117,1580.102098,high_coverage,provisional
22810702,Stöde S,Sundsvall,Västernorrland,2026,2025,2.859216535073944,3.9682539682539684,247,30,24,756,35.766558,1250.921627,high_coverage,provisional
22810802,Vattjom-Ängom,Sundsvall,Västernorrland,2026,2025,1.616087258536028,4.989816700610998,311,49,39,982,25.482764,1576.81857,high_coverage,provisional
22810803,Tuna V,Sundsvall,Västernorrland,2026,2025,1.7991614185896712,5.064456721915286,352,55,45,1086,32.450181,1803.628105,high_coverage,provisional
22810804,Allsta,Sundsvall,Västernorrland,2026,2025,2.2264122969949707,2.9966703662597114,237,27,78,901,30.615498,1375.104604,high_coverage,provisional
22810805,Matfors,Sundsvall,Västernorrland,2026,2025,2.018481320840262,5.93368237347295,426,68,35,1146,26.808538,1328.153881,high_coverage,provisional
22810901,Attmar,Sundsvall,Västernorrland,2026,2025,1.5230588081866219,4.3881856540084385,287,52,38,1185,26.784564,1758.603401,high_coverage,provisional
22811002,Njurunda S,Sundsvall,Västernorrland,2026,2025,1.1692188640897123,3.341103341103341,353,43,45,1287,20.404552,1745.143927,high_coverage,provisional
22811003,Nolby,Sundsvall,Västernorrland,2026,2025,3.572262977176906,5.258620689655173,403,61,58,1160,74.571271,2087.507876,high_coverage,provisional
22811004,Skottsund,Sundsvall,Västernorrland,2026,2025,1.8066726065240566,3.553719008264463,382,43,60,1210,44.198052,2446.378599,high_coverage,provisional
22811006,Svartvik,Sundsvall,Västernorrland,2026,2025,11.733161597485804,6.118143459915612,302,58,52,948,189.80188,1617.653336,high_coverage,provisional
22811007,Njurundabommen,Sundsvall,Västernorrland,2026,2025,2.185399937310747,4.572564612326044,287,46,31,1006,28.553258,1306.546116,high_coverage,provisional
22811008,Kvissleby,Sundsvall,Västernorrland,2026,2025,5.16110645172023,7.281553398058253,383,75,30,1030,85.063052,1648.155348,high_coverage,provisional
22811009,Bredsand,Sundsvall,Västernorrland,2026,2025,19.21434675936973,11.978021978021978,423,109,19,910,215.031633,1119.120185,high_coverage,provisional
22811010,Essvik,Sundsvall,Västernorrland,2026,2025,2.017693502902039,3.9556962025316458,370,50,79,1264,31.678865,1570.053378,high_coverage,provisional
22811103,Indal,Sundsvall,Västernorrland,2026,2025,1.995071999008697,3.629417382999045,242,38,36,1047,33.750725,1691.704611,high_coverage,provisional
22811301,Liden-Holm,Sundsvall,Västernorrland,2026,2025,1.372712687607719,3.3500837520938025,166,20,14,597,14.992114,1092.152359,high_coverage,provisional
22820101,Björsta,Kramfors,Västernorrland,2026,2025,10.42524316102162,9.189842805320435,324,76,28,827,159.077648,1525.88909,high_coverage,provisional
22820102,Gumås,Kramfors,Västernorrland,2026,2025,5.924178161715744,5.964585274930102,451,64,36,1073,98.431681,1661.524659,high_coverage,provisional
22820103,Centrum,Kramfors,Västernorrland,2026,2025,11.97939749816854,10.833333333333334,415,104,28,960,153.524549,1281.57154,high_coverage,provisional
22820105,Frånö-Lunde,Kramfors,Västernorrland,2026,2025,6.360835957713681,6.843575418994414,246,49,33,716,75.320688,1184.131905,high_coverage,provisional
22820109,Östby,Kramfors,Västernorrland,2026,2025,14.166441753010497,12.774725274725276,271,93,21,728,238.94,1686.662072,high_coverage,provisional
22820211,Nora-Skog,Kramfors,Västernorrland,2026,2025,3.130990334411893,6.74373795761079,309,70,74,1038,48.999991,1564.999753,high_coverage,provisional
22820415,Nordingrå,Kramfors,Västernorrland,2026,2025,2.8044873860997908,5.24515393386545,281,46,94,877,35.000006,1248.000122,high_coverage,provisional
22820517,Docksta,Kramfors,Västernorrland,2026,2025,2.6212319687238588,3.364485981308411,132,18,32,535,20.0,763.000003,high_coverage,provisional
22820618,Ullånger,Kramfors,Västernorrland,2026,2025,4.456327936013159,4.685212298682284,210,32,19,683,49.999992,1121.999833,high_coverage,provisional
22820719,Bjärtrå,Kramfors,Västernorrland,2026,2025,2.4428868045487384,8.303677342823251,282,70,29,843,34.209242,1400.361324,high_coverage,provisional
22821125,Bollsta,Kramfors,Västernorrland,2026,2025,4.0482919619187445,6.779661016949152,241,52,24,767,50.584526,1249.527615,high_coverage,provisional
22821128,Blästa,Kramfors,Västernorrland,2026,2025,4.627790334507769,8.299319727891156,230,61,13,735,59.14156,1277.965416,high_coverage,provisional
22821129,Nyland,Kramfors,Västernorrland,2026,2025,2.5219230582228027,7.3908174692049275,274,66,30,893,35.770116,1418.366666,high_coverage,provisional
22830111,Skärvsta,Sollefteå,Västernorrland,2026,2025,9.959867888309093,5.594405594405594,213,40,25,715,127.461608,1279.751995,high_coverage,provisional
22830112,Trästa,Sollefteå,Västernorrland,2026,2025,10.364840902907405,8.32517140058766,343,85,35,1021,171.678818,1656.357484,high_coverage,provisional
22830113,Hullsta,Sollefteå,Västernorrland,2026,2025,14.347068450720101,10.722100656455142,308,98,28,914,205.67292,1433.553626,high_coverage,provisional
22830114,Önsta,Sollefteå,Västernorrland,2026,2025,13.959107275019875,9.334657398212512,330,94,47,1007,249.101663,1784.509984,high_coverage,provisional
22830115,Remsle,Sollefteå,Västernorrland,2026,2025,5.319764547783801,5.248359887535146,330,56,40,1067,90.723154,1705.397921,high_coverage,provisional
22830116,Prästbordet,Sollefteå,Västernorrland,2026,2025,3.06223276753445,5.821474773609315,239,45,32,773,36.361838,1187.428937,high_coverage,provisional
22830308,Graninge,Sollefteå,Västernorrland,2026,2025,2.241715265300423,4.310344827586207,89,10,8,232,7.206583,321.476287,high_coverage,provisional
22830406,Österforse,Sollefteå,Västernorrland,2026,2025,3.3300562253413037,4.3478260869565215,82,17,8,391,20.026727,601.393059,high_coverage,provisional
22830407,Långsele,Sollefteå,Västernorrland,2026,2025,8.420274421282798,7.227615965480044,304,67,14,927,137.766687,1636.130607,high_coverage,provisional
22830505,Ed,Sollefteå,Västernorrland,2026,2025,1.6313213914999642,4.460093896713615,131,19,11,426,11.051736,677.471408,high_coverage,provisional
22830604,Resele,Sollefteå,Västernorrland,2026,2025,1.631321412540684,8.13953488372093,61,28,17,344,8.948264,548.528569,high_coverage,provisional
22830709,Helgum,Sollefteå,Västernorrland,2026,2025,1.4466548550324483,2.9345372460496613,92,13,11,443,10.064026,695.67568,high_coverage,provisional
22830803,Ådalsliden,Sollefteå,Västernorrland,2026,2025,2.3607175779170606,13.043478260869565,170,84,55,644,25.0,1059.000036,high_coverage,provisional
22830901,Junsele,Sollefteå,Västernorrland,2026,2025,3.6878216060243196,7.3342736248236955,194,52,20,709,43.0,1166.000002,high_coverage,provisional
22831121,Boteå,Sollefteå,Västernorrland,2026,2025,2.303522889814282,6.621004566210046,132,29,30,438,17.000001,738.00009,high_coverage,provisional
22831424,Edsele,Sollefteå,Västernorrland,2026,2025,1.4466546076859366,4.310344827586207,80,10,7,232,5.935976,410.324342,high_coverage,provisional
22831525,Ramsele,Sollefteå,Västernorrland,2026,2025,1.624695385456007,12.010796221322536,238,89,16,741,20.0,1230.999988,high_coverage,provisional
22840101,Centrum,Örnsköldsvik,Västernorrland,2026,2025,4.745728210477112,3.4411562284927735,499,50,52,1453,84.686685,1784.482407,high_coverage,provisional
22840102,Östra,Örnsköldsvik,Västernorrland,2026,2025,16.66889052911489,11.414141414141413,396,113,39,990,287.292556,1723.525363,high_coverage,provisional
22840103,Övre,Örnsköldsvik,Västernorrland,2026,2025,11.977704409521149,6.795016987542469,335,60,49,883,145.408865,1213.996105,high_coverage,provisional
22840105,Sjukhuset,Örnsköldsvik,Västernorrland,2026,2025,7.876948039760652,8.625,297,69,30,800,97.010793,1231.57843,high_coverage,provisional
22840106,Åsdalen,Örnsköldsvik,Västernorrland,2026,2025,7.290381321033661,5.175983436853002,365,50,29,966,103.43614,1418.802878,high_coverage,provisional
22840107,Skyttis,Örnsköldsvik,Västernorrland,2026,2025,16.62379954509985,8.673894912427022,543,104,39,1199,298.918985,1798.138772,high_coverage,provisional
22840108,Valhalla,Örnsköldsvik,Västernorrland,2026,2025,25.676870633762544,12.139303482587065,445,122,44,1005,473.752121,1845.05397,high_coverage,provisional
22840201,Arnäsvall,Örnsköldsvik,Västernorrland,2026,2025,1.9283327130405388,2.3058252427184467,216,19,59,824,28.594867,1482.880356,high_coverage,provisional
22840202,Bonäset,Örnsköldsvik,Västernorrland,2026,2025,1.7998283031032236,3.362690152121697,414,42,57,1249,32.926761,1829.439005,high_coverage,provisional
22840205,Gimåt-Högland,Örnsköldsvik,Västernorrland,2026,2025,2.639754707476922,1.8967334035827186,362,18,52,949,38.03682,1440.922518,high_coverage,provisional
22840206,Järved,Örnsköldsvik,Västernorrland,2026,2025,2.4416976853221417,3.7844036697247705,315,33,43,872,32.898586,1347.365245,high_coverage,provisional
22840207,Svartby-Brösta,Örnsköldsvik,Västernorrland,2026,2025,3.197131223063474,3.513909224011713,236,24,41,683,25.823087,807.695562,high_coverage,provisional
22840208,Idbyn-Ovansjö,Örnsköldsvik,Västernorrland,2026,2025,1.2110727833419173,1.5151515151515151,226,12,28,792,14.000001,1155.999969,high_coverage,provisional
22840401,Mellansel,Örnsköldsvik,Västernorrland,2026,2025,5.6308653571183935,6.756756756756757,248,40,19,592,53.999999,959.000004,high_coverage,provisional
22840402,Bredbyn-Sörflärke,Örnsköldsvik,Västernorrland,2026,2025,2.5909187762115096,2.119815668202765,404,23,19,1085,49.005102,1891.417919,high_coverage,provisional
22840403,Norrflärke-Solberg,Örnsköldsvik,Västernorrland,2026,2025,1.4835165413651756,4.093567251461988,98,14,6,342,9.257481,624.022769,high_coverage,provisional
22840501,Sidensjö-Skorped,Örnsköldsvik,Västernorrland,2026,2025,1.328480202963555,3.118712273641851,337,31,34,994,22.214837,1672.199326,high_coverage,provisional
22840701,Bjästa,Örnsköldsvik,Västernorrland,2026,2025,5.9421939069446,4.585537918871252,480,52,32,1134,96.163605,1618.318192,high_coverage,provisional
22840702,Nätra-Landsbygd,Örnsköldsvik,Västernorrland,2026,2025,3.0050940104275368,3.700588730025231,405,44,50,1189,57.861545,1925.448748,high_coverage,provisional
22840704,Köpmanholmen,Örnsköldsvik,Västernorrland,2026,2025,1.947558759680718,5.308880308880309,396,55,43,1036,31.357459,1610.090522,high_coverage,provisional
22840801,Billsta,Örnsköldsvik,Västernorrland,2026,2025,1.2968265662099348,3.6885245901639343,159,18,16,488,9.355831,721.440418,high_coverage,provisional
22840802,Domsjö Södra,Örnsköldsvik,Västernorrland,2026,2025,5.975551381423792,4.780361757105943,316,37,27,774,78.366391,1311.450375,high_coverage,provisional
22840803,Domsjö Västra,Örnsköldsvik,Västernorrland,2026,2025,2.8525688196520482,3.5714285714285716,458,45,44,1260,52.440829,1838.372089,high_coverage,provisional
22840804,Gene,Örnsköldsvik,Västernorrland,2026,2025,11.401768083401398,7.533539731682146,391,73,34,969,197.745646,1734.341942,high_coverage,provisional
22840806,Haffsta,Örnsköldsvik,Västernorrland,2026,2025,3.119535673083745,2.26537216828479,208,14,16,618,28.096977,900.678176,high_coverage,provisional
22840807,Hörnett,Örnsköldsvik,Västernorrland,2026,2025,3.5188280652512436,4.717710750193349,488,61,43,1293,57.991291,1648.028546,high_coverage,provisional
22840809,Kroksta,Örnsköldsvik,Västernorrland,2026,2025,3.8979097519964814,3.9,377,39,39,1000,59.126015,1516.864647,high_coverage,provisional
22840812,Norrlungånger,Örnsköldsvik,Västernorrland,2026,2025,15.918597990533588,11.067193675889328,315,84,31,759,197.71451,1242.034695,high_coverage,provisional
22840813,Prästbordet,Örnsköldsvik,Västernorrland,2026,2025,4.010356229498711,4.058721934369602,338,47,47,1158,78.99398,1969.749705,high_coverage,provisional
22840814,Sund,Örnsköldsvik,Västernorrland,2026,2025,5.170606937479377,5.234534330387492,588,77,39,1471,119.787273,2316.696559,high_coverage,provisional
22840815,Gullänget,Örnsköldsvik,Västernorrland,2026,2025,6.264142628558105,6.304728546409807,430,72,50,1142,116.746634,1863.72886,high_coverage,provisional
22840818,Översjäla,Örnsköldsvik,Västernorrland,2026,2025,3.4992610097334165,3.1478770131771596,519,43,68,1366,71.483102,2042.805661,high_coverage,provisional
22840901,Mo,Örnsköldsvik,Västernorrland,2026,2025,1.112979419746691,2.6128266033254155,261,22,18,842,13.505229,1213.430254,high_coverage,provisional
22841001,Grundsunda Södra,Örnsköldsvik,Västernorrland,2026,2025,1.8250949814857,1.9867549668874172,146,9,12,453,10.875656,595.895343,high_coverage,provisional
22841002,Grundsunda Norra,Örnsköldsvik,Västernorrland,2026,2025,4.957074182803498,3.64321608040201,275,29,19,796,65.671437,1324.802385,high_coverage,provisional
22841003,Husum,Örnsköldsvik,Västernorrland,2026,2025,8.202503935286364,7.366482504604051,212,40,11,543,72.452906,883.302301,high_coverage,provisional
22841101,Gideå,Örnsköldsvik,Västernorrland,2026,2025,2.1718602003065577,3.323262839879154,211,22,12,662,22.999999,1058.999976,high_coverage,provisional
22841201,Björna Södra,Örnsköldsvik,Västernorrland,2026,2025,1.9707206897349545,3.605769230769231,133,15,9,416,13.178552,668.717392,high_coverage,provisional
22841202,Björna Norra-Trehörningsjö,Örnsköldsvik,Västernorrland,2026,2025,1.9707207394338484,3.9087947882736156,160,24,19,614,21.821448,1107.282608,high_coverage,provisional
23030101,Döviken,Ragunda,Jämtland,2026,2025,1.1734029043614935,4.511278195488722,124,18,12,399,9.040782,770.475509,high_coverage,provisional
23030103,Hammaren,Ragunda,Jämtland,2026,2025,6.259442698079549,5.237154150197629,369,53,30,1012,116.959219,1868.524478,high_coverage,provisional
23030205,Fors,Ragunda,Jämtland,2026,2025,4.638715262513318,6.357388316151202,154,37,17,582,51.999998,1120.999998,high_coverage,provisional
23030409,Stugubyn,Ragunda,Jämtland,2026,2025,1.7291066319793373,5.630354957160343,314,46,22,817,24.0,1387.999997,high_coverage,provisional
23050101,Bräcke-Bodsjö,Bräcke,Jämtland,2026,2025,9.53191503550928,5.731394354148845,418,67,34,1169,224.000002,2349.999986,high_coverage,provisional
23050404,Kälarne,Bräcke,Jämtland,2026,2025,1.596638694018789,4.886561954624782,199,28,13,573,18.999998,1189.999846,high_coverage,provisional
23050612,Gällö-Sundsjö-Pilgrimstad,Bräcke,Jämtland,2026,2025,4.5981771190940215,5.5366269165247015,376,65,48,1174,110.999998,2414.000051,high_coverage,provisional
23090101,Krokom,Krokom,Jämtland,2026,2025,10.834535627904282,6.096528365791702,455,72,33,1181,220.694771,2036.956438,high_coverage,provisional
23090102,Rödöbygden,Krokom,Jämtland,2026,2025,1.3139366984356335,4.222648752399232,117,22,61,521,9.672241,736.126863,high_coverage,provisional
23090103,Dvärsätt,Krokom,Jämtland,2026,2025,1.6722999786995274,3.665521191294387,254,32,54,873,23.942251,1431.695946,high_coverage,provisional
23090206,Nälden,Krokom,Jämtland,2026,2025,4.681532926546628,5.598455598455598,285,58,51,1036,84.033884,1795.00786,high_coverage,provisional
23090305,Aspås,Krokom,Jämtland,2026,2025,0.2752293557781332,4.069767441860465,160,28,25,688,3.0,1090.000008,high_coverage,provisional
23090408,Ås Södra,Krokom,Jämtland,2026,2025,2.488450323670633,4.600219058050383,264,42,70,913,39.755363,1597.595203,high_coverage,provisional
23090409,Ås Norra,Krokom,Jämtland,2026,2025,2.0553039431675977,4.746209624258404,441,72,195,1517,46.935652,2283.635574,high_coverage,provisional
23090611,Föllingebygden,Krokom,Jämtland,2026,2025,2.0969855948412395,4.30939226519337,247,39,29,905,31.937877,1523.037501,high_coverage,provisional
23090815,Offerdalsbygden,Krokom,Jämtland,2026,2025,2.761627893596764,4.003021148036254,330,53,95,1324,57.0,2064.00001,high_coverage,provisional
23091017,Alsenbygden,Krokom,Jämtland,2026,2025,1.7815301923586797,5.844980940279543,197,46,48,787,21.965942,1232.981742,high_coverage,provisional
23130101,Östra Bredgård,Strömsund,Jämtland,2026,2025,2.2766958755519173,6.402048655569782,250,50,11,781,29.356626,1289.439943,high_coverage,provisional
23130102,Strömsund,Strömsund,Jämtland,2026,2025,17.07143128288122,9.793253536452665,338,90,16,919,231.591067,1356.600177,high_coverage,provisional
23130103,Västra Bredgård,Strömsund,Jämtland,2026,2025,5.459510903733054,5.287206266318538,540,81,29,1532,142.760167,2614.88931,high_coverage,provisional
23130418,Hammerdal,Strömsund,Jämtland,2026,2025,3.677891841621264,6.872370266479663,381,98,58,1426,85.092484,2313.621163,high_coverage,provisional
23130528,Gäddede,Strömsund,Jämtland,2026,2025,2.678655204005365,2.528735632183908,144,11,19,435,20.062118,748.962314,high_coverage,provisional
23130632,Backe-Rossön,Strömsund,Jämtland,2026,2025,2.4685138195120424,5.5858310626703,231,41,19,734,30.77118,1246.546799,high_coverage,provisional
23130835,Hoting-Kyrktåsjö-Norråker,Strömsund,Jämtland,2026,2025,1.8272443831070115,4.562737642585551,254,36,6,789,24.428479,1336.902673,high_coverage,provisional
23210101,Duved Tegefors,Åre,Jämtland,2026,2025,4.593615033878417,7.253886010362694,190,56,105,772,44.927451,978.041274,high_coverage,provisional
23210102,Duved Västra,Åre,Jämtland,2026,2025,4.302541728945412,4.992867332382311,160,35,91,701,72.130914,1676.472154,high_coverage,provisional
23210106,Åre Östra,Åre,Jämtland,2026,2025,2.7825540166998097,4.797047970479705,203,39,116,813,41.105609,1477.261852,high_coverage,provisional
23210107,Åre Västra,Åre,Jämtland,2026,2025,3.1589594727093853,6.343283582089552,164,51,108,804,43.709452,1383.666121,high_coverage,provisional
23210207,Mattmar,Åre,Jämtland,2026,2025,9.056669960248696,7.506702412868632,80,28,22,373,51.070537,563.899725,high_coverage,provisional
23210308,Mörsil,Åre,Jämtland,2026,2025,9.228093999732485,6.729264475743349,207,43,36,639,102.755233,1113.504403,high_coverage,provisional
23210410,Kall,Åre,Jämtland,2026,2025,3.2880629553034946,4.177545691906006,107,16,29,383,14.614675,444.476739,high_coverage,provisional
23210513,Järpen,Åre,Jämtland,2026,2025,15.027531518932387,4.747774480712166,378,48,87,1011,291.1744,1937.606317,high_coverage,provisional
23210514,Undersåker,Åre,Jämtland,2026,2025,3.5931101385793167,5.469387755102041,328,67,220,1225,72.5119,2018.081751,high_coverage,provisional
23210616,Hallen-Marby,Åre,Jämtland,2026,2025,1.286449658859199,2.423469387755102,191,19,26,784,15.000004,1166.000076,high_coverage,provisional
23260102,Svenstavik-Vigge-Gillhov,Berg,Jämtland,2026,2025,10.266602509949088,7.751937984496124,359,90,45,1161,213.569273,2080.233191,high_coverage,provisional
23260207,Hackås,Berg,Jämtland,2026,2025,1.948409942578744,4.492753623188406,171,31,29,690,22.049261,1131.6541,high_coverage,provisional
23260308,Oviksbygden,Berg,Jämtland,2026,2025,1.4092446586094305,4.0594059405940595,271,41,70,1010,24.978068,1772.443688,high_coverage,provisional
23260614,Storsjö-Åsarna,Berg,Jämtland,2026,2025,1.853677881682298,0.9554140127388535,180,6,28,628,18.374467,991.243796,high_coverage,provisional
23260817,Klövsjö-Rätan,Berg,Jämtland,2026,2025,2.805418506545347,2.8919330289193304,168,19,26,657,31.000667,1105.028249,high_coverage,provisional
23610101,Sveg-Glöte,Härjedalen,Jämtland,2026,2025,7.589829860601608,5.7542768273716955,383,74,46,1286,171.093758,2254.250242,high_coverage,provisional
23610102,Sveg-Ytterhogdal,Härjedalen,Jämtland,2026,2025,5.560257994569245,5.031948881789138,483,63,22,1252,112.193463,2017.774411,high_coverage,provisional
23610119,Lillhärdal-Ängersjö,Härjedalen,Jämtland,2026,2025,3.7515743054224955,3.2869785082174463,228,26,19,791,47.724964,1272.131647,high_coverage,provisional
23610509,Hede-Vemdalen,Härjedalen,Jämtland,2026,2025,4.553478192062759,3.5014005602240896,404,50,46,1428,100.986638,2217.791186,high_coverage,provisional
23610712,Funäsdalen,Härjedalen,Jämtland,2026,2025,2.2524436946513653,3.888888888888889,305,56,154,1440,53.0,2352.999994,high_coverage,provisional
23800101,Sjukhusområdet,Östersund,Jämtland,2026,2025,7.163327913430531,10.12396694214876,331,98,90,968,68.066625,950.209537,high_coverage,provisional
23800102,Östersund övre centrum,Östersund,Jämtland,2026,2025,13.582072106804562,8.008898776418242,252,72,75,899,182.000802,1340.007626,high_coverage,provisional
23800103,Östersund nedre centrum,Östersund,Jämtland,2026,2025,13.289398041859618,11.2609040444092,411,142,82,1261,241.998348,1820.988033,high_coverage,provisional
23800104,Universitetet,Östersund,Jämtland,2026,2025,17.302014441694613,13.550135501355014,351,150,88,1107,294.998995,1704.99797,high_coverage,provisional
23800105,Norra Odenslund,Östersund,Jämtland,2026,2025,11.790386721406211,10.652591170825335,313,111,73,1042,188.999968,1603.000584,high_coverage,provisional
23800106,Söder,Östersund,Jämtland,2026,2025,7.686790061327367,7.708119218910586,346,75,75,973,107.000171,1392.000694,high_coverage,provisional
23800107,Erikslund-Övre Blomängen,Östersund,Jämtland,2026,2025,4.854173815298173,4.902867715078631,386,53,75,1081,79.42097,1636.137745,high_coverage,provisional
23800108,Karlslund,Östersund,Jämtland,2026,2025,4.819312722314679,6.092436974789916,302,58,100,952,64.000401,1327.998507,high_coverage,provisional
23800109,Eriksberg-Solliden-Fyrvalla,Östersund,Jämtland,2026,2025,4.352615385636998,6.633499170812604,353,80,151,1206,80.386406,1846.852958,high_coverage,provisional
23800110,Brittsbo-Lugnviksstrand,Östersund,Jämtland,2026,2025,3.0262949587171497,3.5751840168243953,336,34,67,951,47.97513,1585.276077,high_coverage,provisional
23800111,Körfältet,Östersund,Jämtland,2026,2025,21.508168985186742,13.53811149032992,373,119,32,879,327.996907,1524.987586,high_coverage,provisional
23800112,Nedre Blomängen,Östersund,Jämtland,2026,2025,9.277430246016165,6.826347305389222,288,57,50,835,30.536507,329.148333,high_coverage,provisional
23800113,Södra Odenslund,Östersund,Jämtland,2026,2025,4.828572893738668,6.605691056910569,354,65,73,984,68.999987,1428.99338,high_coverage,provisional
23800114,Storsjöstrand-Odensvik-Fagervallen,Östersund,Jämtland,2026,2025,6.81180400947913,6.165839829907867,469,87,101,1411,148.267913,2176.632105,high_coverage,provisional
23800115,Marielund-Odenskog,Östersund,Jämtland,2026,2025,9.277483502099455,10.416666666666666,298,75,29,720,186.464737,2009.86331,high_coverage,provisional
23800116,Odensala Tavelbäcken,Östersund,Jämtland,2026,2025,5.9962447218743105,5.073086844368014,453,59,66,1163,107.220723,1788.131205,high_coverage,provisional
23800118,Odensala Övre,Östersund,Jämtland,2026,2025,2.7956122727238815,4.594594594594595,452,51,84,1110,46.256963,1654.627269,high_coverage,provisional
23800119,Odensala Nedre,Östersund,Jämtland,2026,2025,2.1273621282991773,3.7588652482269502,517,53,86,1410,46.165227,2170.069044,high_coverage,provisional
23800120,Lugnviks Centrum,Östersund,Jämtland,2026,2025,8.35944237555056,7.1761416589002796,443,77,37,1073,132.934791,1590.23515,high_coverage,provisional
23800121,Norr,Östersund,Jämtland,2026,2025,7.158078784486144,4.859611231101512,277,45,75,926,131.960476,1843.518072,high_coverage,provisional
23800225,Hornsberg Nedre,Östersund,Jämtland,2026,2025,5.82569205927659,7.850707850707851,250,61,64,777,37.66992,646.617082,high_coverage,provisional
23800226,Hornsberg Övre,Östersund,Jämtland,2026,2025,5.810701110822661,7.91268758526603,239,58,91,733,90.371952,1555.267605,high_coverage,provisional
23800227,Östberg,Östersund,Jämtland,2026,2025,6.367921895164891,5.8628318584070795,261,53,89,904,78.58019,1234.000531,high_coverage,provisional
23800228,Frösödal,Östersund,Jämtland,2026,2025,3.631660970175673,5.794205794205794,332,58,140,1001,26.409981,727.214936,high_coverage,provisional
23800229,Norra Frösön-Lövsta,Östersund,Jämtland,2026,2025,4.919290264186293,6.966145833333333,442,107,191,1536,158.290589,3217.752572,high_coverage,provisional
23800230,Västra Frösön,Östersund,Jämtland,2026,2025,2.261525863866405,3.151862464183381,317,33,122,1047,34.609314,1530.352341,high_coverage,provisional
23800232,Södra Valla-Mjälle,Östersund,Jämtland,2026,2025,7.60320818554365,5.560032232070911,430,69,157,1241,150.999684,1985.999598,high_coverage,provisional
23800538,Fåker-Tandsbyn med landsbygd,Östersund,Jämtland,2026,2025,1.636808750773849,4.746580852775543,373,59,83,1243,31.225981,1907.735463,high_coverage,provisional
23800639,Marieby med landsbygd,Östersund,Jämtland,2026,2025,1.8132271205077124,3.8427947598253276,285,44,91,1145,29.104961,1605.147015,high_coverage,provisional
23800640,Orrviken med landsbygd,Östersund,Jämtland,2026,2025,1.5235152681379616,4.641350210970464,238,44,84,948,21.813542,1431.79018,high_coverage,provisional
23800740,Brunflo Södergård,Östersund,Jämtland,2026,2025,4.961176309930445,3.7837837837837838,357,35,26,925,73.18872,1475.229168,high_coverage,provisional
23800741,Brunflo Storviken,Östersund,Jämtland,2026,2025,2.857675151721482,5.51924473493101,475,76,60,1377,63.803016,2232.689603,high_coverage,provisional
23800743,Brunflo Änge,Östersund,Jämtland,2026,2025,4.451798925951334,3.6995515695067263,324,33,40,892,61.306659,1377.121025,high_coverage,provisional
23800749,Torvalla Fjällmon,Östersund,Jämtland,2026,2025,7.625564657968225,9.187858900738311,518,112,70,1219,121.147516,1588.702233,high_coverage,provisional
23800751,Torvalla Centrum,Östersund,Jämtland,2026,2025,26.859420128120703,16.46039603960396,365,133,22,808,444.762727,1655.891024,high_coverage,provisional
23800752,Torvalla Skogsmon,Östersund,Jämtland,2026,2025,15.732633869704737,10.601719197707736,254,74,33,698,195.122095,1240.237945,high_coverage,provisional
23800753,Torvalla Ängsmon,Östersund,Jämtland,2026,2025,9.303129509522275,11.21951219512195,264,92,36,820,138.167269,1485.16979,high_coverage,provisional
23800754,Torvalla By-Ope,Östersund,Jämtland,2026,2025,8.613625291562592,4.317269076305221,337,43,69,996,179.710596,2086.352609,high_coverage,provisional
23800945,Centrala Lit,Östersund,Jämtland,2026,2025,4.653638758600737,5.105438401775805,325,46,41,901,58.576997,1258.735369,high_coverage,provisional
23800946,Lit med landsbygd,Östersund,Jämtland,2026,2025,1.8519219510762381,4.328621908127208,291,49,39,1132,34.514896,1863.733835,high_coverage,provisional
23801047,Häggenås med landsbygd,Östersund,Jämtland,2026,2025,1.8502202481709347,4.755434782608695,216,35,25,736,21.000002,1135.000118,high_coverage,provisional
24010206,Gräsmyr,Nordmaling,Västerbotten,2026,2025,1.118568307404073,7.205623901581722,121,41,28,569,10.077608,900.938095,high_coverage,provisional
24010208,Håknäs,Nordmaling,Västerbotten,2026,2025,1.9518542364359641,4.0,125,15,21,375,10.417192,533.707477,high_coverage,provisional
24010212,Levar,Nordmaling,Västerbotten,2026,2025,2.968037228401177,6.657018813314037,233,46,24,691,30.946986,1042.675129,high_coverage,provisional
24010214,Lögdeå-Rundvik,Nordmaling,Västerbotten,2026,2025,2.973049729511238,3.8560411311053984,392,45,46,1167,55.944371,1881.716624,high_coverage,provisional
24010216,Norrfors,Nordmaling,Västerbotten,2026,2025,1.1200622653021204,6.302521008403361,64,15,8,238,4.934618,440.5664,high_coverage,provisional
24010224,Vallen,Nordmaling,Västerbotten,2026,2025,11.632601097046994,6.858594411515664,463,81,37,1181,243.691451,2094.900779,high_coverage,provisional
24030104,Bjurholm,Bjurholm,Västerbotten,2026,2025,7.008733339432478,2.784048156508653,391,37,37,1329,162.987774,2325.495437,high_coverage,provisional
24040103,Vindelns västra,Vindeln,Västerbotten,2026,2025,8.520349779789075,6.582506762849414,427,73,57,1109,139.822605,1641.043016,high_coverage,provisional
24040104,Vindelns östra,Vindeln,Västerbotten,2026,2025,6.57959502634858,5.333333333333333,207,40,35,750,97.880661,1487.639598,high_coverage,provisional
24040107,Hällnäs,Vindeln,Västerbotten,2026,2025,2.072538828771807,5.637254901960785,144,23,13,408,20.221425,975.683771,high_coverage,provisional
24040120,Tvärålund,Vindeln,Västerbotten,2026,2025,1.2957317389202863,5.007587253414264,146,33,23,659,17.0,1311.999968,high_coverage,provisional
24090101,Bygdeå,Robertsfors,Västerbotten,2026,2025,2.432638727028492,7.035175879396985,419,84,91,1194,47.0052,1932.272124,high_coverage,provisional
24090112,Överklinten,Robertsfors,Västerbotten,2026,2025,1.9108283684256755,5.673758865248227,137,24,21,423,14.124623,739.188471,high_coverage,provisional
24090306,Robertsfors,Robertsfors,Västerbotten,2026,2025,8.662922062506182,7.851851851851852,597,106,48,1350,207.870169,2399.538718,high_coverage,provisional
24090406,Nysätra-Ånäset,Robertsfors,Västerbotten,2026,2025,2.4246390196405962,4.761904761904762,242,41,49,861,37.000008,1526.000683,high_coverage,provisional
24170204,Norsjö Norra,Norsjö,Västerbotten,2026,2025,5.195527807304963,6.614017769002961,401,67,26,1013,96.883831,1864.754354,high_coverage,provisional
24170207,Norsjö Södra,Norsjö,Västerbotten,2026,2025,5.257634107159274,4.737384140061792,364,46,18,971,102.116172,1942.245693,high_coverage,provisional
24180102,Malå 1,Malå,Västerbotten,2026,2025,4.200957859920486,7.163323782234957,248,50,28,698,62.383304,1484.978095,high_coverage,provisional
24180103,Malå 2,Malå,Västerbotten,2026,2025,8.794267333854275,8.309037900874635,280,57,22,686,124.616696,1417.021922,high_coverage,provisional
24210122,Storuman Östra,Storuman,Västerbotten,2026,2025,3.2957583513603135,5.550049554013875,348,56,36,1009,69.043491,2094.919701,high_coverage,provisional
24210124,Storuman Luspen,Storuman,Västerbotten,2026,2025,6.808084958021171,6.114769520225776,354,65,46,1063,126.972402,1865.023759,high_coverage,provisional
24210314,Storuman Västra,Storuman,Västerbotten,2026,2025,4.979904902657087,6.619859578736208,246,66,108,997,78.984106,1586.056512,high_coverage,provisional
24220100,Sorsele,Sorsele,Västerbotten,2026,2025,3.7225043043423516,4.766031195840554,341,55,87,1154,87.999999,2363.999926,high_coverage,provisional
24250104,Dorotea,Dorotea,Västerbotten,2026,2025,4.330357129324777,5.570776255707763,399,61,23,1095,97.0,2240.000007,high_coverage,provisional
24601001,Västra byarna-Älvdala,Vännäs,Västerbotten,2026,2025,5.1230068922400145,7.986111111111111,358,92,71,1152,127.185062,2482.625237,high_coverage,provisional
24601002,Lägret-Nyby,Vännäs,Västerbotten,2026,2025,8.498826128580584,8.675373134328359,388,93,49,1072,146.452443,1723.207897,high_coverage,provisional
24601003,Myran-Centrum,Vännäs,Västerbotten,2026,2025,10.610250582930759,11.939034716342084,407,141,42,1181,189.980628,1790.53856,high_coverage,provisional
24601004,Vännäsby,Vännäs,Västerbotten,2026,2025,2.1913461611762295,7.721280602636535,381,82,52,1062,32.502486,1483.220067,high_coverage,provisional
24601005,Östra byarna,Vännäs,Västerbotten,2026,2025,1.5382585427093398,7.062146892655368,263,75,85,1062,26.877011,1747.236258,high_coverage,provisional
24620101,Baksjönäs,Vilhelmina,Västerbotten,2026,2025,5.157077639957235,7.040572792362768,287,59,22,838,83.311771,1615.484133,high_coverage,provisional
24620105,Dikanäs,Vilhelmina,Västerbotten,2026,2025,0.941915296808166,8.641975308641975,66,21,38,243,3.441329,365.354402,high_coverage,provisional
24620110,Latikberg,Vilhelmina,Västerbotten,2026,2025,1.2104282982400985,4.895104895104895,63,14,14,286,5.351605,442.124908,high_coverage,provisional
24620113,Lövliden,Vilhelmina,Västerbotten,2026,2025,13.214109278368555,9.75177304964539,197,55,28,564,122.841698,929.625262,high_coverage,provisional
24620116,Nästansjö,Vilhelmina,Västerbotten,2026,2025,0.9419151768790681,6.694560669456067,60,16,8,239,3.875111,411.40764,high_coverage,provisional
24620118,Vilhelmina-Saxnäs,Vilhelmina,Västerbotten,2026,2025,0.9419151305357911,4.942965779467681,84,13,43,263,3.898712,413.9133,high_coverage,provisional
24620120,Skansholm,Vilhelmina,Västerbotten,2026,2025,0.9419152000836225,5.333333333333333,122,24,18,450,6.710047,712.383344,high_coverage,provisional
24620126,Vilhelmina,Vilhelmina,Västerbotten,2026,2025,5.185741442267212,6.736353077816492,314,58,25,861,66.569726,1283.707002,high_coverage,provisional
24630121,Åsele C,Åsele,Västerbotten,2026,2025,5.188679222283398,5.593451568894952,273,41,17,733,60.656192,1169.010251,high_coverage,provisional
24630123,Åsele omland,Åsele,Västerbotten,2026,2025,3.188927065400659,5.5,164,33,16,600,48.343807,1515.989736,high_coverage,provisional
24800101,Berghem Norra,Umeå,Västerbotten,2026,2025,9.426972338634336,16.173285198555956,442,224,223,1385,287.599158,3050.811519,high_coverage,provisional
24800102,Berghem Södra,Umeå,Västerbotten,2026,2025,7.707588676892527,16.8,302,147,153,875,93.527991,1213.453324,high_coverage,provisional
24800103,Sandabrånet,Umeå,Västerbotten,2026,2025,5.714528376360226,14.30517711171662,526,210,189,1468,62.740788,1097.917166,high_coverage,provisional
24800104,Sandbacka,Umeå,Västerbotten,2026,2025,5.766124069170273,12.064090480678605,411,128,138,1061,55.185583,957.06548,high_coverage,provisional
24800105,Haga Norra,Umeå,Västerbotten,2026,2025,4.7382370722847575,13.356461405030355,407,154,141,1153,64.141622,1353.702253,high_coverage,provisional
24800106,Haga Södra,Umeå,Västerbotten,2026,2025,6.763462723955,13.240418118466899,391,152,123,1148,82.09041,1213.733458,high_coverage,provisional
24800107,Centrum Västra,Umeå,Västerbotten,2026,2025,6.756378552322643,14.100719424460431,480,196,129,1390,120.692553,1786.349774,high_coverage,provisional
24800108,Ytterhiske,Umeå,Västerbotten,2026,2025,5.52801331383925,10.95890410958904,329,96,72,876,39.010657,705.690359,high_coverage,provisional
24800109,Centrum,Umeå,Västerbotten,2026,2025,9.322166535359461,12.39515377446412,354,133,96,1073,165.782759,1778.371566,high_coverage,provisional
24800110,Centrum Östra,Umeå,Västerbotten,2026,2025,5.349447488287456,17.535153019023987,339,212,170,1209,97.607779,1824.632903,high_coverage,provisional
24800111,Östermalm - Fridhem,Umeå,Västerbotten,2026,2025,6.952434234651189,12.857142857142858,322,117,127,910,117.427556,1689.013546,high_coverage,provisional
24800112,Västerslätt,Umeå,Västerbotten,2026,2025,5.989656954996233,9.565764631843926,638,152,101,1589,202.922174,3387.876393,high_coverage,provisional
24800114,Ersmark,Umeå,Västerbotten,2026,2025,7.662765270031274,4.12280701754386,409,47,93,1140,173.462445,2263.70558,high_coverage,provisional
24800115,Ersboda Östra,Umeå,Västerbotten,2026,2025,22.508699065890692,16.78832116788321,286,115,62,685,390.474132,1734.769881,high_coverage,provisional
24800116,Ersboda Västra,Umeå,Västerbotten,2026,2025,13.010545915900254,11.958041958041958,633,171,119,1430,281.357125,2162.531279,high_coverage,provisional
24800117,Ersboda Mellan,Umeå,Västerbotten,2026,2025,18.948487137768076,14.903846153846153,582,186,107,1248,366.539654,1934.400627,high_coverage,provisional
24800119,Dragonfältet,Umeå,Västerbotten,2026,2025,5.52510870642094,7.504520795660036,426,83,77,1106,91.558096,1657.127504,high_coverage,provisional
24800120,Öbackastrand,Umeå,Västerbotten,2026,2025,8.17414175876114,11.132075471698114,387,118,104,1060,121.190239,1482.605056,high_coverage,provisional
24800121,Ersboda Norra,Umeå,Västerbotten,2026,2025,27.358672372643568,17.642140468227424,507,211,142,1196,370.745746,1355.130618,high_coverage,provisional
24800122,Haga Östra,Umeå,Västerbotten,2026,2025,5.179448649233572,10.777881911902531,358,115,162,1067,96.664137,1866.301677,high_coverage,provisional
24800123,Brinkvägen,Umeå,Västerbotten,2026,2025,5.55249585137298,9.43796394485684,324,89,97,943,98.166185,1767.965031,high_coverage,provisional
24800124,Öbacka - Rosendal,Umeå,Västerbotten,2026,2025,7.596042570249176,19.21875,428,246,191,1280,96.993191,1276.891093,high_coverage,provisional
24800220,Grubbe Södra,Umeå,Västerbotten,2026,2025,3.6067449627028045,9.777478084962913,529,145,164,1483,86.11064,2387.489021,high_coverage,provisional
24800221,Grubbe Norra,Umeå,Västerbotten,2026,2025,4.102243179146183,8.543165467625899,392,95,119,1112,82.664242,2015.09853,high_coverage,provisional
24800222,Kronoparken,Umeå,Västerbotten,2026,2025,4.176911460830213,7.291666666666667,449,84,111,1152,71.299874,1706.999889,high_coverage,provisional
24800223,Backen,Umeå,Västerbotten,2026,2025,3.726481947228262,9.665871121718377,292,81,99,838,41.218386,1106.093806,high_coverage,provisional
24800224,Umedalen Östra,Umeå,Västerbotten,2026,2025,11.141626817390994,14.143426294820717,397,142,98,1004,182.078857,1634.221465,high_coverage,provisional
24800225,Brännland,Umeå,Västerbotten,2026,2025,2.4157864868860566,8.044554455445544,234,65,89,808,24.580936,1017.51277,high_coverage,provisional
24800226,Hissjö,Umeå,Västerbotten,2026,2025,2.8400912459582495,5.399325084364454,280,48,68,889,38.182938,1344.426453,high_coverage,provisional
24800227,Umedalen Västra,Umeå,Västerbotten,2026,2025,8.051520472822736,9.377138945927447,546,137,117,1461,210.452974,2613.828962,high_coverage,provisional
24800228,Sandåkern,Umeå,Västerbotten,2026,2025,3.58049922983103,7.497656982193065,407,80,71,1067,31.320426,874.750251,high_coverage,provisional
24800229,Brattby – Sörfors – Överboda,Umeå,Västerbotten,2026,2025,2.417363282323702,4.413472706155633,255,38,51,861,35.720757,1477.674343,high_coverage,provisional
24800330,Tavelsjö Södra,Umeå,Västerbotten,2026,2025,1.138525154379002,5.616605616605616,250,46,72,819,12.664655,1112.373754,high_coverage,provisional
24800331,Tavelsjö Norra,Umeå,Västerbotten,2026,2025,1.1407584731678695,4.369538077403246,205,35,58,801,15.935409,1396.91349,high_coverage,provisional
24800440,Östteg,Umeå,Västerbotten,2026,2025,3.922437995301828,3.4970857618651126,435,42,114,1201,79.405249,2024.385066,high_coverage,provisional
24800441,Västteg,Umeå,Västerbotten,2026,2025,5.340110649668117,9.738134206219312,411,119,83,1222,96.911779,1814.789718,high_coverage,provisional
24800442,Böleå,Umeå,Västerbotten,2026,2025,5.744920911659429,7.198748043818466,421,92,89,1278,95.534388,1662.936522,high_coverage,provisional
24800443,Böleäng Östra,Umeå,Västerbotten,2026,2025,5.412258110249281,7.303370786516854,390,78,82,1068,102.429669,1892.549596,high_coverage,provisional
24800444,Röbäck Östra - Klabböle,Umeå,Västerbotten,2026,2025,3.7385532130224997,5.621621621621622,296,52,68,925,73.455887,1964.821224,high_coverage,provisional
24800445,Stöcke,Umeå,Västerbotten,2026,2025,2.0773106534889574,6.938775510204081,302,68,86,980,34.85855,1678.061485,high_coverage,provisional
24800446,Böleäng Västra,Umeå,Västerbotten,2026,2025,6.970736434696069,8.134642356241235,594,116,71,1426,145.980673,2094.192979,high_coverage,provisional
24800447,Yttersjö,Umeå,Västerbotten,2026,2025,1.505040794245192,7.202216066481994,364,78,73,1083,25.619015,1702.213993,high_coverage,provisional
24800448,Södra Teg,Umeå,Västerbotten,2026,2025,5.7302635981088645,7.660283097418818,437,92,70,1201,94.86989,1655.59382,high_coverage,provisional
24800449,Röbäck Västra - Skravelsjö,Umeå,Västerbotten,2026,2025,3.3705964694640813,7.946336429308565,382,77,82,969,34.866911,1034.443349,high_coverage,provisional
24800450,Stöcksjö - Degernäs,Umeå,Västerbotten,2026,2025,2.1335549891608356,3.8257173219978746,278,36,59,941,30.659985,1437.037487,high_coverage,provisional
24800535,Ålidhem Östra,Umeå,Västerbotten,2026,2025,34.58931371744808,33.30449826989619,322,385,183,1156,856.957141,2477.51993,high_coverage,provisional
24800536,Innertavle,Umeå,Västerbotten,2026,2025,3.2512719618616672,5.121638924455826,284,40,58,781,48.020586,1476.978443,high_coverage,provisional
24800538,Tomtebo,Umeå,Västerbotten,2026,2025,12.447577024283339,17.658536585365855,395,181,171,1025,191.66833,1539.80433,high_coverage,provisional
24800549,Universitetsområdet,Umeå,Västerbotten,2026,2025,22.30983891444267,18.387909319899244,356,219,136,1191,435.523209,1952.157569,high_coverage,provisional
24800550,Sofiehem,Umeå,Västerbotten,2026,2025,9.28650929498182,15.13671875,341,155,173,1024,135.675237,1460.992852,high_coverage,provisional
24800551,Ålidhem Västra,Umeå,Västerbotten,2026,2025,29.455778649626083,23.710482529118135,326,285,197,1202,671.098738,2278.326253,high_coverage,provisional
24800552,Ålidhem Södra,Umeå,Västerbotten,2026,2025,26.697776845607486,29.590865842055184,347,311,166,1051,520.884504,1951.040744,high_coverage,provisional
24800553,Carlshem Västra,Umeå,Västerbotten,2026,2025,9.440629759995582,8.869701726844584,526,113,177,1274,279.187175,2957.293974,high_coverage,provisional
24800554,Carlshem Östra,Umeå,Västerbotten,2026,2025,19.073377576051975,20.087019579405368,483,277,199,1379,226.932,1189.784028,high_coverage,provisional
24800555,Universitetsområdet Östra,Umeå,Västerbotten,2026,2025,14.145672112324199,23.354373309287645,329,259,155,1109,246.110846,1739.831406,high_coverage,provisional
24800556,Tomtebo Södra,Umeå,Västerbotten,2026,2025,12.909452719680353,12.280701754385966,373,126,166,1026,260.609434,2018.748894,high_coverage,provisional
24800557,Tomtebo Norra,Umeå,Västerbotten,2026,2025,10.35186755398734,13.171449595290655,436,179,173,1359,201.326086,1944.82865,high_coverage,provisional
24800558,Ålidbacken,Umeå,Västerbotten,2026,2025,19.96731243118323,26.401446654611213,175,146,88,553,226.249347,1133.098647,high_coverage,provisional
24800559,Tavleliden – Tomtebo gård,Umeå,Västerbotten,2026,2025,7.784551372728799,11.141804788213628,384,121,116,1086,127.440762,1637.098349,high_coverage,provisional
24800660,Holmsund Östra,Umeå,Västerbotten,2026,2025,4.6600216487856745,8.395245170876672,491,113,116,1346,74.553895,1599.861559,high_coverage,provisional
24800661,Holmsund Västra,Umeå,Västerbotten,2026,2025,10.589138453598272,10.947002606429193,442,126,94,1151,214.301738,2023.788233,high_coverage,provisional
24800662,Holmsund Södra,Umeå,Västerbotten,2026,2025,3.073957825242515,5.339195979899498,645,85,109,1592,89.972631,2926.931211,high_coverage,provisional
24800663,Obbola Norra,Umeå,Västerbotten,2026,2025,2.352941203596733,9.218203033838973,392,79,34,857,22.450538,954.147854,high_coverage,provisional
24800664,Obbola Södra,Umeå,Västerbotten,2026,2025,2.373071571385502,6.570657065706571,416,73,76,1111,45.141493,1902.239003,high_coverage,provisional
24800770,Hörnefors Östra,Umeå,Västerbotten,2026,2025,1.4948430614771047,6.595995288574794,353,56,46,849,20.839239,1394.075374,high_coverage,provisional
24800771,Hörnefors Västra,Umeå,Västerbotten,2026,2025,2.320633887033066,8.494208494208495,494,110,81,1295,44.69848,1926.132349,high_coverage,provisional
24800772,Sörmjöle - Norrmjöle,Umeå,Västerbotten,2026,2025,2.1782705571594896,4.166666666666667,373,44,87,1056,32.371056,1486.089774,high_coverage,provisional
24800990,Bullmark,Umeå,Västerbotten,2026,2025,2.182787556425249,6.353240152477763,241,50,38,787,27.032868,1238.456208,high_coverage,provisional
24800991,Sävar Östra,Umeå,Västerbotten,2026,2025,1.7147814723101642,5.847953216374269,501,80,96,1368,35.007728,2041.527073,high_coverage,provisional
24800992,Sävar Västra,Umeå,Västerbotten,2026,2025,2.7851873955191166,7.740213523131673,429,87,92,1124,53.678465,1927.283783,high_coverage,provisional
24800993,Täfteå,Umeå,Västerbotten,2026,2025,0.8668630738092501,5.059797608095677,400,55,90,1087,15.274946,1762.094437,high_coverage,provisional
24801137,Nydalahöjd,Umeå,Västerbotten,2026,2025,14.583358367242711,19.44177093358999,375,202,170,1039,268.91696,1843.998846,high_coverage,provisional
24801155,Mariehem,Umeå,Västerbotten,2026,2025,14.528634073816866,16.876971608832807,463,214,193,1268,276.211538,1901.152831,high_coverage,provisional
24801157,Mariehemshöjd,Umeå,Västerbotten,2026,2025,27.5726896275717,25.70921985815603,443,290,102,1128,607.581193,2203.561572,high_coverage,provisional
24801158,Mariedal,Umeå,Västerbotten,2026,2025,6.631361734075219,9.488372093023257,461,102,119,1075,106.010166,1598.618357,high_coverage,provisional
24801159,Marieberg,Umeå,Västerbotten,2026,2025,9.524487803259012,11.464435146443515,498,137,130,1195,383.192326,4023.232891,high_coverage,provisional
24801160,Mariestrand,Umeå,Västerbotten,2026,2025,15.470416663218495,10.9375,397,112,107,1024,60.045085,388.128428,high_coverage,provisional
24801161,Olovsdal,Umeå,Västerbotten,2026,2025,15.032611737909898,12.0,292,102,80,850,176.411873,1173.527768,high_coverage,provisional
24810101,Lycksele,Lycksele,Västerbotten,2026,2025,17.286099780167465,8.288973384030419,495,109,51,1315,395.968139,2290.673686,high_coverage,provisional
24810102,Södermalm,Lycksele,Västerbotten,2026,2025,12.60192840771551,10.493827160493828,393,102,42,972,219.008197,1737.894312,high_coverage,provisional
24810103,Norrmalm,Lycksele,Västerbotten,2026,2025,3.0192197090091923,4.531490015360983,487,59,30,1302,58.509124,1937.888913,high_coverage,provisional
24810104,Villaryd,Lycksele,Västerbotten,2026,2025,7.989456420881177,6.944444444444445,553,100,37,1440,185.73621,2324.766545,high_coverage,provisional
24810105,Forsdala,Lycksele,Västerbotten,2026,2025,5.2653798427641645,4.5822102425876015,358,51,31,1113,93.566135,1777.006366,high_coverage,provisional
24810113,Kattisavan,Lycksele,Västerbotten,2026,2025,1.0863942598119807,4.3478260869565215,98,14,18,322,5.212196,479.770208,high_coverage,provisional
24810114,Knaften,Lycksele,Västerbotten,2026,2025,2.11515865678175,7.322654462242563,143,32,13,437,18.0,850.999992,high_coverage,provisional
24810305,Björksele,Lycksele,Västerbotten,2026,2025,1.9685038724244135,3.40632603406326,127,14,15,411,15.0,762.000025,high_coverage,provisional
24820101,Centrum Ö,Skellefteå,Västerbotten,2026,2025,10.554614477801813,6.713505074160812,551,86,52,1281,217.916525,2064.656416,high_coverage,provisional
24820102,Centrum S,Skellefteå,Västerbotten,2026,2025,9.606139052190056,6.0927152317880795,317,46,46,755,106.805751,1111.848896,high_coverage,provisional
24820103,Norrhammar,Skellefteå,Västerbotten,2026,2025,6.293393362953701,10.363636363636363,484,114,73,1100,97.000938,1541.313762,high_coverage,provisional
24820104,Erikslid,Skellefteå,Västerbotten,2026,2025,10.867886129727191,6.544502617801047,358,50,60,764,112.701471,1037.013727,high_coverage,provisional
24820105,Älvsbacka V,Skellefteå,Västerbotten,2026,2025,10.13102344878291,7.874015748031496,376,70,44,889,122.927509,1213.377006,high_coverage,provisional
24820106,Älvsbacka Ö,Skellefteå,Västerbotten,2026,2025,5.822877415568301,6.70995670995671,416,62,51,924,72.463558,1244.463052,high_coverage,provisional
24820107,Getberget,Skellefteå,Västerbotten,2026,2025,9.471363195520206,7.754010695187166,318,58,44,748,51.539312,544.159388,high_coverage,provisional
24820108,Alhem-Norvalla,Skellefteå,Västerbotten,2026,2025,7.641110686292395,6.58465991316932,565,91,52,1382,165.443383,2165.174538,high_coverage,provisional
24820109,Morön-Hedensbyn,Skellefteå,Västerbotten,2026,2025,6.157705975518136,6.043437204910293,481,64,58,1059,105.337937,1710.668509,high_coverage,provisional
24820110,Moröhöjden,Skellefteå,Västerbotten,2026,2025,8.647351463629798,6.88360450563204,389,55,24,799,139.749007,1616.090286,high_coverage,provisional
24820111,Morö backe V,Skellefteå,Västerbotten,2026,2025,5.648063576454113,4.318618042226488,476,45,42,1042,125.211892,2216.899479,high_coverage,provisional
24820112,Morö backe C,Skellefteå,Västerbotten,2026,2025,26.805151285285156,17.402945113788487,370,130,43,747,410.748777,1532.350154,high_coverage,provisional
24820113,Morö backe Ö,Skellefteå,Västerbotten,2026,2025,8.971493433583886,5.555555555555555,403,48,38,864,96.04518,1070.559553,high_coverage,provisional
24820114,Bergsbyn,Skellefteå,Västerbotten,2026,2025,4.6360222335214205,6.541218637992832,462,73,54,1116,67.067625,1446.663144,high_coverage,provisional
24820115,Centrum V,Skellefteå,Västerbotten,2026,2025,10.53170079506282,8.670520231213873,431,90,64,1038,82.103434,779.583807,high_coverage,provisional
24820116,Klockarberget,Skellefteå,Västerbotten,2026,2025,11.683249481951853,11.860174781523096,324,95,49,801,140.455634,1202.196651,high_coverage,provisional
24820201,Inre Ursviken,Skellefteå,Västerbotten,2026,2025,6.973828332175797,7.231638418079096,416,64,26,885,97.606897,1399.617145,high_coverage,provisional
24820202,Yttre Ursviken,Skellefteå,Västerbotten,2026,2025,5.327415558803098,5.6878306878306875,369,43,41,756,71.103236,1334.666598,high_coverage,provisional
24820204,Skelleftehamn V,Skellefteå,Västerbotten,2026,2025,21.65086933822542,9.617755856966708,354,78,20,811,349.842902,1615.837667,high_coverage,provisional
24820205,Skelleftehamn Ö,Skellefteå,Västerbotten,2026,2025,19.84552707244419,11.295681063122924,412,102,41,903,348.950752,1758.334514,high_coverage,provisional
24820206,Furunäs,Skellefteå,Västerbotten,2026,2025,6.88060023043209,1.6149068322981366,335,13,20,805,98.958933,1438.231109,high_coverage,provisional
24820301,Bureå N,Skellefteå,Västerbotten,2026,2025,5.307178139095325,8.342245989304812,447,78,48,935,79.200136,1492.32104,high_coverage,provisional
24820302,Bureå S,Skellefteå,Västerbotten,2026,2025,7.858848929497403,6.396063960639607,290,52,48,813,106.23934,1351.84352,high_coverage,provisional
24820303,Hjoggböle,Skellefteå,Västerbotten,2026,2025,1.767360335611397,5.322415557830092,326,52,50,977,26.394645,1493.450117,high_coverage,provisional
24820401,Prästbordet,Skellefteå,Västerbotten,2026,2025,9.007246949609714,10.779816513761467,385,94,40,872,146.044172,1621.407438,high_coverage,provisional
24820402,Brännan-Mobacken,Skellefteå,Västerbotten,2026,2025,4.3318071093750445,5.350877192982456,495,61,77,1140,79.063359,1825.181893,high_coverage,provisional
24820403,Sjungande dalen,Skellefteå,Västerbotten,2026,2025,15.260082202288883,9.802158273381295,522,109,79,1112,271.472422,1778.970902,high_coverage,provisional
24820404,Sunnanå S,Skellefteå,Västerbotten,2026,2025,3.379611079792831,3.2869785082174463,329,26,51,791,39.447868,1167.230994,high_coverage,provisional
24820405,Sunnanå Ö,Skellefteå,Västerbotten,2026,2025,4.612599113486546,9.94962216624685,359,79,51,794,58.141905,1260.50202,high_coverage,provisional
24820406,Sörböle,Skellefteå,Västerbotten,2026,2025,6.552283330697414,5.812574139976276,397,49,57,843,87.07068,1328.860118,high_coverage,provisional
24820407,Anderstorp N,Skellefteå,Västerbotten,2026,2025,16.886434342499705,10.726256983240223,412,96,45,895,292.366048,1731.366386,high_coverage,provisional
24820408,Anderstorp S,Skellefteå,Västerbotten,2026,2025,12.72978446176343,10.426008968609866,478,93,40,892,210.801197,1655.968313,high_coverage,provisional
24820409,Anderstorp Ö,Skellefteå,Västerbotten,2026,2025,19.750387358001497,18.26568265682657,483,198,50,1084,268.474418,1359.337481,high_coverage,provisional
24820410,Stackgrönnan-Örviken,Skellefteå,Västerbotten,2026,2025,3.793582907220118,7.067812798471825,373,74,53,1047,69.277102,1826.165493,high_coverage,provisional
24820411,Skråmträsk-Klutmark,Skellefteå,Västerbotten,2026,2025,2.6122835497954666,5.054945054945055,276,46,60,910,38.551079,1475.761657,high_coverage,provisional
24820412,Myckle-Medle,Skellefteå,Västerbotten,2026,2025,2.4231930226053024,4.497354497354498,278,34,49,756,25.752804,1062.763212,high_coverage,provisional
24820413,Stämningsgården,Skellefteå,Västerbotten,2026,2025,9.253871951964914,6.003937007874016,421,61,64,1016,173.546978,1875.398524,high_coverage,provisional
24820414,Sunnanå V,Skellefteå,Västerbotten,2026,2025,4.481854098157586,5.037513397642015,390,47,65,933,63.735348,1422.075476,high_coverage,provisional
24820501,Boliden,Skellefteå,Västerbotten,2026,2025,15.480634133045134,10.562685093780848,392,107,26,1013,295.869933,1911.226184,high_coverage,provisional
24820601,Kåge N,Skellefteå,Västerbotten,2026,2025,8.744611147185427,5.731832139201638,405,56,32,977,143.00777,1635.381695,high_coverage,provisional
24820602,Kåge S,Skellefteå,Västerbotten,2026,2025,3.927903233545471,4.977777777777778,446,56,52,1125,65.285061,1662.08425,high_coverage,provisional
24820603,Kågedalen,Skellefteå,Västerbotten,2026,2025,2.275158161667002,5.319148936170213,460,70,60,1316,46.097371,2026.117207,high_coverage,provisional
24820701,Byske C,Skellefteå,Västerbotten,2026,2025,8.579344622157848,6.678865507776761,505,73,31,1093,154.949446,1806.075555,high_coverage,provisional
24820702,Byske-Fällfors,Skellefteå,Västerbotten,2026,2025,2.7163417261182006,4.954499494438827,384,49,35,989,40.184551,1479.362873,high_coverage,provisional
24820703,Drängsmark-Ostvik,Skellefteå,Västerbotten,2026,2025,1.0952496952443398,5.063291139240507,438,56,47,1106,19.504741,1780.848795,high_coverage,provisional
24820901,Jörn,Skellefteå,Västerbotten,2026,2025,6.490368881035783,6.521739130434782,285,48,34,736,81.000097,1248.00452,high_coverage,provisional
24821001,Lövånger,Skellefteå,Västerbotten,2026,2025,7.743403540570449,6.498781478472786,430,80,94,1231,154.900577,2000.419792,high_coverage,provisional
24821101,Burträsk C,Skellefteå,Västerbotten,2026,2025,10.055360545171848,8.079625292740047,375,69,38,854,109.658639,1090.549051,high_coverage,provisional
24821102,Burträsk V,Skellefteå,Västerbotten,2026,2025,4.742961277665684,4.903225806451613,279,38,36,775,75.252864,1586.621935,high_coverage,provisional
24821103,Burträsk Ö,Skellefteå,Västerbotten,2026,2025,3.05423938918922,4.479418886198547,263,37,35,826,42.728891,1399.002683,high_coverage,provisional
25050001,Arvidsjaur Norra,Arvidsjaur,Norrbotten,2026,2025,5.062990398930652,7.166392092257001,433,87,33,1214,112.670656,2225.377635,high_coverage,provisional
25050002,Arvidsjaur Östra,Arvidsjaur,Norrbotten,2026,2025,1.9962884120493571,4.749787955894826,410,56,25,1179,36.489846,1827.884477,high_coverage,provisional
25050003,Arvidsjaur Västra,Arvidsjaur,Norrbotten,2026,2025,3.283477900870209,7.255520504731861,508,92,39,1268,64.838494,1974.68952,high_coverage,provisional
25060203,Arjeplog,Arjeplog,Norrbotten,2026,2025,3.5811315216186084,6.751592356687898,504,106,93,1570,92.001007,2569.048538,high_coverage,provisional
25100202,Jokkmokks Östra,Jokkmokk,Norrbotten,2026,2025,7.0756288556436475,6.965648854961832,353,73,187,1048,94.295219,1332.676161,high_coverage,provisional
25100217,Jokkmokks Västra,Jokkmokk,Norrbotten,2026,2025,7.316436320940274,7.716701902748414,275,73,177,946,159.026067,2173.545426,high_coverage,provisional
25100409,Porjus,Jokkmokk,Norrbotten,2026,2025,4.013961533375444,4.9504950495049505,73,10,14,202,13.678711,340.778328,high_coverage,provisional
25100516,Vuollerim,Jokkmokk,Norrbotten,2026,2025,3.546099317606772,7.214428857715431,225,36,18,499,29.999612,845.989052,high_coverage,provisional
25130001,Överkalix övre,Överkalix,Norrbotten,2026,2025,6.214401467909842,7.472959685349066,377,76,4,1017,115.090333,1851.99385,high_coverage,provisional
25130002,Överkalix nedre,Överkalix,Norrbotten,2026,2025,10.230538630121744,7.281553398058253,299,60,16,824,135.925282,1328.622929,high_coverage,provisional
25140103,Gammelgården-Morjärv,Kalix,Norrbotten,2026,2025,1.7061471478209635,4.534005037783375,316,36,19,794,25.197695,1476.877011,high_coverage,provisional
25140105,Innanbäcken,Kalix,Norrbotten,2026,2025,2.13631466327632,2.838221381267739,375,30,34,1057,38.917363,1821.70556,high_coverage,provisional
25140106,Kalix V,Kalix,Norrbotten,2026,2025,6.5848520828829225,4.484732824427481,484,47,27,1048,108.064045,1641.100569,high_coverage,provisional
25140107,Näsbyn,Kalix,Norrbotten,2026,2025,10.87778469153386,7.184466019417476,430,74,24,1030,181.181135,1665.606924,high_coverage,provisional
25140108,Risön,Kalix,Norrbotten,2026,2025,3.7287731803355992,3.0303030303030303,275,22,16,726,57.002475,1528.719293,high_coverage,provisional
25140115,Sangis,Kalix,Norrbotten,2026,2025,2.331961593083681,4.134762633996937,247,27,8,653,25.757976,1104.562617,high_coverage,provisional
25140118,Ytterbyn,Kalix,Norrbotten,2026,2025,1.810297567453376,2.6436781609195403,333,23,29,870,24.999568,1380.964569,high_coverage,provisional
25140123,Kalix C,Kalix,Norrbotten,2026,2025,9.521687436265456,6.177606177606178,509,64,25,1036,166.652569,1750.241962,high_coverage,provisional
25140125,Stenbäcken,Kalix,Norrbotten,2026,2025,2.4610356107089246,3.597122302158273,412,35,21,973,38.219042,1552.965826,high_coverage,provisional
25140221,Töre,Kalix,Norrbotten,2026,2025,2.550579937758479,3.7147102526002973,208,25,21,673,34.011603,1333.485083,high_coverage,provisional
25180101,Hedenäset,Övertorneå,Norrbotten,2026,2025,1.5151516064390649,6.129032258064516,96,19,7,310,9.304699,614.110097,high_coverage,provisional
25180102,Kuivakangas,Övertorneå,Norrbotten,2026,2025,2.10395974950419,3.7444933920704844,147,17,5,454,17.000007,808.000581,high_coverage,provisional
25180103,Svanstein,Övertorneå,Norrbotten,2026,2025,1.3440861219510845,12.646370023419204,159,54,8,427,9.999944,743.995778,high_coverage,provisional
25180104,Övertorneå,Övertorneå,Norrbotten,2026,2025,5.767177847922491,6.33373934226553,316,52,16,821,105.691437,1832.637033,high_coverage,provisional
25210001,Pajala norra,Pajala,Norrbotten,2026,2025,5.195037515965458,20.689655172413794,216,156,29,754,71.742785,1380.986851,high_coverage,provisional
25210002,Pajala södra,Pajala,Norrbotten,2026,2025,7.998033472387626,17.95774647887324,296,153,12,852,126.131833,1577.035573,high_coverage,provisional
25210004,Junosuando - Tärendö,Pajala,Norrbotten,2026,2025,1.25305193479939,10.853658536585366,289,89,18,820,17.717761,1413.968608,high_coverage,provisional
25210005,Korpilombolo,Pajala,Norrbotten,2026,2025,2.0466358453580193,9.029649595687331,198,67,14,742,27.391962,1338.389634,high_coverage,provisional
25230001,Gällivare Södra,Gällivare,Norrbotten,2026,2025,2.6313603584504297,8.323281061519904,255,69,18,829,40.720234,1547.497433,high_coverage,provisional
25230002,Gällivare Norra,Gällivare,Norrbotten,2026,2025,2.6852506362574236,7.6923076923076925,148,29,25,377,18.520617,689.716511,high_coverage,provisional
25230003,Gällivare Västra,Gällivare,Norrbotten,2026,2025,7.858739679392522,5.256241787122208,261,40,54,761,125.070905,1591.488077,high_coverage,provisional
25230005,Heden,Gällivare,Norrbotten,2026,2025,3.0422933815586455,5.1020408163265305,364,50,68,980,54.903187,1804.664446,high_coverage,provisional
25230006,Koskullskulle,Gällivare,Norrbotten,2026,2025,3.5814027279689933,8.426395939086294,300,83,28,985,61.841603,1726.7425,high_coverage,provisional
25230007,Maria,Gällivare,Norrbotten,2026,2025,6.456111101883573,6.454316848281643,440,77,52,1193,94.923995,1470.296801,high_coverage,provisional
25230008,Mellanområdet,Gällivare,Norrbotten,2026,2025,3.3424227763048253,5.23776705720193,523,76,57,1451,79.47414,2377.740499,high_coverage,provisional
25230009,Sjöparken,Gällivare,Norrbotten,2026,2025,12.658505559353214,8.448415922014622,447,104,47,1231,286.720558,2265.042715,high_coverage,provisional
25230011,Dundret,Gällivare,Norrbotten,2026,2025,9.183159066420536,6.787878787878788,252,56,54,825,155.514322,1693.473029,high_coverage,provisional
25230012,Gällivare Centrum V,Gällivare,Norrbotten,2026,2025,13.83357019718906,10.267857142857142,283,69,20,672,139.43133,1007.920067,high_coverage,provisional
25230013,Gällivare Centrum Ö,Gällivare,Norrbotten,2026,2025,13.581665905499676,8.408408408408409,269,56,23,666,129.874216,956.246582,high_coverage,provisional
25600209,Vidsel,Älvsbyn,Norrbotten,2026,2025,2.042772663048253,8.270676691729323,356,77,27,931,30.842151,1509.81808,high_coverage,provisional
25600211,Älvsbyns N,Älvsbyn,Norrbotten,2026,2025,9.533235262419469,6.179775280898877,587,77,31,1246,187.191387,1963.566217,high_coverage,provisional
25600212,Älvsbyns Ö,Älvsbyn,Norrbotten,2026,2025,3.7218764074454382,4.924242424242424,534,65,31,1320,87.768289,2358.17312,high_coverage,provisional
25600214,Älvsbyns V,Älvsbyn,Norrbotten,2026,2025,4.339323553238943,4.682274247491639,498,56,17,1196,86.198174,1986.442655,high_coverage,provisional
25800101,Varvet,Luleå,Norrbotten,2026,2025,4.894518121212754,6.986899563318778,351,64,43,916,49.115937,1003.488715,high_coverage,provisional
25800102,Stadsparken,Luleå,Norrbotten,2026,2025,6.2068584079223506,6.8659127625201934,479,85,79,1238,94.59345,1524.014949,high_coverage,provisional
25800103,Kulturens hus,Luleå,Norrbotten,2026,2025,5.500593914881633,4.957983193277311,433,59,57,1190,89.643866,1629.712489,high_coverage,provisional
25800104,Gültzauudden-Norra hamn,Luleå,Norrbotten,2026,2025,3.8592883087186842,7.258064516129032,344,63,56,868,47.449626,1229.491611,high_coverage,provisional
25800105,Östermalm,Luleå,Norrbotten,2026,2025,4.671630351088746,6.524184476940382,340,58,81,889,61.125161,1308.433168,high_coverage,provisional
25800106,Bergviken,Luleå,Norrbotten,2026,2025,7.170993989605847,6.691449814126394,328,54,58,807,76.965753,1073.292672,high_coverage,provisional
25800107,Kallkällan,Luleå,Norrbotten,2026,2025,10.070037933122213,8.159722222222221,444,94,67,1152,54.914886,545.329485,high_coverage,provisional
25800108,Munkeberg,Luleå,Norrbotten,2026,2025,9.023257060422596,6.7153284671532845,507,92,90,1370,227.999895,2526.802611,high_coverage,provisional
25800109,Mjölkudden,Luleå,Norrbotten,2026,2025,12.9615086385079,7.254361799816345,474,79,47,1089,153.559347,1184.733593,high_coverage,provisional
25800111,Notviken,Luleå,Norrbotten,2026,2025,17.413662159099175,14.391143911439114,487,195,54,1355,479.361021,2752.786959,high_coverage,provisional
25800112,Köpmantorget,Luleå,Norrbotten,2026,2025,5.0552022177896685,5.4337464251668255,391,57,65,1049,70.89612,1402.438853,high_coverage,provisional
25800113,Södra hamn,Luleå,Norrbotten,2026,2025,4.87837777555391,3.8088125466766245,535,51,70,1339,55.407615,1135.779506,high_coverage,provisional
25800212,Burströmska,Luleå,Norrbotten,2026,2025,7.353639453688528,6.93359375,441,71,64,1024,155.423653,2113.560965,high_coverage,provisional
25800213,Malmudden,Luleå,Norrbotten,2026,2025,8.516661296496261,10.10752688172043,387,94,45,930,41.560887,487.995067,high_coverage,provisional
25800214,Svartöstan-Lövskatan,Luleå,Norrbotten,2026,2025,5.033757811333781,10.541871921182265,356,107,87,1015,114.38489,2272.355848,high_coverage,provisional
25800215,Södra Örnäset,Luleå,Norrbotten,2026,2025,14.663740175821443,14.61916461916462,294,119,30,814,203.922681,1390.659399,high_coverage,provisional
25800216,Skurholmen,Luleå,Norrbotten,2026,2025,6.086904359158446,8.133971291866029,489,102,93,1254,113.211591,1859.920648,high_coverage,provisional
25800217,Norra Örnäset,Luleå,Norrbotten,2026,2025,12.45386516210169,12.432432432432432,395,115,46,925,184.968588,1485.230373,high_coverage,provisional
25800220,Klintbacken,Luleå,Norrbotten,2026,2025,5.580373584760171,7.532051282051282,207,47,54,624,87.060516,1560.11985,high_coverage,provisional
25800221,Lulsundet,Luleå,Norrbotten,2026,2025,3.876688920442769,5.734767025089606,407,64,98,1116,61.423555,1584.433424,high_coverage,provisional
25800222,Kronan,Luleå,Norrbotten,2026,2025,7.793181099736384,5.581637976004173,649,107,115,1917,203.388286,2609.823683,high_coverage,provisional
25800223,Hällbacken,Luleå,Norrbotten,2026,2025,4.526436692102939,3.341902313624679,227,26,30,778,122.407824,2704.286668,high_coverage,provisional
25800237,Hertsöcentrum,Luleå,Norrbotten,2026,2025,18.307640575634746,10.331384015594542,488,106,38,1026,341.721228,1866.549797,high_coverage,provisional
25800259,Hertsölund,Luleå,Norrbotten,2026,2025,16.283766440690364,12.605042016806722,392,120,38,952,203.484764,1249.617309,high_coverage,provisional
25800260,Hertsöängar,Luleå,Norrbotten,2026,2025,14.031647956562187,10.60344827586207,428,123,34,1160,263.273643,1876.284552,high_coverage,provisional
25800267,Björkskatan norra,Luleå,Norrbotten,2026,2025,6.591501802291332,7.192042846212701,529,94,86,1307,128.26772,1945.955927,high_coverage,provisional
25800268,Björkskatan södra,Luleå,Norrbotten,2026,2025,7.806973066119653,7.142857142857143,392,69,58,966,69.711298,892.93632,high_coverage,provisional
25800270,Bredviken-Lerbäcken,Luleå,Norrbotten,2026,2025,6.95565121054514,7.205764611689352,519,90,73,1249,172.495111,2479.927555,high_coverage,provisional
25800323,Alvik-Ersnäs,Luleå,Norrbotten,2026,2025,1.7442379674578554,4.103671706263499,459,57,60,1389,35.995698,2063.69192,high_coverage,provisional
25800324,Antnäs-Måttsund,Luleå,Norrbotten,2026,2025,1.996979128790026,3.3653846153846154,419,42,51,1248,38.016475,1903.699165,high_coverage,provisional
25800325,Avan-Bälinge-Klöverträsk,Luleå,Norrbotten,2026,2025,1.204081221373761,4.195121951219512,288,43,48,1025,17.174542,1426.360755,high_coverage,provisional
25800326,Bensbyn-Brändön,Luleå,Norrbotten,2026,2025,1.3168717494883455,3.4507548526240117,408,48,51,1391,27.058779,2054.777089,high_coverage,provisional
25800327,G:a Bergnäset-Kallax-Gäddvik,Luleå,Norrbotten,2026,2025,8.361002191747286,2.644964394710071,307,26,61,983,188.976317,2260.211308,high_coverage,provisional
25800328,Trollstaden,Luleå,Norrbotten,2026,2025,2.5490313144829084,2.2789425706472195,339,25,73,1097,39.130009,1535.093303,high_coverage,provisional
25800335,Gammelstad,Luleå,Norrbotten,2026,2025,3.724016856020703,5.968586387434555,352,57,74,955,76.64749,2058.19396,high_coverage,provisional
25800344,Persön,Luleå,Norrbotten,2026,2025,1.421771812980621,4.92831541218638,278,55,30,1116,24.517075,1724.402944,high_coverage,provisional
25800346,Rutvik,Luleå,Norrbotten,2026,2025,3.0542390529082586,3.316326530612245,238,26,30,784,37.734824,1235.490194,high_coverage,provisional
25800349,Öhemmanet-Karlsvik,Luleå,Norrbotten,2026,2025,4.272462585150143,6.549364613880743,385,67,78,1023,61.747341,1445.240064,high_coverage,provisional
25800350,Hammaren,Luleå,Norrbotten,2026,2025,1.7562883939957907,4.2588042588042585,535,52,56,1221,28.707415,1634.550174,high_coverage,provisional
25800355,Bergstaden,Luleå,Norrbotten,2026,2025,16.79933281602549,11.326860841423947,363,105,38,927,123.251044,733.666303,high_coverage,provisional
25800361,Stadsön,Luleå,Norrbotten,2026,2025,3.0717502545322777,6.5464261857047426,610,98,63,1497,56.540764,1840.669303,high_coverage,provisional
25800362,Porsöudden,Luleå,Norrbotten,2026,2025,24.16955730643965,18.048780487804876,233,111,30,615,279.219583,1155.253195,high_coverage,provisional
25800363,Porsöberget,Luleå,Norrbotten,2026,2025,13.946821835799629,6.0945273631840795,303,49,51,804,227.794701,1633.309034,high_coverage,provisional
25800364,Universitetet,Luleå,Norrbotten,2026,2025,25.278346710926556,14.965986394557824,282,176,98,1176,662.439867,2620.58225,high_coverage,provisional
25800365,Lillporsön,Luleå,Norrbotten,2026,2025,21.016560659868333,18.037383177570092,266,193,75,1070,310.330822,1476.601367,high_coverage,provisional
25800371,Sunderbyn,Luleå,Norrbotten,2026,2025,2.39715729911408,4.267701260911736,338,44,67,1031,44.558262,1858.795917,high_coverage,provisional
25800439,Jämtön-Vitå,Luleå,Norrbotten,2026,2025,1.8045113181113799,5.05050505050505,194,30,19,594,15.159923,840.112381,high_coverage,provisional
25800442,Niemisel-Prästholm,Luleå,Norrbotten,2026,2025,1.8045112818442786,4.692556634304207,161,29,27,618,17.104759,947.888726,high_coverage,provisional
25800447,Råneå,Luleå,Norrbotten,2026,2025,4.017369906630747,5.91672753834916,459,81,56,1369,87.156025,2169.47971,high_coverage,provisional
25810001,Roknäs Lillpite Markbygden,Piteå,Norrbotten,2026,2025,1.9149345772522928,5.398230088495575,398,61,32,1130,34.37059,1794.870196,high_coverage,provisional
25810002,Sjulsmark Alterdalen Sikfors,Piteå,Norrbotten,2026,2025,1.369081529862097,5.595026642984014,360,63,46,1126,23.999998,1752.999911,high_coverage,provisional
25810003,Sjulnäs Böle,Piteå,Norrbotten,2026,2025,0.8014018326151934,5.04424778761062,463,57,44,1130,13.088809,1633.239215,high_coverage,provisional
25810004,Svensbyn,Piteå,Norrbotten,2026,2025,1.0624443912795236,3.945371775417299,270,26,38,659,10.654147,1002.795731,high_coverage,provisional
25810005,Porsnäs Östra,Piteå,Norrbotten,2026,2025,1.3165222314289846,5.0,348,44,50,880,16.672486,1266.403681,high_coverage,provisional
25810006,Porsnäs Västra,Piteå,Norrbotten,2026,2025,3.108129647987728,5.307262569832402,281,38,20,716,35.441565,1140.285928,high_coverage,provisional
25810007,Rosvik,Piteå,Norrbotten,2026,2025,2.9702329931144567,4.907063197026022,469,66,36,1345,62.261642,2096.187139,high_coverage,provisional
25810008,Bergsviken Västra,Piteå,Norrbotten,2026,2025,2.133460861002535,4.3076923076923075,442,42,48,975,31.812753,1491.133659,high_coverage,provisional
25810009,Bergsviken Östra,Piteå,Norrbotten,2026,2025,2.7387072982530274,4.172099087353325,359,32,19,767,32.154845,1174.088411,high_coverage,provisional
25810010,Hortlax,Piteå,Norrbotten,2026,2025,1.4057004333444316,3.525881470367592,567,47,38,1333,28.141057,2001.924189,high_coverage,provisional
25810011,Öjebyn Centrala,Piteå,Norrbotten,2026,2025,9.440088502239638,10.556348074179743,316,74,33,701,114.115302,1208.837205,high_coverage,provisional
25810012,Öjebyn Norra,Piteå,Norrbotten,2026,2025,10.895285322634113,7.726465364120782,504,87,40,1126,213.802413,1962.338816,high_coverage,provisional
25810013,Öjebyn Södra,Piteå,Norrbotten,2026,2025,6.360557120152747,8.536585365853659,532,98,37,1148,109.16853,1716.335974,high_coverage,provisional
25810014,Djupviken Norra,Piteå,Norrbotten,2026,2025,7.544140604506717,10.75098814229249,494,136,88,1265,152.250914,2018.134629,high_coverage,provisional
25810015,Djupviken Södra,Piteå,Norrbotten,2026,2025,3.618581351026363,6.91358024691358,489,84,77,1215,74.179017,2049.947474,high_coverage,provisional
25810016,Backen Annelund,Piteå,Norrbotten,2026,2025,6.176129440381127,8.285479901558654,539,101,37,1219,117.802459,1907.383259,high_coverage,provisional
25810017,Backen Källbo,Piteå,Norrbotten,2026,2025,6.019801970174673,7.90273556231003,589,104,44,1316,109.650095,1821.490068,high_coverage,provisional
25810018,Häggholmen Västra,Piteå,Norrbotten,2026,2025,5.505823043950509,5.646359583952452,723,76,25,1346,62.582364,1136.657744,high_coverage,provisional
25810019,Norrmalm,Piteå,Norrbotten,2026,2025,5.506410694435558,7.585139318885449,296,49,20,646,65.688246,1192.941276,high_coverage,provisional
25810020,Häggholmen Östra,Piteå,Norrbotten,2026,2025,10.709905495566863,9.683098591549296,650,110,18,1136,174.997789,1633.980702,high_coverage,provisional
25810021,Strömnäs,Piteå,Norrbotten,2026,2025,5.891622051085261,6.807286673058485,386,71,46,1043,100.221856,1701.09106,high_coverage,provisional
25810022,Pitholm,Piteå,Norrbotten,2026,2025,3.7973374114842184,5.844675740592474,553,73,44,1249,70.473889,1855.876404,high_coverage,provisional
25810023,Klubbgärdet,Piteå,Norrbotten,2026,2025,3.5097326280420162,9.617373319544985,352,93,40,967,48.067683,1369.553983,high_coverage,provisional
25810024,Munksund Norra,Piteå,Norrbotten,2026,2025,3.8280618782033313,5.653382761816497,512,61,27,1079,66.872907,1746.912906,high_coverage,provisional
25810025,Munksund Södra,Piteå,Norrbotten,2026,2025,4.053130781570904,5.146406388642413,480,58,23,1127,62.000674,1529.698333,high_coverage,provisional
25810026,Blåsmark Hemmingsmark,Piteå,Norrbotten,2026,2025,1.2531447909279434,4.434250764525994,290,29,24,654,11.443437,913.177558,high_coverage,provisional
25810027,Jävre,Piteå,Norrbotten,2026,2025,1.9915221845102937,3.5135135135135136,318,26,18,740,21.084529,1058.714242,high_coverage,provisional
25820101,Sveafältet,Boden,Norrbotten,2026,2025,29.980567849303565,9.94413407821229,349,89,29,895,618.198156,2061.996154,high_coverage,provisional
25820102,Björknäs,Boden,Norrbotten,2026,2025,17.91545047842372,8.675263774912075,364,74,24,853,321.021279,1791.868306,high_coverage,provisional
25820103,Centrum norra,Boden,Norrbotten,2026,2025,7.860636557664305,6.4,401,56,23,875,95.21473,1211.285235,high_coverage,provisional
25820104,Prästholmen,Boden,Norrbotten,2026,2025,13.621155357589432,9.334763948497853,405,87,35,932,213.626662,1568.344655,high_coverage,provisional
25820105,Erikslund- Fagernäs,Boden,Norrbotten,2026,2025,4.547560187651887,5.518945634266887,431,67,30,1214,93.999666,2067.035116,high_coverage,provisional
25820113,Svartbjörsbyn-Skogså,Boden,Norrbotten,2026,2025,2.9762601756904874,3.5398230088495577,470,48,56,1356,65.150766,2189.014473,high_coverage,provisional
25820115,Heden - Södra Bredåker,Boden,Norrbotten,2026,2025,2.211827074494646,3.3126293995859215,305,32,26,966,31.34533,1417.169107,high_coverage,provisional
25820116,Bodsvedjan - Unbyn,Boden,Norrbotten,2026,2025,3.7026425019320706,4.622641509433962,372,49,48,1060,68.193876,1841.762362,high_coverage,provisional
25820117,Vittjärv - Norra Bredåker,Boden,Norrbotten,2026,2025,2.555254238280169,3.670886075949367,243,29,13,790,29.232856,1144.029254,high_coverage,provisional
25820124,Centrum södra,Boden,Norrbotten,2026,2025,7.470348413205182,5.245535714285714,417,47,14,896,95.662921,1280.568398,high_coverage,provisional
25820132,Torpgärdan,Boden,Norrbotten,2026,2025,8.907219387456301,4.7976011994003,276,32,25,667,101.916605,1144.202254,high_coverage,provisional
25820133,Sanden,Boden,Norrbotten,2026,2025,9.65889612730414,6.318681318681318,442,69,41,1092,181.852664,1882.7479,high_coverage,provisional
25820136,Svartbyn,Boden,Norrbotten,2026,2025,3.5598616550698807,4.368279569892473,589,65,43,1488,77.525826,2177.776372,high_coverage,provisional
25820139,Trångfors,Boden,Norrbotten,2026,2025,2.7169444831852,3.357314148681055,328,28,21,834,35.010193,1288.586985,high_coverage,provisional
25820220,Gunnarsbyn,Boden,Norrbotten,2026,2025,2.012651001166915,3.7593984962406015,153,15,18,399,10.303229,511.923279,high_coverage,provisional
25820328,Harads,Boden,Norrbotten,2026,2025,4.855119754466578,4.49438202247191,271,32,23,712,61.934258,1275.648411,high_coverage,provisional
25820409,Sävastön,Boden,Norrbotten,2026,2025,3.578620223957495,2.92772186642269,364,32,42,1093,70.933629,1982.15023,high_coverage,provisional
25820440,Sävast,Boden,Norrbotten,2026,2025,2.473518735652588,5.195911413969336,475,61,54,1174,43.876878,1773.864793,high_coverage,provisional
25830101,Haparanda Norra,Haparanda,Norrbotten,2026,2025,10.457191642467539,8.478802992518704,252,68,16,802,237.458966,2270.771868,high_coverage,provisional
25830102,Nikkala,Haparanda,Norrbotten,2026,2025,1.5143605344708093,2.3504273504273505,145,11,3,468,14.606832,964.554455,high_coverage,provisional
25830103,Seskarö,Haparanda,Norrbotten,2026,2025,1.5143603795650238,4.661016949152542,92,11,11,236,6.027981,398.05459,high_coverage,provisional
25830114,Haparanda Södra,Haparanda,Norrbotten,2026,2025,8.599203813747721,6.466876971608833,227,41,18,634,136.964137,1592.753701,high_coverage,provisional
25830115,Marielund,Haparanda,Norrbotten,2026,2025,1.853734220360642,4.934687953555878,236,34,8,689,34.879993,1881.607008,high_coverage,provisional
25830116,Grankullen,Haparanda,Norrbotten,2026,2025,2.4033928724060307,1.4957264957264957,127,7,8,468,26.05768,1084.203931,high_coverage,provisional
25830408,Karungi,Haparanda,Norrbotten,2026,2025,1.7942518845364763,1.5584415584415585,83,6,6,385,15.00026,836.017514,high_coverage,provisional
25840001,Tuolluvaara-Nya Centrum,Kiruna,Norrbotten,2026,2025,6.469677640225937,6.166666666666667,440,74,49,1200,100.860013,1558.965046,high_coverage,provisional
25840002,Högalid och Sandstensberget,Kiruna,Norrbotten,2026,2025,11.80001605139667,9.200603318250376,453,122,91,1326,280.982087,2381.200888,high_coverage,provisional
25840003,Övre Norrmalm-Gamla Centrum,Kiruna,Norrbotten,2026,2025,10.575017897550696,10.765124555160142,421,121,76,1124,211.34835,1998.562575,high_coverage,provisional
25840004,Kiruna nordost,Kiruna,Norrbotten,2026,2025,2.1698112766108157,1.740506329113924,142,11,191,632,22.999959,1059.998132,high_coverage,provisional
25840005,Bolaget-Triangeln,Kiruna,Norrbotten,2026,2025,6.919060033816429,7.572115384615385,317,63,56,832,92.276287,1333.65351,high_coverage,provisional
25840006,Kurra – Jägarområdet – N Stråket,Kiruna,Norrbotten,2026,2025,6.521506249500946,6.384505021520804,523,89,66,1394,149.578834,2293.624023,high_coverage,provisional
25840007,Östermalm,Kiruna,Norrbotten,2026,2025,6.872949665377362,7.6512455516014235,217,43,30,562,81.19511,1181.372103,high_coverage,provisional
25840009,Lombolo västra,Kiruna,Norrbotten,2026,2025,14.080334124136053,11.417816813048933,290,91,30,797,234.253067,1663.689689,high_coverage,provisional
25840010,Jukkasjärvi,Kiruna,Norrbotten,2026,2025,2.3551877769858764,4.129464285714286,239,37,51,896,37.0,1571.000001,high_coverage,provisional
25840011,Lombolo mellersta,Kiruna,Norrbotten,2026,2025,2.826643220153867,6.740331491712707,352,61,34,905,44.999941,1591.99225,high_coverage,provisional
25840012,Kiruna sydost,Kiruna,Norrbotten,2026,2025,5.351906103426184,13.533834586466165,322,108,35,798,73.0,1364.000014,high_coverage,provisional
25840013,Luossavaara-Abisko,Kiruna,Norrbotten,2026,2025,6.564475495225536,11.246485473289598,371,120,122,1067,112.106582,1707.776685,high_coverage,provisional
25840015,Lombolo östra-Nikkaluoktavägen,Kiruna,Norrbotten,2026,2025,4.77977873119073,6.739130434782608,547,93,48,1380,129.404944,2707.341726,high_coverage,provisional
